ExternalPointID,Tags,Parent Equipment Name,Site Name,FrequencyUnit,Time,Timezone,OnCount,OffCount,Average,Minimum,Maximum,Sum,State
PNTM9M2jMkKm3GLHpLiq3J4gE,"","North Campus",Gammage,"W", 08/19/2025 12:00:00 AM,"(UTC-07:00) Arizona",,,3251662.6,3249474.8,3254929.5,
PNTM9M2jMkKm3GLHpLiq3J4gE,"","North Campus",Gammage,"W", 08/19/2025 12:15:00 AM,"(UTC-07:00) Arizona",,,3252546.4,3231798.8,3268755.2,
PNTM9M2jMkKm3GLHpLiq3J4gE,"","North Campus",Gammage,"W", 08/19/2025 12:30:00 AM,"(UTC-07:00) Arizona",,,3188409.766666667,3162280.5,3202993,
PNTM9M2jMkKm3GLHpLiq3J4gE,"","North Campus",Gammage,"W", 08/19/2025 12:45:00 AM,"(UTC-07:00) Arizona",,,3182427.35,3168387.5,3196467.2,
PNTM9M2jMkKm3GLHpLiq3J4gE,"","North Campus",Gammage,"W", 08/19/2025 01:00:00 AM,"(UTC-07:00) Arizona",,,3179525.45,3161972.8,3211151,
PNTM9M2jMkKm3GLHpLiq3J4gE,"","North Campus",Gammage,"W", 08/19/2025 01:15:00 AM,"(UTC-07:00) Arizona",,,3158718.6,3146209.8,3170679.2,
PNTM9M2jMkKm3GLHpLiq3J4gE,"","North Campus",Gammage,"W", 08/19/2025 01:30:00 AM,"(UTC-07:00) Arizona",,,3170253.5,3161429.8,3179077.2,
PNTM9M2jMkKm3GLHpLiq3J4gE,"","North Campus",Gammage,"W", 08/19/2025 01:45:00 AM,"(UTC-07:00) Arizona",,,3136054.9333333336,3111063.5,3153492.5,
PNTM9M2jMkKm3GLHpLiq3J4gE,"","North Campus",Gammage,"W", 08/19/2025 02:00:00 AM,"(UTC-07:00) Arizona",,,3100963.05,3084368,3112141.2,
PNTM9M2jMkKm3GLHpLiq3J4gE,"","North Campus",Gammage,"W", 08/19/2025 02:15:00 AM,"(UTC-07:00) Arizona",,,3136152.033333333,3095037.8,3184255.5,
PNTM9M2jMkKm3GLHpLiq3J4gE,"","North Campus",Gammage,"W", 08/19/2025 02:30:00 AM,"(UTC-07:00) Arizona",,,3124274,3114566,3130417.8,
PNTM9M2jMkKm3GLHpLiq3J4gE,"","North Campus",Gammage,"W", 08/19/2025 02:45:00 AM,"(UTC-07:00) Arizona",,,3107049.1,3086655.2,3127443,
PNTM9M2jMkKm3GLHpLiq3J4gE,"","North Campus",Gammage,"W", 08/19/2025 03:00:00 AM,"(UTC-07:00) Arizona",,,3121241.1333333333,3108608.2,3136132.2,
PNTM9M2jMkKm3GLHpLiq3J4gE,"","North Campus",Gammage,"W", 08/19/2025 03:15:00 AM,"(UTC-07:00) Arizona",,,3169046.1,3093944.5,3211472,
PNTM9M2jMkKm3GLHpLiq3J4gE,"","North Campus",Gammage,"W", 08/19/2025 03:30:00 AM,"(UTC-07:00) Arizona",,,3231728.875,3163709,3297666,
PNTM9M2jMkKm3GLHpLiq3J4gE,"","North Campus",Gammage,"W", 08/19/2025 03:45:00 AM,"(UTC-07:00) Arizona",,,3217848.15,3203573.8,3232122.5,
PNTM9M2jMkKm3GLHpLiq3J4gE,"","North Campus",Gammage,"W", 08/19/2025 04:00:00 AM,"(UTC-07:00) Arizona",,,3300790.025,3257353.5,3321811.8,
PNTM9M2jMkKm3GLHpLiq3J4gE,"","North Campus",Gammage,"W", 08/19/2025 04:15:00 AM,"(UTC-07:00) Arizona",,,3323648.2,3310534.2,3336762.2,
PNTM9M2jMkKm3GLHpLiq3J4gE,"","North Campus",Gammage,"W", 08/19/2025 04:30:00 AM,"(UTC-07:00) Arizona",,,3315286.766666667,3304925.8,3332526,
PNTM9M2jMkKm3GLHpLiq3J4gE,"","North Campus",Gammage,"W", 08/19/2025 04:45:00 AM,"(UTC-07:00) Arizona",,,3325528.75,3316067.5,3334990,
PNTM9M2jMkKm3GLHpLiq3J4gE,"","North Campus",Gammage,"W", 08/19/2025 05:00:00 AM,"(UTC-07:00) Arizona",,,3334269.8333333335,3327325,3340236.5,
PNTM9M2jMkKm3GLHpLiq3J4gE,"","North Campus",Gammage,"W", 08/19/2025 05:15:00 AM,"(UTC-07:00) Arizona",,,3353796.6,3309795.2,3381048.8,
PNTM9M2jMkKm3GLHpLiq3J4gE,"","North Campus",Gammage,"W", 08/19/2025 05:30:00 AM,"(UTC-07:00) Arizona",,,3319611,3302477,3335648.5,
PNTM9M2jMkKm3GLHpLiq3J4gE,"","North Campus",Gammage,"W", 08/19/2025 05:45:00 AM,"(UTC-07:00) Arizona",,,3313396.266666667,3292004.8,3325421,
PNTM9M2jMkKm3GLHpLiq3J4gE,"","North Campus",Gammage,"W", 08/19/2025 06:00:00 AM,"(UTC-07:00) Arizona",,,3424547.5,3387122.2,3444787.5,
PNTM9M2jMkKm3GLHpLiq3J4gE,"","North Campus",Gammage,"W", 08/19/2025 06:15:00 AM,"(UTC-07:00) Arizona",,,3381957.266666667,3357929.5,3408237.8,
PNTM9M2jMkKm3GLHpLiq3J4gE,"","North Campus",Gammage,"W", 08/19/2025 06:30:00 AM,"(UTC-07:00) Arizona",,,3423360.766666667,3364367.5,3491646,
PNTM9M2jMkKm3GLHpLiq3J4gE,"","North Campus",Gammage,"W", 08/19/2025 06:45:00 AM,"(UTC-07:00) Arizona",,,3512935.033333333,3463847.5,3590351.8,
PNTM9M2jMkKm3GLHpLiq3J4gE,"","North Campus",Gammage,"W", 08/19/2025 07:00:00 AM,"(UTC-07:00) Arizona",,,3638599.6666666665,3631655,3650181,
PNTM9M2jMkKm3GLHpLiq3J4gE,"","North Campus",Gammage,"W", 08/19/2025 07:15:00 AM,"(UTC-07:00) Arizona",,,3638241.9333333336,3623291.8,3652637.5,
PNTM9M2jMkKm3GLHpLiq3J4gE,"","North Campus",Gammage,"W", 08/19/2025 07:30:00 AM,"(UTC-07:00) Arizona",,,3711435.3333333335,3692801.2,3743765,
PNTM9M2jMkKm3GLHpLiq3J4gE,"","North Campus",Gammage,"W", 08/19/2025 07:45:00 AM,"(UTC-07:00) Arizona",,,3916536.6666666665,3881922,3968517.5,
PNTM9M2jMkKm3GLHpLiq3J4gE,"","North Campus",Gammage,"W", 08/19/2025 08:00:00 AM,"(UTC-07:00) Arizona",,,4052783.3333333335,4034245,4082643.8,
PNTM9M2jMkKm3GLHpLiq3J4gE,"","North Campus",Gammage,"W", 08/19/2025 08:15:00 AM,"(UTC-07:00) Arizona",,,4136390.6999999997,4118391.5,4153044.8,
PNTM9M2jMkKm3GLHpLiq3J4gE,"","North Campus",Gammage,"W", 08/19/2025 08:30:00 AM,"(UTC-07:00) Arizona",,,4196126.399999999,4180452.2,4204945.5,
PNTM9M2jMkKm3GLHpLiq3J4gE,"","North Campus",Gammage,"W", 08/19/2025 08:45:00 AM,"(UTC-07:00) Arizona",,,4223836.5,4206220,4236469,
PNTM9M2jMkKm3GLHpLiq3J4gE,"","North Campus",Gammage,"W", 08/19/2025 09:00:00 AM,"(UTC-07:00) Arizona",,,4206053.85,4051010.2,4361097.5,
PNTM9M2jMkKm3GLHpLiq3J4gE,"","North Campus",Gammage,"W", 08/19/2025 09:15:00 AM,"(UTC-07:00) Arizona",,,4470370.666666667,4423388.5,4530481,
PNTM9M2jMkKm3GLHpLiq3J4gE,"","North Campus",Gammage,"W", 08/19/2025 09:30:00 AM,"(UTC-07:00) Arizona",,,4494646.25,4485976,4503316.5,
PNTM9M2jMkKm3GLHpLiq3J4gE,"","North Campus",Gammage,"W", 08/19/2025 03:45:00 PM,"(UTC-07:00) Arizona",,,5093397,5093397,5093397,
PNTM9M2jMkKm3GLHpLiq3J4gE,"","North Campus",Gammage,"W", 08/19/2025 04:00:00 PM,"(UTC-07:00) Arizona",,,5089961.75,5075540,5104383.5,
PNTM9M2jMkKm3GLHpLiq3J4gE,"","North Campus",Gammage,"W", 08/19/2025 04:15:00 PM,"(UTC-07:00) Arizona",,,5073518,5042923.5,5115844,
PNTM9M2jMkKm3GLHpLiq3J4gE,"","North Campus",Gammage,"W", 08/19/2025 04:30:00 PM,"(UTC-07:00) Arizona",,,4928785.166666667,4852563.5,4981604.5,
PNTM9M2jMkKm3GLHpLiq3J4gE,"","North Campus",Gammage,"W", 08/19/2025 04:45:00 PM,"(UTC-07:00) Arizona",,,4958026.5,4942061,4973992,
PNTM9M2jMkKm3GLHpLiq3J4gE,"","North Campus",Gammage,"W", 08/19/2025 05:00:00 PM,"(UTC-07:00) Arizona",,,4890601.166666667,4870607.5,4923309.5,
PNTM9M2jMkKm3GLHpLiq3J4gE,"","North Campus",Gammage,"W", 08/19/2025 05:15:00 PM,"(UTC-07:00) Arizona",,,4835862.75,4757874.5,4883659.5,
PNTM9M2jMkKm3GLHpLiq3J4gE,"","North Campus",Gammage,"W", 08/19/2025 05:30:00 PM,"(UTC-07:00) Arizona",,,4775902.166666667,4757527.5,4793392,
PNTM9M2jMkKm3GLHpLiq3J4gE,"","North Campus",Gammage,"W", 08/19/2025 05:45:00 PM,"(UTC-07:00) Arizona",,,4790362.5,4790362.5,4790362.5,
PNTM9M2jMkKm3GLHpLiq3J4gE,"","North Campus",Gammage,"W", 08/19/2025 06:00:00 PM,"(UTC-07:00) Arizona",,,4605199,4578780.5,4621057,
PNTM9M2jMkKm3GLHpLiq3J4gE,"","North Campus",Gammage,"W", 08/19/2025 06:15:00 PM,"(UTC-07:00) Arizona",,,4596055.666666667,4577624,4613863,
PNTM9M2jMkKm3GLHpLiq3J4gE,"","North Campus",Gammage,"W", 08/19/2025 06:30:00 PM,"(UTC-07:00) Arizona",,,4540946,4519931,4554036.5,
PNTM9M2jMkKm3GLHpLiq3J4gE,"","North Campus",Gammage,"W", 08/19/2025 06:45:00 PM,"(UTC-07:00) Arizona",,,4483753.125,4332852,4570487.5,
PNTM9M2jMkKm3GLHpLiq3J4gE,"","North Campus",Gammage,"W", 08/19/2025 07:00:00 PM,"(UTC-07:00) Arizona",,,4276280.833333333,4210556.5,4309143,
PNTM9M2jMkKm3GLHpLiq3J4gE,"","North Campus",Gammage,"W", 08/19/2025 07:15:00 PM,"(UTC-07:00) Arizona",,,4207941.25,4184873,4231009.5,
PNTM9M2jMkKm3GLHpLiq3J4gE,"","North Campus",Gammage,"W", 08/19/2025 07:30:00 PM,"(UTC-07:00) Arizona",,,4153986.1333333333,4137979.2,4179073,
PNTM9M2jMkKm3GLHpLiq3J4gE,"","North Campus",Gammage,"W", 08/19/2025 07:45:00 PM,"(UTC-07:00) Arizona",,,4105907.6666666665,4055513.2,4157661,
PNTM9M2jMkKm3GLHpLiq3J4gE,"","North Campus",Gammage,"W", 08/19/2025 08:00:00 PM,"(UTC-07:00) Arizona",,,4018724.1666666665,3998080.8,4051320.5,
PNTM9M2jMkKm3GLHpLiq3J4gE,"","North Campus",Gammage,"W", 08/19/2025 08:15:00 PM,"(UTC-07:00) Arizona",,,3958377.4,3943488.2,3967587,
PNTM9M2jMkKm3GLHpLiq3J4gE,"","North Campus",Gammage,"W", 08/19/2025 08:30:00 PM,"(UTC-07:00) Arizona",,,3942301.4000000004,3918812.8,3986953,
PNTM9M2jMkKm3GLHpLiq3J4gE,"","North Campus",Gammage,"W", 08/19/2025 08:45:00 PM,"(UTC-07:00) Arizona",,,3905358.5,3884479.5,3926237.5,
PNTM9M2jMkKm3GLHpLiq3J4gE,"","North Campus",Gammage,"W", 08/19/2025 09:00:00 PM,"(UTC-07:00) Arizona",,,3830538.425,3803993,3848619.5,
PNTM9M2jMkKm3GLHpLiq3J4gE,"","North Campus",Gammage,"W", 08/19/2025 09:15:00 PM,"(UTC-07:00) Arizona",,,3797334.35,3794828.2,3799840.5,
PNTM9M2jMkKm3GLHpLiq3J4gE,"","North Campus",Gammage,"W", 08/19/2025 09:30:00 PM,"(UTC-07:00) Arizona",,,3675387.966666667,3624177.5,3708498.2,
PNTM9M2jMkKm3GLHpLiq3J4gE,"","North Campus",Gammage,"W", 08/19/2025 09:45:00 PM,"(UTC-07:00) Arizona",,,3765575.733333333,3745407,3786895.2,
PNTM9M2jMkKm3GLHpLiq3J4gE,"","North Campus",Gammage,"W", 08/19/2025 10:00:00 PM,"(UTC-07:00) Arizona",,,3721703.5,3716945.5,3728356.2,
PNTM9M2jMkKm3GLHpLiq3J4gE,"","North Campus",Gammage,"W", 08/19/2025 10:15:00 PM,"(UTC-07:00) Arizona",,,3706402.133333333,3686758.8,3720839.8,
PNTM9M2jMkKm3GLHpLiq3J4gE,"","North Campus",Gammage,"W", 08/19/2025 10:30:00 PM,"(UTC-07:00) Arizona",,,3706928.766666667,3696485.8,3714875,
PNTM9M2jMkKm3GLHpLiq3J4gE,"","North Campus",Gammage,"W", 08/19/2025 10:45:00 PM,"(UTC-07:00) Arizona",,,3618808.1666666665,3543910.2,3663454.8,
PNTM9M2jMkKm3GLHpLiq3J4gE,"","North Campus",Gammage,"W", 08/19/2025 11:00:00 PM,"(UTC-07:00) Arizona",,,3544330.0666666664,3528337,3557866,
PNTM9M2jMkKm3GLHpLiq3J4gE,"","North Campus",Gammage,"W", 08/19/2025 11:15:00 PM,"(UTC-07:00) Arizona",,,3501967.6666666665,3459268,3548298,
PNTM9M2jMkKm3GLHpLiq3J4gE,"","North Campus",Gammage,"W", 08/19/2025 11:30:00 PM,"(UTC-07:00) Arizona",,,3413746.5,3397452,3429585.5,
PNTM9M2jMkKm3GLHpLiq3J4gE,"","North Campus",Gammage,"W", 08/19/2025 11:45:00 PM,"(UTC-07:00) Arizona",,,3397642.266666667,3349468,3423156,
PNTM9M2jMkKm3GLHpLiq3J4gE,"","North Campus",Gammage,"W", 08/20/2025 12:00:00 AM,"(UTC-07:00) Arizona",,,3363415.0666666664,3349976.8,3385916.2,
PNTM9M2jMkKm3GLHpLiq3J4gE,"","North Campus",Gammage,"W", 08/20/2025 12:15:00 AM,"(UTC-07:00) Arizona",,,3325684.8666666667,3299510,3367906.8,
PNTM9M2jMkKm3GLHpLiq3J4gE,"","North Campus",Gammage,"W", 08/20/2025 12:30:00 AM,"(UTC-07:00) Arizona",,,3297154.733333333,3281464.5,3314826.5,
PNTM9M2jMkKm3GLHpLiq3J4gE,"","North Campus",Gammage,"W", 08/20/2025 12:45:00 AM,"(UTC-07:00) Arizona",,,3282690.966666667,3264598.2,3300341.5,
PNTM9M2jMkKm3GLHpLiq3J4gE,"","North Campus",Gammage,"W", 08/20/2025 01:00:00 AM,"(UTC-07:00) Arizona",,,3309112.6,3279680.8,3326942.2,
PNTM9M2jMkKm3GLHpLiq3J4gE,"","North Campus",Gammage,"W", 08/20/2025 01:15:00 AM,"(UTC-07:00) Arizona",,,3287855.0666666664,3247368,3330818,
PNTM9M2jMkKm3GLHpLiq3J4gE,"","North Campus",Gammage,"W", 08/20/2025 01:30:00 AM,"(UTC-07:00) Arizona",,,3286957.733333333,3271386,3310537,
PNTM9M2jMkKm3GLHpLiq3J4gE,"","North Campus",Gammage,"W", 08/20/2025 01:45:00 AM,"(UTC-07:00) Arizona",,,3288301.85,3284653.5,3291950.2,
PNTM9M2jMkKm3GLHpLiq3J4gE,"","North Campus",Gammage,"W", 08/20/2025 02:00:00 AM,"(UTC-07:00) Arizona",,,3280512.1,3266758,3313405.2,
PNTM9M2jMkKm3GLHpLiq3J4gE,"","North Campus",Gammage,"W", 08/20/2025 02:15:00 AM,"(UTC-07:00) Arizona",,,3259160.8000000003,3237624.2,3290237,
PNTM9M2jMkKm3GLHpLiq3J4gE,"","North Campus",Gammage,"W", 08/20/2025 02:30:00 AM,"(UTC-07:00) Arizona",,,3251906.5,3240331.5,3260879.5,
PNTM9M2jMkKm3GLHpLiq3J4gE,"","North Campus",Gammage,"W", 08/20/2025 02:45:00 AM,"(UTC-07:00) Arizona",,,3271895.5,3265323.8,3277051.2,
PNTM9M2jMkKm3GLHpLiq3J4gE,"","North Campus",Gammage,"W", 08/20/2025 03:00:00 AM,"(UTC-07:00) Arizona",,,3288470.7,3278427.2,3298514.2,
PNTM9M2jMkKm3GLHpLiq3J4gE,"","North Campus",Gammage,"W", 08/20/2025 03:15:00 AM,"(UTC-07:00) Arizona",,,3300433.45,3247302,3368598.5,
PNTM9M2jMkKm3GLHpLiq3J4gE,"","North Campus",Gammage,"W", 08/20/2025 03:30:00 AM,"(UTC-07:00) Arizona",,,3331098.5,3303988.5,3358208.5,
PNTM9M2jMkKm3GLHpLiq3J4gE,"","North Campus",Gammage,"W", 08/20/2025 03:45:00 AM,"(UTC-07:00) Arizona",,,3331053.1,3325978.8,3339848.5,
PNTM9M2jMkKm3GLHpLiq3J4gE,"","North Campus",Gammage,"W", 08/20/2025 04:00:00 AM,"(UTC-07:00) Arizona",,,3357142.133333333,3336936.8,3386706.8,
PNTM9M2jMkKm3GLHpLiq3J4gE,"","North Campus",Gammage,"W", 08/20/2025 04:15:00 AM,"(UTC-07:00) Arizona",,,3399578.65,3397604.5,3401552.8,
PNTM9M2jMkKm3GLHpLiq3J4gE,"","North Campus",Gammage,"W", 08/20/2025 04:30:00 AM,"(UTC-07:00) Arizona",,,3389278.766666667,3374616.8,3412623.5,
PNTM9M2jMkKm3GLHpLiq3J4gE,"","North Campus",Gammage,"W", 08/20/2025 04:45:00 AM,"(UTC-07:00) Arizona",,,3426668.875,3404052,3454131.5,
PNTM9M2jMkKm3GLHpLiq3J4gE,"","North Campus",Gammage,"W", 08/20/2025 05:00:00 AM,"(UTC-07:00) Arizona",,,3417379.7,3402049.2,3432710.2,
PNTM9M2jMkKm3GLHpLiq3J4gE,"","North Campus",Gammage,"W", 08/20/2025 05:15:00 AM,"(UTC-07:00) Arizona",,,3443314.45,3424187.2,3462331.8,
PNTM9M2jMkKm3GLHpLiq3J4gE,"","North Campus",Gammage,"W", 08/20/2025 05:30:00 AM,"(UTC-07:00) Arizona",,,3420471.2,3420471.2,3420471.2,
PNTM9M2jMkKm3GLHpLiq3J4gE,"","North Campus",Gammage,"W", 08/20/2025 05:45:00 AM,"(UTC-07:00) Arizona",,,3449091.733333333,3412123,3501450.2,
PNTM9M2jMkKm3GLHpLiq3J4gE,"","North Campus",Gammage,"W", 08/20/2025 06:00:00 AM,"(UTC-07:00) Arizona",,,3555136.3666666667,3547909.5,3561046.8,
PNTM9M2jMkKm3GLHpLiq3J4gE,"","North Campus",Gammage,"W", 08/20/2025 06:15:00 AM,"(UTC-07:00) Arizona",,,3575741.8666666667,3572648.8,3580350,
PNTM9M2jMkKm3GLHpLiq3J4gE,"","North Campus",Gammage,"W", 08/20/2025 06:30:00 AM,"(UTC-07:00) Arizona",,,3654455.75,3632558.2,3681218.2,
PNTM9M2jMkKm3GLHpLiq3J4gE,"","North Campus",Gammage,"W", 08/20/2025 06:45:00 AM,"(UTC-07:00) Arizona",,,3696591,3604275.2,3805408,
PNTM9M2jMkKm3GLHpLiq3J4gE,"","North Campus",Gammage,"W", 08/20/2025 07:00:00 AM,"(UTC-07:00) Arizona",,,3887996.75,3878416.5,3897577,
PNTM9M2jMkKm3GLHpLiq3J4gE,"","North Campus",Gammage,"W", 08/20/2025 07:15:00 AM,"(UTC-07:00) Arizona",,,3810297.9000000004,3759672.5,3866890.8,
PNTM9M2jMkKm3GLHpLiq3J4gE,"","North Campus",Gammage,"W", 08/20/2025 07:30:00 AM,"(UTC-07:00) Arizona",,,3821686.15,3789646.8,3853725.5,
PNTM9M2jMkKm3GLHpLiq3J4gE,"","North Campus",Gammage,"W", 08/20/2025 07:45:00 AM,"(UTC-07:00) Arizona",,,3875531.733333333,3848399.2,3913717,
PNTM9M2jMkKm3GLHpLiq3J4gE,"","North Campus",Gammage,"W", 08/20/2025 08:00:00 AM,"(UTC-07:00) Arizona",,,4093342.8333333335,4055832.5,4112098,
PNTM9M2jMkKm3GLHpLiq3J4gE,"","North Campus",Gammage,"W", 08/20/2025 08:15:00 AM,"(UTC-07:00) Arizona",,,4145364.1666666665,4105198.5,4166518.5,
PNTM9M2jMkKm3GLHpLiq3J4gE,"","North Campus",Gammage,"W", 08/20/2025 08:30:00 AM,"(UTC-07:00) Arizona",,,4171155.8333333335,3991432.5,4271878,
PNTM9M2jMkKm3GLHpLiq3J4gE,"","North Campus",Gammage,"W", 08/20/2025 08:45:00 AM,"(UTC-07:00) Arizona",,,4267741.333333333,4185139,4386427.5,
PNTM9M2jMkKm3GLHpLiq3J4gE,"","North Campus",Gammage,"W", 08/20/2025 09:00:00 AM,"(UTC-07:00) Arizona",,,4575278.833333333,4501795,4617231,
PNTM9M2jMkKm3GLHpLiq3J4gE,"","North Campus",Gammage,"W", 08/20/2025 09:15:00 AM,"(UTC-07:00) Arizona",,,4521489.833333333,4452439.5,4645084,
PNTM9M2jMkKm3GLHpLiq3J4gE,"","North Campus",Gammage,"W", 08/20/2025 09:30:00 AM,"(UTC-07:00) Arizona",,,4615933.666666667,4586876.5,4653987.5,
PNTM9M2jMkKm3GLHpLiq3J4gE,"","North Campus",Gammage,"W", 08/20/2025 09:45:00 AM,"(UTC-07:00) Arizona",,,4734283,4626408.5,4865765,
PNTM9M2jMkKm3GLHpLiq3J4gE,"","North Campus",Gammage,"W", 08/20/2025 10:00:00 AM,"(UTC-07:00) Arizona",,,4803027.5,4773504.5,4821166,
PNTM9M2jMkKm3GLHpLiq3J4gE,"","North Campus",Gammage,"W", 08/20/2025 10:15:00 AM,"(UTC-07:00) Arizona",,,4781719,4684561.5,4919840.5,
PNTM9M2jMkKm3GLHpLiq3J4gE,"","North Campus",Gammage,"W", 08/20/2025 10:30:00 AM,"(UTC-07:00) Arizona",,,4718878.166666667,4668597.5,4769638,
PNTM9M2jMkKm3GLHpLiq3J4gE,"","North Campus",Gammage,"W", 08/20/2025 10:45:00 AM,"(UTC-07:00) Arizona",,,4710365.333333333,4660399,4754323,
PNTM9M2jMkKm3GLHpLiq3J4gE,"","North Campus",Gammage,"W", 08/20/2025 11:00:00 AM,"(UTC-07:00) Arizona",,,4791011.833333333,4705287.5,4872783,
PNTM9M2jMkKm3GLHpLiq3J4gE,"","North Campus",Gammage,"W", 08/20/2025 11:15:00 AM,"(UTC-07:00) Arizona",,,4786629.666666667,4673300.5,4848864.5,
PNTM9M2jMkKm3GLHpLiq3J4gE,"","North Campus",Gammage,"W", 08/20/2025 11:30:00 AM,"(UTC-07:00) Arizona",,,4765018.833333333,4662420.5,4851916,
PNTM9M2jMkKm3GLHpLiq3J4gE,"","North Campus",Gammage,"W", 08/20/2025 11:45:00 AM,"(UTC-07:00) Arizona",,,4810789.666666667,4685818,5003157,
PNTM9M2jMkKm3GLHpLiq3J4gE,"","North Campus",Gammage,"W", 08/20/2025 12:00:00 PM,"(UTC-07:00) Arizona",,,4789774,4756581.5,4810205.5,
PNTM9M2jMkKm3GLHpLiq3J4gE,"","North Campus",Gammage,"W", 08/20/2025 12:15:00 PM,"(UTC-07:00) Arizona",,,4781224.5,4779981,4782468,
PNTM9M2jMkKm3GLHpLiq3J4gE,"","North Campus",Gammage,"W", 08/20/2025 12:30:00 PM,"(UTC-07:00) Arizona",,,4780726.375,4753356.5,4811839,
PNTM9M2jMkKm3GLHpLiq3J4gE,"","North Campus",Gammage,"W", 08/20/2025 12:45:00 PM,"(UTC-07:00) Arizona",,,4971062.25,4770742,5171382.5,
PNTM9M2jMkKm3GLHpLiq3J4gE,"","North Campus",Gammage,"W", 08/20/2025 01:00:00 PM,"(UTC-07:00) Arizona",,,4870998.875,4814084.5,4947623,
PNTM9M2jMkKm3GLHpLiq3J4gE,"","North Campus",Gammage,"W", 08/20/2025 01:15:00 PM,"(UTC-07:00) Arizona",,,4967321.333333333,4815725,5177592,
PNTM9M2jMkKm3GLHpLiq3J4gE,"","North Campus",Gammage,"W", 08/20/2025 01:30:00 PM,"(UTC-07:00) Arizona",,,4963689.5,4826980,5210986,
PNTM9M2jMkKm3GLHpLiq3J4gE,"","North Campus",Gammage,"W", 08/20/2025 01:45:00 PM,"(UTC-07:00) Arizona",,,5214710,5212228.5,5217191.5,
PNTM9M2jMkKm3GLHpLiq3J4gE,"","North Campus",Gammage,"W", 08/20/2025 02:00:00 PM,"(UTC-07:00) Arizona",,,5190025.875,5149154,5242888,
PNTM9M2jMkKm3GLHpLiq3J4gE,"","North Campus",Gammage,"W", 08/20/2025 02:15:00 PM,"(UTC-07:00) Arizona",,,4847820,4847797.5,4847842.5,
PNTM9M2jMkKm3GLHpLiq3J4gE,"","North Campus",Gammage,"W", 08/20/2025 02:30:00 PM,"(UTC-07:00) Arizona",,,4919947.166666667,4834522.5,5049149.5,
PNTM9M2jMkKm3GLHpLiq3J4gE,"","North Campus",Gammage,"W", 08/20/2025 02:45:00 PM,"(UTC-07:00) Arizona",,,5230204.5,5200377.5,5256954,
PNTM9M2jMkKm3GLHpLiq3J4gE,"","North Campus",Gammage,"W", 08/20/2025 03:00:00 PM,"(UTC-07:00) Arizona",,,5247923.166666667,5239474,5262078.5,
PNTM9M2jMkKm3GLHpLiq3J4gE,"","North Campus",Gammage,"W", 08/20/2025 03:15:00 PM,"(UTC-07:00) Arizona",,,5168693,5117611,5233768,
PNTM9M2jMkKm3GLHpLiq3J4gE,"","North Campus",Gammage,"W", 08/20/2025 03:30:00 PM,"(UTC-07:00) Arizona",,,5157003.166666667,5127405,5178982,
PNTM9M2jMkKm3GLHpLiq3J4gE,"","North Campus",Gammage,"W", 08/20/2025 03:45:00 PM,"(UTC-07:00) Arizona",,,5148605,5135120.5,5156076.5,
PNTM9M2jMkKm3GLHpLiq3J4gE,"","North Campus",Gammage,"W", 08/20/2025 04:00:00 PM,"(UTC-07:00) Arizona",,,5212666,5129267,5296065,
PNTM9M2jMkKm3GLHpLiq3J4gE,"","North Campus",Gammage,"W", 08/20/2025 04:15:00 PM,"(UTC-07:00) Arizona",,,5122962.666666667,5087761,5176499.5,
PNTM9M2jMkKm3GLHpLiq3J4gE,"","North Campus",Gammage,"W", 08/20/2025 04:30:00 PM,"(UTC-07:00) Arizona",,,5176053.875,5129744.5,5246912.5,
PNTM9M2jMkKm3GLHpLiq3J4gE,"","North Campus",Gammage,"W", 08/20/2025 04:45:00 PM,"(UTC-07:00) Arizona",,,5064100.666666667,4956253,5152132.5,
PNTM9M2jMkKm3GLHpLiq3J4gE,"","North Campus",Gammage,"W", 08/20/2025 05:00:00 PM,"(UTC-07:00) Arizona",,,4966837.5,4966837.5,4966837.5,
PNTM9M2jMkKm3GLHpLiq3J4gE,"","North Campus",Gammage,"W", 08/20/2025 05:15:00 PM,"(UTC-07:00) Arizona",,,4941656.125,4872030,4999707,
PNTM9M2jMkKm3GLHpLiq3J4gE,"","North Campus",Gammage,"W", 08/20/2025 05:30:00 PM,"(UTC-07:00) Arizona",,,4899967.25,4872083,4927851.5,
PNTM9M2jMkKm3GLHpLiq3J4gE,"","North Campus",Gammage,"W", 08/20/2025 05:45:00 PM,"(UTC-07:00) Arizona",,,4852068,4836626.5,4867311.5,
PNTM9M2jMkKm3GLHpLiq3J4gE,"","North Campus",Gammage,"W", 08/20/2025 06:00:00 PM,"(UTC-07:00) Arizona",,,4730839.666666667,4688848.5,4781830.5,
PNTM9M2jMkKm3GLHpLiq3J4gE,"","North Campus",Gammage,"W", 08/20/2025 06:15:00 PM,"(UTC-07:00) Arizona",,,4667644.5,4640442,4696243.5,
PNTM9M2jMkKm3GLHpLiq3J4gE,"","North Campus",Gammage,"W", 08/20/2025 06:30:00 PM,"(UTC-07:00) Arizona",,,4677908,4630469.5,4730289.5,
PNTM9M2jMkKm3GLHpLiq3J4gE,"","North Campus",Gammage,"W", 08/20/2025 06:45:00 PM,"(UTC-07:00) Arizona",,,4664009,4654437.5,4676857.5,
PNTM9M2jMkKm3GLHpLiq3J4gE,"","North Campus",Gammage,"W", 08/20/2025 07:00:00 PM,"(UTC-07:00) Arizona",,,4517513.166666667,4497819,4529288,
PNTM9M2jMkKm3GLHpLiq3J4gE,"","North Campus",Gammage,"W", 08/20/2025 07:15:00 PM,"(UTC-07:00) Arizona",,,4446414.166666667,4416580,4469435.5,
PNTM9M2jMkKm3GLHpLiq3J4gE,"","North Campus",Gammage,"W", 08/20/2025 07:30:00 PM,"(UTC-07:00) Arizona",,,4380031.5,4363051.5,4403814.5,
PNTM9M2jMkKm3GLHpLiq3J4gE,"","North Campus",Gammage,"W", 08/20/2025 07:45:00 PM,"(UTC-07:00) Arizona",,,4342233.333333333,4272252.5,4385858.5,
PNTM9M2jMkKm3GLHpLiq3J4gE,"","North Campus",Gammage,"W", 08/20/2025 08:00:00 PM,"(UTC-07:00) Arizona",,,4200561.35,4163836.2,4237286.5,
PNTM9M2jMkKm3GLHpLiq3J4gE,"","North Campus",Gammage,"W", 08/20/2025 08:15:00 PM,"(UTC-07:00) Arizona",,,4195114,4187619,4202987.5,
PNTM9M2jMkKm3GLHpLiq3J4gE,"","North Campus",Gammage,"W", 08/20/2025 08:30:00 PM,"(UTC-07:00) Arizona",,,4129516,4113619.8,4157632.2,
PNTM9M2jMkKm3GLHpLiq3J4gE,"","North Campus",Gammage,"W", 08/20/2025 08:45:00 PM,"(UTC-07:00) Arizona",,,4137170.6333333333,4109839.5,4169255.2,
PNTM9M2jMkKm3GLHpLiq3J4gE,"","North Campus",Gammage,"W", 08/20/2025 09:00:00 PM,"(UTC-07:00) Arizona",,,4086806.6666666665,4064241.8,4099335.2,
PNTM9M2jMkKm3GLHpLiq3J4gE,"","North Campus",Gammage,"W", 08/20/2025 09:15:00 PM,"(UTC-07:00) Arizona",,,4077124.9333333336,4056214.8,4112402.8,
PNTM9M2jMkKm3GLHpLiq3J4gE,"","North Campus",Gammage,"W", 08/20/2025 09:30:00 PM,"(UTC-07:00) Arizona",,,4048252.4333333336,4037095,4061216.5,
PNTM9M2jMkKm3GLHpLiq3J4gE,"","North Campus",Gammage,"W", 08/20/2025 09:45:00 PM,"(UTC-07:00) Arizona",,,4022033.266666667,3977756.5,4046492.8,
PNTM9M2jMkKm3GLHpLiq3J4gE,"","North Campus",Gammage,"W", 08/20/2025 10:00:00 PM,"(UTC-07:00) Arizona",,,3922710.1666666665,3906925.8,3948670.5,
PNTM9M2jMkKm3GLHpLiq3J4gE,"","North Campus",Gammage,"W", 08/20/2025 10:15:00 PM,"(UTC-07:00) Arizona",,,3885640.6666666665,3876344.5,3896978.5,
PNTM9M2jMkKm3GLHpLiq3J4gE,"","North Campus",Gammage,"W", 08/20/2025 10:30:00 PM,"(UTC-07:00) Arizona",,,3842680.1666666665,3809830.8,3873908.5,
PNTM9M2jMkKm3GLHpLiq3J4gE,"","North Campus",Gammage,"W", 08/20/2025 10:45:00 PM,"(UTC-07:00) Arizona",,,3770314.4,3730394.2,3790484.5,
PNTM9M2jMkKm3GLHpLiq3J4gE,"","North Campus",Gammage,"W", 08/20/2025 11:00:00 PM,"(UTC-07:00) Arizona",,,3696345.9,3685637.5,3717093,
PNTM9M2jMkKm3GLHpLiq3J4gE,"","North Campus",Gammage,"W", 08/20/2025 11:15:00 PM,"(UTC-07:00) Arizona",,,3631169.1333333333,3620535,3642462.2,
PNTM9M2jMkKm3GLHpLiq3J4gE,"","North Campus",Gammage,"W", 08/20/2025 11:30:00 PM,"(UTC-07:00) Arizona",,,3578760.1666666665,3575555.8,3581973.2,
PNTM9M2jMkKm3GLHpLiq3J4gE,"","North Campus",Gammage,"W", 08/20/2025 11:45:00 PM,"(UTC-07:00) Arizona",,,3526685.8333333335,3501620.5,3550052,
PNTM9M2jMkKm3GLHpLiq3J4gE,"","North Campus",Gammage,"W", 08/21/2025 12:00:00 AM,"(UTC-07:00) Arizona",,,3506736.733333333,3484914.8,3536455.2,
PNTM9M2jMkKm3GLHpLiq3J4gE,"","North Campus",Gammage,"W", 08/21/2025 12:15:00 AM,"(UTC-07:00) Arizona",,,3468369.35,3465173.5,3471565.2,
PNTM9M2jMkKm3GLHpLiq3J4gE,"","North Campus",Gammage,"W", 08/21/2025 12:30:00 AM,"(UTC-07:00) Arizona",,,3459107.5,3459107.5,3459107.5,
PNTM9M2jMkKm3GLHpLiq3J4gE,"","North Campus",Gammage,"W", 08/21/2025 12:45:00 AM,"(UTC-07:00) Arizona",,,3443527.6,3442479.8,3444714.5,
PNTM9M2jMkKm3GLHpLiq3J4gE,"","North Campus",Gammage,"W", 08/21/2025 01:00:00 AM,"(UTC-07:00) Arizona",,,3443104.25,3418539.2,3491466.2,
PNTM9M2jMkKm3GLHpLiq3J4gE,"","North Campus",Gammage,"W", 08/21/2025 01:15:00 AM,"(UTC-07:00) Arizona",,,3418206.6999999997,3384894.5,3460873.8,
PNTM9M2jMkKm3GLHpLiq3J4gE,"","North Campus",Gammage,"W", 08/21/2025 01:30:00 AM,"(UTC-07:00) Arizona",,,3399814.85,3370268.2,3429361.5,
PNTM9M2jMkKm3GLHpLiq3J4gE,"","North Campus",Gammage,"W", 08/21/2025 01:45:00 AM,"(UTC-07:00) Arizona",,,3399497.3,3393708.2,3408020,
PNTM9M2jMkKm3GLHpLiq3J4gE,"","North Campus",Gammage,"W", 08/21/2025 02:00:00 AM,"(UTC-07:00) Arizona",,,3328329.4,3259392.2,3412281,
PNTM9M2jMkKm3GLHpLiq3J4gE,"","North Campus",Gammage,"W", 08/21/2025 02:15:00 AM,"(UTC-07:00) Arizona",,,3331968.1,3308833,3354421.5,
PNTM9M2jMkKm3GLHpLiq3J4gE,"","North Campus",Gammage,"W", 08/21/2025 02:30:00 AM,"(UTC-07:00) Arizona",,,3348571.733333333,3331808.8,3365738.2,
PNTM9M2jMkKm3GLHpLiq3J4gE,"","North Campus",Gammage,"W", 08/21/2025 02:45:00 AM,"(UTC-07:00) Arizona",,,3375073.35,3371715.2,3378431.5,
PNTM9M2jMkKm3GLHpLiq3J4gE,"","North Campus",Gammage,"W", 08/21/2025 03:00:00 AM,"(UTC-07:00) Arizona",,,3383654.2249999996,3360585,3409063.2,
PNTM9M2jMkKm3GLHpLiq3J4gE,"","North Campus",Gammage,"W", 08/21/2025 03:15:00 AM,"(UTC-07:00) Arizona",,,3440151.4,3352872.5,3496264.2,
PNTM9M2jMkKm3GLHpLiq3J4gE,"","North Campus",Gammage,"W", 08/21/2025 03:30:00 AM,"(UTC-07:00) Arizona",,,3466326.1,3425876.2,3506776,
PNTM9M2jMkKm3GLHpLiq3J4gE,"","North Campus",Gammage,"W", 08/21/2025 03:45:00 AM,"(UTC-07:00) Arizona",,,3505285.175,3486434,3528754.2,
PNTM9M2jMkKm3GLHpLiq3J4gE,"","North Campus",Gammage,"W", 08/21/2025 04:00:00 AM,"(UTC-07:00) Arizona",,,3484487.5,3460911,3508064,
PNTM9M2jMkKm3GLHpLiq3J4gE,"","North Campus",Gammage,"W", 08/21/2025 04:15:00 AM,"(UTC-07:00) Arizona",,,3512652.425,3477770.5,3550864.8,
PNTM9M2jMkKm3GLHpLiq3J4gE,"","North Campus",Gammage,"W", 08/21/2025 04:30:00 AM,"(UTC-07:00) Arizona",,,3530962.35,3519565.5,3542359.2,
PNTM9M2jMkKm3GLHpLiq3J4gE,"","North Campus",Gammage,"W", 08/21/2025 04:45:00 AM,"(UTC-07:00) Arizona",,,3518582.5,3518049.8,3519115.2,
PNTM9M2jMkKm3GLHpLiq3J4gE,"","North Campus",Gammage,"W", 08/21/2025 05:00:00 AM,"(UTC-07:00) Arizona",,,3540339.25,3531501.5,3548345,
PNTM9M2jMkKm3GLHpLiq3J4gE,"","North Campus",Gammage,"W", 08/21/2025 05:15:00 AM,"(UTC-07:00) Arizona",,,3532812.35,3514889.5,3550735.2,
PNTM9M2jMkKm3GLHpLiq3J4gE,"","North Campus",Gammage,"W", 08/21/2025 05:30:00 AM,"(UTC-07:00) Arizona",,,3533953.175,3501951.5,3564749.5,
PNTM9M2jMkKm3GLHpLiq3J4gE,"","North Campus",Gammage,"W", 08/21/2025 05:45:00 AM,"(UTC-07:00) Arizona",,,3527733.6,3486925.5,3605032.5,
PNTM9M2jMkKm3GLHpLiq3J4gE,"","North Campus",Gammage,"W", 08/21/2025 06:00:00 AM,"(UTC-07:00) Arizona",,,3693121.9,3658300,3733711.5,
PNTM9M2jMkKm3GLHpLiq3J4gE,"","North Campus",Gammage,"W", 08/21/2025 06:15:00 AM,"(UTC-07:00) Arizona",,,3649758.6333333333,3613130.5,3693260.2,
PNTM9M2jMkKm3GLHpLiq3J4gE,"","North Campus",Gammage,"W", 08/21/2025 06:30:00 AM,"(UTC-07:00) Arizona",,,3677163.9,3671373,3682954.8,
PNTM9M2jMkKm3GLHpLiq3J4gE,"","North Campus",Gammage,"W", 08/21/2025 06:45:00 AM,"(UTC-07:00) Arizona",,,3750052.55,3647670.2,3817734,
PNTM9M2jMkKm3GLHpLiq3J4gE,"","North Campus",Gammage,"W", 08/21/2025 07:00:00 AM,"(UTC-07:00) Arizona",,,3838669.8,3838669.8,3838669.8,
PNTM9M2jMkKm3GLHpLiq3J4gE,"","North Campus",Gammage,"W", 08/21/2025 07:15:00 AM,"(UTC-07:00) Arizona",,,3973164.5,3916096.8,4052687.2,
PNTM9M2jMkKm3GLHpLiq3J4gE,"","North Campus",Gammage,"W", 08/21/2025 07:30:00 AM,"(UTC-07:00) Arizona",,,4089325.95,4058050,4114251.5,
PNTM9M2jMkKm3GLHpLiq3J4gE,"","North Campus",Gammage,"W", 08/21/2025 07:45:00 AM,"(UTC-07:00) Arizona",,,4243681.65,4159074.8,4328288.5,
PNTM9M2jMkKm3GLHpLiq3J4gE,"","North Campus",Gammage,"W", 08/21/2025 08:00:00 AM,"(UTC-07:00) Arizona",,,4212940.45,4108662.8,4265064,
PNTM9M2jMkKm3GLHpLiq3J4gE,"","North Campus",Gammage,"W", 08/21/2025 08:15:00 AM,"(UTC-07:00) Arizona",,,4466042.5,4265064,4606714.5,
PNTM9M2jMkKm3GLHpLiq3J4gE,"","North Campus",Gammage,"W", 08/21/2025 08:30:00 AM,"(UTC-07:00) Arizona",,,4662556.833333333,4644156.5,4687192,
PNTM9M2jMkKm3GLHpLiq3J4gE,"","North Campus",Gammage,"W", 08/21/2025 08:45:00 AM,"(UTC-07:00) Arizona",,,4804290.333333333,4725668.5,4863086.5,
PNTM9M2jMkKm3GLHpLiq3J4gE,"","North Campus",Gammage,"W", 08/21/2025 09:00:00 AM,"(UTC-07:00) Arizona",,,4812957,4792647,4825378.5,
PNTM9M2jMkKm3GLHpLiq3J4gE,"","North Campus",Gammage,"W", 08/21/2025 09:15:00 AM,"(UTC-07:00) Arizona",,,4809110.75,4801860.5,4816361,
PNTM9M2jMkKm3GLHpLiq3J4gE,"","North Campus",Gammage,"W", 08/21/2025 09:30:00 AM,"(UTC-07:00) Arizona",,,4859472.166666667,4838153,4896366.5,
PNTM9M2jMkKm3GLHpLiq3J4gE,"","North Campus",Gammage,"W", 08/21/2025 09:45:00 AM,"(UTC-07:00) Arizona",,,4854123.75,4816271,4891976.5,
PNTM9M2jMkKm3GLHpLiq3J4gE,"","North Campus",Gammage,"W", 08/21/2025 10:00:00 AM,"(UTC-07:00) Arizona",,,4882760.333333333,4879458.5,4886397.5,
PNTM9M2jMkKm3GLHpLiq3J4gE,"","North Campus",Gammage,"W", 08/21/2025 10:15:00 AM,"(UTC-07:00) Arizona",,,4941554,4927041.5,4969696,
PNTM9M2jMkKm3GLHpLiq3J4gE,"","North Campus",Gammage,"W", 08/21/2025 10:30:00 AM,"(UTC-07:00) Arizona",,,4949203,4929845,4965368,
PNTM9M2jMkKm3GLHpLiq3J4gE,"","North Campus",Gammage,"W", 08/21/2025 10:45:00 AM,"(UTC-07:00) Arizona",,,5021027.833333333,4964945,5098972,
PNTM9M2jMkKm3GLHpLiq3J4gE,"","North Campus",Gammage,"W", 08/21/2025 11:00:00 AM,"(UTC-07:00) Arizona",,,5056131.166666667,5024846,5111400,
PNTM9M2jMkKm3GLHpLiq3J4gE,"","North Campus",Gammage,"W", 08/21/2025 11:15:00 AM,"(UTC-07:00) Arizona",,,5019349.166666667,4988908,5037623.5,
PNTM9M2jMkKm3GLHpLiq3J4gE,"","North Campus",Gammage,"W", 08/21/2025 11:30:00 AM,"(UTC-07:00) Arizona",,,5101381,5082249,5120513,
PNTM9M2jMkKm3GLHpLiq3J4gE,"","North Campus",Gammage,"W", 08/21/2025 11:45:00 AM,"(UTC-07:00) Arizona",,,5124948,5114551.5,5133326,
PNTM9M2jMkKm3GLHpLiq3J4gE,"","North Campus",Gammage,"W", 08/21/2025 12:00:00 PM,"(UTC-07:00) Arizona",,,5326592.25,5300679,5352505.5,
PNTM9M2jMkKm3GLHpLiq3J4gE,"","North Campus",Gammage,"W", 08/21/2025 12:15:00 PM,"(UTC-07:00) Arizona",,,5404263.25,5364583.5,5452626.5,
PNTM9M2jMkKm3GLHpLiq3J4gE,"","North Campus",Gammage,"W", 08/21/2025 12:30:00 PM,"(UTC-07:00) Arizona",,,5432964,5416142,5457363,
PNTM9M2jMkKm3GLHpLiq3J4gE,"","North Campus",Gammage,"W", 08/21/2025 12:45:00 PM,"(UTC-07:00) Arizona",,,5491340.166666667,5461987.5,5519813.5,
PNTM9M2jMkKm3GLHpLiq3J4gE,"","North Campus",Gammage,"W", 08/21/2025 01:00:00 PM,"(UTC-07:00) Arizona",,,5534069.833333333,5507872.5,5556387,
PNTM9M2jMkKm3GLHpLiq3J4gE,"","North Campus",Gammage,"W", 08/21/2025 01:15:00 PM,"(UTC-07:00) Arizona",,,5548676.666666667,5529065,5573843,
PNTM9M2jMkKm3GLHpLiq3J4gE,"","North Campus",Gammage,"W", 08/21/2025 01:30:00 PM,"(UTC-07:00) Arizona",,,5445431.666666667,5424803,5467335,
PNTM9M2jMkKm3GLHpLiq3J4gE,"","North Campus",Gammage,"W", 08/21/2025 01:45:00 PM,"(UTC-07:00) Arizona",,,5514071.333333333,5469479,5547212.5,
PNTM9M2jMkKm3GLHpLiq3J4gE,"","North Campus",Gammage,"W", 08/21/2025 02:00:00 PM,"(UTC-07:00) Arizona",,,5423988,5392735,5455241,
PNTM9M2jMkKm3GLHpLiq3J4gE,"","North Campus",Gammage,"W", 08/21/2025 02:15:00 PM,"(UTC-07:00) Arizona",,,5437333.166666667,5410979.5,5461116,
PNTM9M2jMkKm3GLHpLiq3J4gE,"","North Campus",Gammage,"W", 08/21/2025 02:30:00 PM,"(UTC-07:00) Arizona",,,5332174,5332174,5332174,
PNTM9M2jMkKm3GLHpLiq3J4gE,"","North Campus",Gammage,"W", 08/21/2025 02:45:00 PM,"(UTC-07:00) Arizona",,,5273319.666666667,5254454.5,5299608,
PNTM9M2jMkKm3GLHpLiq3J4gE,"","North Campus",Gammage,"W", 08/21/2025 03:00:00 PM,"(UTC-07:00) Arizona",,,5125638.666666667,5003138.5,5209072,
PNTM9M2jMkKm3GLHpLiq3J4gE,"","North Campus",Gammage,"W", 08/21/2025 03:15:00 PM,"(UTC-07:00) Arizona",,,5056748.125,4903951,5160271,
PNTM9M2jMkKm3GLHpLiq3J4gE,"","North Campus",Gammage,"W", 08/21/2025 03:30:00 PM,"(UTC-07:00) Arizona",,,5029023.5,5018869,5039178,
PNTM9M2jMkKm3GLHpLiq3J4gE,"","North Campus",Gammage,"W", 08/21/2025 03:45:00 PM,"(UTC-07:00) Arizona",,,4974214.166666667,4873047.5,5041336,
PNTM9M2jMkKm3GLHpLiq3J4gE,"","North Campus",Gammage,"W", 08/21/2025 04:00:00 PM,"(UTC-07:00) Arizona",,,4805783.75,4769472,4832794.5,
PNTM9M2jMkKm3GLHpLiq3J4gE,"","North Campus",Gammage,"W", 08/21/2025 04:15:00 PM,"(UTC-07:00) Arizona",,,4897187.333333333,4834790,4942608,
PNTM9M2jMkKm3GLHpLiq3J4gE,"","North Campus",Gammage,"W", 08/21/2025 04:30:00 PM,"(UTC-07:00) Arizona",,,4963398,4918640.5,5008155.5,
PNTM9M2jMkKm3GLHpLiq3J4gE,"","North Campus",Gammage,"W", 08/21/2025 04:45:00 PM,"(UTC-07:00) Arizona",,,5049835.5,4925978.5,5131093.5,
PNTM9M2jMkKm3GLHpLiq3J4gE,"","North Campus",Gammage,"W", 08/21/2025 05:00:00 PM,"(UTC-07:00) Arizona",,,5011784.5,4979233.5,5028060,
PNTM9M2jMkKm3GLHpLiq3J4gE,"","North Campus",Gammage,"W", 08/21/2025 05:15:00 PM,"(UTC-07:00) Arizona",,,4991073.833333333,4960760,5017235.5,
PNTM9M2jMkKm3GLHpLiq3J4gE,"","North Campus",Gammage,"W", 08/21/2025 05:30:00 PM,"(UTC-07:00) Arizona",,,5046967,5033572,5063376,
PNTM9M2jMkKm3GLHpLiq3J4gE,"","North Campus",Gammage,"W", 08/21/2025 05:45:00 PM,"(UTC-07:00) Arizona",,,5043043.833333333,5029256.5,5059675,
PNTM9M2jMkKm3GLHpLiq3J4gE,"","North Campus",Gammage,"W", 08/21/2025 06:00:00 PM,"(UTC-07:00) Arizona",,,4883942,4875001,4899394,
PNTM9M2jMkKm3GLHpLiq3J4gE,"","North Campus",Gammage,"W", 08/21/2025 06:15:00 PM,"(UTC-07:00) Arizona",,,4775768,4762470,4789066,
PNTM9M2jMkKm3GLHpLiq3J4gE,"","North Campus",Gammage,"W", 08/21/2025 06:30:00 PM,"(UTC-07:00) Arizona",,,4802181,4751089,4836016,
PNTM9M2jMkKm3GLHpLiq3J4gE,"","North Campus",Gammage,"W", 08/21/2025 06:45:00 PM,"(UTC-07:00) Arizona",,,4737523.166666667,4722015,4752086.5,
PNTM9M2jMkKm3GLHpLiq3J4gE,"","North Campus",Gammage,"W", 08/21/2025 07:00:00 PM,"(UTC-07:00) Arizona",,,4517360.333333333,4469663,4561110.5,
PNTM9M2jMkKm3GLHpLiq3J4gE,"","North Campus",Gammage,"W", 08/21/2025 07:15:00 PM,"(UTC-07:00) Arizona",,,4445350.666666667,4403045.5,4497288,
PNTM9M2jMkKm3GLHpLiq3J4gE,"","North Campus",Gammage,"W", 08/21/2025 07:30:00 PM,"(UTC-07:00) Arizona",,,4413523.166666667,4395810,4432860.5,
PNTM9M2jMkKm3GLHpLiq3J4gE,"","North Campus",Gammage,"W", 08/21/2025 07:45:00 PM,"(UTC-07:00) Arizona",,,4356812.5,4350166.5,4368384.5,
PNTM9M2jMkKm3GLHpLiq3J4gE,"","North Campus",Gammage,"W", 08/21/2025 08:00:00 PM,"(UTC-07:00) Arizona",,,4287947.833333333,4238320,4315905.5,
PNTM9M2jMkKm3GLHpLiq3J4gE,"","North Campus",Gammage,"W", 08/21/2025 08:15:00 PM,"(UTC-07:00) Arizona",,,4252255.333333333,4201156,4321730.5,
PNTM9M2jMkKm3GLHpLiq3J4gE,"","North Campus",Gammage,"W", 08/21/2025 08:30:00 PM,"(UTC-07:00) Arizona",,,4234848,4219095,4254542.5,
PNTM9M2jMkKm3GLHpLiq3J4gE,"","North Campus",Gammage,"W", 08/21/2025 08:45:00 PM,"(UTC-07:00) Arizona",,,4169003.466666667,4132734.2,4241542,
PNTM9M2jMkKm3GLHpLiq3J4gE,"","North Campus",Gammage,"W", 08/21/2025 09:00:00 PM,"(UTC-07:00) Arizona",,,4203506.100000001,4193075.8,4219591,
PNTM9M2jMkKm3GLHpLiq3J4gE,"","North Campus",Gammage,"W", 08/21/2025 09:15:00 PM,"(UTC-07:00) Arizona",,,4269337.833333333,4235346.5,4304176,
PNTM9M2jMkKm3GLHpLiq3J4gE,"","North Campus",Gammage,"W", 08/21/2025 09:30:00 PM,"(UTC-07:00) Arizona",,,4330840.833333333,4308231.5,4366772.5,
PNTM9M2jMkKm3GLHpLiq3J4gE,"","North Campus",Gammage,"W", 08/21/2025 09:45:00 PM,"(UTC-07:00) Arizona",,,4401427.166666667,4377704.5,4424707,
PNTM9M2jMkKm3GLHpLiq3J4gE,"","North Campus",Gammage,"W", 08/21/2025 10:00:00 PM,"(UTC-07:00) Arizona",,,4398179.666666667,4368683.5,4438544.5,
PNTM9M2jMkKm3GLHpLiq3J4gE,"","North Campus",Gammage,"W", 08/21/2025 10:15:00 PM,"(UTC-07:00) Arizona",,,4322731,4285018,4364576,
PNTM9M2jMkKm3GLHpLiq3J4gE,"","North Campus",Gammage,"W", 08/21/2025 10:30:00 PM,"(UTC-07:00) Arizona",,,4239557.933333334,4177164.8,4314013,
PNTM9M2jMkKm3GLHpLiq3J4gE,"","North Campus",Gammage,"W", 08/21/2025 10:45:00 PM,"(UTC-07:00) Arizona",,,4068850.5,3928012.5,4157291.2,
PNTM9M2jMkKm3GLHpLiq3J4gE,"","North Campus",Gammage,"W", 08/21/2025 11:00:00 PM,"(UTC-07:00) Arizona",,,3873927.5,3863291.2,3892363.5,
PNTM9M2jMkKm3GLHpLiq3J4gE,"","North Campus",Gammage,"W", 08/21/2025 11:15:00 PM,"(UTC-07:00) Arizona",,,3784883.4333333336,3755023.8,3802470.5,
PNTM9M2jMkKm3GLHpLiq3J4gE,"","North Campus",Gammage,"W", 08/21/2025 11:30:00 PM,"(UTC-07:00) Arizona",,,3749895.266666667,3738642.8,3759853.8,
PNTM9M2jMkKm3GLHpLiq3J4gE,"","North Campus",Gammage,"W", 08/21/2025 11:45:00 PM,"(UTC-07:00) Arizona",,,3755419.4,3744430.8,3766408,
PNTM9M2jMkKm3GLHpLiq3J4gE,"","North Campus",Gammage,"W", 08/22/2025 12:00:00 AM,"(UTC-07:00) Arizona",,,3689488.45,3670532.5,3712612.5,
PNTM9M2jMkKm3GLHpLiq3J4gE,"","North Campus",Gammage,"W", 08/22/2025 12:15:00 AM,"(UTC-07:00) Arizona",,,3669640.6999999997,3658644.5,3677283.8,
PNTM9M2jMkKm3GLHpLiq3J4gE,"","North Campus",Gammage,"W", 08/22/2025 12:30:00 AM,"(UTC-07:00) Arizona",,,3627307.25,3627251.5,3627363,
PNTM9M2jMkKm3GLHpLiq3J4gE,"","North Campus",Gammage,"W", 08/22/2025 12:45:00 AM,"(UTC-07:00) Arizona",,,3591869.5666666664,3581435.5,3605319.2,
PNTM9M2jMkKm3GLHpLiq3J4gE,"","North Campus",Gammage,"W", 08/22/2025 01:00:00 AM,"(UTC-07:00) Arizona",,,3565351.133333333,3561169.8,3568297.8,
PNTM9M2jMkKm3GLHpLiq3J4gE,"","North Campus",Gammage,"W", 08/22/2025 01:15:00 AM,"(UTC-07:00) Arizona",,,3550738.6,3531397.8,3574394,
PNTM9M2jMkKm3GLHpLiq3J4gE,"","North Campus",Gammage,"W", 08/22/2025 01:30:00 AM,"(UTC-07:00) Arizona",,,3560632.175,3546616.2,3574494.2,
PNTM9M2jMkKm3GLHpLiq3J4gE,"","North Campus",Gammage,"W", 08/22/2025 01:45:00 AM,"(UTC-07:00) Arizona",,,3523936.8333333335,3508149.5,3547476.2,
PNTM9M2jMkKm3GLHpLiq3J4gE,"","North Campus",Gammage,"W", 08/22/2025 02:00:00 AM,"(UTC-07:00) Arizona",,,3479696.1,3475108,3484284.2,
PNTM9M2jMkKm3GLHpLiq3J4gE,"","North Campus",Gammage,"W", 08/22/2025 02:15:00 AM,"(UTC-07:00) Arizona",,,3460503.5,3435294.5,3480815,
PNTM9M2jMkKm3GLHpLiq3J4gE,"","North Campus",Gammage,"W", 08/22/2025 02:30:00 AM,"(UTC-07:00) Arizona",,,3455180.3333333335,3447410.5,3468172.5,
PNTM9M2jMkKm3GLHpLiq3J4gE,"","North Campus",Gammage,"W", 08/22/2025 02:45:00 AM,"(UTC-07:00) Arizona",,,3471307.5,3434944,3513209,
PNTM9M2jMkKm3GLHpLiq3J4gE,"","North Campus",Gammage,"W", 08/22/2025 03:00:00 AM,"(UTC-07:00) Arizona",,,3480538.6999999997,3470260.8,3490973.5,
PNTM9M2jMkKm3GLHpLiq3J4gE,"","North Campus",Gammage,"W", 08/22/2025 03:15:00 AM,"(UTC-07:00) Arizona",,,3506675.1333333333,3480251.2,3523264.2,
PNTM9M2jMkKm3GLHpLiq3J4gE,"","North Campus",Gammage,"W", 08/22/2025 03:30:00 AM,"(UTC-07:00) Arizona",,,3521527.6,3505137.8,3530805.2,
PNTM9M2jMkKm3GLHpLiq3J4gE,"","North Campus",Gammage,"W", 08/22/2025 03:45:00 AM,"(UTC-07:00) Arizona",,,3562858.5,3551360.2,3574356.8,
PNTM9M2jMkKm3GLHpLiq3J4gE,"","North Campus",Gammage,"W", 08/22/2025 04:00:00 AM,"(UTC-07:00) Arizona",,,3578029.6,3575332.8,3580519,
PNTM9M2jMkKm3GLHpLiq3J4gE,"","North Campus",Gammage,"W", 08/22/2025 04:15:00 AM,"(UTC-07:00) Arizona",,,3592584.0666666664,3579133.2,3601507,
PNTM9M2jMkKm3GLHpLiq3J4gE,"","North Campus",Gammage,"W", 08/22/2025 04:30:00 AM,"(UTC-07:00) Arizona",,,3621457.1999999997,3610250,3635354.8,
PNTM9M2jMkKm3GLHpLiq3J4gE,"","North Campus",Gammage,"W", 08/22/2025 04:45:00 AM,"(UTC-07:00) Arizona",,,3585058.5,3514624.2,3638832.8,
PNTM9M2jMkKm3GLHpLiq3J4gE,"","North Campus",Gammage,"W", 08/22/2025 05:00:00 AM,"(UTC-07:00) Arizona",,,3625401.5,3618352,3631845,
PNTM9M2jMkKm3GLHpLiq3J4gE,"","North Campus",Gammage,"W", 08/22/2025 05:15:00 AM,"(UTC-07:00) Arizona",,,3670353.266666667,3643933,3703036.8,
PNTM9M2jMkKm3GLHpLiq3J4gE,"","North Campus",Gammage,"W", 08/22/2025 05:30:00 AM,"(UTC-07:00) Arizona",,,3709676.6,3679386.8,3748927.5,
PNTM9M2jMkKm3GLHpLiq3J4gE,"","North Campus",Gammage,"W", 08/22/2025 05:45:00 AM,"(UTC-07:00) Arizona",,,3757804.8000000003,3712988,3835909.2,
PNTM9M2jMkKm3GLHpLiq3J4gE,"","North Campus",Gammage,"W", 08/22/2025 06:00:00 AM,"(UTC-07:00) Arizona",,,3795285.1999999997,3788128.8,3800294.8,
PNTM9M2jMkKm3GLHpLiq3J4gE,"","North Campus",Gammage,"W", 08/22/2025 06:15:00 AM,"(UTC-07:00) Arizona",,,3831268.033333333,3800180.8,3850389.5,
PNTM9M2jMkKm3GLHpLiq3J4gE,"","North Campus",Gammage,"W", 08/22/2025 06:30:00 AM,"(UTC-07:00) Arizona",,,3843225.8,3819748.8,3866702.8,
PNTM9M2jMkKm3GLHpLiq3J4gE,"","North Campus",Gammage,"W", 08/22/2025 06:45:00 AM,"(UTC-07:00) Arizona",,,3869439.8333333335,3789114.2,3979331.8,
PNTM9M2jMkKm3GLHpLiq3J4gE,"","North Campus",Gammage,"W", 08/22/2025 07:00:00 AM,"(UTC-07:00) Arizona",,,4005817.1999999997,3975554.8,4033041.8,
PNTM9M2jMkKm3GLHpLiq3J4gE,"","North Campus",Gammage,"W", 08/22/2025 07:15:00 AM,"(UTC-07:00) Arizona",,,4026079.4333333336,4001323.8,4052540.5,
PNTM9M2jMkKm3GLHpLiq3J4gE,"","North Campus",Gammage,"W", 08/22/2025 07:30:00 AM,"(UTC-07:00) Arizona",,,4093951.466666667,4021784.2,4139756,
PNTM9M2jMkKm3GLHpLiq3J4gE,"","North Campus",Gammage,"W", 08/22/2025 07:45:00 AM,"(UTC-07:00) Arizona",,,4230081,4155006,4326256,
PNTM9M2jMkKm3GLHpLiq3J4gE,"","North Campus",Gammage,"W", 08/22/2025 08:00:00 AM,"(UTC-07:00) Arizona",,,4388982,4382868.5,4395905.5,
PNTM9M2jMkKm3GLHpLiq3J4gE,"","North Campus",Gammage,"W", 08/22/2025 08:15:00 AM,"(UTC-07:00) Arizona",,,4478982.833333333,4443198.5,4500509,
PNTM9M2jMkKm3GLHpLiq3J4gE,"","North Campus",Gammage,"W", 08/22/2025 08:30:00 AM,"(UTC-07:00) Arizona",,,4423075.5,4327331,4480413.5,
PNTM9M2jMkKm3GLHpLiq3J4gE,"","North Campus",Gammage,"W", 08/22/2025 08:45:00 AM,"(UTC-07:00) Arizona",,,4740944.5,4586485,4840966,
PNTM9M2jMkKm3GLHpLiq3J4gE,"","North Campus",Gammage,"W", 08/22/2025 09:00:00 AM,"(UTC-07:00) Arizona",,,4976644.5,4955941,4995473.5,
PNTM9M2jMkKm3GLHpLiq3J4gE,"","North Campus",Gammage,"W", 08/22/2025 09:15:00 AM,"(UTC-07:00) Arizona",,,4934264.333333333,4920476.5,4945294.5,
PNTM9M2jMkKm3GLHpLiq3J4gE,"","North Campus",Gammage,"W", 08/22/2025 09:30:00 AM,"(UTC-07:00) Arizona",,,4995116,4920476.5,5083710.5,
PNTM9M2jMkKm3GLHpLiq3J4gE,"","North Campus",Gammage,"W", 08/22/2025 09:45:00 AM,"(UTC-07:00) Arizona",,,5038230.5,5000561.5,5066641.5,
PNTM9M2jMkKm3GLHpLiq3J4gE,"","North Campus",Gammage,"W", 08/22/2025 10:00:00 AM,"(UTC-07:00) Arizona",,,5078360.166666667,4994884,5136147,
PNTM9M2jMkKm3GLHpLiq3J4gE,"","North Campus",Gammage,"W", 08/22/2025 10:15:00 AM,"(UTC-07:00) Arizona",,,5019503.833333333,5003248,5041047.5,
PNTM9M2jMkKm3GLHpLiq3J4gE,"","North Campus",Gammage,"W", 08/22/2025 10:30:00 AM,"(UTC-07:00) Arizona",,,5022419.833333333,4937090,5090036,
PNTM9M2jMkKm3GLHpLiq3J4gE,"","North Campus",Gammage,"W", 08/22/2025 10:45:00 AM,"(UTC-07:00) Arizona",,,5151541.25,4992972.5,5310110,
PNTM9M2jMkKm3GLHpLiq3J4gE,"","North Campus",Gammage,"W", 08/22/2025 11:00:00 AM,"(UTC-07:00) Arizona",,,4988891.333333333,4976061.5,4996395,
PNTM9M2jMkKm3GLHpLiq3J4gE,"","North Campus",Gammage,"W", 08/22/2025 11:15:00 AM,"(UTC-07:00) Arizona",,,5289595.833333333,5256930,5321067.5,
PNTM9M2jMkKm3GLHpLiq3J4gE,"","North Campus",Gammage,"W", 08/22/2025 11:30:00 AM,"(UTC-07:00) Arizona",,,5360540,5350881.5,5367217.5,
PNTM9M2jMkKm3GLHpLiq3J4gE,"","North Campus",Gammage,"W", 08/22/2025 11:45:00 AM,"(UTC-07:00) Arizona",,,5305241,5288042,5322440,
PNTM9M2jMkKm3GLHpLiq3J4gE,"","North Campus",Gammage,"W", 08/22/2025 12:00:00 PM,"(UTC-07:00) Arizona",,,5329116,5291972.5,5377959.5,
PNTM9M2jMkKm3GLHpLiq3J4gE,"","North Campus",Gammage,"W", 08/22/2025 12:15:00 PM,"(UTC-07:00) Arizona",,,5293399.666666667,5270899.5,5334108.5,
PNTM9M2jMkKm3GLHpLiq3J4gE,"","North Campus",Gammage,"W", 08/22/2025 12:30:00 PM,"(UTC-07:00) Arizona",,,5363987.5,5346646,5380977,
PNTM9M2jMkKm3GLHpLiq3J4gE,"","North Campus",Gammage,"W", 08/22/2025 12:45:00 PM,"(UTC-07:00) Arizona",,,5474075.666666667,5431531,5532411.5,
PNTM9M2jMkKm3GLHpLiq3J4gE,"","North Campus",Gammage,"W", 08/22/2025 01:00:00 PM,"(UTC-07:00) Arizona",,,5365063.5,5303271.5,5410980,
PNTM9M2jMkKm3GLHpLiq3J4gE,"","North Campus",Gammage,"W", 08/22/2025 01:15:00 PM,"(UTC-07:00) Arizona",,,5505768,5505768,5505768,
PNTM9M2jMkKm3GLHpLiq3J4gE,"","North Campus",Gammage,"W", 08/22/2025 01:30:00 PM,"(UTC-07:00) Arizona",,,5190587.25,5138053,5243121.5,
PNTM9M2jMkKm3GLHpLiq3J4gE,"","North Campus",Gammage,"W", 08/22/2025 01:45:00 PM,"(UTC-07:00) Arizona",,,5303615.5,5259104.5,5375260.5,
PNTM9M2jMkKm3GLHpLiq3J4gE,"","North Campus",Gammage,"W", 08/22/2025 02:00:00 PM,"(UTC-07:00) Arizona",,,5294677,5287829,5301525,
PNTM9M2jMkKm3GLHpLiq3J4gE,"","North Campus",Gammage,"W", 08/22/2025 02:15:00 PM,"(UTC-07:00) Arizona",,,5380771.125,5341492.5,5412413.5,
PNTM9M2jMkKm3GLHpLiq3J4gE,"","North Campus",Gammage,"W", 08/22/2025 02:30:00 PM,"(UTC-07:00) Arizona",,,5362661.333333333,5338693.5,5388537.5,
PNTM9M2jMkKm3GLHpLiq3J4gE,"","North Campus",Gammage,"W", 08/22/2025 02:45:00 PM,"(UTC-07:00) Arizona",,,5347162.833333333,5301750,5399257.5,
PNTM9M2jMkKm3GLHpLiq3J4gE,"","North Campus",Gammage,"W", 08/22/2025 03:00:00 PM,"(UTC-07:00) Arizona",,,5057266,5025170,5089362,
PNTM9M2jMkKm3GLHpLiq3J4gE,"","North Campus",Gammage,"W", 08/22/2025 03:15:00 PM,"(UTC-07:00) Arizona",,,5238098.5,5179599,5294840,
PNTM9M2jMkKm3GLHpLiq3J4gE,"","North Campus",Gammage,"W", 08/22/2025 03:30:00 PM,"(UTC-07:00) Arizona",,,5321631.666666667,5282310,5344809,
PNTM9M2jMkKm3GLHpLiq3J4gE,"","North Campus",Gammage,"W", 08/22/2025 03:45:00 PM,"(UTC-07:00) Arizona",,,5162583.333333333,5131729.5,5224291,
PNTM9M2jMkKm3GLHpLiq3J4gE,"","North Campus",Gammage,"W", 08/22/2025 04:00:00 PM,"(UTC-07:00) Arizona",,,5259622,5228194.5,5297655.5,
PNTM9M2jMkKm3GLHpLiq3J4gE,"","North Campus",Gammage,"W", 08/22/2025 04:15:00 PM,"(UTC-07:00) Arizona",,,5244871.75,5238862,5250881.5,
PNTM9M2jMkKm3GLHpLiq3J4gE,"","North Campus",Gammage,"W", 08/22/2025 04:30:00 PM,"(UTC-07:00) Arizona",,,5323596.875,5261517,5376612,
PNTM9M2jMkKm3GLHpLiq3J4gE,"","North Campus",Gammage,"W", 08/22/2025 04:45:00 PM,"(UTC-07:00) Arizona",,,5254358,5193118.5,5315597.5,
PNTM9M2jMkKm3GLHpLiq3J4gE,"","North Campus",Gammage,"W", 08/22/2025 05:00:00 PM,"(UTC-07:00) Arizona",,,5163451.666666667,5126516.5,5233968.5,
PNTM9M2jMkKm3GLHpLiq3J4gE,"","North Campus",Gammage,"W", 08/22/2025 05:15:00 PM,"(UTC-07:00) Arizona",,,5079608.333333333,5060451,5099841.5,
PNTM9M2jMkKm3GLHpLiq3J4gE,"","North Campus",Gammage,"W", 08/22/2025 05:30:00 PM,"(UTC-07:00) Arizona",,,5017438.833333333,4987696.5,5054593.5,
PNTM9M2jMkKm3GLHpLiq3J4gE,"","North Campus",Gammage,"W", 08/22/2025 05:45:00 PM,"(UTC-07:00) Arizona",,,4953393,4897027,4986580,
PNTM9M2jMkKm3GLHpLiq3J4gE,"","North Campus",Gammage,"W", 08/22/2025 06:00:00 PM,"(UTC-07:00) Arizona",,,4872256.166666667,4811194.5,4911511,
PNTM9M2jMkKm3GLHpLiq3J4gE,"","North Campus",Gammage,"W", 08/22/2025 06:15:00 PM,"(UTC-07:00) Arizona",,,4811047,4789446,4828446.5,
PNTM9M2jMkKm3GLHpLiq3J4gE,"","North Campus",Gammage,"W", 08/22/2025 06:30:00 PM,"(UTC-07:00) Arizona",,,4768847.166666667,4738667.5,4791783.5,
PNTM9M2jMkKm3GLHpLiq3J4gE,"","North Campus",Gammage,"W", 08/22/2025 06:45:00 PM,"(UTC-07:00) Arizona",,,4688435.166666667,4641278.5,4730429,
PNTM9M2jMkKm3GLHpLiq3J4gE,"","North Campus",Gammage,"W", 08/22/2025 07:00:00 PM,"(UTC-07:00) Arizona",,,4621418.666666667,4537212.5,4674683.5,
PNTM9M2jMkKm3GLHpLiq3J4gE,"","North Campus",Gammage,"W", 08/22/2025 07:15:00 PM,"(UTC-07:00) Arizona",,,4527294.833333333,4498550,4548008.5,
PNTM9M2jMkKm3GLHpLiq3J4gE,"","North Campus",Gammage,"W", 08/22/2025 07:30:00 PM,"(UTC-07:00) Arizona",,,4446034.5,4437715,4457104,
PNTM9M2jMkKm3GLHpLiq3J4gE,"","North Campus",Gammage,"W", 08/22/2025 07:45:00 PM,"(UTC-07:00) Arizona",,,4443822.833333333,4415885.5,4458543.5,
PNTM9M2jMkKm3GLHpLiq3J4gE,"","North Campus",Gammage,"W", 08/22/2025 08:00:00 PM,"(UTC-07:00) Arizona",,,4411800.166666667,4367880,4452687.5,
PNTM9M2jMkKm3GLHpLiq3J4gE,"","North Campus",Gammage,"W", 08/22/2025 08:15:00 PM,"(UTC-07:00) Arizona",,,4374192,4357557.5,4387238,
PNTM9M2jMkKm3GLHpLiq3J4gE,"","North Campus",Gammage,"W", 08/22/2025 08:30:00 PM,"(UTC-07:00) Arizona",,,4379076,4362010,4396104.5,
PNTM9M2jMkKm3GLHpLiq3J4gE,"","North Campus",Gammage,"W", 08/22/2025 08:45:00 PM,"(UTC-07:00) Arizona",,,4297140.066666666,4192604.2,4375421.5,
PNTM9M2jMkKm3GLHpLiq3J4gE,"","North Campus",Gammage,"W", 08/22/2025 09:00:00 PM,"(UTC-07:00) Arizona",,,4128394.0666666664,4106954.2,4163601,
PNTM9M2jMkKm3GLHpLiq3J4gE,"","North Campus",Gammage,"W", 08/22/2025 09:15:00 PM,"(UTC-07:00) Arizona",,,4104513.6666666665,4090085,4132122.2,
PNTM9M2jMkKm3GLHpLiq3J4gE,"","North Campus",Gammage,"W", 08/22/2025 09:30:00 PM,"(UTC-07:00) Arizona",,,4089045.5,4070851.5,4108967.8,
PNTM9M2jMkKm3GLHpLiq3J4gE,"","North Campus",Gammage,"W", 08/22/2025 09:45:00 PM,"(UTC-07:00) Arizona",,,4089805.966666667,4048555.5,4119746.2,
PNTM9M2jMkKm3GLHpLiq3J4gE,"","North Campus",Gammage,"W", 08/22/2025 10:00:00 PM,"(UTC-07:00) Arizona",,,4004483.733333333,3979307.2,4043295.5,
PNTM9M2jMkKm3GLHpLiq3J4gE,"","North Campus",Gammage,"W", 08/22/2025 10:15:00 PM,"(UTC-07:00) Arizona",,,3902335.8000000003,3797063.2,3994644.2,
PNTM9M2jMkKm3GLHpLiq3J4gE,"","North Campus",Gammage,"W", 08/22/2025 10:30:00 PM,"(UTC-07:00) Arizona",,,3876605.6666666665,3856575.2,3910477,
PNTM9M2jMkKm3GLHpLiq3J4gE,"","North Campus",Gammage,"W", 08/22/2025 10:45:00 PM,"(UTC-07:00) Arizona",,,3871696.1666666665,3860502.8,3886444.2,
PNTM9M2jMkKm3GLHpLiq3J4gE,"","North Campus",Gammage,"W", 08/22/2025 11:00:00 PM,"(UTC-07:00) Arizona",,,3857579.1,3835925.5,3876393.8,
PNTM9M2jMkKm3GLHpLiq3J4gE,"","North Campus",Gammage,"W", 08/22/2025 11:15:00 PM,"(UTC-07:00) Arizona",,,3856120,3842473.2,3869084.8,
PNTM9M2jMkKm3GLHpLiq3J4gE,"","North Campus",Gammage,"W", 08/22/2025 11:30:00 PM,"(UTC-07:00) Arizona",,,3765026.266666667,3751244.8,3778801.8,
PNTM9M2jMkKm3GLHpLiq3J4gE,"","North Campus",Gammage,"W", 08/22/2025 11:45:00 PM,"(UTC-07:00) Arizona",,,3740446.8333333335,3712514.8,3761229.2,
PNTM9M2jMkKm3GLHpLiq3J4gE,"","North Campus",Gammage,"W", 08/23/2025 12:00:00 AM,"(UTC-07:00) Arizona",,,3735740.466666667,3715753.2,3764031.2,
PNTM9M2jMkKm3GLHpLiq3J4gE,"","North Campus",Gammage,"W", 08/23/2025 12:15:00 AM,"(UTC-07:00) Arizona",,,3685694.6333333333,3676779.2,3699275.2,
PNTM9M2jMkKm3GLHpLiq3J4gE,"","North Campus",Gammage,"W", 08/23/2025 12:30:00 AM,"(UTC-07:00) Arizona",,,3658723.65,3650198.8,3667248.5,
PNTM9M2jMkKm3GLHpLiq3J4gE,"","North Campus",Gammage,"W", 08/23/2025 12:45:00 AM,"(UTC-07:00) Arizona",,,3709104.5,3692436.2,3727155.8,
PNTM9M2jMkKm3GLHpLiq3J4gE,"","North Campus",Gammage,"W", 08/23/2025 01:00:00 AM,"(UTC-07:00) Arizona",,,3696639.9,3677379,3715900.8,
PNTM9M2jMkKm3GLHpLiq3J4gE,"","North Campus",Gammage,"W", 08/23/2025 01:15:00 AM,"(UTC-07:00) Arizona",,,3708901.6,3678186.5,3742916.5,
PNTM9M2jMkKm3GLHpLiq3J4gE,"","North Campus",Gammage,"W", 08/23/2025 01:30:00 AM,"(UTC-07:00) Arizona",,,3663631,3634663,3688648.2,
PNTM9M2jMkKm3GLHpLiq3J4gE,"","North Campus",Gammage,"W", 08/23/2025 01:45:00 AM,"(UTC-07:00) Arizona",,,3667721.9,3640352.8,3695091,
PNTM9M2jMkKm3GLHpLiq3J4gE,"","North Campus",Gammage,"W", 08/23/2025 02:00:00 AM,"(UTC-07:00) Arizona",,,3663710.375,3654431.5,3673712.8,
PNTM9M2jMkKm3GLHpLiq3J4gE,"","North Campus",Gammage,"W", 08/23/2025 02:15:00 AM,"(UTC-07:00) Arizona",,,3614095.1666666665,3582908.8,3668774.2,
PNTM9M2jMkKm3GLHpLiq3J4gE,"","North Campus",Gammage,"W", 08/23/2025 02:30:00 AM,"(UTC-07:00) Arizona",,,3560168.75,3551972,3568365.5,
PNTM9M2jMkKm3GLHpLiq3J4gE,"","North Campus",Gammage,"W", 08/23/2025 02:45:00 AM,"(UTC-07:00) Arizona",,,3544908.9,3532917.5,3559005.2,
PNTM9M2jMkKm3GLHpLiq3J4gE,"","North Campus",Gammage,"W", 08/23/2025 03:00:00 AM,"(UTC-07:00) Arizona",,,3532272.8333333335,3522112.5,3548495,
PNTM9M2jMkKm3GLHpLiq3J4gE,"","North Campus",Gammage,"W", 08/23/2025 03:15:00 AM,"(UTC-07:00) Arizona",,,3534568.6666666665,3513331.8,3558626,
PNTM9M2jMkKm3GLHpLiq3J4gE,"","North Campus",Gammage,"W", 08/23/2025 03:30:00 AM,"(UTC-07:00) Arizona",,,3536267.825,3528327.8,3542614.5,
PNTM9M2jMkKm3GLHpLiq3J4gE,"","North Campus",Gammage,"W", 08/23/2025 03:45:00 AM,"(UTC-07:00) Arizona",,,3512318.9,3494380,3530257.8,
PNTM9M2jMkKm3GLHpLiq3J4gE,"","North Campus",Gammage,"W", 08/23/2025 04:00:00 AM,"(UTC-07:00) Arizona",,,3522886.1999999997,3512127.8,3536737.8,
PNTM9M2jMkKm3GLHpLiq3J4gE,"","North Campus",Gammage,"W", 08/23/2025 04:15:00 AM,"(UTC-07:00) Arizona",,,3545680.6,3514922,3574758.8,
PNTM9M2jMkKm3GLHpLiq3J4gE,"","North Campus",Gammage,"W", 08/23/2025 04:30:00 AM,"(UTC-07:00) Arizona",,,3527801.9,3522063.2,3531371,
PNTM9M2jMkKm3GLHpLiq3J4gE,"","North Campus",Gammage,"W", 08/23/2025 04:45:00 AM,"(UTC-07:00) Arizona",,,3532738.1333333333,3512611.2,3545484.2,
PNTM9M2jMkKm3GLHpLiq3J4gE,"","North Campus",Gammage,"W", 08/23/2025 05:00:00 AM,"(UTC-07:00) Arizona",,,3562542.95,3524677.5,3603012.8,
PNTM9M2jMkKm3GLHpLiq3J4gE,"","North Campus",Gammage,"W", 08/23/2025 05:15:00 AM,"(UTC-07:00) Arizona",,,3576812,3557089.5,3596534.5,
PNTM9M2jMkKm3GLHpLiq3J4gE,"","North Campus",Gammage,"W", 08/23/2025 05:30:00 AM,"(UTC-07:00) Arizona",,,3559033.766666667,3525359,3578072.5,
PNTM9M2jMkKm3GLHpLiq3J4gE,"","North Campus",Gammage,"W", 08/23/2025 05:45:00 AM,"(UTC-07:00) Arizona",,,3553776.3333333335,3521162.5,3589187,
PNTM9M2jMkKm3GLHpLiq3J4gE,"","North Campus",Gammage,"W", 08/23/2025 06:00:00 AM,"(UTC-07:00) Arizona",,,3595366.8499999996,3580933.2,3614523.8,
PNTM9M2jMkKm3GLHpLiq3J4gE,"","North Campus",Gammage,"W", 08/23/2025 06:15:00 AM,"(UTC-07:00) Arizona",,,3620038.75,3616411.5,3623666,
PNTM9M2jMkKm3GLHpLiq3J4gE,"","North Campus",Gammage,"W", 08/23/2025 06:30:00 AM,"(UTC-07:00) Arizona",,,3618999.466666667,3600346,3656298.2,
PNTM9M2jMkKm3GLHpLiq3J4gE,"","North Campus",Gammage,"W", 08/23/2025 06:45:00 AM,"(UTC-07:00) Arizona",,,3648281.6666666665,3630764,3659822,
PNTM9M2jMkKm3GLHpLiq3J4gE,"","North Campus",Gammage,"W", 08/23/2025 07:00:00 AM,"(UTC-07:00) Arizona",,,3658662.0666666664,3613618.8,3728742.2,
PNTM9M2jMkKm3GLHpLiq3J4gE,"","North Campus",Gammage,"W", 08/23/2025 07:15:00 AM,"(UTC-07:00) Arizona",,,3702820.233333333,3643781,3782079.2,
PNTM9M2jMkKm3GLHpLiq3J4gE,"","North Campus",Gammage,"W", 08/23/2025 07:30:00 AM,"(UTC-07:00) Arizona",,,3821738.25,3794204.5,3874953.5,
PNTM9M2jMkKm3GLHpLiq3J4gE,"","North Campus",Gammage,"W", 08/23/2025 07:45:00 AM,"(UTC-07:00) Arizona",,,3865016.5,3861768,3868265,
PNTM9M2jMkKm3GLHpLiq3J4gE,"","North Campus",Gammage,"W", 08/23/2025 08:00:00 AM,"(UTC-07:00) Arizona",,,3997786.85,3966258.2,4029315.5,
PNTM9M2jMkKm3GLHpLiq3J4gE,"","North Campus",Gammage,"W", 08/23/2025 08:15:00 AM,"(UTC-07:00) Arizona",,,4049978.1333333333,3991979.2,4092601.2,
PNTM9M2jMkKm3GLHpLiq3J4gE,"","North Campus",Gammage,"W", 08/23/2025 08:30:00 AM,"(UTC-07:00) Arizona",,,4126516.8333333335,4083845.5,4171541,
PNTM9M2jMkKm3GLHpLiq3J4gE,"","North Campus",Gammage,"W", 08/23/2025 08:45:00 AM,"(UTC-07:00) Arizona",,,4178050.5666666664,4154431.2,4209035.5,
PNTM9M2jMkKm3GLHpLiq3J4gE,"","North Campus",Gammage,"W", 08/23/2025 09:00:00 AM,"(UTC-07:00) Arizona",,,4088907.9,4014255.5,4165152.2,
PNTM9M2jMkKm3GLHpLiq3J4gE,"","North Campus",Gammage,"W", 08/23/2025 09:15:00 AM,"(UTC-07:00) Arizona",,,3955084.9333333336,3748338,4117340.8,
PNTM9M2jMkKm3GLHpLiq3J4gE,"","North Campus",Gammage,"W", 08/23/2025 09:30:00 AM,"(UTC-07:00) Arizona",,,3990101.6666666665,3876252.5,4073877.5,
PNTM9M2jMkKm3GLHpLiq3J4gE,"","North Campus",Gammage,"W", 08/23/2025 09:45:00 AM,"(UTC-07:00) Arizona",,,4348812.266666667,4192813.8,4548542.5,
PNTM9M2jMkKm3GLHpLiq3J4gE,"","North Campus",Gammage,"W", 08/23/2025 10:00:00 AM,"(UTC-07:00) Arizona",,,4403749,4335373.5,4480572.5,
PNTM9M2jMkKm3GLHpLiq3J4gE,"","North Campus",Gammage,"W", 08/23/2025 10:15:00 AM,"(UTC-07:00) Arizona",,,4399709.833333333,4370622.5,4424181,
PNTM9M2jMkKm3GLHpLiq3J4gE,"","North Campus",Gammage,"W", 08/23/2025 10:30:00 AM,"(UTC-07:00) Arizona",,,4485523.333333333,4433861.5,4541960.5,
PNTM9M2jMkKm3GLHpLiq3J4gE,"","North Campus",Gammage,"W", 08/23/2025 10:45:00 AM,"(UTC-07:00) Arizona",,,4471261.833333333,4444225.5,4519755.5,
PNTM9M2jMkKm3GLHpLiq3J4gE,"","North Campus",Gammage,"W", 08/23/2025 11:00:00 AM,"(UTC-07:00) Arizona",,,4608782.833333333,4494623.5,4685298.5,
PNTM9M2jMkKm3GLHpLiq3J4gE,"","North Campus",Gammage,"W", 08/23/2025 11:15:00 AM,"(UTC-07:00) Arizona",,,4534716.5,4462427.5,4678745.5,
PNTM9M2jMkKm3GLHpLiq3J4gE,"","North Campus",Gammage,"W", 08/23/2025 11:30:00 AM,"(UTC-07:00) Arizona",,,4519648.5,4430779.5,4642953,
PNTM9M2jMkKm3GLHpLiq3J4gE,"","North Campus",Gammage,"W", 08/23/2025 11:45:00 AM,"(UTC-07:00) Arizona",,,4535336.333333333,4422864,4707324,
PNTM9M2jMkKm3GLHpLiq3J4gE,"","North Campus",Gammage,"W", 08/23/2025 12:00:00 PM,"(UTC-07:00) Arizona",,,4697414,4609505,4798069.5,
PNTM9M2jMkKm3GLHpLiq3J4gE,"","North Campus",Gammage,"W", 08/23/2025 12:15:00 PM,"(UTC-07:00) Arizona",,,4803940.833333333,4743724,4866106,
PNTM9M2jMkKm3GLHpLiq3J4gE,"","North Campus",Gammage,"W", 08/23/2025 12:30:00 PM,"(UTC-07:00) Arizona",,,4828744.833333333,4807025,4843587,
PNTM9M2jMkKm3GLHpLiq3J4gE,"","North Campus",Gammage,"W", 08/23/2025 12:45:00 PM,"(UTC-07:00) Arizona",,,4841459,4810854,4878389,
PNTM9M2jMkKm3GLHpLiq3J4gE,"","North Campus",Gammage,"W", 08/23/2025 01:00:00 PM,"(UTC-07:00) Arizona",,,4824593.666666667,4778095,4862886,
PNTM9M2jMkKm3GLHpLiq3J4gE,"","North Campus",Gammage,"W", 08/23/2025 01:15:00 PM,"(UTC-07:00) Arizona",,,4777664.666666667,4743781.5,4807231.5,
PNTM9M2jMkKm3GLHpLiq3J4gE,"","North Campus",Gammage,"W", 08/23/2025 01:30:00 PM,"(UTC-07:00) Arizona",,,4724186.5,4691746.5,4756626.5,
PNTM9M2jMkKm3GLHpLiq3J4gE,"","North Campus",Gammage,"W", 08/23/2025 01:45:00 PM,"(UTC-07:00) Arizona",,,4675502.875,4617216,4710125.5,
PNTM9M2jMkKm3GLHpLiq3J4gE,"","North Campus",Gammage,"W", 08/23/2025 02:00:00 PM,"(UTC-07:00) Arizona",,,4659858.5,4644063,4691344,
PNTM9M2jMkKm3GLHpLiq3J4gE,"","North Campus",Gammage,"W", 08/23/2025 02:15:00 PM,"(UTC-07:00) Arizona",,,4670694.166666667,4650261.5,4697546.5,
PNTM9M2jMkKm3GLHpLiq3J4gE,"","North Campus",Gammage,"W", 08/23/2025 02:30:00 PM,"(UTC-07:00) Arizona",,,4596527.666666667,4562903.5,4618255.5,
PNTM9M2jMkKm3GLHpLiq3J4gE,"","North Campus",Gammage,"W", 08/23/2025 02:45:00 PM,"(UTC-07:00) Arizona",,,4519111.75,4487874,4550349.5,
PNTM9M2jMkKm3GLHpLiq3J4gE,"","North Campus",Gammage,"W", 08/23/2025 03:00:00 PM,"(UTC-07:00) Arizona",,,4408466,4373239.5,4477118.5,
PNTM9M2jMkKm3GLHpLiq3J4gE,"","North Campus",Gammage,"W", 08/23/2025 03:15:00 PM,"(UTC-07:00) Arizona",,,4542948.25,4419026.5,4666870,
PNTM9M2jMkKm3GLHpLiq3J4gE,"","North Campus",Gammage,"W", 08/23/2025 03:30:00 PM,"(UTC-07:00) Arizona",,,4664976.666666667,4629146,4732579,
PNTM9M2jMkKm3GLHpLiq3J4gE,"","North Campus",Gammage,"W", 08/23/2025 03:45:00 PM,"(UTC-07:00) Arizona",,,4669840,4643345,4705378,
PNTM9M2jMkKm3GLHpLiq3J4gE,"","North Campus",Gammage,"W", 08/23/2025 04:00:00 PM,"(UTC-07:00) Arizona",,,4526295.75,4512475,4540116.5,
PNTM9M2jMkKm3GLHpLiq3J4gE,"","North Campus",Gammage,"W", 08/23/2025 04:15:00 PM,"(UTC-07:00) Arizona",,,4626630.25,4483136.5,4735196,
PNTM9M2jMkKm3GLHpLiq3J4gE,"","North Campus",Gammage,"W", 08/23/2025 04:30:00 PM,"(UTC-07:00) Arizona",,,4632296.5,4610238.5,4654354.5,
PNTM9M2jMkKm3GLHpLiq3J4gE,"","North Campus",Gammage,"W", 08/23/2025 04:45:00 PM,"(UTC-07:00) Arizona",,,4678353.5,4610862,4716533,
PNTM9M2jMkKm3GLHpLiq3J4gE,"","North Campus",Gammage,"W", 08/23/2025 05:00:00 PM,"(UTC-07:00) Arizona",,,4721281.666666667,4708318,4747209,
PNTM9M2jMkKm3GLHpLiq3J4gE,"","North Campus",Gammage,"W", 08/23/2025 05:15:00 PM,"(UTC-07:00) Arizona",,,4763413.75,4760584.5,4766243,
PNTM9M2jMkKm3GLHpLiq3J4gE,"","North Campus",Gammage,"W", 08/23/2025 05:30:00 PM,"(UTC-07:00) Arizona",,,4737887.25,4716520.5,4779623,
PNTM9M2jMkKm3GLHpLiq3J4gE,"","North Campus",Gammage,"W", 08/23/2025 05:45:00 PM,"(UTC-07:00) Arizona",,,4699126.25,4698470.5,4699782,
PNTM9M2jMkKm3GLHpLiq3J4gE,"","North Campus",Gammage,"W", 08/23/2025 06:00:00 PM,"(UTC-07:00) Arizona",,,4662463,4622895.5,4701936,
PNTM9M2jMkKm3GLHpLiq3J4gE,"","North Campus",Gammage,"W", 08/23/2025 06:15:00 PM,"(UTC-07:00) Arizona",,,4600715.125,4516966,4648782,
PNTM9M2jMkKm3GLHpLiq3J4gE,"","North Campus",Gammage,"W", 08/23/2025 06:30:00 PM,"(UTC-07:00) Arizona",,,4593328.5,4591968.5,4594688.5,
PNTM9M2jMkKm3GLHpLiq3J4gE,"","North Campus",Gammage,"W", 08/23/2025 06:45:00 PM,"(UTC-07:00) Arizona",,,4564127.166666667,4530244,4591918,
PNTM9M2jMkKm3GLHpLiq3J4gE,"","North Campus",Gammage,"W", 08/23/2025 07:00:00 PM,"(UTC-07:00) Arizona",,,4472443.125,4407901.5,4535864.5,
PNTM9M2jMkKm3GLHpLiq3J4gE,"","North Campus",Gammage,"W", 08/23/2025 07:15:00 PM,"(UTC-07:00) Arizona",,,4459815.25,4441551,4478079.5,
PNTM9M2jMkKm3GLHpLiq3J4gE,"","North Campus",Gammage,"W", 08/23/2025 07:30:00 PM,"(UTC-07:00) Arizona",,,4448417.375,4435087.5,4463525,
PNTM9M2jMkKm3GLHpLiq3J4gE,"","North Campus",Gammage,"W", 08/23/2025 07:45:00 PM,"(UTC-07:00) Arizona",,,4392190.5,4380122,4404259,
PNTM9M2jMkKm3GLHpLiq3J4gE,"","North Campus",Gammage,"W", 08/23/2025 08:00:00 PM,"(UTC-07:00) Arizona",,,4268154,4254662,4279019,
PNTM9M2jMkKm3GLHpLiq3J4gE,"","North Campus",Gammage,"W", 08/23/2025 08:15:00 PM,"(UTC-07:00) Arizona",,,4279483.166666667,4264392.5,4304119.5,
PNTM9M2jMkKm3GLHpLiq3J4gE,"","North Campus",Gammage,"W", 08/23/2025 08:30:00 PM,"(UTC-07:00) Arizona",,,4271006,4269321.5,4272690.5,
PNTM9M2jMkKm3GLHpLiq3J4gE,"","North Campus",Gammage,"W", 08/23/2025 08:45:00 PM,"(UTC-07:00) Arizona",,,4276831,4242095.5,4326160.5,
PNTM9M2jMkKm3GLHpLiq3J4gE,"","North Campus",Gammage,"W", 08/23/2025 09:00:00 PM,"(UTC-07:00) Arizona",,,4213645.166666667,4197278.5,4239540.5,
PNTM9M2jMkKm3GLHpLiq3J4gE,"","North Campus",Gammage,"W", 08/23/2025 09:15:00 PM,"(UTC-07:00) Arizona",,,4189000.3333333335,4158273.5,4225063.5,
PNTM9M2jMkKm3GLHpLiq3J4gE,"","North Campus",Gammage,"W", 08/23/2025 09:30:00 PM,"(UTC-07:00) Arizona",,,4155171.2750000004,4127304.8,4187988,
PNTM9M2jMkKm3GLHpLiq3J4gE,"","North Campus",Gammage,"W", 08/23/2025 09:45:00 PM,"(UTC-07:00) Arizona",,,4131619.65,4108007.8,4155231.5,
PNTM9M2jMkKm3GLHpLiq3J4gE,"","North Campus",Gammage,"W", 08/23/2025 10:00:00 PM,"(UTC-07:00) Arizona",,,3975753.4666666663,3861355.8,4054352.8,
PNTM9M2jMkKm3GLHpLiq3J4gE,"","North Campus",Gammage,"W", 08/23/2025 10:15:00 PM,"(UTC-07:00) Arizona",,,4006401.0666666664,3996765.2,4014904.5,
PNTM9M2jMkKm3GLHpLiq3J4gE,"","North Campus",Gammage,"W", 08/23/2025 10:30:00 PM,"(UTC-07:00) Arizona",,,4007084.3333333335,3994777.5,4030490,
PNTM9M2jMkKm3GLHpLiq3J4gE,"","North Campus",Gammage,"W", 08/23/2025 10:45:00 PM,"(UTC-07:00) Arizona",,,3955023.033333333,3916380.8,3979808.5,
PNTM9M2jMkKm3GLHpLiq3J4gE,"","North Campus",Gammage,"W", 08/23/2025 11:00:00 PM,"(UTC-07:00) Arizona",,,3948097.966666667,3926744.2,3978134.5,
PNTM9M2jMkKm3GLHpLiq3J4gE,"","North Campus",Gammage,"W", 08/23/2025 11:15:00 PM,"(UTC-07:00) Arizona",,,3948938.1666666665,3901736.5,3984499,
PNTM9M2jMkKm3GLHpLiq3J4gE,"","North Campus",Gammage,"W", 08/23/2025 11:30:00 PM,"(UTC-07:00) Arizona",,,3878635.733333333,3865195.2,3887943.8,
PNTM9M2jMkKm3GLHpLiq3J4gE,"","North Campus",Gammage,"W", 08/23/2025 11:45:00 PM,"(UTC-07:00) Arizona",,,3842726.466666667,3812272,3860295.2,
PNTM9M2jMkKm3GLHpLiq3J4gE,"","North Campus",Gammage,"W", 08/24/2025 12:00:00 AM,"(UTC-07:00) Arizona",,,3799088.0666666664,3757514.5,3852656.5,
PNTM9M2jMkKm3GLHpLiq3J4gE,"","North Campus",Gammage,"W", 08/24/2025 12:15:00 AM,"(UTC-07:00) Arizona",,,3748923.9333333336,3718027.2,3772110.8,
PNTM9M2jMkKm3GLHpLiq3J4gE,"","North Campus",Gammage,"W", 08/24/2025 12:30:00 AM,"(UTC-07:00) Arizona",,,3734339.4333333336,3712750.8,3753932.5,
PNTM9M2jMkKm3GLHpLiq3J4gE,"","North Campus",Gammage,"W", 08/24/2025 12:45:00 AM,"(UTC-07:00) Arizona",,,3692926.733333333,3668566,3722578,
PNTM9M2jMkKm3GLHpLiq3J4gE,"","North Campus",Gammage,"W", 08/24/2025 01:00:00 AM,"(UTC-07:00) Arizona",,,3722999.5,3711358.8,3733707.2,
PNTM9M2jMkKm3GLHpLiq3J4gE,"","North Campus",Gammage,"W", 08/24/2025 01:15:00 AM,"(UTC-07:00) Arizona",,,3669250.9,3649139,3702590.2,
PNTM9M2jMkKm3GLHpLiq3J4gE,"","North Campus",Gammage,"W", 08/24/2025 01:30:00 AM,"(UTC-07:00) Arizona",,,3685294.3333333335,3642601,3718078.5,
PNTM9M2jMkKm3GLHpLiq3J4gE,"","North Campus",Gammage,"W", 08/24/2025 01:45:00 AM,"(UTC-07:00) Arizona",,,3640075.4333333336,3638271.8,3642300,
PNTM9M2jMkKm3GLHpLiq3J4gE,"","North Campus",Gammage,"W", 08/24/2025 02:00:00 AM,"(UTC-07:00) Arizona",,,3633367.3666666667,3622624.5,3648343.8,
PNTM9M2jMkKm3GLHpLiq3J4gE,"","North Campus",Gammage,"W", 08/24/2025 02:15:00 AM,"(UTC-07:00) Arizona",,,3630669.3333333335,3611404.2,3644944.8,
PNTM9M2jMkKm3GLHpLiq3J4gE,"","North Campus",Gammage,"W", 08/24/2025 02:30:00 AM,"(UTC-07:00) Arizona",,,3622823.6333333333,3595799.5,3641946.2,
PNTM9M2jMkKm3GLHpLiq3J4gE,"","North Campus",Gammage,"W", 08/24/2025 02:45:00 AM,"(UTC-07:00) Arizona",,,3612059.033333333,3573934.8,3631713.5,
PNTM9M2jMkKm3GLHpLiq3J4gE,"","North Campus",Gammage,"W", 08/24/2025 03:00:00 AM,"(UTC-07:00) Arizona",,,3576999.2,3574027.2,3579971.2,
PNTM9M2jMkKm3GLHpLiq3J4gE,"","North Campus",Gammage,"W", 08/24/2025 03:15:00 AM,"(UTC-07:00) Arizona",,,3554024.3000000003,3548541.2,3559356.2,
PNTM9M2jMkKm3GLHpLiq3J4gE,"","North Campus",Gammage,"W", 08/24/2025 03:30:00 AM,"(UTC-07:00) Arizona",,,3545750.4,3510227,3584356,
PNTM9M2jMkKm3GLHpLiq3J4gE,"","North Campus",Gammage,"W", 08/24/2025 03:45:00 AM,"(UTC-07:00) Arizona",,,3560823.1666666665,3540438,3580376,
PNTM9M2jMkKm3GLHpLiq3J4gE,"","North Campus",Gammage,"W", 08/24/2025 04:00:00 AM,"(UTC-07:00) Arizona",,,3599276.8333333335,3594576,3606425.5,
PNTM9M2jMkKm3GLHpLiq3J4gE,"","North Campus",Gammage,"W", 08/24/2025 04:15:00 AM,"(UTC-07:00) Arizona",,,3586080.0666666664,3567623.2,3603009.5,
PNTM9M2jMkKm3GLHpLiq3J4gE,"","North Campus",Gammage,"W", 08/24/2025 04:30:00 AM,"(UTC-07:00) Arizona",,,3601321.5,3595605.8,3607037.2,
PNTM9M2jMkKm3GLHpLiq3J4gE,"","North Campus",Gammage,"W", 08/24/2025 04:45:00 AM,"(UTC-07:00) Arizona",,,3566189.45,3527769,3580734,
PNTM9M2jMkKm3GLHpLiq3J4gE,"","North Campus",Gammage,"W", 08/24/2025 05:00:00 AM,"(UTC-07:00) Arizona",,,3572517.6999999997,3566278.5,3581405.8,
PNTM9M2jMkKm3GLHpLiq3J4gE,"","North Campus",Gammage,"W", 08/24/2025 05:15:00 AM,"(UTC-07:00) Arizona",,,3648168.466666667,3584708.2,3689831.2,
PNTM9M2jMkKm3GLHpLiq3J4gE,"","North Campus",Gammage,"W", 08/24/2025 05:30:00 AM,"(UTC-07:00) Arizona",,,3660713.466666667,3635720.2,3682664,
PNTM9M2jMkKm3GLHpLiq3J4gE,"","North Campus",Gammage,"W", 08/24/2025 05:45:00 AM,"(UTC-07:00) Arizona",,,3669538.8333333335,3642838.2,3701347.8,
PNTM9M2jMkKm3GLHpLiq3J4gE,"","North Campus",Gammage,"W", 08/24/2025 06:00:00 AM,"(UTC-07:00) Arizona",,,3652632.3666666667,3603261.8,3691613.8,
PNTM9M2jMkKm3GLHpLiq3J4gE,"","North Campus",Gammage,"W", 08/24/2025 06:15:00 AM,"(UTC-07:00) Arizona",,,3590426.466666667,3584480.2,3595156.2,
PNTM9M2jMkKm3GLHpLiq3J4gE,"","North Campus",Gammage,"W", 08/24/2025 06:30:00 AM,"(UTC-07:00) Arizona",,,3575685.233333333,3567856.5,3584245,
PNTM9M2jMkKm3GLHpLiq3J4gE,"","North Campus",Gammage,"W", 08/24/2025 06:45:00 AM,"(UTC-07:00) Arizona",,,3584820.966666667,3544559.2,3649468.5,
PNTM9M2jMkKm3GLHpLiq3J4gE,"","North Campus",Gammage,"W", 08/24/2025 07:00:00 AM,"(UTC-07:00) Arizona",,,3638670,3638670,3638670,
PNTM9M2jMkKm3GLHpLiq3J4gE,"","North Campus",Gammage,"W", 08/24/2025 07:15:00 AM,"(UTC-07:00) Arizona",,,3646616.3,3637352.8,3655879.8,
PNTM9M2jMkKm3GLHpLiq3J4gE,"","North Campus",Gammage,"W", 08/24/2025 07:30:00 AM,"(UTC-07:00) Arizona",,,3657121.8333333335,3636748.5,3673261.8,
PNTM9M2jMkKm3GLHpLiq3J4gE,"","North Campus",Gammage,"W", 08/24/2025 07:45:00 AM,"(UTC-07:00) Arizona",,,3565789.1666666665,3533640.2,3596301.8,
PNTM9M2jMkKm3GLHpLiq3J4gE,"","North Campus",Gammage,"W", 08/24/2025 08:00:00 AM,"(UTC-07:00) Arizona",,,3695423.05,3652007.2,3744483.8,
PNTM9M2jMkKm3GLHpLiq3J4gE,"","North Campus",Gammage,"W", 08/24/2025 08:15:00 AM,"(UTC-07:00) Arizona",,,3882064.0666666664,3807352.2,3946497.5,
PNTM9M2jMkKm3GLHpLiq3J4gE,"","North Campus",Gammage,"W", 08/24/2025 08:30:00 AM,"(UTC-07:00) Arizona",,,3848905.266666667,3676418.8,3952165.8,
PNTM9M2jMkKm3GLHpLiq3J4gE,"","North Campus",Gammage,"W", 08/24/2025 08:45:00 AM,"(UTC-07:00) Arizona",,,3805540.6,3763559.2,3855608.8,
PNTM9M2jMkKm3GLHpLiq3J4gE,"","North Campus",Gammage,"W", 08/24/2025 09:00:00 AM,"(UTC-07:00) Arizona",,,3992251.733333333,3897293,4043251.2,
PNTM9M2jMkKm3GLHpLiq3J4gE,"","North Campus",Gammage,"W", 08/24/2025 09:15:00 AM,"(UTC-07:00) Arizona",,,4066889.85,4035308.2,4098471.5,
PNTM9M2jMkKm3GLHpLiq3J4gE,"","North Campus",Gammage,"W", 08/24/2025 09:30:00 AM,"(UTC-07:00) Arizona",,,4107302.6,4075331.2,4165139.8,
PNTM9M2jMkKm3GLHpLiq3J4gE,"","North Campus",Gammage,"W", 08/24/2025 09:45:00 AM,"(UTC-07:00) Arizona",,,4170163.8333333335,4151142.2,4193543.5,
PNTM9M2jMkKm3GLHpLiq3J4gE,"","North Campus",Gammage,"W", 08/24/2025 10:00:00 AM,"(UTC-07:00) Arizona",,,4153791.1,4087097.5,4197484,
PNTM9M2jMkKm3GLHpLiq3J4gE,"","North Campus",Gammage,"W", 08/24/2025 10:15:00 AM,"(UTC-07:00) Arizona",,,4140608.1333333333,4081031,4178916.2,
PNTM9M2jMkKm3GLHpLiq3J4gE,"","North Campus",Gammage,"W", 08/24/2025 10:30:00 AM,"(UTC-07:00) Arizona",,,4271048.375,4151932,4537013.5,
PNTM9M2jMkKm3GLHpLiq3J4gE,"","North Campus",Gammage,"W", 08/24/2025 10:45:00 AM,"(UTC-07:00) Arizona",,,4228719.399999999,4173859.2,4269033,
PNTM9M2jMkKm3GLHpLiq3J4gE,"","North Campus",Gammage,"W", 08/24/2025 11:00:00 AM,"(UTC-07:00) Arizona",,,4559537,4556522,4562552,
PNTM9M2jMkKm3GLHpLiq3J4gE,"","North Campus",Gammage,"W", 08/24/2025 11:15:00 AM,"(UTC-07:00) Arizona",,,4522193.75,4498277,4566233.5,
PNTM9M2jMkKm3GLHpLiq3J4gE,"","North Campus",Gammage,"W", 08/24/2025 11:30:00 AM,"(UTC-07:00) Arizona",,,4626145.5,4594247.5,4658043.5,
PNTM9M2jMkKm3GLHpLiq3J4gE,"","North Campus",Gammage,"W", 08/24/2025 11:45:00 AM,"(UTC-07:00) Arizona",,,4563221.333333333,4543048,4586117.5,
PNTM9M2jMkKm3GLHpLiq3J4gE,"","North Campus",Gammage,"W", 08/24/2025 12:00:00 PM,"(UTC-07:00) Arizona",,,4483402.625,4265425.5,4610123.5,
PNTM9M2jMkKm3GLHpLiq3J4gE,"","North Campus",Gammage,"W", 08/24/2025 12:15:00 PM,"(UTC-07:00) Arizona",,,4200821.5,4200821.5,4200821.5,
PNTM9M2jMkKm3GLHpLiq3J4gE,"","North Campus",Gammage,"W", 08/24/2025 12:30:00 PM,"(UTC-07:00) Arizona",,,4372820.666666667,4229782,4578850.5,
PNTM9M2jMkKm3GLHpLiq3J4gE,"","North Campus",Gammage,"W", 08/24/2025 12:45:00 PM,"(UTC-07:00) Arizona",,,4573665.166666667,4390565,4716685,
PNTM9M2jMkKm3GLHpLiq3J4gE,"","North Campus",Gammage,"W", 08/24/2025 01:00:00 PM,"(UTC-07:00) Arizona",,,4759182,4705671,4833497.5,
PNTM9M2jMkKm3GLHpLiq3J4gE,"","North Campus",Gammage,"W", 08/24/2025 01:15:00 PM,"(UTC-07:00) Arizona",,,4744061.333333333,4722793.5,4770161.5,
PNTM9M2jMkKm3GLHpLiq3J4gE,"","North Campus",Gammage,"W", 08/24/2025 01:30:00 PM,"(UTC-07:00) Arizona",,,4755292.5,4733493,4787179.5,
PNTM9M2jMkKm3GLHpLiq3J4gE,"","North Campus",Gammage,"W", 08/24/2025 01:45:00 PM,"(UTC-07:00) Arizona",,,4623993.666666667,4415060.5,4768384.5,
PNTM9M2jMkKm3GLHpLiq3J4gE,"","North Campus",Gammage,"W", 08/24/2025 02:00:00 PM,"(UTC-07:00) Arizona",,,4739757.5,4724865.5,4759505,
PNTM9M2jMkKm3GLHpLiq3J4gE,"","North Campus",Gammage,"W", 08/24/2025 02:15:00 PM,"(UTC-07:00) Arizona",,,4759670.333333333,4740822,4795369,
PNTM9M2jMkKm3GLHpLiq3J4gE,"","North Campus",Gammage,"W", 08/24/2025 02:30:00 PM,"(UTC-07:00) Arizona",,,4696517.333333333,4622842,4738396.5,
PNTM9M2jMkKm3GLHpLiq3J4gE,"","North Campus",Gammage,"W", 08/24/2025 02:45:00 PM,"(UTC-07:00) Arizona",,,4662197.5,4643582,4677168.5,
PNTM9M2jMkKm3GLHpLiq3J4gE,"","North Campus",Gammage,"W", 08/24/2025 03:00:00 PM,"(UTC-07:00) Arizona",,,4688815.833333333,4603795.5,4790030.5,
PNTM9M2jMkKm3GLHpLiq3J4gE,"","North Campus",Gammage,"W", 08/24/2025 03:15:00 PM,"(UTC-07:00) Arizona",,,4675418.833333333,4668159,4683673,
PNTM9M2jMkKm3GLHpLiq3J4gE,"","North Campus",Gammage,"W", 08/24/2025 03:30:00 PM,"(UTC-07:00) Arizona",,,4764124.833333333,4727169,4796094,
PNTM9M2jMkKm3GLHpLiq3J4gE,"","North Campus",Gammage,"W", 08/24/2025 03:45:00 PM,"(UTC-07:00) Arizona",,,4820816.5,4787187.5,4881927,
PNTM9M2jMkKm3GLHpLiq3J4gE,"","North Campus",Gammage,"W", 08/24/2025 04:00:00 PM,"(UTC-07:00) Arizona",,,4778561.166666667,4739866.5,4821257,
PNTM9M2jMkKm3GLHpLiq3J4gE,"","North Campus",Gammage,"W", 08/24/2025 04:15:00 PM,"(UTC-07:00) Arizona",,,4734207,4710872,4748017.5,
PNTM9M2jMkKm3GLHpLiq3J4gE,"","North Campus",Gammage,"W", 08/24/2025 04:30:00 PM,"(UTC-07:00) Arizona",,,4735708.166666667,4708773,4756332,
PNTM9M2jMkKm3GLHpLiq3J4gE,"","North Campus",Gammage,"W", 08/24/2025 04:45:00 PM,"(UTC-07:00) Arizona",,,4654783.166666667,4605007.5,4697028,
PNTM9M2jMkKm3GLHpLiq3J4gE,"","North Campus",Gammage,"W", 08/24/2025 05:00:00 PM,"(UTC-07:00) Arizona",,,4623920.666666667,4613832,4638607.5,
PNTM9M2jMkKm3GLHpLiq3J4gE,"","North Campus",Gammage,"W", 08/24/2025 05:15:00 PM,"(UTC-07:00) Arizona",,,4581572.166666667,4567384.5,4596461,
PNTM9M2jMkKm3GLHpLiq3J4gE,"","North Campus",Gammage,"W", 08/24/2025 05:30:00 PM,"(UTC-07:00) Arizona",,,4620116.5,4601832,4637172,
PNTM9M2jMkKm3GLHpLiq3J4gE,"","North Campus",Gammage,"W", 08/24/2025 05:45:00 PM,"(UTC-07:00) Arizona",,,4594470.666666667,4578861.5,4603923,
PNTM9M2jMkKm3GLHpLiq3J4gE,"","North Campus",Gammage,"W", 08/24/2025 06:00:00 PM,"(UTC-07:00) Arizona",,,4553785.166666667,4505420.5,4609730.5,
PNTM9M2jMkKm3GLHpLiq3J4gE,"","North Campus",Gammage,"W", 08/24/2025 06:15:00 PM,"(UTC-07:00) Arizona",,,4588524.833333333,4566276,4600128.5,
PNTM9M2jMkKm3GLHpLiq3J4gE,"","North Campus",Gammage,"W", 08/24/2025 06:30:00 PM,"(UTC-07:00) Arizona",,,4536706.333333333,4519319.5,4549324,
PNTM9M2jMkKm3GLHpLiq3J4gE,"","North Campus",Gammage,"W", 08/24/2025 06:45:00 PM,"(UTC-07:00) Arizona",,,4511414.666666667,4489565.5,4538173.5,
PNTM9M2jMkKm3GLHpLiq3J4gE,"","North Campus",Gammage,"W", 08/24/2025 07:00:00 PM,"(UTC-07:00) Arizona",,,4526885.5,4495911,4564279.5,
PNTM9M2jMkKm3GLHpLiq3J4gE,"","North Campus",Gammage,"W", 08/24/2025 07:15:00 PM,"(UTC-07:00) Arizona",,,4447117.666666667,4416470,4480713,
PNTM9M2jMkKm3GLHpLiq3J4gE,"","North Campus",Gammage,"W", 08/24/2025 07:30:00 PM,"(UTC-07:00) Arizona",,,4428793.166666667,4407047,4469901,
PNTM9M2jMkKm3GLHpLiq3J4gE,"","North Campus",Gammage,"W", 08/24/2025 07:45:00 PM,"(UTC-07:00) Arizona",,,4413350.333333333,4355235,4470846,
PNTM9M2jMkKm3GLHpLiq3J4gE,"","North Campus",Gammage,"W", 08/24/2025 08:00:00 PM,"(UTC-07:00) Arizona",,,4340334.833333333,4318447,4368633,
PNTM9M2jMkKm3GLHpLiq3J4gE,"","North Campus",Gammage,"W", 08/24/2025 08:15:00 PM,"(UTC-07:00) Arizona",,,4344352.166666667,4333692.5,4350029,
PNTM9M2jMkKm3GLHpLiq3J4gE,"","North Campus",Gammage,"W", 08/24/2025 08:30:00 PM,"(UTC-07:00) Arizona",,,4292784.166666667,4270811,4306523,
PNTM9M2jMkKm3GLHpLiq3J4gE,"","North Campus",Gammage,"W", 08/24/2025 08:45:00 PM,"(UTC-07:00) Arizona",,,4210590,4118770,4266695,
PNTM9M2jMkKm3GLHpLiq3J4gE,"","North Campus",Gammage,"W", 08/24/2025 09:00:00 PM,"(UTC-07:00) Arizona",,,4150602.35,4115154.5,4186050.2,
PNTM9M2jMkKm3GLHpLiq3J4gE,"","North Campus",Gammage,"W", 08/24/2025 09:15:00 PM,"(UTC-07:00) Arizona",,,4153771.766666667,4129858.8,4170877.5,
PNTM9M2jMkKm3GLHpLiq3J4gE,"","North Campus",Gammage,"W", 08/24/2025 09:30:00 PM,"(UTC-07:00) Arizona",,,4166769.3,4142869.2,4195597,
PNTM9M2jMkKm3GLHpLiq3J4gE,"","North Campus",Gammage,"W", 08/24/2025 09:45:00 PM,"(UTC-07:00) Arizona",,,4091514.15,4076882.5,4106145.8,
PNTM9M2jMkKm3GLHpLiq3J4gE,"","North Campus",Gammage,"W", 08/24/2025 10:00:00 PM,"(UTC-07:00) Arizona",,,4069274.95,4041042,4103402.5,
PNTM9M2jMkKm3GLHpLiq3J4gE,"","North Campus",Gammage,"W", 08/24/2025 10:15:00 PM,"(UTC-07:00) Arizona",,,4013457.35,3998668.2,4028246.5,
PNTM9M2jMkKm3GLHpLiq3J4gE,"","North Campus",Gammage,"W", 08/24/2025 10:30:00 PM,"(UTC-07:00) Arizona",,,3935010.9333333336,3893937,3961799,
PNTM9M2jMkKm3GLHpLiq3J4gE,"","North Campus",Gammage,"W", 08/24/2025 10:45:00 PM,"(UTC-07:00) Arizona",,,3856854.766666667,3825553,3889371.5,
PNTM9M2jMkKm3GLHpLiq3J4gE,"","North Campus",Gammage,"W", 08/24/2025 11:00:00 PM,"(UTC-07:00) Arizona",,,3807334.1,3786483.8,3838925.5,
PNTM9M2jMkKm3GLHpLiq3J4gE,"","North Campus",Gammage,"W", 08/24/2025 11:15:00 PM,"(UTC-07:00) Arizona",,,3717299.2,3681710.5,3764379,
PNTM9M2jMkKm3GLHpLiq3J4gE,"","North Campus",Gammage,"W", 08/24/2025 11:30:00 PM,"(UTC-07:00) Arizona",,,3706579.8,3690409.8,3722749.8,
PNTM9M2jMkKm3GLHpLiq3J4gE,"","North Campus",Gammage,"W", 08/24/2025 11:45:00 PM,"(UTC-07:00) Arizona",,,3643646.0999999996,3637582,3652491,
PNTM9M2jMkKm3GLHpLiq3J4gE,"","North Campus",Gammage,"W", 08/25/2025 12:00:00 AM,"(UTC-07:00) Arizona",,,3579329,3562324.5,3596333.5,
PNTM9M2jMkKm3GLHpLiq3J4gE,"","North Campus",Gammage,"W", 08/25/2025 12:15:00 AM,"(UTC-07:00) Arizona",,,3585399.9333333336,3541851.8,3617222.5,
PNTM9M2jMkKm3GLHpLiq3J4gE,"","North Campus",Gammage,"W", 08/25/2025 12:30:00 AM,"(UTC-07:00) Arizona",,,3560048.3,3553332,3567693.5,
PNTM9M2jMkKm3GLHpLiq3J4gE,"","North Campus",Gammage,"W", 08/25/2025 12:45:00 AM,"(UTC-07:00) Arizona",,,3545848.9,3539290.8,3552407,
PNTM9M2jMkKm3GLHpLiq3J4gE,"","North Campus",Gammage,"W", 08/25/2025 01:00:00 AM,"(UTC-07:00) Arizona",,,3523899.8000000003,3503740.2,3535240.2,
PNTM9M2jMkKm3GLHpLiq3J4gE,"","North Campus",Gammage,"W", 08/25/2025 01:15:00 AM,"(UTC-07:00) Arizona",,,3504189.9000000004,3469169.2,3552057.8,
PNTM9M2jMkKm3GLHpLiq3J4gE,"","North Campus",Gammage,"W", 08/25/2025 01:30:00 AM,"(UTC-07:00) Arizona",,,3482706.6,3461549,3501407,
PNTM9M2jMkKm3GLHpLiq3J4gE,"","North Campus",Gammage,"W", 08/25/2025 01:45:00 AM,"(UTC-07:00) Arizona",,,3464597.4,3443000.2,3481919.8,
PNTM9M2jMkKm3GLHpLiq3J4gE,"","North Campus",Gammage,"W", 08/25/2025 02:00:00 AM,"(UTC-07:00) Arizona",,,3504668,3504668,3504668,
PNTM9M2jMkKm3GLHpLiq3J4gE,"","North Campus",Gammage,"W", 08/25/2025 02:15:00 AM,"(UTC-07:00) Arizona",,,3431633.425,3416121.2,3444263.2,
PNTM9M2jMkKm3GLHpLiq3J4gE,"","North Campus",Gammage,"W", 08/25/2025 02:30:00 AM,"(UTC-07:00) Arizona",,,3432816.35,3413889.2,3451743.5,
PNTM9M2jMkKm3GLHpLiq3J4gE,"","North Campus",Gammage,"W", 08/25/2025 02:45:00 AM,"(UTC-07:00) Arizona",,,3445056.6666666665,3428126.2,3457749.8,
PNTM9M2jMkKm3GLHpLiq3J4gE,"","North Campus",Gammage,"W", 08/25/2025 03:00:00 AM,"(UTC-07:00) Arizona",,,3435893.625,3431268,3446321.8,
PNTM9M2jMkKm3GLHpLiq3J4gE,"","North Campus",Gammage,"W", 08/25/2025 03:15:00 AM,"(UTC-07:00) Arizona",,,3470810.1,3463314,3478306.2,
PNTM9M2jMkKm3GLHpLiq3J4gE,"","North Campus",Gammage,"W", 08/25/2025 03:30:00 AM,"(UTC-07:00) Arizona",,,3453469,3433288.8,3476074,
PNTM9M2jMkKm3GLHpLiq3J4gE,"","North Campus",Gammage,"W", 08/25/2025 03:45:00 AM,"(UTC-07:00) Arizona",,,3537672.75,3536312,3539033.5,
PNTM9M2jMkKm3GLHpLiq3J4gE,"","North Campus",Gammage,"W", 08/25/2025 04:00:00 AM,"(UTC-07:00) Arizona",,,3615022.8333333335,3598786.5,3634291,
PNTM9M2jMkKm3GLHpLiq3J4gE,"","North Campus",Gammage,"W", 08/25/2025 04:15:00 AM,"(UTC-07:00) Arizona",,,3639421.1333333333,3625061,3654647.2,
PNTM9M2jMkKm3GLHpLiq3J4gE,"","North Campus",Gammage,"W", 08/25/2025 04:30:00 AM,"(UTC-07:00) Arizona",,,3644789.0666666664,3620131,3669033.2,
PNTM9M2jMkKm3GLHpLiq3J4gE,"","North Campus",Gammage,"W", 08/25/2025 04:45:00 AM,"(UTC-07:00) Arizona",,,3716574.866666667,3674135.2,3747797.2,
PNTM9M2jMkKm3GLHpLiq3J4gE,"","North Campus",Gammage,"W", 08/25/2025 05:00:00 AM,"(UTC-07:00) Arizona",,,3725252.0666666664,3716206,3742510.2,
PNTM9M2jMkKm3GLHpLiq3J4gE,"","North Campus",Gammage,"W", 08/25/2025 05:15:00 AM,"(UTC-07:00) Arizona",,,3694567.5,3681391.5,3705071.5,
PNTM9M2jMkKm3GLHpLiq3J4gE,"","North Campus",Gammage,"W", 08/25/2025 05:30:00 AM,"(UTC-07:00) Arizona",,,3711454.6333333333,3698855.2,3723985.5,
PNTM9M2jMkKm3GLHpLiq3J4gE,"","North Campus",Gammage,"W", 08/25/2025 05:45:00 AM,"(UTC-07:00) Arizona",,,3817515.8333333335,3739993.2,3919845.5,
PNTM9M2jMkKm3GLHpLiq3J4gE,"","North Campus",Gammage,"W", 08/25/2025 06:00:00 AM,"(UTC-07:00) Arizona",,,3955467.533333333,3948081.8,3967606,
PNTM9M2jMkKm3GLHpLiq3J4gE,"","North Campus",Gammage,"W", 08/25/2025 06:15:00 AM,"(UTC-07:00) Arizona",,,3902097.5,3865675,3924294.5,
PNTM9M2jMkKm3GLHpLiq3J4gE,"","North Campus",Gammage,"W", 08/25/2025 06:30:00 AM,"(UTC-07:00) Arizona",,,3950690,3929784.8,3970648,
PNTM9M2jMkKm3GLHpLiq3J4gE,"","North Campus",Gammage,"W", 08/25/2025 06:45:00 AM,"(UTC-07:00) Arizona",,,4060285.9,3983291.8,4137280,
PNTM9M2jMkKm3GLHpLiq3J4gE,"","North Campus",Gammage,"W", 08/25/2025 07:00:00 AM,"(UTC-07:00) Arizona",,,4192084,4173336,4210529.5,
PNTM9M2jMkKm3GLHpLiq3J4gE,"","North Campus",Gammage,"W", 08/25/2025 07:15:00 AM,"(UTC-07:00) Arizona",,,4208739.25,4198157,4219321.5,
PNTM9M2jMkKm3GLHpLiq3J4gE,"","North Campus",Gammage,"W", 08/25/2025 07:30:00 AM,"(UTC-07:00) Arizona",,,4370200.833333333,4332444,4402850,
PNTM9M2jMkKm3GLHpLiq3J4gE,"","North Campus",Gammage,"W", 08/25/2025 07:45:00 AM,"(UTC-07:00) Arizona",,,4480909.5,4356390,4605020,
PNTM9M2jMkKm3GLHpLiq3J4gE,"","North Campus",Gammage,"W", 08/25/2025 08:00:00 AM,"(UTC-07:00) Arizona",,,4808574,4780424,4834580,
PNTM9M2jMkKm3GLHpLiq3J4gE,"","North Campus",Gammage,"W", 08/25/2025 08:15:00 AM,"(UTC-07:00) Arizona",,,4893104.75,4847963,4938246.5,
PNTM9M2jMkKm3GLHpLiq3J4gE,"","North Campus",Gammage,"W", 08/25/2025 08:30:00 AM,"(UTC-07:00) Arizona",,,4998226.625,4915854,5088912.5,
PNTM9M2jMkKm3GLHpLiq3J4gE,"","North Campus",Gammage,"W", 08/25/2025 08:45:00 AM,"(UTC-07:00) Arizona",,,5070356,5021900,5118812,
PNTM9M2jMkKm3GLHpLiq3J4gE,"","North Campus",Gammage,"W", 08/25/2025 09:00:00 AM,"(UTC-07:00) Arizona",,,4995388.25,4910836.5,5094941,
PNTM9M2jMkKm3GLHpLiq3J4gE,"","North Campus",Gammage,"W", 08/25/2025 09:15:00 AM,"(UTC-07:00) Arizona",,,5067728.25,5059567,5075889.5,
PNTM9M2jMkKm3GLHpLiq3J4gE,"","North Campus",Gammage,"W", 08/25/2025 09:30:00 AM,"(UTC-07:00) Arizona",,,4962750.333333333,4881594,5077530.5,
PNTM9M2jMkKm3GLHpLiq3J4gE,"","North Campus",Gammage,"W", 08/25/2025 09:45:00 AM,"(UTC-07:00) Arizona",,,5058333.375,4825104,5223079,
PNTM9M2jMkKm3GLHpLiq3J4gE,"","North Campus",Gammage,"W", 08/25/2025 10:00:00 AM,"(UTC-07:00) Arizona",,,5197614.25,5134675.5,5260553,
PNTM9M2jMkKm3GLHpLiq3J4gE,"","North Campus",Gammage,"W", 08/25/2025 10:15:00 AM,"(UTC-07:00) Arizona",,,5064073.875,5016192.5,5085542,
PNTM9M2jMkKm3GLHpLiq3J4gE,"","North Campus",Gammage,"W", 08/25/2025 10:30:00 AM,"(UTC-07:00) Arizona",,,5129292.25,5088303,5170281.5,
PNTM9M2jMkKm3GLHpLiq3J4gE,"","North Campus",Gammage,"W", 08/25/2025 10:45:00 AM,"(UTC-07:00) Arizona",,,5155033.25,5097509.5,5200652,
PNTM9M2jMkKm3GLHpLiq3J4gE,"","North Campus",Gammage,"W", 08/25/2025 11:00:00 AM,"(UTC-07:00) Arizona",,,5235156,5215005,5245231.5,
PNTM9M2jMkKm3GLHpLiq3J4gE,"","North Campus",Gammage,"W", 08/25/2025 11:15:00 AM,"(UTC-07:00) Arizona",,,5275121.25,5249207.5,5301035,
PNTM9M2jMkKm3GLHpLiq3J4gE,"","North Campus",Gammage,"W", 08/25/2025 11:30:00 AM,"(UTC-07:00) Arizona",,,5216048,5154532,5297220,
PNTM9M2jMkKm3GLHpLiq3J4gE,"","North Campus",Gammage,"W", 08/25/2025 11:45:00 AM,"(UTC-07:00) Arizona",,,5546223,5546223,5546223,
PNTM9M2jMkKm3GLHpLiq3J4gE,"","North Campus",Gammage,"W", 08/25/2025 12:00:00 PM,"(UTC-07:00) Arizona",,,5446994.833333333,5277997.5,5533277,
PNTM9M2jMkKm3GLHpLiq3J4gE,"","North Campus",Gammage,"W", 08/25/2025 12:15:00 PM,"(UTC-07:00) Arizona",,,5554656.333333333,5542381.5,5573462.5,
PNTM9M2jMkKm3GLHpLiq3J4gE,"","North Campus",Gammage,"W", 08/25/2025 12:30:00 PM,"(UTC-07:00) Arizona",,,5359167.333333333,5292246.5,5447722,
PNTM9M2jMkKm3GLHpLiq3J4gE,"","North Campus",Gammage,"W", 08/25/2025 12:45:00 PM,"(UTC-07:00) Arizona",,,5290296.333333333,5247859,5364150.5,
PNTM9M2jMkKm3GLHpLiq3J4gE,"","North Campus",Gammage,"W", 08/25/2025 01:00:00 PM,"(UTC-07:00) Arizona",,,5367441.166666667,5238921,5443947.5,
PNTM9M2jMkKm3GLHpLiq3J4gE,"","North Campus",Gammage,"W", 08/25/2025 01:15:00 PM,"(UTC-07:00) Arizona",,,5495033.333333333,5425608.5,5539512,
PNTM9M2jMkKm3GLHpLiq3J4gE,"","North Campus",Gammage,"W", 08/25/2025 01:30:00 PM,"(UTC-07:00) Arizona",,,5579897,5520948.5,5625274,
PNTM9M2jMkKm3GLHpLiq3J4gE,"","North Campus",Gammage,"W", 08/25/2025 01:45:00 PM,"(UTC-07:00) Arizona",,,5599574.166666667,5555261.5,5671454.5,
PNTM9M2jMkKm3GLHpLiq3J4gE,"","North Campus",Gammage,"W", 08/25/2025 02:00:00 PM,"(UTC-07:00) Arizona",,,5537914.333333333,5485913.5,5594050.5,
PNTM9M2jMkKm3GLHpLiq3J4gE,"","North Campus",Gammage,"W", 08/25/2025 02:15:00 PM,"(UTC-07:00) Arizona",,,5486249,5462599.5,5507384,
PNTM9M2jMkKm3GLHpLiq3J4gE,"","North Campus",Gammage,"W", 08/25/2025 02:30:00 PM,"(UTC-07:00) Arizona",,,5389775.833333333,5345455.5,5427488,
PNTM9M2jMkKm3GLHpLiq3J4gE,"","North Campus",Gammage,"W", 08/25/2025 02:45:00 PM,"(UTC-07:00) Arizona",,,5402339.666666667,5324019,5461991.5,
PNTM9M2jMkKm3GLHpLiq3J4gE,"","North Campus",Gammage,"W", 08/25/2025 03:00:00 PM,"(UTC-07:00) Arizona",,,5401465.375,5352359,5419863,
PNTM9M2jMkKm3GLHpLiq3J4gE,"","North Campus",Gammage,"W", 08/25/2025 03:15:00 PM,"(UTC-07:00) Arizona",,,5336530.25,5294955.5,5378105,
PNTM9M2jMkKm3GLHpLiq3J4gE,"","North Campus",Gammage,"W", 08/25/2025 03:30:00 PM,"(UTC-07:00) Arizona",,,5213827.333333333,5102586,5322660.5,
PNTM9M2jMkKm3GLHpLiq3J4gE,"","North Campus",Gammage,"W", 08/25/2025 03:45:00 PM,"(UTC-07:00) Arizona",,,5097386.5,5035667,5153689.5,
PNTM9M2jMkKm3GLHpLiq3J4gE,"","North Campus",Gammage,"W", 08/25/2025 04:00:00 PM,"(UTC-07:00) Arizona",,,5188492.833333333,5159159.5,5232175,
PNTM9M2jMkKm3GLHpLiq3J4gE,"","North Campus",Gammage,"W", 08/25/2025 04:15:00 PM,"(UTC-07:00) Arizona",,,5212908.5,5092970,5367473,
PNTM9M2jMkKm3GLHpLiq3J4gE,"","North Campus",Gammage,"W", 08/25/2025 04:30:00 PM,"(UTC-07:00) Arizona",,,5120254.5,5092913.5,5162341.5,
PNTM9M2jMkKm3GLHpLiq3J4gE,"","North Campus",Gammage,"W", 08/25/2025 04:45:00 PM,"(UTC-07:00) Arizona",,,5140912,5130117,5157375,
PNTM9M2jMkKm3GLHpLiq3J4gE,"","North Campus",Gammage,"W", 08/25/2025 05:00:00 PM,"(UTC-07:00) Arizona",,,5101327.333333333,5047779.5,5164933.5,
PNTM9M2jMkKm3GLHpLiq3J4gE,"","North Campus",Gammage,"W", 08/25/2025 05:15:00 PM,"(UTC-07:00) Arizona",,,5155303.666666667,5088724.5,5218795,
PNTM9M2jMkKm3GLHpLiq3J4gE,"","North Campus",Gammage,"W", 08/25/2025 05:30:00 PM,"(UTC-07:00) Arizona",,,5214777.166666667,5200696,5234405,
PNTM9M2jMkKm3GLHpLiq3J4gE,"","North Campus",Gammage,"W", 08/25/2025 05:45:00 PM,"(UTC-07:00) Arizona",,,5095553,5004117,5141271,
PNTM9M2jMkKm3GLHpLiq3J4gE,"","North Campus",Gammage,"W", 08/25/2025 06:00:00 PM,"(UTC-07:00) Arizona",,,5102743.666666667,5073733.5,5118144,
PNTM9M2jMkKm3GLHpLiq3J4gE,"","North Campus",Gammage,"W", 08/25/2025 06:15:00 PM,"(UTC-07:00) Arizona",,,5144106.166666667,5087043,5194267,
PNTM9M2jMkKm3GLHpLiq3J4gE,"","North Campus",Gammage,"W", 08/25/2025 06:30:00 PM,"(UTC-07:00) Arizona",,,5194029.333333333,5179503,5207053,
PNTM9M2jMkKm3GLHpLiq3J4gE,"","North Campus",Gammage,"W", 08/25/2025 06:45:00 PM,"(UTC-07:00) Arizona",,,5146945.333333333,5022191.5,5221955.5,
PNTM9M2jMkKm3GLHpLiq3J4gE,"","North Campus",Gammage,"W", 08/25/2025 07:00:00 PM,"(UTC-07:00) Arizona",,,4979453.166666667,4955025.5,5023063,
PNTM9M2jMkKm3GLHpLiq3J4gE,"","North Campus",Gammage,"W", 08/25/2025 07:15:00 PM,"(UTC-07:00) Arizona",,,4895572.75,4876455,4914690.5,
PNTM9M2jMkKm3GLHpLiq3J4gE,"","North Campus",Gammage,"W", 08/25/2025 07:30:00 PM,"(UTC-07:00) Arizona",,,4870370.125,4859181,4900726.5,
PNTM9M2jMkKm3GLHpLiq3J4gE,"","North Campus",Gammage,"W", 08/25/2025 07:45:00 PM,"(UTC-07:00) Arizona",,,4819841.75,4794333,4845350.5,
PNTM9M2jMkKm3GLHpLiq3J4gE,"","North Campus",Gammage,"W", 08/25/2025 08:00:00 PM,"(UTC-07:00) Arizona",,,4655937,4520894,4710356,
PNTM9M2jMkKm3GLHpLiq3J4gE,"","North Campus",Gammage,"W", 08/25/2025 08:15:00 PM,"(UTC-07:00) Arizona",,,4526830.5,4468100.5,4560408.5,
PNTM9M2jMkKm3GLHpLiq3J4gE,"","North Campus",Gammage,"W", 08/25/2025 08:30:00 PM,"(UTC-07:00) Arizona",,,4530042.5,4509558.5,4548206.5,
PNTM9M2jMkKm3GLHpLiq3J4gE,"","North Campus",Gammage,"W", 08/25/2025 08:45:00 PM,"(UTC-07:00) Arizona",,,4482570.166666667,4416099,4519007.5,
PNTM9M2jMkKm3GLHpLiq3J4gE,"","North Campus",Gammage,"W", 08/25/2025 09:00:00 PM,"(UTC-07:00) Arizona",,,4322574.333333333,4295153,4356440,
PNTM9M2jMkKm3GLHpLiq3J4gE,"","North Campus",Gammage,"W", 08/25/2025 09:15:00 PM,"(UTC-07:00) Arizona",,,4296908.5,4265557.5,4312661.5,
PNTM9M2jMkKm3GLHpLiq3J4gE,"","North Campus",Gammage,"W", 08/25/2025 09:30:00 PM,"(UTC-07:00) Arizona",,,4296056.5,4247438.5,4371912,
PNTM9M2jMkKm3GLHpLiq3J4gE,"","North Campus",Gammage,"W", 08/25/2025 09:45:00 PM,"(UTC-07:00) Arizona",,,4230553.75,4229087,4232020.5,
PNTM9M2jMkKm3GLHpLiq3J4gE,"","North Campus",Gammage,"W", 08/25/2025 10:00:00 PM,"(UTC-07:00) Arizona",,,4163082.5,4138227.5,4184335.2,
PNTM9M2jMkKm3GLHpLiq3J4gE,"","North Campus",Gammage,"W", 08/25/2025 10:15:00 PM,"(UTC-07:00) Arizona",,,4117195.4,4080531.2,4137496.5,
PNTM9M2jMkKm3GLHpLiq3J4gE,"","North Campus",Gammage,"W", 08/25/2025 10:30:00 PM,"(UTC-07:00) Arizona",,,4073279.2,4047585.2,4120372.8,
PNTM9M2jMkKm3GLHpLiq3J4gE,"","North Campus",Gammage,"W", 08/25/2025 10:45:00 PM,"(UTC-07:00) Arizona",,,3927147,3842989.2,3997796,
PNTM9M2jMkKm3GLHpLiq3J4gE,"","North Campus",Gammage,"W", 08/25/2025 11:00:00 PM,"(UTC-07:00) Arizona",,,3870776,3842989.2,3898562.8,
PNTM9M2jMkKm3GLHpLiq3J4gE,"","North Campus",Gammage,"W", 08/25/2025 11:15:00 PM,"(UTC-07:00) Arizona",,,3837320.8333333335,3814607.8,3859382.2,
PNTM9M2jMkKm3GLHpLiq3J4gE,"","North Campus",Gammage,"W", 08/25/2025 11:30:00 PM,"(UTC-07:00) Arizona",,,3803297.975,3771573.2,3865755.5,
PNTM9M2jMkKm3GLHpLiq3J4gE,"","North Campus",Gammage,"W", 08/25/2025 11:45:00 PM,"(UTC-07:00) Arizona",,,3751659.6999999997,3707680.8,3781653.8,
PNTM9M2jMkKm3GLHpLiq3J4gE,"","North Campus",Gammage,"W", 08/26/2025 12:00:00 AM,"(UTC-07:00) Arizona",,,3704344.1,3678893,3729795.2,
PNTM9M2jMkKm3GLHpLiq3J4gE,"","North Campus",Gammage,"W", 08/26/2025 12:15:00 AM,"(UTC-07:00) Arizona",,,3669903.8666666667,3652057.8,3693505,
PNTM9M2jMkKm3GLHpLiq3J4gE,"","North Campus",Gammage,"W", 08/26/2025 12:30:00 AM,"(UTC-07:00) Arizona",,,3668443.5666666664,3645105.5,3693098,
PNTM9M2jMkKm3GLHpLiq3J4gE,"","North Campus",Gammage,"W", 08/26/2025 12:45:00 AM,"(UTC-07:00) Arizona",,,3629309.3333333335,3610781,3653486,
PNTM9M2jMkKm3GLHpLiq3J4gE,"","North Campus",Gammage,"W", 08/26/2025 01:00:00 AM,"(UTC-07:00) Arizona",,,3632080.5,3593973.2,3676592.5,
PNTM9M2jMkKm3GLHpLiq3J4gE,"","North Campus",Gammage,"W", 08/26/2025 01:15:00 AM,"(UTC-07:00) Arizona",,,3610833.55,3590865.5,3646346.5,
PNTM9M2jMkKm3GLHpLiq3J4gE,"","North Campus",Gammage,"W", 08/26/2025 01:30:00 AM,"(UTC-07:00) Arizona",,,3588559.9,3579864.8,3597255,
PNTM9M2jMkKm3GLHpLiq3J4gE,"","North Campus",Gammage,"W", 08/26/2025 01:45:00 AM,"(UTC-07:00) Arizona",,,3563647.2,3510557.8,3608152.2,
PNTM9M2jMkKm3GLHpLiq3J4gE,"","North Campus",Gammage,"W", 08/26/2025 02:00:00 AM,"(UTC-07:00) Arizona",,,3571112.65,3559011.8,3583213.5,
PNTM9M2jMkKm3GLHpLiq3J4gE,"","North Campus",Gammage,"W", 08/26/2025 02:15:00 AM,"(UTC-07:00) Arizona",,,3548655.1666666665,3536216.2,3562920.5,
PNTM9M2jMkKm3GLHpLiq3J4gE,"","North Campus",Gammage,"W", 08/26/2025 02:30:00 AM,"(UTC-07:00) Arizona",,,3503761.4,3496983.5,3517317.2,
PNTM9M2jMkKm3GLHpLiq3J4gE,"","North Campus",Gammage,"W", 08/26/2025 02:45:00 AM,"(UTC-07:00) Arizona",,,3506160.1,3498180.5,3515544.8,
PNTM9M2jMkKm3GLHpLiq3J4gE,"","North Campus",Gammage,"W", 08/26/2025 03:00:00 AM,"(UTC-07:00) Arizona",,,3543841.8333333335,3537951.5,3554425,
PNTM9M2jMkKm3GLHpLiq3J4gE,"","North Campus",Gammage,"W", 08/26/2025 03:15:00 AM,"(UTC-07:00) Arizona",,,3562438.466666667,3535272.2,3602390.2,
PNTM9M2jMkKm3GLHpLiq3J4gE,"","North Campus",Gammage,"W", 08/26/2025 03:30:00 AM,"(UTC-07:00) Arizona",,,3568856.233333333,3554757.5,3579092.2,
PNTM9M2jMkKm3GLHpLiq3J4gE,"","North Campus",Gammage,"W", 08/26/2025 03:45:00 AM,"(UTC-07:00) Arizona",,,3611192.3333333335,3609420.5,3613098,
PNTM9M2jMkKm3GLHpLiq3J4gE,"","North Campus",Gammage,"W", 08/26/2025 04:00:00 AM,"(UTC-07:00) Arizona",,,3634974.733333333,3617958,3667324,
PNTM9M2jMkKm3GLHpLiq3J4gE,"","North Campus",Gammage,"W", 08/26/2025 04:15:00 AM,"(UTC-07:00) Arizona",,,3632554.6,3607198,3671564,
PNTM9M2jMkKm3GLHpLiq3J4gE,"","North Campus",Gammage,"W", 08/26/2025 04:30:00 AM,"(UTC-07:00) Arizona",,,3650340.9,3623802,3671410.2,
PNTM9M2jMkKm3GLHpLiq3J4gE,"","North Campus",Gammage,"W", 08/26/2025 04:45:00 AM,"(UTC-07:00) Arizona",,,3639846.5333333337,3619071.2,3663117.2,
PNTM9M2jMkKm3GLHpLiq3J4gE,"","North Campus",Gammage,"W", 08/26/2025 05:00:00 AM,"(UTC-07:00) Arizona",,,3694389.4,3678872.5,3716996.2,
PNTM9M2jMkKm3GLHpLiq3J4gE,"","North Campus",Gammage,"W", 08/26/2025 05:15:00 AM,"(UTC-07:00) Arizona",,,3674838.8333333335,3667214.5,3687299.5,
PNTM9M2jMkKm3GLHpLiq3J4gE,"","North Campus",Gammage,"W", 08/26/2025 05:30:00 AM,"(UTC-07:00) Arizona",,,3692212.8000000003,3679528.2,3712920.2,
PNTM9M2jMkKm3GLHpLiq3J4gE,"","North Campus",Gammage,"W", 08/26/2025 05:45:00 AM,"(UTC-07:00) Arizona",,,3763323.4333333336,3698273.8,3838848.5,
PNTM9M2jMkKm3GLHpLiq3J4gE,"","North Campus",Gammage,"W", 08/26/2025 06:00:00 AM,"(UTC-07:00) Arizona",,,3873766.0666666664,3845770.2,3891472,
PNTM9M2jMkKm3GLHpLiq3J4gE,"","North Campus",Gammage,"W", 08/26/2025 06:15:00 AM,"(UTC-07:00) Arizona",,,3936439.6,3919713.8,3966103,
PNTM9M2jMkKm3GLHpLiq3J4gE,"","North Campus",Gammage,"W", 08/26/2025 06:30:00 AM,"(UTC-07:00) Arizona",,,3903193.8,3903193.8,3903193.8,
PNTM9M2jMkKm3GLHpLiq3J4gE,"","North Campus",Gammage,"W", 08/26/2025 06:45:00 AM,"(UTC-07:00) Arizona",,,4033652.9333333336,3959999,4126297,
PNTM9M2jMkKm3GLHpLiq3J4gE,"","North Campus",Gammage,"W", 08/26/2025 07:00:00 AM,"(UTC-07:00) Arizona",,,4088390.9,4072757,4104024.8,
PNTM9M2jMkKm3GLHpLiq3J4gE,"","North Campus",Gammage,"W", 08/26/2025 07:15:00 AM,"(UTC-07:00) Arizona",,,4156479.675,4095344.2,4212170,
PNTM9M2jMkKm3GLHpLiq3J4gE,"","North Campus",Gammage,"W", 08/26/2025 07:30:00 AM,"(UTC-07:00) Arizona",,,4261477.5,4224209,4301229.5,
PNTM9M2jMkKm3GLHpLiq3J4gE,"","North Campus",Gammage,"W", 08/26/2025 07:45:00 AM,"(UTC-07:00) Arizona",,,4381675.666666667,4311084,4453258.5,
PNTM9M2jMkKm3GLHpLiq3J4gE,"","North Campus",Gammage,"W", 08/26/2025 08:00:00 AM,"(UTC-07:00) Arizona",,,4419183,4330706.5,4507659.5,
PNTM9M2jMkKm3GLHpLiq3J4gE,"","North Campus",Gammage,"W", 08/26/2025 08:15:00 AM,"(UTC-07:00) Arizona",,,4592221.125,4514572.5,4757494.5,
PNTM9M2jMkKm3GLHpLiq3J4gE,"","North Campus",Gammage,"W", 08/26/2025 08:30:00 AM,"(UTC-07:00) Arizona",,,4800064.5,4783569,4813370,
PNTM9M2jMkKm3GLHpLiq3J4gE,"","North Campus",Gammage,"W", 08/26/2025 08:45:00 AM,"(UTC-07:00) Arizona",,,4890744.166666667,4833061,4977245,
PNTM9M2jMkKm3GLHpLiq3J4gE,"","North Campus",Gammage,"W", 08/26/2025 09:00:00 AM,"(UTC-07:00) Arizona",,,4888693.25,4812277.5,4965109,
PNTM9M2jMkKm3GLHpLiq3J4gE,"","North Campus",Gammage,"W", 08/26/2025 09:15:00 AM,"(UTC-07:00) Arizona",,,5106806.333333333,5056847.5,5156814,
PNTM9M2jMkKm3GLHpLiq3J4gE,"","North Campus",Gammage,"W", 08/26/2025 09:30:00 AM,"(UTC-07:00) Arizona",,,4780043.75,4776893,4783194.5,
PNTM9M2jMkKm3GLHpLiq3J4gE,"","North Campus",Gammage,"W", 08/26/2025 09:45:00 AM,"(UTC-07:00) Arizona",,,5014794.166666667,4781408.5,5181489,
PNTM9M2jMkKm3GLHpLiq3J4gE,"","North Campus",Gammage,"W", 08/26/2025 10:00:00 AM,"(UTC-07:00) Arizona",,,4996909.333333333,4897211.5,5129003,
PNTM9M2jMkKm3GLHpLiq3J4gE,"","North Campus",Gammage,"W", 08/26/2025 10:15:00 AM,"(UTC-07:00) Arizona",,,4760640.625,4446452,5055433,
PNTM9M2jMkKm3GLHpLiq3J4gE,"","North Campus",Gammage,"W", 08/26/2025 10:30:00 AM,"(UTC-07:00) Arizona",,,4789791.75,4787213,4792370.5,
PNTM9M2jMkKm3GLHpLiq3J4gE,"","North Campus",Gammage,"W", 08/26/2025 10:45:00 AM,"(UTC-07:00) Arizona",,,5050109,4879078,5176274.5,
PNTM9M2jMkKm3GLHpLiq3J4gE,"","North Campus",Gammage,"W", 08/26/2025 11:00:00 AM,"(UTC-07:00) Arizona",,,5136807.833333333,5069130.5,5171295.5,
PNTM9M2jMkKm3GLHpLiq3J4gE,"","North Campus",Gammage,"W", 08/26/2025 11:15:00 AM,"(UTC-07:00) Arizona",,,5282022.75,5262906.5,5301139,
PNTM9M2jMkKm3GLHpLiq3J4gE,"","North Campus",Gammage,"W", 08/26/2025 11:30:00 AM,"(UTC-07:00) Arizona",,,5136805.833333333,4984866.5,5217874,
PNTM9M2jMkKm3GLHpLiq3J4gE,"","North Campus",Gammage,"W", 08/26/2025 11:45:00 AM,"(UTC-07:00) Arizona",,,5102006,5046124,5157888,
PNTM9M2jMkKm3GLHpLiq3J4gE,"","North Campus",Gammage,"W", 08/26/2025 12:00:00 PM,"(UTC-07:00) Arizona",,,5090382,5036050.5,5144713.5,
PNTM9M2jMkKm3GLHpLiq3J4gE,"","North Campus",Gammage,"W", 08/26/2025 12:15:00 PM,"(UTC-07:00) Arizona",,,5164434.5,5136701,5211342.5,
PNTM9M2jMkKm3GLHpLiq3J4gE,"","North Campus",Gammage,"W", 08/26/2025 12:30:00 PM,"(UTC-07:00) Arizona",,,5173673.666666667,5021662.5,5409858.5,
PNTM9M2jMkKm3GLHpLiq3J4gE,"","North Campus",Gammage,"W", 08/26/2025 12:45:00 PM,"(UTC-07:00) Arizona",,,5209573.166666667,5090382.5,5372619,
PNTM9M2jMkKm3GLHpLiq3J4gE,"","North Campus",Gammage,"W", 08/26/2025 01:00:00 PM,"(UTC-07:00) Arizona",,,5052232.333333333,4986961,5141337,
PNTM9M2jMkKm3GLHpLiq3J4gE,"","North Campus",Gammage,"W", 08/26/2025 01:15:00 PM,"(UTC-07:00) Arizona",,,5250864.833333333,4993807,5381169.5,
PNTM9M2jMkKm3GLHpLiq3J4gE,"","North Campus",Gammage,"W", 08/26/2025 01:30:00 PM,"(UTC-07:00) Arizona",,,5256835.666666667,5090443,5364407,
PNTM9M2jMkKm3GLHpLiq3J4gE,"","North Campus",Gammage,"W", 08/26/2025 01:45:00 PM,"(UTC-07:00) Arizona",,,5273944.333333333,5070364.5,5440120.5,
PNTM9M2jMkKm3GLHpLiq3J4gE,"","North Campus",Gammage,"W", 08/26/2025 02:00:00 PM,"(UTC-07:00) Arizona",,,5200511.333333333,5194194,5209695,
PNTM9M2jMkKm3GLHpLiq3J4gE,"","North Campus",Gammage,"W", 08/26/2025 02:15:00 PM,"(UTC-07:00) Arizona",,,5297444.333333333,5282275,5309753,
PNTM9M2jMkKm3GLHpLiq3J4gE,"","North Campus",Gammage,"W", 08/26/2025 02:30:00 PM,"(UTC-07:00) Arizona",,,5266503.5,5256728,5274215,
PNTM9M2jMkKm3GLHpLiq3J4gE,"","North Campus",Gammage,"W", 08/26/2025 02:45:00 PM,"(UTC-07:00) Arizona",,,5231750.166666667,5131571.5,5301267.5,
PNTM9M2jMkKm3GLHpLiq3J4gE,"","North Campus",Gammage,"W", 08/26/2025 03:00:00 PM,"(UTC-07:00) Arizona",,,5258882,5235449,5282315,
PNTM9M2jMkKm3GLHpLiq3J4gE,"","North Campus",Gammage,"W", 08/26/2025 03:15:00 PM,"(UTC-07:00) Arizona",,,5262849.833333333,5197586,5326400,
PNTM9M2jMkKm3GLHpLiq3J4gE,"","North Campus",Gammage,"W", 08/26/2025 03:30:00 PM,"(UTC-07:00) Arizona",,,5269913.5,5183087,5329519.5,
PNTM9M2jMkKm3GLHpLiq3J4gE,"","North Campus",Gammage,"W", 08/26/2025 03:45:00 PM,"(UTC-07:00) Arizona",,,5265299,5242801.5,5287796.5,
PNTM9M2jMkKm3GLHpLiq3J4gE,"","North Campus",Gammage,"W", 08/26/2025 04:00:00 PM,"(UTC-07:00) Arizona",,,5015546.75,4999320,5031773.5,
PNTM9M2jMkKm3GLHpLiq3J4gE,"","North Campus",Gammage,"W", 08/26/2025 04:15:00 PM,"(UTC-07:00) Arizona",,,5207214.166666667,5152214,5281967,
PNTM9M2jMkKm3GLHpLiq3J4gE,"","North Campus",Gammage,"W", 08/26/2025 04:30:00 PM,"(UTC-07:00) Arizona",,,5221569.666666667,5129211.5,5317670,
PNTM9M2jMkKm3GLHpLiq3J4gE,"","North Campus",Gammage,"W", 08/26/2025 04:45:00 PM,"(UTC-07:00) Arizona",,,5195074.666666667,5168345.5,5237071,
PNTM9M2jMkKm3GLHpLiq3J4gE,"","North Campus",Gammage,"W", 08/26/2025 05:00:00 PM,"(UTC-07:00) Arizona",,,5174780.75,5155735.5,5193826,
PNTM9M2jMkKm3GLHpLiq3J4gE,"","North Campus",Gammage,"W", 08/26/2025 05:15:00 PM,"(UTC-07:00) Arizona",,,5176619.666666667,5142650.5,5230467,
PNTM9M2jMkKm3GLHpLiq3J4gE,"","North Campus",Gammage,"W", 08/26/2025 05:30:00 PM,"(UTC-07:00) Arizona",,,5124099.666666667,5112719.5,5132746.5,
PNTM9M2jMkKm3GLHpLiq3J4gE,"","North Campus",Gammage,"W", 08/26/2025 05:45:00 PM,"(UTC-07:00) Arizona",,,5092590.5,5089231.5,5095949.5,
PNTM9M2jMkKm3GLHpLiq3J4gE,"","North Campus",Gammage,"W", 08/26/2025 06:00:00 PM,"(UTC-07:00) Arizona",,,4898921,4873403,4925065,
PNTM9M2jMkKm3GLHpLiq3J4gE,"","North Campus",Gammage,"W", 08/26/2025 06:15:00 PM,"(UTC-07:00) Arizona",,,4902195,4894621,4910405,
PNTM9M2jMkKm3GLHpLiq3J4gE,"","North Campus",Gammage,"W", 08/26/2025 06:30:00 PM,"(UTC-07:00) Arizona",,,4931607.666666667,4929842,4935137.5,
PNTM9M2jMkKm3GLHpLiq3J4gE,"","North Campus",Gammage,"W", 08/26/2025 06:45:00 PM,"(UTC-07:00) Arizona",,,4838765.333333333,4765110,4938090,
PNTM9M2jMkKm3GLHpLiq3J4gE,"","North Campus",Gammage,"W", 08/26/2025 07:00:00 PM,"(UTC-07:00) Arizona",,,4802753,4742870.5,4848268.5,
PNTM9M2jMkKm3GLHpLiq3J4gE,"","North Campus",Gammage,"W", 08/26/2025 07:15:00 PM,"(UTC-07:00) Arizona",,,4785455,4742226.5,4828683.5,
PNTM9M2jMkKm3GLHpLiq3J4gE,"","North Campus",Gammage,"W", 08/26/2025 07:30:00 PM,"(UTC-07:00) Arizona",,,4804560.875,4744126.5,4871453,
PNTM9M2jMkKm3GLHpLiq3J4gE,"","North Campus",Gammage,"W", 08/26/2025 07:45:00 PM,"(UTC-07:00) Arizona",,,4615008.5,4546669.5,4747944,
PNTM9M2jMkKm3GLHpLiq3J4gE,"","North Campus",Gammage,"W", 08/26/2025 08:00:00 PM,"(UTC-07:00) Arizona",,,4586748.666666667,4573918.5,4607864.5,
PNTM9M2jMkKm3GLHpLiq3J4gE,"","North Campus",Gammage,"W", 08/26/2025 08:15:00 PM,"(UTC-07:00) Arizona",,,4608297.666666667,4586781,4637839.5,
PNTM9M2jMkKm3GLHpLiq3J4gE,"","North Campus",Gammage,"W", 08/26/2025 08:30:00 PM,"(UTC-07:00) Arizona",,,4571001,4556849,4585153,
PNTM9M2jMkKm3GLHpLiq3J4gE,"","North Campus",Gammage,"W", 08/26/2025 08:45:00 PM,"(UTC-07:00) Arizona",,,4493774.833333333,4481686.5,4515299,
PNTM9M2jMkKm3GLHpLiq3J4gE,"","North Campus",Gammage,"W", 08/26/2025 09:00:00 PM,"(UTC-07:00) Arizona",,,4424251,4408732,4433074,
PNTM9M2jMkKm3GLHpLiq3J4gE,"","North Campus",Gammage,"W", 08/26/2025 09:15:00 PM,"(UTC-07:00) Arizona",,,4406266,4393243,4421741,
PNTM9M2jMkKm3GLHpLiq3J4gE,"","North Campus",Gammage,"W", 08/26/2025 09:30:00 PM,"(UTC-07:00) Arizona",,,4375440,4354269.5,4389173,
PNTM9M2jMkKm3GLHpLiq3J4gE,"","North Campus",Gammage,"W", 08/26/2025 09:45:00 PM,"(UTC-07:00) Arizona",,,4294554,4254423.5,4320244.5,
PNTM9M2jMkKm3GLHpLiq3J4gE,"","North Campus",Gammage,"W", 08/26/2025 10:00:00 PM,"(UTC-07:00) Arizona",,,4205720.166666667,4191242,4227815,
PNTM9M2jMkKm3GLHpLiq3J4gE,"","North Campus",Gammage,"W", 08/26/2025 10:15:00 PM,"(UTC-07:00) Arizona",,,4122824.1,4109463,4136185.2,
PNTM9M2jMkKm3GLHpLiq3J4gE,"","North Campus",Gammage,"W", 08/26/2025 10:30:00 PM,"(UTC-07:00) Arizona",,,4049134.5666666664,4028682.2,4065096.5,
PNTM9M2jMkKm3GLHpLiq3J4gE,"","North Campus",Gammage,"W", 08/26/2025 10:45:00 PM,"(UTC-07:00) Arizona",,,3951859.625,3877414.8,4027769.5,
PNTM9M2jMkKm3GLHpLiq3J4gE,"","North Campus",Gammage,"W", 08/26/2025 11:00:00 PM,"(UTC-07:00) Arizona",,,3841538.5666666664,3827098.2,3850957.5,
PNTM9M2jMkKm3GLHpLiq3J4gE,"","North Campus",Gammage,"W", 08/26/2025 11:15:00 PM,"(UTC-07:00) Arizona",,,3816331,3810116.2,3822545.8,
PNTM9M2jMkKm3GLHpLiq3J4gE,"","North Campus",Gammage,"W", 08/26/2025 11:30:00 PM,"(UTC-07:00) Arizona",,,3771417.325,3693824.8,3834584.5,
PNTM9M2jMkKm3GLHpLiq3J4gE,"","North Campus",Gammage,"W", 08/26/2025 11:45:00 PM,"(UTC-07:00) Arizona",,,3713058.6333333333,3707736.2,3720493.2,
