ExternalPointID,Tags,Parent Equipment Name,Site Name,FrequencyUnit,Time,Timezone,OnCount,OffCount,Average,Minimum,Maximum,Sum,State
PNTM9M2jMkKm3GLHpLiq3J4gE,"","North Campus",Gammage,"W", 10/21/2025 12:40:00 PM,"(UTC-07:00) Arizona",,,5016021.5,4981242.5,5050800.5,
PNTM9M2jMkKm3GLHpLiq3J4gE,"","North Campus",Gammage,"W", 10/21/2025 12:50:00 PM,"(UTC-07:00) Arizona",,,4982550.25,4945748,5019352.5,
PNTM9M2jMkKm3GLHpLiq3J4gE,"","North Campus",Gammage,"W", 10/21/2025 01:00:00 PM,"(UTC-07:00) Arizona",,,4990136,4990136,4990136,
PNTM9M2jMkKm3GLHpLiq3J4gE,"","North Campus",Gammage,"W", 10/21/2025 01:10:00 PM,"(UTC-07:00) Arizona",,,5037542,5037542,5037542,
PNTM9M2jMkKm3GLHpLiq3J4gE,"","North Campus",Gammage,"W", 10/21/2025 01:20:00 PM,"(UTC-07:00) Arizona",,,5085769.5,5085769.5,5085769.5,
PNTM9M2jMkKm3GLHpLiq3J4gE,"","North Campus",Gammage,"W", 10/21/2025 01:30:00 PM,"(UTC-07:00) Arizona",,,5028248,5027726,5028770,
PNTM9M2jMkKm3GLHpLiq3J4gE,"","North Campus",Gammage,"W", 10/21/2025 01:50:00 PM,"(UTC-07:00) Arizona",,,5096466.5,5096466.5,5096466.5,
PNTM9M2jMkKm3GLHpLiq3J4gE,"","North Campus",Gammage,"W", 10/21/2025 02:00:00 PM,"(UTC-07:00) Arizona",,,5039194,5007864,5070524,
PNTM9M2jMkKm3GLHpLiq3J4gE,"","North Campus",Gammage,"W", 10/21/2025 02:10:00 PM,"(UTC-07:00) Arizona",,,5084641.5,5084641.5,5084641.5,
PNTM9M2jMkKm3GLHpLiq3J4gE,"","North Campus",Gammage,"W", 10/21/2025 02:30:00 PM,"(UTC-07:00) Arizona",,,5085630.5,5038540,5132721,
PNTM9M2jMkKm3GLHpLiq3J4gE,"","North Campus",Gammage,"W", 10/21/2025 02:40:00 PM,"(UTC-07:00) Arizona",,,5210547.5,5177312.5,5243782.5,
PNTM9M2jMkKm3GLHpLiq3J4gE,"","North Campus",Gammage,"W", 10/21/2025 02:50:00 PM,"(UTC-07:00) Arizona",,,5152975,5152975,5152975,
PNTM9M2jMkKm3GLHpLiq3J4gE,"","North Campus",Gammage,"W", 10/21/2025 03:00:00 PM,"(UTC-07:00) Arizona",,,5153194,5153194,5153194,
PNTM9M2jMkKm3GLHpLiq3J4gE,"","North Campus",Gammage,"W", 10/21/2025 03:10:00 PM,"(UTC-07:00) Arizona",,,5148692.5,5148692.5,5148692.5,
PNTM9M2jMkKm3GLHpLiq3J4gE,"","North Campus",Gammage,"W", 10/21/2025 03:20:00 PM,"(UTC-07:00) Arizona",,,5153435.25,5107642.5,5199228,
PNTM9M2jMkKm3GLHpLiq3J4gE,"","North Campus",Gammage,"W", 10/21/2025 03:40:00 PM,"(UTC-07:00) Arizona",,,5226150.5,5205578,5246723,
PNTM9M2jMkKm3GLHpLiq3J4gE,"","North Campus",Gammage,"W", 10/21/2025 04:00:00 PM,"(UTC-07:00) Arizona",,,5254063.75,5228595,5279532.5,
PNTM9M2jMkKm3GLHpLiq3J4gE,"","North Campus",Gammage,"W", 10/21/2025 04:10:00 PM,"(UTC-07:00) Arizona",,,5283323.5,5273569,5293078,
PNTM9M2jMkKm3GLHpLiq3J4gE,"","North Campus",Gammage,"W", 10/21/2025 04:20:00 PM,"(UTC-07:00) Arizona",,,5240311.5,5240311.5,5240311.5,
PNTM9M2jMkKm3GLHpLiq3J4gE,"","North Campus",Gammage,"W", 10/21/2025 04:30:00 PM,"(UTC-07:00) Arizona",,,5253419.5,5253419.5,5253419.5,
PNTM9M2jMkKm3GLHpLiq3J4gE,"","North Campus",Gammage,"W", 10/21/2025 04:40:00 PM,"(UTC-07:00) Arizona",,,5261827.5,5261827.5,5261827.5,
PNTM9M2jMkKm3GLHpLiq3J4gE,"","North Campus",Gammage,"W", 10/21/2025 04:50:00 PM,"(UTC-07:00) Arizona",,,5232311.75,5221568,5243055.5,
PNTM9M2jMkKm3GLHpLiq3J4gE,"","North Campus",Gammage,"W", 10/21/2025 05:00:00 PM,"(UTC-07:00) Arizona",,,5105374,5056787.5,5153960.5,
PNTM9M2jMkKm3GLHpLiq3J4gE,"","North Campus",Gammage,"W", 10/21/2025 05:10:00 PM,"(UTC-07:00) Arizona",,,5109760.5,5109760.5,5109760.5,
PNTM9M2jMkKm3GLHpLiq3J4gE,"","North Campus",Gammage,"W", 10/21/2025 05:20:00 PM,"(UTC-07:00) Arizona",,,5167937.25,5078460,5257414.5,
PNTM9M2jMkKm3GLHpLiq3J4gE,"","North Campus",Gammage,"W", 10/21/2025 05:30:00 PM,"(UTC-07:00) Arizona",,,5128207.5,5128207.5,5128207.5,
PNTM9M2jMkKm3GLHpLiq3J4gE,"","North Campus",Gammage,"W", 10/21/2025 05:40:00 PM,"(UTC-07:00) Arizona",,,5111862.5,5111862.5,5111862.5,
PNTM9M2jMkKm3GLHpLiq3J4gE,"","North Campus",Gammage,"W", 10/21/2025 05:50:00 PM,"(UTC-07:00) Arizona",,,5027971.5,5027971.5,5027971.5,
PNTM9M2jMkKm3GLHpLiq3J4gE,"","North Campus",Gammage,"W", 10/21/2025 06:00:00 PM,"(UTC-07:00) Arizona",,,4977826.5,4977826.5,4977826.5,
PNTM9M2jMkKm3GLHpLiq3J4gE,"","North Campus",Gammage,"W", 10/21/2025 06:10:00 PM,"(UTC-07:00) Arizona",,,4928834,4928834,4928834,
PNTM9M2jMkKm3GLHpLiq3J4gE,"","North Campus",Gammage,"W", 10/21/2025 06:20:00 PM,"(UTC-07:00) Arizona",,,4909314.5,4909314.5,4909314.5,
PNTM9M2jMkKm3GLHpLiq3J4gE,"","North Campus",Gammage,"W", 10/21/2025 06:30:00 PM,"(UTC-07:00) Arizona",,,4912915,4912915,4912915,
PNTM9M2jMkKm3GLHpLiq3J4gE,"","North Campus",Gammage,"W", 10/21/2025 06:40:00 PM,"(UTC-07:00) Arizona",,,4873231,4873231,4873231,
PNTM9M2jMkKm3GLHpLiq3J4gE,"","North Campus",Gammage,"W", 10/21/2025 06:50:00 PM,"(UTC-07:00) Arizona",,,4787724.5,4787724.5,4787724.5,
PNTM9M2jMkKm3GLHpLiq3J4gE,"","North Campus",Gammage,"W", 10/21/2025 07:00:00 PM,"(UTC-07:00) Arizona",,,4580382,4566091,4594673,
PNTM9M2jMkKm3GLHpLiq3J4gE,"","North Campus",Gammage,"W", 10/21/2025 07:10:00 PM,"(UTC-07:00) Arizona",,,4509538,4509538,4509538,
PNTM9M2jMkKm3GLHpLiq3J4gE,"","North Campus",Gammage,"W", 10/21/2025 07:20:00 PM,"(UTC-07:00) Arizona",,,4508187.5,4505321,4511054,
PNTM9M2jMkKm3GLHpLiq3J4gE,"","North Campus",Gammage,"W", 10/21/2025 07:30:00 PM,"(UTC-07:00) Arizona",,,4520982,4520982,4520982,
PNTM9M2jMkKm3GLHpLiq3J4gE,"","North Campus",Gammage,"W", 10/21/2025 07:40:00 PM,"(UTC-07:00) Arizona",,,4415078,4415078,4415078,
PNTM9M2jMkKm3GLHpLiq3J4gE,"","North Campus",Gammage,"W", 10/21/2025 07:50:00 PM,"(UTC-07:00) Arizona",,,4387744.5,4342739.5,4432749.5,
PNTM9M2jMkKm3GLHpLiq3J4gE,"","North Campus",Gammage,"W", 10/21/2025 08:00:00 PM,"(UTC-07:00) Arizona",,,4292272,4292272,4292272,
PNTM9M2jMkKm3GLHpLiq3J4gE,"","North Campus",Gammage,"W", 10/21/2025 08:10:00 PM,"(UTC-07:00) Arizona",,,4292668.5,4292668.5,4292668.5,
PNTM9M2jMkKm3GLHpLiq3J4gE,"","North Campus",Gammage,"W", 10/21/2025 08:20:00 PM,"(UTC-07:00) Arizona",,,4239001.5,4239001.5,4239001.5,
PNTM9M2jMkKm3GLHpLiq3J4gE,"","North Campus",Gammage,"W", 10/21/2025 08:30:00 PM,"(UTC-07:00) Arizona",,,4237643.5,4237643.5,4237643.5,
PNTM9M2jMkKm3GLHpLiq3J4gE,"","North Campus",Gammage,"W", 10/21/2025 08:40:00 PM,"(UTC-07:00) Arizona",,,4142121.65,4115205.8,4169037.5,
PNTM9M2jMkKm3GLHpLiq3J4gE,"","North Campus",Gammage,"W", 10/21/2025 08:50:00 PM,"(UTC-07:00) Arizona",,,4136648.8,4136648.8,4136648.8,
PNTM9M2jMkKm3GLHpLiq3J4gE,"","North Campus",Gammage,"W", 10/21/2025 09:00:00 PM,"(UTC-07:00) Arizona",,,4102560.2,4102560.2,4102560.2,
PNTM9M2jMkKm3GLHpLiq3J4gE,"","North Campus",Gammage,"W", 10/21/2025 09:10:00 PM,"(UTC-07:00) Arizona",,,4067177,4067177,4067177,
PNTM9M2jMkKm3GLHpLiq3J4gE,"","North Campus",Gammage,"W", 10/21/2025 09:20:00 PM,"(UTC-07:00) Arizona",,,4031183.9,4020769,4041598.8,
PNTM9M2jMkKm3GLHpLiq3J4gE,"","North Campus",Gammage,"W", 10/21/2025 09:30:00 PM,"(UTC-07:00) Arizona",,,4022786.5,4022786.5,4022786.5,
PNTM9M2jMkKm3GLHpLiq3J4gE,"","North Campus",Gammage,"W", 10/21/2025 09:40:00 PM,"(UTC-07:00) Arizona",,,4027789.3,4014303.8,4041274.8,
PNTM9M2jMkKm3GLHpLiq3J4gE,"","North Campus",Gammage,"W", 10/21/2025 09:50:00 PM,"(UTC-07:00) Arizona",,,3919425.75,3908637.5,3930214,
PNTM9M2jMkKm3GLHpLiq3J4gE,"","North Campus",Gammage,"W", 10/21/2025 10:00:00 PM,"(UTC-07:00) Arizona",,,3877018.5,3877018.5,3877018.5,
PNTM9M2jMkKm3GLHpLiq3J4gE,"","North Campus",Gammage,"W", 10/21/2025 10:10:00 PM,"(UTC-07:00) Arizona",,,3845265,3845265,3845265,
PNTM9M2jMkKm3GLHpLiq3J4gE,"","North Campus",Gammage,"W", 10/21/2025 10:20:00 PM,"(UTC-07:00) Arizona",,,3849637.5,3849637.5,3849637.5,
PNTM9M2jMkKm3GLHpLiq3J4gE,"","North Campus",Gammage,"W", 10/21/2025 10:30:00 PM,"(UTC-07:00) Arizona",,,3803947.8,3803947.8,3803947.8,
PNTM9M2jMkKm3GLHpLiq3J4gE,"","North Campus",Gammage,"W", 10/21/2025 10:40:00 PM,"(UTC-07:00) Arizona",,,3778587.5,3778587.5,3778587.5,
PNTM9M2jMkKm3GLHpLiq3J4gE,"","North Campus",Gammage,"W", 10/21/2025 10:50:00 PM,"(UTC-07:00) Arizona",,,3776748.5,3776748.5,3776748.5,
PNTM9M2jMkKm3GLHpLiq3J4gE,"","North Campus",Gammage,"W", 10/21/2025 11:00:00 PM,"(UTC-07:00) Arizona",,,3612577.75,3604674,3620481.5,
PNTM9M2jMkKm3GLHpLiq3J4gE,"","North Campus",Gammage,"W", 10/21/2025 11:10:00 PM,"(UTC-07:00) Arizona",,,3634236,3634236,3634236,
PNTM9M2jMkKm3GLHpLiq3J4gE,"","North Campus",Gammage,"W", 10/21/2025 11:20:00 PM,"(UTC-07:00) Arizona",,,3553995.8,3553995.8,3553995.8,
PNTM9M2jMkKm3GLHpLiq3J4gE,"","North Campus",Gammage,"W", 10/21/2025 11:30:00 PM,"(UTC-07:00) Arizona",,,3568650.8,3568650.8,3568650.8,
PNTM9M2jMkKm3GLHpLiq3J4gE,"","North Campus",Gammage,"W", 10/21/2025 11:40:00 PM,"(UTC-07:00) Arizona",,,3550195.5,3549301.2,3551089.8,
PNTM9M2jMkKm3GLHpLiq3J4gE,"","North Campus",Gammage,"W", 10/21/2025 11:50:00 PM,"(UTC-07:00) Arizona",,,3542123.2,3542123.2,3542123.2,
PNTM9M2jMkKm3GLHpLiq3J4gE,"","North Campus",Gammage,"W", 10/22/2025 12:00:00 AM,"(UTC-07:00) Arizona",,,3512534.85,3490363.2,3534706.5,
PNTM9M2jMkKm3GLHpLiq3J4gE,"","North Campus",Gammage,"W", 10/22/2025 12:10:00 AM,"(UTC-07:00) Arizona",,,3463789.8,3463789.8,3463789.8,
PNTM9M2jMkKm3GLHpLiq3J4gE,"","North Campus",Gammage,"W", 10/22/2025 12:20:00 AM,"(UTC-07:00) Arizona",,,3505159.8,3505159.8,3505159.8,
PNTM9M2jMkKm3GLHpLiq3J4gE,"","North Campus",Gammage,"W", 10/22/2025 12:30:00 AM,"(UTC-07:00) Arizona",,,3496030.5,3496030.5,3496030.5,
PNTM9M2jMkKm3GLHpLiq3J4gE,"","North Campus",Gammage,"W", 10/22/2025 12:40:00 AM,"(UTC-07:00) Arizona",,,3450873.1,3442473,3459273.2,
PNTM9M2jMkKm3GLHpLiq3J4gE,"","North Campus",Gammage,"W", 10/22/2025 12:50:00 AM,"(UTC-07:00) Arizona",,,3492990.2,3492990.2,3492990.2,
PNTM9M2jMkKm3GLHpLiq3J4gE,"","North Campus",Gammage,"W", 10/22/2025 01:00:00 AM,"(UTC-07:00) Arizona",,,3411016.2,3411016.2,3411016.2,
PNTM9M2jMkKm3GLHpLiq3J4gE,"","North Campus",Gammage,"W", 10/22/2025 01:10:00 AM,"(UTC-07:00) Arizona",,,3391107,3391107,3391107,
PNTM9M2jMkKm3GLHpLiq3J4gE,"","North Campus",Gammage,"W", 10/22/2025 01:20:00 AM,"(UTC-07:00) Arizona",,,3404351.2,3404351.2,3404351.2,
PNTM9M2jMkKm3GLHpLiq3J4gE,"","North Campus",Gammage,"W", 10/22/2025 01:30:00 AM,"(UTC-07:00) Arizona",,,3367983.2,3367983.2,3367983.2,
PNTM9M2jMkKm3GLHpLiq3J4gE,"","North Campus",Gammage,"W", 10/22/2025 01:40:00 AM,"(UTC-07:00) Arizona",,,3418642.8,3418642.8,3418642.8,
PNTM9M2jMkKm3GLHpLiq3J4gE,"","North Campus",Gammage,"W", 10/22/2025 01:50:00 AM,"(UTC-07:00) Arizona",,,3346167.2,3346167.2,3346167.2,
PNTM9M2jMkKm3GLHpLiq3J4gE,"","North Campus",Gammage,"W", 10/22/2025 02:00:00 AM,"(UTC-07:00) Arizona",,,3367083.8,3367083.8,3367083.8,
PNTM9M2jMkKm3GLHpLiq3J4gE,"","North Campus",Gammage,"W", 10/22/2025 02:10:00 AM,"(UTC-07:00) Arizona",,,3346892.8,3345668.8,3348116.8,
PNTM9M2jMkKm3GLHpLiq3J4gE,"","North Campus",Gammage,"W", 10/22/2025 02:20:00 AM,"(UTC-07:00) Arizona",,,3348204.8,3348204.8,3348204.8,
PNTM9M2jMkKm3GLHpLiq3J4gE,"","North Campus",Gammage,"W", 10/22/2025 02:30:00 AM,"(UTC-07:00) Arizona",,,3314590,3314590,3314590,
PNTM9M2jMkKm3GLHpLiq3J4gE,"","North Campus",Gammage,"W", 10/22/2025 02:40:00 AM,"(UTC-07:00) Arizona",,,3337081,3337081,3337081,
PNTM9M2jMkKm3GLHpLiq3J4gE,"","North Campus",Gammage,"W", 10/22/2025 02:50:00 AM,"(UTC-07:00) Arizona",,,3354868.25,3330150.5,3379586,
PNTM9M2jMkKm3GLHpLiq3J4gE,"","North Campus",Gammage,"W", 10/22/2025 03:00:00 AM,"(UTC-07:00) Arizona",,,3324538,3324538,3324538,
PNTM9M2jMkKm3GLHpLiq3J4gE,"","North Campus",Gammage,"W", 10/22/2025 03:10:00 AM,"(UTC-07:00) Arizona",,,3335818.2,3335818.2,3335818.2,
PNTM9M2jMkKm3GLHpLiq3J4gE,"","North Campus",Gammage,"W", 10/22/2025 03:20:00 AM,"(UTC-07:00) Arizona",,,3313696.75,3291915.5,3335478,
PNTM9M2jMkKm3GLHpLiq3J4gE,"","North Campus",Gammage,"W", 10/22/2025 03:40:00 AM,"(UTC-07:00) Arizona",,,3346077,3346077,3346077,
PNTM9M2jMkKm3GLHpLiq3J4gE,"","North Campus",Gammage,"W", 10/22/2025 03:50:00 AM,"(UTC-07:00) Arizona",,,3372364,3372364,3372364,
PNTM9M2jMkKm3GLHpLiq3J4gE,"","North Campus",Gammage,"W", 10/22/2025 04:00:00 AM,"(UTC-07:00) Arizona",,,3400527.2,3400527.2,3400527.2,
PNTM9M2jMkKm3GLHpLiq3J4gE,"","North Campus",Gammage,"W", 10/22/2025 04:10:00 AM,"(UTC-07:00) Arizona",,,3394858.8,3394858.8,3394858.8,
PNTM9M2jMkKm3GLHpLiq3J4gE,"","North Campus",Gammage,"W", 10/22/2025 04:20:00 AM,"(UTC-07:00) Arizona",,,3406624.8,3406624.8,3406624.8,
PNTM9M2jMkKm3GLHpLiq3J4gE,"","North Campus",Gammage,"W", 10/22/2025 04:30:00 AM,"(UTC-07:00) Arizona",,,3456848,3456848,3456848,
PNTM9M2jMkKm3GLHpLiq3J4gE,"","North Campus",Gammage,"W", 10/22/2025 04:40:00 AM,"(UTC-07:00) Arizona",,,3473400,3441663.8,3505136.2,
PNTM9M2jMkKm3GLHpLiq3J4gE,"","North Campus",Gammage,"W", 10/22/2025 04:50:00 AM,"(UTC-07:00) Arizona",,,3465433.2,3465433.2,3465433.2,
PNTM9M2jMkKm3GLHpLiq3J4gE,"","North Campus",Gammage,"W", 10/22/2025 05:00:00 AM,"(UTC-07:00) Arizona",,,3485143,3485143,3485143,
PNTM9M2jMkKm3GLHpLiq3J4gE,"","North Campus",Gammage,"W", 10/22/2025 05:10:00 AM,"(UTC-07:00) Arizona",,,3488094,3474061.5,3502126.5,
PNTM9M2jMkKm3GLHpLiq3J4gE,"","North Campus",Gammage,"W", 10/22/2025 05:30:00 AM,"(UTC-07:00) Arizona",,,3525016.5,3525016.5,3525016.5,
PNTM9M2jMkKm3GLHpLiq3J4gE,"","North Campus",Gammage,"W", 10/22/2025 05:40:00 AM,"(UTC-07:00) Arizona",,,3549853.5,3549853.5,3549853.5,
PNTM9M2jMkKm3GLHpLiq3J4gE,"","North Campus",Gammage,"W", 10/22/2025 05:50:00 AM,"(UTC-07:00) Arizona",,,3566748,3566748,3566748,
PNTM9M2jMkKm3GLHpLiq3J4gE,"","North Campus",Gammage,"W", 10/22/2025 06:00:00 AM,"(UTC-07:00) Arizona",,,3672343,3672343,3672343,
PNTM9M2jMkKm3GLHpLiq3J4gE,"","North Campus",Gammage,"W", 10/22/2025 06:10:00 AM,"(UTC-07:00) Arizona",,,3678763.5,3678763.5,3678763.5,
PNTM9M2jMkKm3GLHpLiq3J4gE,"","North Campus",Gammage,"W", 10/22/2025 06:20:00 AM,"(UTC-07:00) Arizona",,,3770093.8,3770093.8,3770093.8,
PNTM9M2jMkKm3GLHpLiq3J4gE,"","North Campus",Gammage,"W", 10/22/2025 06:30:00 AM,"(UTC-07:00) Arizona",,,3750631.75,3731249,3770014.5,
PNTM9M2jMkKm3GLHpLiq3J4gE,"","North Campus",Gammage,"W", 10/22/2025 06:40:00 AM,"(UTC-07:00) Arizona",,,3755861.2,3755861.2,3755861.2,
PNTM9M2jMkKm3GLHpLiq3J4gE,"","North Campus",Gammage,"W", 10/22/2025 06:50:00 AM,"(UTC-07:00) Arizona",,,3756246.8,3756246.8,3756246.8,
PNTM9M2jMkKm3GLHpLiq3J4gE,"","North Campus",Gammage,"W", 10/22/2025 07:00:00 AM,"(UTC-07:00) Arizona",,,4023748.5,4015501.5,4031995.5,
PNTM9M2jMkKm3GLHpLiq3J4gE,"","North Campus",Gammage,"W", 10/22/2025 07:10:00 AM,"(UTC-07:00) Arizona",,,4081677.2,4081677.2,4081677.2,
PNTM9M2jMkKm3GLHpLiq3J4gE,"","North Campus",Gammage,"W", 10/22/2025 07:20:00 AM,"(UTC-07:00) Arizona",,,4089074.5,4089074.5,4089074.5,
PNTM9M2jMkKm3GLHpLiq3J4gE,"","North Campus",Gammage,"W", 10/22/2025 07:30:00 AM,"(UTC-07:00) Arizona",,,4034464.5,4034464.5,4034464.5,
PNTM9M2jMkKm3GLHpLiq3J4gE,"","North Campus",Gammage,"W", 10/22/2025 07:40:00 AM,"(UTC-07:00) Arizona",,,4193395.5,4193395.5,4193395.5,
PNTM9M2jMkKm3GLHpLiq3J4gE,"","North Campus",Gammage,"W", 10/22/2025 07:50:00 AM,"(UTC-07:00) Arizona",,,4235906.5,4235906.5,4235906.5,
PNTM9M2jMkKm3GLHpLiq3J4gE,"","North Campus",Gammage,"W", 10/22/2025 08:00:00 AM,"(UTC-07:00) Arizona",,,4270054.5,4270054.5,4270054.5,
PNTM9M2jMkKm3GLHpLiq3J4gE,"","North Campus",Gammage,"W", 10/22/2025 08:10:00 AM,"(UTC-07:00) Arizona",,,4359468,4359468,4359468,
PNTM9M2jMkKm3GLHpLiq3J4gE,"","North Campus",Gammage,"W", 10/22/2025 08:20:00 AM,"(UTC-07:00) Arizona",,,4413576.5,4413576.5,4413576.5,
PNTM9M2jMkKm3GLHpLiq3J4gE,"","North Campus",Gammage,"W", 10/22/2025 08:30:00 AM,"(UTC-07:00) Arizona",,,4468416.5,4468416.5,4468416.5,
PNTM9M2jMkKm3GLHpLiq3J4gE,"","North Campus",Gammage,"W", 10/22/2025 08:40:00 AM,"(UTC-07:00) Arizona",,,4699354.5,4699354.5,4699354.5,
PNTM9M2jMkKm3GLHpLiq3J4gE,"","North Campus",Gammage,"W", 10/22/2025 08:50:00 AM,"(UTC-07:00) Arizona",,,4595844,4588633,4603055,
PNTM9M2jMkKm3GLHpLiq3J4gE,"","North Campus",Gammage,"W", 10/22/2025 09:00:00 AM,"(UTC-07:00) Arizona",,,4667710,4667710,4667710,
PNTM9M2jMkKm3GLHpLiq3J4gE,"","North Campus",Gammage,"W", 10/22/2025 09:10:00 AM,"(UTC-07:00) Arizona",,,4690603.5,4690603.5,4690603.5,
PNTM9M2jMkKm3GLHpLiq3J4gE,"","North Campus",Gammage,"W", 10/22/2025 09:20:00 AM,"(UTC-07:00) Arizona",,,4602160,4592663,4611657,
PNTM9M2jMkKm3GLHpLiq3J4gE,"","North Campus",Gammage,"W", 10/22/2025 09:30:00 AM,"(UTC-07:00) Arizona",,,4666149.5,4666149.5,4666149.5,
PNTM9M2jMkKm3GLHpLiq3J4gE,"","North Campus",Gammage,"W", 10/22/2025 09:40:00 AM,"(UTC-07:00) Arizona",,,4806127,4806127,4806127,
PNTM9M2jMkKm3GLHpLiq3J4gE,"","North Campus",Gammage,"W", 10/22/2025 09:50:00 AM,"(UTC-07:00) Arizona",,,4862010.5,4862010.5,4862010.5,
PNTM9M2jMkKm3GLHpLiq3J4gE,"","North Campus",Gammage,"W", 10/22/2025 10:00:00 AM,"(UTC-07:00) Arizona",,,4834063,4834063,4834063,
PNTM9M2jMkKm3GLHpLiq3J4gE,"","North Campus",Gammage,"W", 10/22/2025 10:10:00 AM,"(UTC-07:00) Arizona",,,5026118.5,5026118.5,5026118.5,
PNTM9M2jMkKm3GLHpLiq3J4gE,"","North Campus",Gammage,"W", 10/22/2025 10:20:00 AM,"(UTC-07:00) Arizona",,,4944230.5,4944230.5,4944230.5,
PNTM9M2jMkKm3GLHpLiq3J4gE,"","North Campus",Gammage,"W", 10/22/2025 10:30:00 AM,"(UTC-07:00) Arizona",,,4925152.5,4925152.5,4925152.5,
PNTM9M2jMkKm3GLHpLiq3J4gE,"","North Campus",Gammage,"W", 10/22/2025 10:40:00 AM,"(UTC-07:00) Arizona",,,4556579,4556579,4556579,
PNTM9M2jMkKm3GLHpLiq3J4gE,"","North Campus",Gammage,"W", 10/22/2025 10:50:00 AM,"(UTC-07:00) Arizona",,,4657812.25,4535768.5,4779856,
PNTM9M2jMkKm3GLHpLiq3J4gE,"","North Campus",Gammage,"W", 10/22/2025 11:00:00 AM,"(UTC-07:00) Arizona",,,4852258.5,4852258.5,4852258.5,
PNTM9M2jMkKm3GLHpLiq3J4gE,"","North Campus",Gammage,"W", 10/22/2025 11:10:00 AM,"(UTC-07:00) Arizona",,,4951501,4948926.5,4954075.5,
PNTM9M2jMkKm3GLHpLiq3J4gE,"","North Campus",Gammage,"W", 10/22/2025 11:20:00 AM,"(UTC-07:00) Arizona",,,4788970,4788970,4788970,
PNTM9M2jMkKm3GLHpLiq3J4gE,"","North Campus",Gammage,"W", 10/22/2025 11:30:00 AM,"(UTC-07:00) Arizona",,,4851664,4851664,4851664,
PNTM9M2jMkKm3GLHpLiq3J4gE,"","North Campus",Gammage,"W", 10/22/2025 11:40:00 AM,"(UTC-07:00) Arizona",,,4936581.5,4936581.5,4936581.5,
PNTM9M2jMkKm3GLHpLiq3J4gE,"","North Campus",Gammage,"W", 10/22/2025 11:50:00 AM,"(UTC-07:00) Arizona",,,4834948,4834948,4834948,
PNTM9M2jMkKm3GLHpLiq3J4gE,"","North Campus",Gammage,"W", 10/22/2025 12:00:00 PM,"(UTC-07:00) Arizona",,,4665451.25,4566960.5,4763942,
PNTM9M2jMkKm3GLHpLiq3J4gE,"","North Campus",Gammage,"W", 10/22/2025 12:10:00 PM,"(UTC-07:00) Arizona",,,4990302.5,4990302.5,4990302.5,
PNTM9M2jMkKm3GLHpLiq3J4gE,"","North Campus",Gammage,"W", 10/22/2025 12:20:00 PM,"(UTC-07:00) Arizona",,,4955204,4942993.5,4967414.5,
PNTM9M2jMkKm3GLHpLiq3J4gE,"","North Campus",Gammage,"W", 10/22/2025 12:30:00 PM,"(UTC-07:00) Arizona",,,5012087.5,5012087.5,5012087.5,
PNTM9M2jMkKm3GLHpLiq3J4gE,"","North Campus",Gammage,"W", 10/22/2025 12:40:00 PM,"(UTC-07:00) Arizona",,,4707485.5,4707485.5,4707485.5,
PNTM9M2jMkKm3GLHpLiq3J4gE,"","North Campus",Gammage,"W", 10/22/2025 12:50:00 PM,"(UTC-07:00) Arizona",,,5116317,5116317,5116317,
PNTM9M2jMkKm3GLHpLiq3J4gE,"","North Campus",Gammage,"W", 10/22/2025 01:00:00 PM,"(UTC-07:00) Arizona",,,4910581.5,4910581.5,4910581.5,
PNTM9M2jMkKm3GLHpLiq3J4gE,"","North Campus",Gammage,"W", 10/22/2025 01:10:00 PM,"(UTC-07:00) Arizona",,,4984949.5,4971805,4998094,
PNTM9M2jMkKm3GLHpLiq3J4gE,"","North Campus",Gammage,"W", 10/22/2025 01:20:00 PM,"(UTC-07:00) Arizona",,,4974823,4974823,4974823,
PNTM9M2jMkKm3GLHpLiq3J4gE,"","North Campus",Gammage,"W", 10/22/2025 01:30:00 PM,"(UTC-07:00) Arizona",,,5055352,5055352,5055352,
PNTM9M2jMkKm3GLHpLiq3J4gE,"","North Campus",Gammage,"W", 10/22/2025 01:40:00 PM,"(UTC-07:00) Arizona",,,4939501,4939501,4939501,
PNTM9M2jMkKm3GLHpLiq3J4gE,"","North Campus",Gammage,"W", 10/22/2025 01:50:00 PM,"(UTC-07:00) Arizona",,,4975109,4975109,4975109,
PNTM9M2jMkKm3GLHpLiq3J4gE,"","North Campus",Gammage,"W", 10/22/2025 02:00:00 PM,"(UTC-07:00) Arizona",,,5078242,5078242,5078242,
PNTM9M2jMkKm3GLHpLiq3J4gE,"","North Campus",Gammage,"W", 10/22/2025 02:10:00 PM,"(UTC-07:00) Arizona",,,4822082.5,4822082.5,4822082.5,
PNTM9M2jMkKm3GLHpLiq3J4gE,"","North Campus",Gammage,"W", 10/22/2025 02:20:00 PM,"(UTC-07:00) Arizona",,,5157978.5,5157978.5,5157978.5,
PNTM9M2jMkKm3GLHpLiq3J4gE,"","North Campus",Gammage,"W", 10/22/2025 02:30:00 PM,"(UTC-07:00) Arizona",,,4974109,4974109,4974109,
PNTM9M2jMkKm3GLHpLiq3J4gE,"","North Campus",Gammage,"W", 10/22/2025 02:40:00 PM,"(UTC-07:00) Arizona",,,4958197.333333333,4895268,5058168,
PNTM9M2jMkKm3GLHpLiq3J4gE,"","North Campus",Gammage,"W", 10/22/2025 02:50:00 PM,"(UTC-07:00) Arizona",,,5135971.5,5135971.5,5135971.5,
PNTM9M2jMkKm3GLHpLiq3J4gE,"","North Campus",Gammage,"W", 10/22/2025 03:00:00 PM,"(UTC-07:00) Arizona",,,5050491,5050491,5050491,
PNTM9M2jMkKm3GLHpLiq3J4gE,"","North Campus",Gammage,"W", 10/22/2025 03:10:00 PM,"(UTC-07:00) Arizona",,,4883359.5,4883359.5,4883359.5,
PNTM9M2jMkKm3GLHpLiq3J4gE,"","North Campus",Gammage,"W", 10/22/2025 03:20:00 PM,"(UTC-07:00) Arizona",,,5009995.25,4903033.5,5116957,
PNTM9M2jMkKm3GLHpLiq3J4gE,"","North Campus",Gammage,"W", 10/22/2025 03:30:00 PM,"(UTC-07:00) Arizona",,,5107743,5107743,5107743,
PNTM9M2jMkKm3GLHpLiq3J4gE,"","North Campus",Gammage,"W", 10/22/2025 03:40:00 PM,"(UTC-07:00) Arizona",,,5136619,5136619,5136619,
PNTM9M2jMkKm3GLHpLiq3J4gE,"","North Campus",Gammage,"W", 10/22/2025 03:50:00 PM,"(UTC-07:00) Arizona",,,5009951.25,4943967.5,5075935,
PNTM9M2jMkKm3GLHpLiq3J4gE,"","North Campus",Gammage,"W", 10/22/2025 04:00:00 PM,"(UTC-07:00) Arizona",,,4986569.5,4986569.5,4986569.5,
PNTM9M2jMkKm3GLHpLiq3J4gE,"","North Campus",Gammage,"W", 10/22/2025 04:10:00 PM,"(UTC-07:00) Arizona",,,4945175,4945175,4945175,
PNTM9M2jMkKm3GLHpLiq3J4gE,"","North Campus",Gammage,"W", 10/22/2025 04:20:00 PM,"(UTC-07:00) Arizona",,,4955202,4955202,4955202,
PNTM9M2jMkKm3GLHpLiq3J4gE,"","North Campus",Gammage,"W", 10/22/2025 04:30:00 PM,"(UTC-07:00) Arizona",,,5027360,5027360,5027360,
PNTM9M2jMkKm3GLHpLiq3J4gE,"","North Campus",Gammage,"W", 10/22/2025 04:40:00 PM,"(UTC-07:00) Arizona",,,5065199,5065199,5065199,
PNTM9M2jMkKm3GLHpLiq3J4gE,"","North Campus",Gammage,"W", 10/22/2025 04:50:00 PM,"(UTC-07:00) Arizona",,,5011721.75,4945291.5,5078152,
PNTM9M2jMkKm3GLHpLiq3J4gE,"","North Campus",Gammage,"W", 10/22/2025 05:00:00 PM,"(UTC-07:00) Arizona",,,5035197.75,5031322.5,5039073,
PNTM9M2jMkKm3GLHpLiq3J4gE,"","North Campus",Gammage,"W", 10/22/2025 05:10:00 PM,"(UTC-07:00) Arizona",,,4986880,4986880,4986880,
PNTM9M2jMkKm3GLHpLiq3J4gE,"","North Campus",Gammage,"W", 10/22/2025 05:20:00 PM,"(UTC-07:00) Arizona",,,4951722,4951722,4951722,
PNTM9M2jMkKm3GLHpLiq3J4gE,"","North Campus",Gammage,"W", 10/22/2025 05:30:00 PM,"(UTC-07:00) Arizona",,,5028411,5028411,5028411,
PNTM9M2jMkKm3GLHpLiq3J4gE,"","North Campus",Gammage,"W", 10/22/2025 05:40:00 PM,"(UTC-07:00) Arizona",,,4894774.25,4888315,4901233.5,
PNTM9M2jMkKm3GLHpLiq3J4gE,"","North Campus",Gammage,"W", 10/22/2025 05:50:00 PM,"(UTC-07:00) Arizona",,,4894687.5,4894687.5,4894687.5,
PNTM9M2jMkKm3GLHpLiq3J4gE,"","North Campus",Gammage,"W", 10/22/2025 06:00:00 PM,"(UTC-07:00) Arizona",,,4743030.5,4743030.5,4743030.5,
PNTM9M2jMkKm3GLHpLiq3J4gE,"","North Campus",Gammage,"W", 10/22/2025 06:10:00 PM,"(UTC-07:00) Arizona",,,4825808,4825808,4825808,
PNTM9M2jMkKm3GLHpLiq3J4gE,"","North Campus",Gammage,"W", 10/22/2025 06:20:00 PM,"(UTC-07:00) Arizona",,,4823641.75,4816896.5,4830387,
PNTM9M2jMkKm3GLHpLiq3J4gE,"","North Campus",Gammage,"W", 10/22/2025 06:30:00 PM,"(UTC-07:00) Arizona",,,4681318.5,4681318.5,4681318.5,
PNTM9M2jMkKm3GLHpLiq3J4gE,"","North Campus",Gammage,"W", 10/22/2025 06:40:00 PM,"(UTC-07:00) Arizona",,,4756303,4756303,4756303,
PNTM9M2jMkKm3GLHpLiq3J4gE,"","North Campus",Gammage,"W", 10/22/2025 06:50:00 PM,"(UTC-07:00) Arizona",,,4605792.5,4605792.5,4605792.5,
PNTM9M2jMkKm3GLHpLiq3J4gE,"","North Campus",Gammage,"W", 10/22/2025 07:00:00 PM,"(UTC-07:00) Arizona",,,4555150,4555150,4555150,
PNTM9M2jMkKm3GLHpLiq3J4gE,"","North Campus",Gammage,"W", 10/22/2025 07:10:00 PM,"(UTC-07:00) Arizona",,,4540742.5,4540742.5,4540742.5,
PNTM9M2jMkKm3GLHpLiq3J4gE,"","North Campus",Gammage,"W", 10/22/2025 07:20:00 PM,"(UTC-07:00) Arizona",,,4542369,4542369,4542369,
PNTM9M2jMkKm3GLHpLiq3J4gE,"","North Campus",Gammage,"W", 10/22/2025 07:30:00 PM,"(UTC-07:00) Arizona",,,4493200.5,4493200.5,4493200.5,
PNTM9M2jMkKm3GLHpLiq3J4gE,"","North Campus",Gammage,"W", 10/22/2025 07:40:00 PM,"(UTC-07:00) Arizona",,,4498784.5,4498784.5,4498784.5,
PNTM9M2jMkKm3GLHpLiq3J4gE,"","North Campus",Gammage,"W", 10/22/2025 07:50:00 PM,"(UTC-07:00) Arizona",,,4426813.25,4416841,4436785.5,
PNTM9M2jMkKm3GLHpLiq3J4gE,"","North Campus",Gammage,"W", 10/22/2025 08:00:00 PM,"(UTC-07:00) Arizona",,,4391027.25,4370498.5,4411556,
PNTM9M2jMkKm3GLHpLiq3J4gE,"","North Campus",Gammage,"W", 10/22/2025 08:20:00 PM,"(UTC-07:00) Arizona",,,4415158.75,4407107.5,4423210,
PNTM9M2jMkKm3GLHpLiq3J4gE,"","North Campus",Gammage,"W", 10/22/2025 08:30:00 PM,"(UTC-07:00) Arizona",,,4377072,4377072,4377072,
PNTM9M2jMkKm3GLHpLiq3J4gE,"","North Campus",Gammage,"W", 10/22/2025 08:40:00 PM,"(UTC-07:00) Arizona",,,4319830.25,4314182.5,4325478,
PNTM9M2jMkKm3GLHpLiq3J4gE,"","North Campus",Gammage,"W", 10/22/2025 08:50:00 PM,"(UTC-07:00) Arizona",,,4273936.5,4273936.5,4273936.5,
PNTM9M2jMkKm3GLHpLiq3J4gE,"","North Campus",Gammage,"W", 10/22/2025 09:00:00 PM,"(UTC-07:00) Arizona",,,4256522,4256522,4256522,
PNTM9M2jMkKm3GLHpLiq3J4gE,"","North Campus",Gammage,"W", 10/22/2025 09:10:00 PM,"(UTC-07:00) Arizona",,,4188953.8,4188953.8,4188953.8,
PNTM9M2jMkKm3GLHpLiq3J4gE,"","North Campus",Gammage,"W", 10/22/2025 09:20:00 PM,"(UTC-07:00) Arizona",,,4183339.65,4175958.5,4190720.8,
PNTM9M2jMkKm3GLHpLiq3J4gE,"","North Campus",Gammage,"W", 10/22/2025 09:30:00 PM,"(UTC-07:00) Arizona",,,4181971.5,4181971.5,4181971.5,
PNTM9M2jMkKm3GLHpLiq3J4gE,"","North Campus",Gammage,"W", 10/22/2025 09:40:00 PM,"(UTC-07:00) Arizona",,,4199995,4199995,4199995,
PNTM9M2jMkKm3GLHpLiq3J4gE,"","North Campus",Gammage,"W", 10/22/2025 10:00:00 PM,"(UTC-07:00) Arizona",,,4016331.9,3983622.8,4049041,
PNTM9M2jMkKm3GLHpLiq3J4gE,"","North Campus",Gammage,"W", 10/22/2025 10:10:00 PM,"(UTC-07:00) Arizona",,,3912903,3912903,3912903,
PNTM9M2jMkKm3GLHpLiq3J4gE,"","North Campus",Gammage,"W", 10/22/2025 10:20:00 PM,"(UTC-07:00) Arizona",,,3869765.8,3869765.8,3869765.8,
PNTM9M2jMkKm3GLHpLiq3J4gE,"","North Campus",Gammage,"W", 10/22/2025 10:30:00 PM,"(UTC-07:00) Arizona",,,3864028.75,3838198,3889859.5,
PNTM9M2jMkKm3GLHpLiq3J4gE,"","North Campus",Gammage,"W", 10/22/2025 10:40:00 PM,"(UTC-07:00) Arizona",,,3825199,3825199,3825199,
PNTM9M2jMkKm3GLHpLiq3J4gE,"","North Campus",Gammage,"W", 10/22/2025 10:50:00 PM,"(UTC-07:00) Arizona",,,3830796.5,3830796.5,3830796.5,
PNTM9M2jMkKm3GLHpLiq3J4gE,"","North Campus",Gammage,"W", 10/22/2025 11:00:00 PM,"(UTC-07:00) Arizona",,,3726908.8,3726908.8,3726908.8,
PNTM9M2jMkKm3GLHpLiq3J4gE,"","North Campus",Gammage,"W", 10/22/2025 11:10:00 PM,"(UTC-07:00) Arizona",,,3676488.5,3676488.5,3676488.5,
PNTM9M2jMkKm3GLHpLiq3J4gE,"","North Campus",Gammage,"W", 10/22/2025 11:20:00 PM,"(UTC-07:00) Arizona",,,3672079.35,3663156.2,3681002.5,
PNTM9M2jMkKm3GLHpLiq3J4gE,"","North Campus",Gammage,"W", 10/22/2025 11:30:00 PM,"(UTC-07:00) Arizona",,,3684245.8,3684245.8,3684245.8,
PNTM9M2jMkKm3GLHpLiq3J4gE,"","North Campus",Gammage,"W", 10/22/2025 11:40:00 PM,"(UTC-07:00) Arizona",,,3676563.5,3676563.5,3676563.5,
PNTM9M2jMkKm3GLHpLiq3J4gE,"","North Campus",Gammage,"W", 10/22/2025 11:50:00 PM,"(UTC-07:00) Arizona",,,3641783.15,3620380.8,3663185.5,
PNTM9M2jMkKm3GLHpLiq3J4gE,"","North Campus",Gammage,"W", 10/23/2025 12:00:00 AM,"(UTC-07:00) Arizona",,,3581238.5,3581238.5,3581238.5,
PNTM9M2jMkKm3GLHpLiq3J4gE,"","North Campus",Gammage,"W", 10/23/2025 12:10:00 AM,"(UTC-07:00) Arizona",,,3575812.1,3546501,3605123.2,
PNTM9M2jMkKm3GLHpLiq3J4gE,"","North Campus",Gammage,"W", 10/23/2025 12:20:00 AM,"(UTC-07:00) Arizona",,,3582045.2,3582045.2,3582045.2,
PNTM9M2jMkKm3GLHpLiq3J4gE,"","North Campus",Gammage,"W", 10/23/2025 12:30:00 AM,"(UTC-07:00) Arizona",,,3544652.5,3544652.5,3544652.5,
PNTM9M2jMkKm3GLHpLiq3J4gE,"","North Campus",Gammage,"W", 10/23/2025 12:40:00 AM,"(UTC-07:00) Arizona",,,3487941.5,3485071.5,3490811.5,
PNTM9M2jMkKm3GLHpLiq3J4gE,"","North Campus",Gammage,"W", 10/23/2025 01:00:00 AM,"(UTC-07:00) Arizona",,,3451949.85,3451522.2,3452377.5,
PNTM9M2jMkKm3GLHpLiq3J4gE,"","North Campus",Gammage,"W", 10/23/2025 01:10:00 AM,"(UTC-07:00) Arizona",,,3431822.7,3425366.2,3438279.2,
PNTM9M2jMkKm3GLHpLiq3J4gE,"","North Campus",Gammage,"W", 10/23/2025 01:20:00 AM,"(UTC-07:00) Arizona",,,3446312,3446312,3446312,
PNTM9M2jMkKm3GLHpLiq3J4gE,"","North Campus",Gammage,"W", 10/23/2025 01:30:00 AM,"(UTC-07:00) Arizona",,,3463468.8,3463468.8,3463468.8,
PNTM9M2jMkKm3GLHpLiq3J4gE,"","North Campus",Gammage,"W", 10/23/2025 01:40:00 AM,"(UTC-07:00) Arizona",,,3459241.5,3459241.5,3459241.5,
PNTM9M2jMkKm3GLHpLiq3J4gE,"","North Campus",Gammage,"W", 10/23/2025 01:50:00 AM,"(UTC-07:00) Arizona",,,3435784,3435784,3435784,
PNTM9M2jMkKm3GLHpLiq3J4gE,"","North Campus",Gammage,"W", 10/23/2025 02:00:00 AM,"(UTC-07:00) Arizona",,,3412992.5,3412992.5,3412992.5,
PNTM9M2jMkKm3GLHpLiq3J4gE,"","North Campus",Gammage,"W", 10/23/2025 02:10:00 AM,"(UTC-07:00) Arizona",,,3373524.3,3348341.8,3398706.8,
PNTM9M2jMkKm3GLHpLiq3J4gE,"","North Campus",Gammage,"W", 10/23/2025 02:20:00 AM,"(UTC-07:00) Arizona",,,3391627.8,3391627.8,3391627.8,
PNTM9M2jMkKm3GLHpLiq3J4gE,"","North Campus",Gammage,"W", 10/23/2025 02:30:00 AM,"(UTC-07:00) Arizona",,,3361964.8,3361964.8,3361964.8,
PNTM9M2jMkKm3GLHpLiq3J4gE,"","North Campus",Gammage,"W", 10/23/2025 02:40:00 AM,"(UTC-07:00) Arizona",,,3318693.5,3318693.5,3318693.5,
PNTM9M2jMkKm3GLHpLiq3J4gE,"","North Campus",Gammage,"W", 10/23/2025 02:50:00 AM,"(UTC-07:00) Arizona",,,3316664,3316664,3316664,
PNTM9M2jMkKm3GLHpLiq3J4gE,"","North Campus",Gammage,"W", 10/23/2025 03:00:00 AM,"(UTC-07:00) Arizona",,,3361836.5,3361836.5,3361836.5,
PNTM9M2jMkKm3GLHpLiq3J4gE,"","North Campus",Gammage,"W", 10/23/2025 03:10:00 AM,"(UTC-07:00) Arizona",,,3376001.2,3376001.2,3376001.2,
PNTM9M2jMkKm3GLHpLiq3J4gE,"","North Campus",Gammage,"W", 10/23/2025 03:20:00 AM,"(UTC-07:00) Arizona",,,3351115.1,3345977,3356253.2,
PNTM9M2jMkKm3GLHpLiq3J4gE,"","North Campus",Gammage,"W", 10/23/2025 03:30:00 AM,"(UTC-07:00) Arizona",,,3348070.8,3348070.8,3348070.8,
PNTM9M2jMkKm3GLHpLiq3J4gE,"","North Campus",Gammage,"W", 10/23/2025 03:40:00 AM,"(UTC-07:00) Arizona",,,3377519.15,3356230.8,3398807.5,
PNTM9M2jMkKm3GLHpLiq3J4gE,"","North Campus",Gammage,"W", 10/23/2025 03:50:00 AM,"(UTC-07:00) Arizona",,,3402841.2,3402841.2,3402841.2,
PNTM9M2jMkKm3GLHpLiq3J4gE,"","North Campus",Gammage,"W", 10/23/2025 04:00:00 AM,"(UTC-07:00) Arizona",,,3432333.8,3432333.8,3432333.8,
PNTM9M2jMkKm3GLHpLiq3J4gE,"","North Campus",Gammage,"W", 10/23/2025 04:10:00 AM,"(UTC-07:00) Arizona",,,3462733.8,3462733.8,3462733.8,
PNTM9M2jMkKm3GLHpLiq3J4gE,"","North Campus",Gammage,"W", 10/23/2025 04:20:00 AM,"(UTC-07:00) Arizona",,,3458485.8,3458485.8,3458485.8,
PNTM9M2jMkKm3GLHpLiq3J4gE,"","North Campus",Gammage,"W", 10/23/2025 04:30:00 AM,"(UTC-07:00) Arizona",,,3456338.9,3439133.8,3473544,
PNTM9M2jMkKm3GLHpLiq3J4gE,"","North Campus",Gammage,"W", 10/23/2025 04:40:00 AM,"(UTC-07:00) Arizona",,,3461484,3461484,3461484,
PNTM9M2jMkKm3GLHpLiq3J4gE,"","North Campus",Gammage,"W", 10/23/2025 04:50:00 AM,"(UTC-07:00) Arizona",,,3490724,3490724,3490724,
PNTM9M2jMkKm3GLHpLiq3J4gE,"","North Campus",Gammage,"W", 10/23/2025 05:00:00 AM,"(UTC-07:00) Arizona",,,3524784.2,3524784.2,3524784.2,
PNTM9M2jMkKm3GLHpLiq3J4gE,"","North Campus",Gammage,"W", 10/23/2025 05:10:00 AM,"(UTC-07:00) Arizona",,,3533221.5,3533221.5,3533221.5,
PNTM9M2jMkKm3GLHpLiq3J4gE,"","North Campus",Gammage,"W", 10/23/2025 05:20:00 AM,"(UTC-07:00) Arizona",,,3532513.8,3532513.8,3532513.8,
PNTM9M2jMkKm3GLHpLiq3J4gE,"","North Campus",Gammage,"W", 10/23/2025 05:30:00 AM,"(UTC-07:00) Arizona",,,3601029,3601029,3601029,
PNTM9M2jMkKm3GLHpLiq3J4gE,"","North Campus",Gammage,"W", 10/23/2025 05:40:00 AM,"(UTC-07:00) Arizona",,,3618640.5,3618640.5,3618640.5,
PNTM9M2jMkKm3GLHpLiq3J4gE,"","North Campus",Gammage,"W", 10/23/2025 05:50:00 AM,"(UTC-07:00) Arizona",,,3653058.5,3653058.5,3653058.5,
PNTM9M2jMkKm3GLHpLiq3J4gE,"","North Campus",Gammage,"W", 10/23/2025 06:00:00 AM,"(UTC-07:00) Arizona",,,3711183.2,3711183.2,3711183.2,
PNTM9M2jMkKm3GLHpLiq3J4gE,"","North Campus",Gammage,"W", 10/23/2025 06:10:00 AM,"(UTC-07:00) Arizona",,,3698051,3698051,3698051,
PNTM9M2jMkKm3GLHpLiq3J4gE,"","North Campus",Gammage,"W", 10/23/2025 06:20:00 AM,"(UTC-07:00) Arizona",,,3749982.85,3740544.2,3759421.5,
PNTM9M2jMkKm3GLHpLiq3J4gE,"","North Campus",Gammage,"W", 10/23/2025 06:30:00 AM,"(UTC-07:00) Arizona",,,3804073.2,3804073.2,3804073.2,
PNTM9M2jMkKm3GLHpLiq3J4gE,"","North Campus",Gammage,"W", 10/23/2025 06:40:00 AM,"(UTC-07:00) Arizona",,,3784435,3784435,3784435,
PNTM9M2jMkKm3GLHpLiq3J4gE,"","North Campus",Gammage,"W", 10/23/2025 06:50:00 AM,"(UTC-07:00) Arizona",,,3857401,3857401,3857401,
PNTM9M2jMkKm3GLHpLiq3J4gE,"","North Campus",Gammage,"W", 10/23/2025 07:00:00 AM,"(UTC-07:00) Arizona",,,4006718.5,4006718.5,4006718.5,
PNTM9M2jMkKm3GLHpLiq3J4gE,"","North Campus",Gammage,"W", 10/23/2025 07:10:00 AM,"(UTC-07:00) Arizona",,,3991838.2,3991838.2,3991838.2,
PNTM9M2jMkKm3GLHpLiq3J4gE,"","North Campus",Gammage,"W", 10/23/2025 07:20:00 AM,"(UTC-07:00) Arizona",,,4083447.5,4083447.5,4083447.5,
PNTM9M2jMkKm3GLHpLiq3J4gE,"","North Campus",Gammage,"W", 10/23/2025 07:30:00 AM,"(UTC-07:00) Arizona",,,4091376,4091376,4091376,
PNTM9M2jMkKm3GLHpLiq3J4gE,"","North Campus",Gammage,"W", 10/23/2025 07:40:00 AM,"(UTC-07:00) Arizona",,,4070625.5,4070625.5,4070625.5,
PNTM9M2jMkKm3GLHpLiq3J4gE,"","North Campus",Gammage,"W", 10/23/2025 07:50:00 AM,"(UTC-07:00) Arizona",,,4108387.8,4108387.8,4108387.8,
PNTM9M2jMkKm3GLHpLiq3J4gE,"","North Campus",Gammage,"W", 10/23/2025 08:00:00 AM,"(UTC-07:00) Arizona",,,4332900,4332763.5,4333036.5,
PNTM9M2jMkKm3GLHpLiq3J4gE,"","North Campus",Gammage,"W", 10/23/2025 08:10:00 AM,"(UTC-07:00) Arizona",,,4296305.5,4296305.5,4296305.5,
PNTM9M2jMkKm3GLHpLiq3J4gE,"","North Campus",Gammage,"W", 10/23/2025 08:20:00 AM,"(UTC-07:00) Arizona",,,4255738.5,4255738.5,4255738.5,
PNTM9M2jMkKm3GLHpLiq3J4gE,"","North Campus",Gammage,"W", 10/23/2025 08:30:00 AM,"(UTC-07:00) Arizona",,,4344784,4344784,4344784,
PNTM9M2jMkKm3GLHpLiq3J4gE,"","North Campus",Gammage,"W", 10/23/2025 08:40:00 AM,"(UTC-07:00) Arizona",,,4417870.5,4417870.5,4417870.5,
PNTM9M2jMkKm3GLHpLiq3J4gE,"","North Campus",Gammage,"W", 10/23/2025 08:50:00 AM,"(UTC-07:00) Arizona",,,4456251,4456251,4456251,
PNTM9M2jMkKm3GLHpLiq3J4gE,"","North Campus",Gammage,"W", 10/23/2025 09:00:00 AM,"(UTC-07:00) Arizona",,,4514822,4514822,4514822,
PNTM9M2jMkKm3GLHpLiq3J4gE,"","North Campus",Gammage,"W", 10/23/2025 09:10:00 AM,"(UTC-07:00) Arizona",,,4498742,4498742,4498742,
PNTM9M2jMkKm3GLHpLiq3J4gE,"","North Campus",Gammage,"W", 10/23/2025 09:20:00 AM,"(UTC-07:00) Arizona",,,4441796,4441796,4441796,
PNTM9M2jMkKm3GLHpLiq3J4gE,"","North Campus",Gammage,"W", 10/23/2025 09:30:00 AM,"(UTC-07:00) Arizona",,,4552562.5,4552562.5,4552562.5,
PNTM9M2jMkKm3GLHpLiq3J4gE,"","North Campus",Gammage,"W", 10/23/2025 09:50:00 AM,"(UTC-07:00) Arizona",,,4430392.5,4430392.5,4430392.5,
PNTM9M2jMkKm3GLHpLiq3J4gE,"","North Campus",Gammage,"W", 10/23/2025 10:00:00 AM,"(UTC-07:00) Arizona",,,4641353.5,4641353.5,4641353.5,
PNTM9M2jMkKm3GLHpLiq3J4gE,"","North Campus",Gammage,"W", 10/23/2025 10:10:00 AM,"(UTC-07:00) Arizona",,,4539599.5,4495693,4583506,
PNTM9M2jMkKm3GLHpLiq3J4gE,"","North Campus",Gammage,"W", 10/23/2025 10:20:00 AM,"(UTC-07:00) Arizona",,,4527097.5,4527097.5,4527097.5,
PNTM9M2jMkKm3GLHpLiq3J4gE,"","North Campus",Gammage,"W", 10/23/2025 10:30:00 AM,"(UTC-07:00) Arizona",,,4551992.5,4515143,4588842,
PNTM9M2jMkKm3GLHpLiq3J4gE,"","North Campus",Gammage,"W", 10/23/2025 10:40:00 AM,"(UTC-07:00) Arizona",,,4632974,4597179.5,4668768.5,
PNTM9M2jMkKm3GLHpLiq3J4gE,"","North Campus",Gammage,"W", 10/23/2025 10:50:00 AM,"(UTC-07:00) Arizona",,,4678711.5,4678711.5,4678711.5,
PNTM9M2jMkKm3GLHpLiq3J4gE,"","North Campus",Gammage,"W", 10/23/2025 11:00:00 AM,"(UTC-07:00) Arizona",,,4630115,4630115,4630115,
PNTM9M2jMkKm3GLHpLiq3J4gE,"","North Campus",Gammage,"W", 10/23/2025 11:10:00 AM,"(UTC-07:00) Arizona",,,4597080.5,4597080.5,4597080.5,
PNTM9M2jMkKm3GLHpLiq3J4gE,"","North Campus",Gammage,"W", 10/23/2025 11:20:00 AM,"(UTC-07:00) Arizona",,,4638116,4638116,4638116,
PNTM9M2jMkKm3GLHpLiq3J4gE,"","North Campus",Gammage,"W", 10/23/2025 11:30:00 AM,"(UTC-07:00) Arizona",,,4569062.5,4569062.5,4569062.5,
PNTM9M2jMkKm3GLHpLiq3J4gE,"","North Campus",Gammage,"W", 10/23/2025 11:40:00 AM,"(UTC-07:00) Arizona",,,4605604.5,4605604.5,4605604.5,
PNTM9M2jMkKm3GLHpLiq3J4gE,"","North Campus",Gammage,"W", 10/23/2025 11:50:00 AM,"(UTC-07:00) Arizona",,,4713520.25,4666592.5,4760448,
PNTM9M2jMkKm3GLHpLiq3J4gE,"","North Campus",Gammage,"W", 10/23/2025 12:00:00 PM,"(UTC-07:00) Arizona",,,4770933,4770933,4770933,
PNTM9M2jMkKm3GLHpLiq3J4gE,"","North Campus",Gammage,"W", 10/23/2025 12:10:00 PM,"(UTC-07:00) Arizona",,,4653949,4653949,4653949,
PNTM9M2jMkKm3GLHpLiq3J4gE,"","North Campus",Gammage,"W", 10/23/2025 12:20:00 PM,"(UTC-07:00) Arizona",,,4742278.5,4742278.5,4742278.5,
PNTM9M2jMkKm3GLHpLiq3J4gE,"","North Campus",Gammage,"W", 10/23/2025 12:30:00 PM,"(UTC-07:00) Arizona",,,4740158.5,4740158.5,4740158.5,
PNTM9M2jMkKm3GLHpLiq3J4gE,"","North Campus",Gammage,"W", 10/23/2025 12:40:00 PM,"(UTC-07:00) Arizona",,,4743786.5,4743786.5,4743786.5,
PNTM9M2jMkKm3GLHpLiq3J4gE,"","North Campus",Gammage,"W", 10/23/2025 12:50:00 PM,"(UTC-07:00) Arizona",,,4805585,4790981.5,4820188.5,
PNTM9M2jMkKm3GLHpLiq3J4gE,"","North Campus",Gammage,"W", 10/23/2025 01:00:00 PM,"(UTC-07:00) Arizona",,,5022169.5,5022169.5,5022169.5,
PNTM9M2jMkKm3GLHpLiq3J4gE,"","North Campus",Gammage,"W", 10/23/2025 01:10:00 PM,"(UTC-07:00) Arizona",,,5048430.5,5048430.5,5048430.5,
PNTM9M2jMkKm3GLHpLiq3J4gE,"","North Campus",Gammage,"W", 10/23/2025 01:20:00 PM,"(UTC-07:00) Arizona",,,5056367,5056367,5056367,
PNTM9M2jMkKm3GLHpLiq3J4gE,"","North Campus",Gammage,"W", 10/23/2025 01:30:00 PM,"(UTC-07:00) Arizona",,,5133695,5133695,5133695,
PNTM9M2jMkKm3GLHpLiq3J4gE,"","North Campus",Gammage,"W", 10/23/2025 01:40:00 PM,"(UTC-07:00) Arizona",,,5168261.5,5168261.5,5168261.5,
PNTM9M2jMkKm3GLHpLiq3J4gE,"","North Campus",Gammage,"W", 10/23/2025 01:50:00 PM,"(UTC-07:00) Arizona",,,4685036.5,4685036.5,4685036.5,
PNTM9M2jMkKm3GLHpLiq3J4gE,"","North Campus",Gammage,"W", 10/23/2025 02:00:00 PM,"(UTC-07:00) Arizona",,,4767833.5,4767833.5,4767833.5,
PNTM9M2jMkKm3GLHpLiq3J4gE,"","North Campus",Gammage,"W", 10/23/2025 02:20:00 PM,"(UTC-07:00) Arizona",,,5069053,5069053,5069053,
PNTM9M2jMkKm3GLHpLiq3J4gE,"","North Campus",Gammage,"W", 10/23/2025 02:30:00 PM,"(UTC-07:00) Arizona",,,4924037.5,4924037.5,4924037.5,
PNTM9M2jMkKm3GLHpLiq3J4gE,"","North Campus",Gammage,"W", 10/23/2025 02:40:00 PM,"(UTC-07:00) Arizona",,,5026235,5026235,5026235,
PNTM9M2jMkKm3GLHpLiq3J4gE,"","North Campus",Gammage,"W", 10/23/2025 02:50:00 PM,"(UTC-07:00) Arizona",,,4962888,4962888,4962888,
PNTM9M2jMkKm3GLHpLiq3J4gE,"","North Campus",Gammage,"W", 10/23/2025 03:00:00 PM,"(UTC-07:00) Arizona",,,4974983.5,4974983.5,4974983.5,
PNTM9M2jMkKm3GLHpLiq3J4gE,"","North Campus",Gammage,"W", 10/23/2025 03:10:00 PM,"(UTC-07:00) Arizona",,,4949119,4949119,4949119,
PNTM9M2jMkKm3GLHpLiq3J4gE,"","North Campus",Gammage,"W", 10/23/2025 03:30:00 PM,"(UTC-07:00) Arizona",,,4880926.5,4880926.5,4880926.5,
PNTM9M2jMkKm3GLHpLiq3J4gE,"","North Campus",Gammage,"W", 10/23/2025 03:40:00 PM,"(UTC-07:00) Arizona",,,4870899,4870899,4870899,
PNTM9M2jMkKm3GLHpLiq3J4gE,"","North Campus",Gammage,"W", 10/23/2025 03:50:00 PM,"(UTC-07:00) Arizona",,,4944339.5,4944339.5,4944339.5,
PNTM9M2jMkKm3GLHpLiq3J4gE,"","North Campus",Gammage,"W", 10/23/2025 04:00:00 PM,"(UTC-07:00) Arizona",,,4938782.5,4938782.5,4938782.5,
PNTM9M2jMkKm3GLHpLiq3J4gE,"","North Campus",Gammage,"W", 10/23/2025 04:10:00 PM,"(UTC-07:00) Arizona",,,4858749.5,4858749.5,4858749.5,
PNTM9M2jMkKm3GLHpLiq3J4gE,"","North Campus",Gammage,"W", 10/23/2025 04:20:00 PM,"(UTC-07:00) Arizona",,,4872808,4872808,4872808,
PNTM9M2jMkKm3GLHpLiq3J4gE,"","North Campus",Gammage,"W", 10/23/2025 04:40:00 PM,"(UTC-07:00) Arizona",,,4909424,4909424,4909424,
PNTM9M2jMkKm3GLHpLiq3J4gE,"","North Campus",Gammage,"W", 10/23/2025 04:50:00 PM,"(UTC-07:00) Arizona",,,4796655.5,4796655.5,4796655.5,
PNTM9M2jMkKm3GLHpLiq3J4gE,"","North Campus",Gammage,"W", 10/23/2025 05:00:00 PM,"(UTC-07:00) Arizona",,,4816097,4816097,4816097,
PNTM9M2jMkKm3GLHpLiq3J4gE,"","North Campus",Gammage,"W", 10/23/2025 05:10:00 PM,"(UTC-07:00) Arizona",,,4748723.5,4748723.5,4748723.5,
PNTM9M2jMkKm3GLHpLiq3J4gE,"","North Campus",Gammage,"W", 10/23/2025 05:20:00 PM,"(UTC-07:00) Arizona",,,4740950,4740950,4740950,
PNTM9M2jMkKm3GLHpLiq3J4gE,"","North Campus",Gammage,"W", 10/23/2025 05:30:00 PM,"(UTC-07:00) Arizona",,,4798766,4798766,4798766,
PNTM9M2jMkKm3GLHpLiq3J4gE,"","North Campus",Gammage,"W", 10/23/2025 05:40:00 PM,"(UTC-07:00) Arizona",,,4803371.5,4803371.5,4803371.5,
PNTM9M2jMkKm3GLHpLiq3J4gE,"","North Campus",Gammage,"W", 10/23/2025 05:50:00 PM,"(UTC-07:00) Arizona",,,4682607.5,4682607.5,4682607.5,
PNTM9M2jMkKm3GLHpLiq3J4gE,"","North Campus",Gammage,"W", 10/23/2025 06:00:00 PM,"(UTC-07:00) Arizona",,,4686655,4686655,4686655,
PNTM9M2jMkKm3GLHpLiq3J4gE,"","North Campus",Gammage,"W", 10/23/2025 06:20:00 PM,"(UTC-07:00) Arizona",,,4666917,4666917,4666917,
PNTM9M2jMkKm3GLHpLiq3J4gE,"","North Campus",Gammage,"W", 10/23/2025 06:30:00 PM,"(UTC-07:00) Arizona",,,4688455,4688455,4688455,
PNTM9M2jMkKm3GLHpLiq3J4gE,"","North Campus",Gammage,"W", 10/23/2025 06:40:00 PM,"(UTC-07:00) Arizona",,,4655376,4655376,4655376,
PNTM9M2jMkKm3GLHpLiq3J4gE,"","North Campus",Gammage,"W", 10/23/2025 06:50:00 PM,"(UTC-07:00) Arizona",,,4726302,4726302,4726302,
PNTM9M2jMkKm3GLHpLiq3J4gE,"","North Campus",Gammage,"W", 10/23/2025 07:00:00 PM,"(UTC-07:00) Arizona",,,4454487,4454487,4454487,
PNTM9M2jMkKm3GLHpLiq3J4gE,"","North Campus",Gammage,"W", 10/23/2025 07:10:00 PM,"(UTC-07:00) Arizona",,,4398336,4398336,4398336,
PNTM9M2jMkKm3GLHpLiq3J4gE,"","North Campus",Gammage,"W", 10/23/2025 07:20:00 PM,"(UTC-07:00) Arizona",,,4468692.5,4468692.5,4468692.5,
PNTM9M2jMkKm3GLHpLiq3J4gE,"","North Campus",Gammage,"W", 10/23/2025 07:30:00 PM,"(UTC-07:00) Arizona",,,4503355,4503355,4503355,
PNTM9M2jMkKm3GLHpLiq3J4gE,"","North Campus",Gammage,"W", 10/23/2025 07:50:00 PM,"(UTC-07:00) Arizona",,,4429194.5,4429194.5,4429194.5,
PNTM9M2jMkKm3GLHpLiq3J4gE,"","North Campus",Gammage,"W", 10/23/2025 08:00:00 PM,"(UTC-07:00) Arizona",,,4412902,4412902,4412902,
PNTM9M2jMkKm3GLHpLiq3J4gE,"","North Campus",Gammage,"W", 10/23/2025 08:10:00 PM,"(UTC-07:00) Arizona",,,4346247,4346247,4346247,
PNTM9M2jMkKm3GLHpLiq3J4gE,"","North Campus",Gammage,"W", 10/23/2025 08:20:00 PM,"(UTC-07:00) Arizona",,,4232058,4232058,4232058,
PNTM9M2jMkKm3GLHpLiq3J4gE,"","North Campus",Gammage,"W", 10/23/2025 08:30:00 PM,"(UTC-07:00) Arizona",,,4247847.5,4247847.5,4247847.5,
PNTM9M2jMkKm3GLHpLiq3J4gE,"","North Campus",Gammage,"W", 10/23/2025 08:40:00 PM,"(UTC-07:00) Arizona",,,4196466,4196466,4196466,
PNTM9M2jMkKm3GLHpLiq3J4gE,"","North Campus",Gammage,"W", 10/23/2025 08:50:00 PM,"(UTC-07:00) Arizona",,,4190588.2,4190588.2,4190588.2,
PNTM9M2jMkKm3GLHpLiq3J4gE,"","North Campus",Gammage,"W", 10/23/2025 09:00:00 PM,"(UTC-07:00) Arizona",,,4176812.2,4176812.2,4176812.2,
PNTM9M2jMkKm3GLHpLiq3J4gE,"","North Campus",Gammage,"W", 10/23/2025 09:10:00 PM,"(UTC-07:00) Arizona",,,4105660.5,4105660.5,4105660.5,
PNTM9M2jMkKm3GLHpLiq3J4gE,"","North Campus",Gammage,"W", 10/23/2025 09:20:00 PM,"(UTC-07:00) Arizona",,,4095490.5,4095490.5,4095490.5,
PNTM9M2jMkKm3GLHpLiq3J4gE,"","North Campus",Gammage,"W", 10/23/2025 09:30:00 PM,"(UTC-07:00) Arizona",,,4088216.2,4088216.2,4088216.2,
PNTM9M2jMkKm3GLHpLiq3J4gE,"","North Campus",Gammage,"W", 10/23/2025 09:50:00 PM,"(UTC-07:00) Arizona",,,3980665,3980665,3980665,
PNTM9M2jMkKm3GLHpLiq3J4gE,"","North Campus",Gammage,"W", 10/23/2025 10:00:00 PM,"(UTC-07:00) Arizona",,,3859673.2,3859673.2,3859673.2,
PNTM9M2jMkKm3GLHpLiq3J4gE,"","North Campus",Gammage,"W", 10/23/2025 10:10:00 PM,"(UTC-07:00) Arizona",,,3904534.5,3904534.5,3904534.5,
PNTM9M2jMkKm3GLHpLiq3J4gE,"","North Campus",Gammage,"W", 10/23/2025 10:20:00 PM,"(UTC-07:00) Arizona",,,3861061.5,3861061.5,3861061.5,
PNTM9M2jMkKm3GLHpLiq3J4gE,"","North Campus",Gammage,"W", 10/23/2025 10:30:00 PM,"(UTC-07:00) Arizona",,,3877786.8,3877786.8,3877786.8,
PNTM9M2jMkKm3GLHpLiq3J4gE,"","North Campus",Gammage,"W", 10/23/2025 10:40:00 PM,"(UTC-07:00) Arizona",,,3800231.8,3800231.8,3800231.8,
PNTM9M2jMkKm3GLHpLiq3J4gE,"","North Campus",Gammage,"W", 10/23/2025 10:50:00 PM,"(UTC-07:00) Arizona",,,3669837.2,3669837.2,3669837.2,
PNTM9M2jMkKm3GLHpLiq3J4gE,"","North Campus",Gammage,"W", 10/23/2025 11:10:00 PM,"(UTC-07:00) Arizona",,,3710131.8,3710131.8,3710131.8,
PNTM9M2jMkKm3GLHpLiq3J4gE,"","North Campus",Gammage,"W", 10/23/2025 11:20:00 PM,"(UTC-07:00) Arizona",,,3673564.8,3673564.8,3673564.8,
PNTM9M2jMkKm3GLHpLiq3J4gE,"","North Campus",Gammage,"W", 10/23/2025 11:30:00 PM,"(UTC-07:00) Arizona",,,3629010,3629010,3629010,
PNTM9M2jMkKm3GLHpLiq3J4gE,"","North Campus",Gammage,"W", 10/23/2025 11:40:00 PM,"(UTC-07:00) Arizona",,,3621232.5,3621232.5,3621232.5,
PNTM9M2jMkKm3GLHpLiq3J4gE,"","North Campus",Gammage,"W", 10/23/2025 11:50:00 PM,"(UTC-07:00) Arizona",,,3677346.5,3677346.5,3677346.5,
PNTM9M2jMkKm3GLHpLiq3J4gE,"","North Campus",Gammage,"W", 10/24/2025 12:00:00 AM,"(UTC-07:00) Arizona",,,3608857.2,3608857.2,3608857.2,
PNTM9M2jMkKm3GLHpLiq3J4gE,"","North Campus",Gammage,"W", 10/24/2025 12:10:00 AM,"(UTC-07:00) Arizona",,,3543767.8,3543767.8,3543767.8,
PNTM9M2jMkKm3GLHpLiq3J4gE,"","North Campus",Gammage,"W", 10/24/2025 12:20:00 AM,"(UTC-07:00) Arizona",,,3589966,3589966,3589966,
PNTM9M2jMkKm3GLHpLiq3J4gE,"","North Campus",Gammage,"W", 10/24/2025 12:30:00 AM,"(UTC-07:00) Arizona",,,3528667,3528667,3528667,
PNTM9M2jMkKm3GLHpLiq3J4gE,"","North Campus",Gammage,"W", 10/24/2025 12:50:00 AM,"(UTC-07:00) Arizona",,,3502451.2,3502451.2,3502451.2,
PNTM9M2jMkKm3GLHpLiq3J4gE,"","North Campus",Gammage,"W", 10/24/2025 01:00:00 AM,"(UTC-07:00) Arizona",,,3485198.2,3485198.2,3485198.2,
PNTM9M2jMkKm3GLHpLiq3J4gE,"","North Campus",Gammage,"W", 10/24/2025 01:10:00 AM,"(UTC-07:00) Arizona",,,3466729.8,3466729.8,3466729.8,
PNTM9M2jMkKm3GLHpLiq3J4gE,"","North Campus",Gammage,"W", 10/24/2025 01:20:00 AM,"(UTC-07:00) Arizona",,,3468445,3468445,3468445,
PNTM9M2jMkKm3GLHpLiq3J4gE,"","North Campus",Gammage,"W", 10/24/2025 01:40:00 AM,"(UTC-07:00) Arizona",,,3448954.2,3448954.2,3448954.2,
PNTM9M2jMkKm3GLHpLiq3J4gE,"","North Campus",Gammage,"W", 10/24/2025 01:50:00 AM,"(UTC-07:00) Arizona",,,3432042.2,3432042.2,3432042.2,
PNTM9M2jMkKm3GLHpLiq3J4gE,"","North Campus",Gammage,"W", 10/24/2025 02:00:00 AM,"(UTC-07:00) Arizona",,,3427384.8,3427384.8,3427384.8,
PNTM9M2jMkKm3GLHpLiq3J4gE,"","North Campus",Gammage,"W", 10/24/2025 02:10:00 AM,"(UTC-07:00) Arizona",,,3415273.5,3415273.5,3415273.5,
PNTM9M2jMkKm3GLHpLiq3J4gE,"","North Campus",Gammage,"W", 10/24/2025 02:20:00 AM,"(UTC-07:00) Arizona",,,3417660.2,3417660.2,3417660.2,
PNTM9M2jMkKm3GLHpLiq3J4gE,"","North Campus",Gammage,"W", 10/24/2025 02:30:00 AM,"(UTC-07:00) Arizona",,,3383363.2,3383363.2,3383363.2,
PNTM9M2jMkKm3GLHpLiq3J4gE,"","North Campus",Gammage,"W", 10/24/2025 02:40:00 AM,"(UTC-07:00) Arizona",,,3356121.8,3356121.8,3356121.8,
PNTM9M2jMkKm3GLHpLiq3J4gE,"","North Campus",Gammage,"W", 10/24/2025 02:50:00 AM,"(UTC-07:00) Arizona",,,3372907.5,3372907.5,3372907.5,
PNTM9M2jMkKm3GLHpLiq3J4gE,"","North Campus",Gammage,"W", 10/24/2025 03:10:00 AM,"(UTC-07:00) Arizona",,,3445164.8,3445164.8,3445164.8,
PNTM9M2jMkKm3GLHpLiq3J4gE,"","North Campus",Gammage,"W", 10/24/2025 03:20:00 AM,"(UTC-07:00) Arizona",,,3382441.2,3382441.2,3382441.2,
PNTM9M2jMkKm3GLHpLiq3J4gE,"","North Campus",Gammage,"W", 10/24/2025 03:30:00 AM,"(UTC-07:00) Arizona",,,3428967.2,3428967.2,3428967.2,
PNTM9M2jMkKm3GLHpLiq3J4gE,"","North Campus",Gammage,"W", 10/24/2025 03:40:00 AM,"(UTC-07:00) Arizona",,,3358690.2,3358690.2,3358690.2,
PNTM9M2jMkKm3GLHpLiq3J4gE,"","North Campus",Gammage,"W", 10/24/2025 03:50:00 AM,"(UTC-07:00) Arizona",,,3397895.2,3397895.2,3397895.2,
PNTM9M2jMkKm3GLHpLiq3J4gE,"","North Campus",Gammage,"W", 10/24/2025 04:00:00 AM,"(UTC-07:00) Arizona",,,3498092.8,3498092.8,3498092.8,
PNTM9M2jMkKm3GLHpLiq3J4gE,"","North Campus",Gammage,"W", 10/24/2025 04:10:00 AM,"(UTC-07:00) Arizona",,,3494433,3494433,3494433,
PNTM9M2jMkKm3GLHpLiq3J4gE,"","North Campus",Gammage,"W", 10/24/2025 04:20:00 AM,"(UTC-07:00) Arizona",,,3512460,3512460,3512460,
PNTM9M2jMkKm3GLHpLiq3J4gE,"","North Campus",Gammage,"W", 10/24/2025 04:30:00 AM,"(UTC-07:00) Arizona",,,3522875,3522875,3522875,
PNTM9M2jMkKm3GLHpLiq3J4gE,"","North Campus",Gammage,"W", 10/24/2025 04:50:00 AM,"(UTC-07:00) Arizona",,,3559685.2,3559685.2,3559685.2,
PNTM9M2jMkKm3GLHpLiq3J4gE,"","North Campus",Gammage,"W", 10/24/2025 05:00:00 AM,"(UTC-07:00) Arizona",,,3589146.5,3589146.5,3589146.5,
PNTM9M2jMkKm3GLHpLiq3J4gE,"","North Campus",Gammage,"W", 10/24/2025 05:10:00 AM,"(UTC-07:00) Arizona",,,3608591.5,3608591.5,3608591.5,
PNTM9M2jMkKm3GLHpLiq3J4gE,"","North Campus",Gammage,"W", 10/24/2025 05:20:00 AM,"(UTC-07:00) Arizona",,,3613199.8,3613199.8,3613199.8,
PNTM9M2jMkKm3GLHpLiq3J4gE,"","North Campus",Gammage,"W", 10/24/2025 05:40:00 AM,"(UTC-07:00) Arizona",,,3652957.8,3652957.8,3652957.8,
PNTM9M2jMkKm3GLHpLiq3J4gE,"","North Campus",Gammage,"W", 10/24/2025 05:50:00 AM,"(UTC-07:00) Arizona",,,3650168.2,3650168.2,3650168.2,
PNTM9M2jMkKm3GLHpLiq3J4gE,"","North Campus",Gammage,"W", 10/24/2025 06:00:00 AM,"(UTC-07:00) Arizona",,,3713887,3713887,3713887,
PNTM9M2jMkKm3GLHpLiq3J4gE,"","North Campus",Gammage,"W", 10/24/2025 06:10:00 AM,"(UTC-07:00) Arizona",,,3779089,3779089,3779089,
PNTM9M2jMkKm3GLHpLiq3J4gE,"","North Campus",Gammage,"W", 10/24/2025 06:20:00 AM,"(UTC-07:00) Arizona",,,3838160,3838160,3838160,
PNTM9M2jMkKm3GLHpLiq3J4gE,"","North Campus",Gammage,"W", 10/24/2025 06:30:00 AM,"(UTC-07:00) Arizona",,,3871556.8,3871556.8,3871556.8,
PNTM9M2jMkKm3GLHpLiq3J4gE,"","North Campus",Gammage,"W", 10/24/2025 06:40:00 AM,"(UTC-07:00) Arizona",,,3897153.5,3897153.5,3897153.5,
PNTM9M2jMkKm3GLHpLiq3J4gE,"","North Campus",Gammage,"W", 10/24/2025 06:50:00 AM,"(UTC-07:00) Arizona",,,4005172,4005172,4005172,
PNTM9M2jMkKm3GLHpLiq3J4gE,"","North Campus",Gammage,"W", 10/24/2025 07:00:00 AM,"(UTC-07:00) Arizona",,,4038382.5,4038382.5,4038382.5,
PNTM9M2jMkKm3GLHpLiq3J4gE,"","North Campus",Gammage,"W", 10/24/2025 07:20:00 AM,"(UTC-07:00) Arizona",,,4072423.8,4072423.8,4072423.8,
PNTM9M2jMkKm3GLHpLiq3J4gE,"","North Campus",Gammage,"W", 10/24/2025 07:30:00 AM,"(UTC-07:00) Arizona",,,4005393.2,4005393.2,4005393.2,
PNTM9M2jMkKm3GLHpLiq3J4gE,"","North Campus",Gammage,"W", 10/24/2025 07:40:00 AM,"(UTC-07:00) Arizona",,,4125287.8,4125287.8,4125287.8,
PNTM9M2jMkKm3GLHpLiq3J4gE,"","North Campus",Gammage,"W", 10/24/2025 07:50:00 AM,"(UTC-07:00) Arizona",,,4195331.5,4195331.5,4195331.5,
PNTM9M2jMkKm3GLHpLiq3J4gE,"","North Campus",Gammage,"W", 10/24/2025 08:00:00 AM,"(UTC-07:00) Arizona",,,4369753,4369753,4369753,
PNTM9M2jMkKm3GLHpLiq3J4gE,"","North Campus",Gammage,"W", 10/24/2025 08:10:00 AM,"(UTC-07:00) Arizona",,,4300623,4300623,4300623,
PNTM9M2jMkKm3GLHpLiq3J4gE,"","North Campus",Gammage,"W", 10/24/2025 08:20:00 AM,"(UTC-07:00) Arizona",,,4265568,4265568,4265568,
PNTM9M2jMkKm3GLHpLiq3J4gE,"","North Campus",Gammage,"W", 10/24/2025 08:30:00 AM,"(UTC-07:00) Arizona",,,4293886.5,4293886.5,4293886.5,
PNTM9M2jMkKm3GLHpLiq3J4gE,"","North Campus",Gammage,"W", 10/24/2025 08:50:00 AM,"(UTC-07:00) Arizona",,,4400848.5,4400848.5,4400848.5,
PNTM9M2jMkKm3GLHpLiq3J4gE,"","North Campus",Gammage,"W", 10/24/2025 09:10:00 AM,"(UTC-07:00) Arizona",,,4440126,4440126,4440126,
PNTM9M2jMkKm3GLHpLiq3J4gE,"","North Campus",Gammage,"W", 10/24/2025 09:20:00 AM,"(UTC-07:00) Arizona",,,4375198,4375198,4375198,
PNTM9M2jMkKm3GLHpLiq3J4gE,"","North Campus",Gammage,"W", 10/24/2025 09:30:00 AM,"(UTC-07:00) Arizona",,,4399638,4399638,4399638,
PNTM9M2jMkKm3GLHpLiq3J4gE,"","North Campus",Gammage,"W", 10/24/2025 09:40:00 AM,"(UTC-07:00) Arizona",,,4533501,4533501,4533501,
PNTM9M2jMkKm3GLHpLiq3J4gE,"","North Campus",Gammage,"W", 10/24/2025 09:50:00 AM,"(UTC-07:00) Arizona",,,4366811,4366811,4366811,
PNTM9M2jMkKm3GLHpLiq3J4gE,"","North Campus",Gammage,"W", 10/24/2025 10:10:00 AM,"(UTC-07:00) Arizona",,,4427907.25,4405672.5,4450142,
PNTM9M2jMkKm3GLHpLiq3J4gE,"","North Campus",Gammage,"W", 10/24/2025 10:30:00 AM,"(UTC-07:00) Arizona",,,4486018,4486018,4486018,
PNTM9M2jMkKm3GLHpLiq3J4gE,"","North Campus",Gammage,"W", 10/24/2025 10:40:00 AM,"(UTC-07:00) Arizona",,,4458654,4458654,4458654,
PNTM9M2jMkKm3GLHpLiq3J4gE,"","North Campus",Gammage,"W", 10/24/2025 10:50:00 AM,"(UTC-07:00) Arizona",,,4540338,4540338,4540338,
PNTM9M2jMkKm3GLHpLiq3J4gE,"","North Campus",Gammage,"W", 10/24/2025 11:00:00 AM,"(UTC-07:00) Arizona",,,4863280,4863280,4863280,
PNTM9M2jMkKm3GLHpLiq3J4gE,"","North Campus",Gammage,"W", 10/24/2025 11:10:00 AM,"(UTC-07:00) Arizona",,,4600255,4600255,4600255,
PNTM9M2jMkKm3GLHpLiq3J4gE,"","North Campus",Gammage,"W", 10/24/2025 11:20:00 AM,"(UTC-07:00) Arizona",,,4774101,4774101,4774101,
PNTM9M2jMkKm3GLHpLiq3J4gE,"","North Campus",Gammage,"W", 10/24/2025 11:30:00 AM,"(UTC-07:00) Arizona",,,4561071.5,4561071.5,4561071.5,
PNTM9M2jMkKm3GLHpLiq3J4gE,"","North Campus",Gammage,"W", 10/24/2025 11:50:00 AM,"(UTC-07:00) Arizona",,,4812551.5,4812551.5,4812551.5,
PNTM9M2jMkKm3GLHpLiq3J4gE,"","North Campus",Gammage,"W", 10/24/2025 12:00:00 PM,"(UTC-07:00) Arizona",,,4605289.5,4605289.5,4605289.5,
PNTM9M2jMkKm3GLHpLiq3J4gE,"","North Campus",Gammage,"W", 10/24/2025 12:10:00 PM,"(UTC-07:00) Arizona",,,4709191,4709191,4709191,
PNTM9M2jMkKm3GLHpLiq3J4gE,"","North Campus",Gammage,"W", 10/24/2025 12:20:00 PM,"(UTC-07:00) Arizona",,,4893552,4893552,4893552,
PNTM9M2jMkKm3GLHpLiq3J4gE,"","North Campus",Gammage,"W", 10/24/2025 12:30:00 PM,"(UTC-07:00) Arizona",,,4874952.5,4874952.5,4874952.5,
PNTM9M2jMkKm3GLHpLiq3J4gE,"","North Campus",Gammage,"W", 10/24/2025 12:40:00 PM,"(UTC-07:00) Arizona",,,4881230,4881230,4881230,
PNTM9M2jMkKm3GLHpLiq3J4gE,"","North Campus",Gammage,"W", 10/24/2025 12:50:00 PM,"(UTC-07:00) Arizona",,,4877151,4877151,4877151,
PNTM9M2jMkKm3GLHpLiq3J4gE,"","North Campus",Gammage,"W", 10/24/2025 01:00:00 PM,"(UTC-07:00) Arizona",,,4809035.5,4809035.5,4809035.5,
PNTM9M2jMkKm3GLHpLiq3J4gE,"","North Campus",Gammage,"W", 10/24/2025 01:10:00 PM,"(UTC-07:00) Arizona",,,4501237,4501237,4501237,
PNTM9M2jMkKm3GLHpLiq3J4gE,"","North Campus",Gammage,"W", 10/24/2025 01:20:00 PM,"(UTC-07:00) Arizona",,,4753694,4753694,4753694,
PNTM9M2jMkKm3GLHpLiq3J4gE,"","North Campus",Gammage,"W", 10/24/2025 01:40:00 PM,"(UTC-07:00) Arizona",,,4649370,4649370,4649370,
PNTM9M2jMkKm3GLHpLiq3J4gE,"","North Campus",Gammage,"W", 10/24/2025 01:50:00 PM,"(UTC-07:00) Arizona",,,4803965,4803965,4803965,
PNTM9M2jMkKm3GLHpLiq3J4gE,"","North Campus",Gammage,"W", 10/24/2025 02:00:00 PM,"(UTC-07:00) Arizona",,,4843435.5,4843435.5,4843435.5,
PNTM9M2jMkKm3GLHpLiq3J4gE,"","North Campus",Gammage,"W", 10/24/2025 02:10:00 PM,"(UTC-07:00) Arizona",,,4526813,4526813,4526813,
PNTM9M2jMkKm3GLHpLiq3J4gE,"","North Campus",Gammage,"W", 10/24/2025 02:20:00 PM,"(UTC-07:00) Arizona",,,4680473.5,4680473.5,4680473.5,
PNTM9M2jMkKm3GLHpLiq3J4gE,"","North Campus",Gammage,"W", 10/24/2025 02:40:00 PM,"(UTC-07:00) Arizona",,,4622654,4622654,4622654,
PNTM9M2jMkKm3GLHpLiq3J4gE,"","North Campus",Gammage,"W", 10/24/2025 02:50:00 PM,"(UTC-07:00) Arizona",,,4728352,4728352,4728352,
PNTM9M2jMkKm3GLHpLiq3J4gE,"","North Campus",Gammage,"W", 10/24/2025 03:00:00 PM,"(UTC-07:00) Arizona",,,4703164,4703164,4703164,
PNTM9M2jMkKm3GLHpLiq3J4gE,"","North Campus",Gammage,"W", 10/24/2025 03:10:00 PM,"(UTC-07:00) Arizona",,,4548880,4548880,4548880,
PNTM9M2jMkKm3GLHpLiq3J4gE,"","North Campus",Gammage,"W", 10/24/2025 03:30:00 PM,"(UTC-07:00) Arizona",,,4678158.5,4678158.5,4678158.5,
PNTM9M2jMkKm3GLHpLiq3J4gE,"","North Campus",Gammage,"W", 10/24/2025 03:40:00 PM,"(UTC-07:00) Arizona",,,4714345,4714345,4714345,
PNTM9M2jMkKm3GLHpLiq3J4gE,"","North Campus",Gammage,"W", 10/24/2025 03:50:00 PM,"(UTC-07:00) Arizona",,,4671449,4671449,4671449,
PNTM9M2jMkKm3GLHpLiq3J4gE,"","North Campus",Gammage,"W", 10/24/2025 04:00:00 PM,"(UTC-07:00) Arizona",,,4660797.5,4660797.5,4660797.5,
PNTM9M2jMkKm3GLHpLiq3J4gE,"","North Campus",Gammage,"W", 10/24/2025 04:20:00 PM,"(UTC-07:00) Arizona",,,4832274.5,4832274.5,4832274.5,
PNTM9M2jMkKm3GLHpLiq3J4gE,"","North Campus",Gammage,"W", 10/24/2025 04:30:00 PM,"(UTC-07:00) Arizona",,,4821507.5,4821507.5,4821507.5,
PNTM9M2jMkKm3GLHpLiq3J4gE,"","North Campus",Gammage,"W", 10/24/2025 04:50:00 PM,"(UTC-07:00) Arizona",,,4666318.75,4602409,4730228.5,
PNTM9M2jMkKm3GLHpLiq3J4gE,"","North Campus",Gammage,"W", 10/24/2025 05:10:00 PM,"(UTC-07:00) Arizona",,,4531336.25,4504087.5,4558585,
PNTM9M2jMkKm3GLHpLiq3J4gE,"","North Campus",Gammage,"W", 10/24/2025 05:20:00 PM,"(UTC-07:00) Arizona",,,4563158.5,4563158.5,4563158.5,
PNTM9M2jMkKm3GLHpLiq3J4gE,"","North Campus",Gammage,"W", 10/24/2025 05:30:00 PM,"(UTC-07:00) Arizona",,,4482038.5,4482038.5,4482038.5,
PNTM9M2jMkKm3GLHpLiq3J4gE,"","North Campus",Gammage,"W", 10/24/2025 05:40:00 PM,"(UTC-07:00) Arizona",,,4600942,4600942,4600942,
PNTM9M2jMkKm3GLHpLiq3J4gE,"","North Campus",Gammage,"W", 10/24/2025 06:00:00 PM,"(UTC-07:00) Arizona",,,4573757,4573757,4573757,
PNTM9M2jMkKm3GLHpLiq3J4gE,"","North Campus",Gammage,"W", 10/24/2025 06:10:00 PM,"(UTC-07:00) Arizona",,,4473383.5,4473383.5,4473383.5,
PNTM9M2jMkKm3GLHpLiq3J4gE,"","North Campus",Gammage,"W", 10/24/2025 06:20:00 PM,"(UTC-07:00) Arizona",,,4467037.5,4467037.5,4467037.5,
PNTM9M2jMkKm3GLHpLiq3J4gE,"","North Campus",Gammage,"W", 10/24/2025 06:30:00 PM,"(UTC-07:00) Arizona",,,4513250.5,4513250.5,4513250.5,
PNTM9M2jMkKm3GLHpLiq3J4gE,"","North Campus",Gammage,"W", 10/24/2025 06:40:00 PM,"(UTC-07:00) Arizona",,,4433065,4433065,4433065,
PNTM9M2jMkKm3GLHpLiq3J4gE,"","North Campus",Gammage,"W", 10/24/2025 06:50:00 PM,"(UTC-07:00) Arizona",,,4369155.5,4369155.5,4369155.5,
PNTM9M2jMkKm3GLHpLiq3J4gE,"","North Campus",Gammage,"W", 10/24/2025 07:00:00 PM,"(UTC-07:00) Arizona",,,4307989.5,4307989.5,4307989.5,
PNTM9M2jMkKm3GLHpLiq3J4gE,"","North Campus",Gammage,"W", 10/24/2025 07:20:00 PM,"(UTC-07:00) Arizona",,,4289751,4289751,4289751,
PNTM9M2jMkKm3GLHpLiq3J4gE,"","North Campus",Gammage,"W", 10/24/2025 07:30:00 PM,"(UTC-07:00) Arizona",,,4246998,4246998,4246998,
PNTM9M2jMkKm3GLHpLiq3J4gE,"","North Campus",Gammage,"W", 10/24/2025 07:40:00 PM,"(UTC-07:00) Arizona",,,4191824.8,4191824.8,4191824.8,
PNTM9M2jMkKm3GLHpLiq3J4gE,"","North Campus",Gammage,"W", 10/24/2025 07:50:00 PM,"(UTC-07:00) Arizona",,,4122627.5,4122627.5,4122627.5,
PNTM9M2jMkKm3GLHpLiq3J4gE,"","North Campus",Gammage,"W", 10/24/2025 08:00:00 PM,"(UTC-07:00) Arizona",,,4071405,4071405,4071405,
PNTM9M2jMkKm3GLHpLiq3J4gE,"","North Campus",Gammage,"W", 10/24/2025 08:10:00 PM,"(UTC-07:00) Arizona",,,4089099.5,4089099.5,4089099.5,
PNTM9M2jMkKm3GLHpLiq3J4gE,"","North Campus",Gammage,"W", 10/24/2025 08:20:00 PM,"(UTC-07:00) Arizona",,,4092296.2,4092296.2,4092296.2,
PNTM9M2jMkKm3GLHpLiq3J4gE,"","North Campus",Gammage,"W", 10/24/2025 08:30:00 PM,"(UTC-07:00) Arizona",,,4054748.5,4054748.5,4054748.5,
PNTM9M2jMkKm3GLHpLiq3J4gE,"","North Campus",Gammage,"W", 10/24/2025 08:40:00 PM,"(UTC-07:00) Arizona",,,4084737,4084737,4084737,
PNTM9M2jMkKm3GLHpLiq3J4gE,"","North Campus",Gammage,"W", 10/24/2025 08:50:00 PM,"(UTC-07:00) Arizona",,,3997478.5,3997478.5,3997478.5,
PNTM9M2jMkKm3GLHpLiq3J4gE,"","North Campus",Gammage,"W", 10/24/2025 09:00:00 PM,"(UTC-07:00) Arizona",,,3867919.8,3867919.8,3867919.8,
PNTM9M2jMkKm3GLHpLiq3J4gE,"","North Campus",Gammage,"W", 10/24/2025 09:10:00 PM,"(UTC-07:00) Arizona",,,3810893.2,3810893.2,3810893.2,
PNTM9M2jMkKm3GLHpLiq3J4gE,"","North Campus",Gammage,"W", 10/24/2025 09:20:00 PM,"(UTC-07:00) Arizona",,,3806186.35,3784601.2,3827771.5,
PNTM9M2jMkKm3GLHpLiq3J4gE,"","North Campus",Gammage,"W", 10/24/2025 09:30:00 PM,"(UTC-07:00) Arizona",,,3815231,3815231,3815231,
PNTM9M2jMkKm3GLHpLiq3J4gE,"","North Campus",Gammage,"W", 10/24/2025 09:40:00 PM,"(UTC-07:00) Arizona",,,3799692.85,3786702.2,3812683.5,
PNTM9M2jMkKm3GLHpLiq3J4gE,"","North Campus",Gammage,"W", 10/24/2025 09:50:00 PM,"(UTC-07:00) Arizona",,,3738068.5,3738068.5,3738068.5,
PNTM9M2jMkKm3GLHpLiq3J4gE,"","North Campus",Gammage,"W", 10/24/2025 10:00:00 PM,"(UTC-07:00) Arizona",,,3751376.2,3751376.2,3751376.2,
PNTM9M2jMkKm3GLHpLiq3J4gE,"","North Campus",Gammage,"W", 10/24/2025 10:10:00 PM,"(UTC-07:00) Arizona",,,3726565.2,3726565.2,3726565.2,
PNTM9M2jMkKm3GLHpLiq3J4gE,"","North Campus",Gammage,"W", 10/24/2025 10:20:00 PM,"(UTC-07:00) Arizona",,,3613745.5,3613745.5,3613745.5,
PNTM9M2jMkKm3GLHpLiq3J4gE,"","North Campus",Gammage,"W", 10/24/2025 10:30:00 PM,"(UTC-07:00) Arizona",,,3623767.8,3623767.8,3623767.8,
PNTM9M2jMkKm3GLHpLiq3J4gE,"","North Campus",Gammage,"W", 10/24/2025 10:40:00 PM,"(UTC-07:00) Arizona",,,3590552.5,3590552.5,3590552.5,
PNTM9M2jMkKm3GLHpLiq3J4gE,"","North Campus",Gammage,"W", 10/24/2025 10:50:00 PM,"(UTC-07:00) Arizona",,,3652495.1666666665,3632666.8,3666814.5,
PNTM9M2jMkKm3GLHpLiq3J4gE,"","North Campus",Gammage,"W", 10/24/2025 11:00:00 PM,"(UTC-07:00) Arizona",,,3606535.2,3606535.2,3606535.2,
PNTM9M2jMkKm3GLHpLiq3J4gE,"","North Campus",Gammage,"W", 10/24/2025 11:10:00 PM,"(UTC-07:00) Arizona",,,3571386,3569790.2,3572981.8,
PNTM9M2jMkKm3GLHpLiq3J4gE,"","North Campus",Gammage,"W", 10/24/2025 11:20:00 PM,"(UTC-07:00) Arizona",,,3581000.5,3581000.5,3581000.5,
PNTM9M2jMkKm3GLHpLiq3J4gE,"","North Campus",Gammage,"W", 10/24/2025 11:30:00 PM,"(UTC-07:00) Arizona",,,3527925.5,3527925.5,3527925.5,
PNTM9M2jMkKm3GLHpLiq3J4gE,"","North Campus",Gammage,"W", 10/24/2025 11:40:00 PM,"(UTC-07:00) Arizona",,,3548374.25,3546910.5,3549838,
PNTM9M2jMkKm3GLHpLiq3J4gE,"","North Campus",Gammage,"W", 10/24/2025 11:50:00 PM,"(UTC-07:00) Arizona",,,3539613.6,3520947,3558280.2,
PNTM9M2jMkKm3GLHpLiq3J4gE,"","North Campus",Gammage,"W", 10/25/2025 12:00:00 AM,"(UTC-07:00) Arizona",,,3489170.8,3489170.8,3489170.8,
PNTM9M2jMkKm3GLHpLiq3J4gE,"","North Campus",Gammage,"W", 10/25/2025 12:10:00 AM,"(UTC-07:00) Arizona",,,3498521.8,3498521.8,3498521.8,
PNTM9M2jMkKm3GLHpLiq3J4gE,"","North Campus",Gammage,"W", 10/25/2025 12:20:00 AM,"(UTC-07:00) Arizona",,,3430790,3430790,3430790,
PNTM9M2jMkKm3GLHpLiq3J4gE,"","North Campus",Gammage,"W", 10/25/2025 12:30:00 AM,"(UTC-07:00) Arizona",,,3419273.5,3419273.5,3419273.5,
PNTM9M2jMkKm3GLHpLiq3J4gE,"","North Campus",Gammage,"W", 10/25/2025 12:40:00 AM,"(UTC-07:00) Arizona",,,3440707.5,3440707.5,3440707.5,
PNTM9M2jMkKm3GLHpLiq3J4gE,"","North Campus",Gammage,"W", 10/25/2025 01:00:00 AM,"(UTC-07:00) Arizona",,,3395487.5,3395487.5,3395487.5,
PNTM9M2jMkKm3GLHpLiq3J4gE,"","North Campus",Gammage,"W", 10/25/2025 01:10:00 AM,"(UTC-07:00) Arizona",,,3397792,3397792,3397792,
PNTM9M2jMkKm3GLHpLiq3J4gE,"","North Campus",Gammage,"W", 10/25/2025 01:20:00 AM,"(UTC-07:00) Arizona",,,3366520.2,3366520.2,3366520.2,
PNTM9M2jMkKm3GLHpLiq3J4gE,"","North Campus",Gammage,"W", 10/25/2025 01:30:00 AM,"(UTC-07:00) Arizona",,,3396423,3396423,3396423,
PNTM9M2jMkKm3GLHpLiq3J4gE,"","North Campus",Gammage,"W", 10/25/2025 01:50:00 AM,"(UTC-07:00) Arizona",,,3289152.5,3289152.5,3289152.5,
PNTM9M2jMkKm3GLHpLiq3J4gE,"","North Campus",Gammage,"W", 10/25/2025 02:00:00 AM,"(UTC-07:00) Arizona",,,3302434.2,3302434.2,3302434.2,
PNTM9M2jMkKm3GLHpLiq3J4gE,"","North Campus",Gammage,"W", 10/25/2025 02:10:00 AM,"(UTC-07:00) Arizona",,,3328644.5,3328644.5,3328644.5,
PNTM9M2jMkKm3GLHpLiq3J4gE,"","North Campus",Gammage,"W", 10/25/2025 02:20:00 AM,"(UTC-07:00) Arizona",,,3310627.8,3310627.8,3310627.8,
PNTM9M2jMkKm3GLHpLiq3J4gE,"","North Campus",Gammage,"W", 10/25/2025 02:30:00 AM,"(UTC-07:00) Arizona",,,3311861.5,3311861.5,3311861.5,
PNTM9M2jMkKm3GLHpLiq3J4gE,"","North Campus",Gammage,"W", 10/25/2025 02:40:00 AM,"(UTC-07:00) Arizona",,,3302911,3302911,3302911,
PNTM9M2jMkKm3GLHpLiq3J4gE,"","North Campus",Gammage,"W", 10/25/2025 02:50:00 AM,"(UTC-07:00) Arizona",,,3329236.5,3329236.5,3329236.5,
PNTM9M2jMkKm3GLHpLiq3J4gE,"","North Campus",Gammage,"W", 10/25/2025 03:00:00 AM,"(UTC-07:00) Arizona",,,3289525.2,3289525.2,3289525.2,
PNTM9M2jMkKm3GLHpLiq3J4gE,"","North Campus",Gammage,"W", 10/25/2025 03:20:00 AM,"(UTC-07:00) Arizona",,,3321471.5,3321471.5,3321471.5,
PNTM9M2jMkKm3GLHpLiq3J4gE,"","North Campus",Gammage,"W", 10/25/2025 03:30:00 AM,"(UTC-07:00) Arizona",,,3280729.5,3280729.5,3280729.5,
PNTM9M2jMkKm3GLHpLiq3J4gE,"","North Campus",Gammage,"W", 10/25/2025 03:40:00 AM,"(UTC-07:00) Arizona",,,3283018.8,3283018.8,3283018.8,
PNTM9M2jMkKm3GLHpLiq3J4gE,"","North Campus",Gammage,"W", 10/25/2025 03:50:00 AM,"(UTC-07:00) Arizona",,,3335564.2,3335564.2,3335564.2,
PNTM9M2jMkKm3GLHpLiq3J4gE,"","North Campus",Gammage,"W", 10/25/2025 04:00:00 AM,"(UTC-07:00) Arizona",,,3275585,3275585,3275585,
PNTM9M2jMkKm3GLHpLiq3J4gE,"","North Campus",Gammage,"W", 10/25/2025 04:10:00 AM,"(UTC-07:00) Arizona",,,3258765.8,3258765.8,3258765.8,
PNTM9M2jMkKm3GLHpLiq3J4gE,"","North Campus",Gammage,"W", 10/25/2025 04:30:00 AM,"(UTC-07:00) Arizona",,,3284280.2,3284280.2,3284280.2,
PNTM9M2jMkKm3GLHpLiq3J4gE,"","North Campus",Gammage,"W", 10/25/2025 04:40:00 AM,"(UTC-07:00) Arizona",,,3285791,3285791,3285791,
PNTM9M2jMkKm3GLHpLiq3J4gE,"","North Campus",Gammage,"W", 10/25/2025 04:50:00 AM,"(UTC-07:00) Arizona",,,3272424,3272424,3272424,
PNTM9M2jMkKm3GLHpLiq3J4gE,"","North Campus",Gammage,"W", 10/25/2025 05:00:00 AM,"(UTC-07:00) Arizona",,,3316312.8,3316312.8,3316312.8,
PNTM9M2jMkKm3GLHpLiq3J4gE,"","North Campus",Gammage,"W", 10/25/2025 05:10:00 AM,"(UTC-07:00) Arizona",,,3344078,3344078,3344078,
PNTM9M2jMkKm3GLHpLiq3J4gE,"","North Campus",Gammage,"W", 10/25/2025 05:20:00 AM,"(UTC-07:00) Arizona",,,3364995.2,3364995.2,3364995.2,
PNTM9M2jMkKm3GLHpLiq3J4gE,"","North Campus",Gammage,"W", 10/25/2025 05:40:00 AM,"(UTC-07:00) Arizona",,,3331055.2,3331055.2,3331055.2,
PNTM9M2jMkKm3GLHpLiq3J4gE,"","North Campus",Gammage,"W", 10/25/2025 05:50:00 AM,"(UTC-07:00) Arizona",,,3400055.5,3400055.5,3400055.5,
PNTM9M2jMkKm3GLHpLiq3J4gE,"","North Campus",Gammage,"W", 10/25/2025 06:10:00 AM,"(UTC-07:00) Arizona",,,3485510.8,3485510.8,3485510.8,
PNTM9M2jMkKm3GLHpLiq3J4gE,"","North Campus",Gammage,"W", 10/25/2025 06:20:00 AM,"(UTC-07:00) Arizona",,,3403182.2,3403182.2,3403182.2,
PNTM9M2jMkKm3GLHpLiq3J4gE,"","North Campus",Gammage,"W", 10/25/2025 06:30:00 AM,"(UTC-07:00) Arizona",,,3393460.8,3393460.8,3393460.8,
PNTM9M2jMkKm3GLHpLiq3J4gE,"","North Campus",Gammage,"W", 10/25/2025 06:40:00 AM,"(UTC-07:00) Arizona",,,3405966.2,3405966.2,3405966.2,
PNTM9M2jMkKm3GLHpLiq3J4gE,"","North Campus",Gammage,"W", 10/25/2025 07:00:00 AM,"(UTC-07:00) Arizona",,,3494023.5,3494023.5,3494023.5,
PNTM9M2jMkKm3GLHpLiq3J4gE,"","North Campus",Gammage,"W", 10/25/2025 07:10:00 AM,"(UTC-07:00) Arizona",,,3433495.2,3433495.2,3433495.2,
PNTM9M2jMkKm3GLHpLiq3J4gE,"","North Campus",Gammage,"W", 10/25/2025 07:20:00 AM,"(UTC-07:00) Arizona",,,3396387.8,3396387.8,3396387.8,
PNTM9M2jMkKm3GLHpLiq3J4gE,"","North Campus",Gammage,"W", 10/25/2025 07:30:00 AM,"(UTC-07:00) Arizona",,,3353635,3353635,3353635,
PNTM9M2jMkKm3GLHpLiq3J4gE,"","North Campus",Gammage,"W", 10/25/2025 07:50:00 AM,"(UTC-07:00) Arizona",,,3364727.8,3364727.8,3364727.8,
PNTM9M2jMkKm3GLHpLiq3J4gE,"","North Campus",Gammage,"W", 10/25/2025 08:00:00 AM,"(UTC-07:00) Arizona",,,3383366,3383366,3383366,
PNTM9M2jMkKm3GLHpLiq3J4gE,"","North Campus",Gammage,"W", 10/25/2025 08:10:00 AM,"(UTC-07:00) Arizona",,,3428115,3428115,3428115,
PNTM9M2jMkKm3GLHpLiq3J4gE,"","North Campus",Gammage,"W", 10/25/2025 08:20:00 AM,"(UTC-07:00) Arizona",,,3468179.2,3468179.2,3468179.2,
PNTM9M2jMkKm3GLHpLiq3J4gE,"","North Campus",Gammage,"W", 10/25/2025 08:30:00 AM,"(UTC-07:00) Arizona",,,3542906.2,3542906.2,3542906.2,
PNTM9M2jMkKm3GLHpLiq3J4gE,"","North Campus",Gammage,"W", 10/25/2025 08:40:00 AM,"(UTC-07:00) Arizona",,,3564640.5,3564640.5,3564640.5,
PNTM9M2jMkKm3GLHpLiq3J4gE,"","North Campus",Gammage,"W", 10/25/2025 09:00:00 AM,"(UTC-07:00) Arizona",,,3590533.2,3590533.2,3590533.2,
PNTM9M2jMkKm3GLHpLiq3J4gE,"","North Campus",Gammage,"W", 10/25/2025 09:10:00 AM,"(UTC-07:00) Arizona",,,3578423,3578423,3578423,
PNTM9M2jMkKm3GLHpLiq3J4gE,"","North Campus",Gammage,"W", 10/25/2025 09:20:00 AM,"(UTC-07:00) Arizona",,,3649133.2,3649133.2,3649133.2,
PNTM9M2jMkKm3GLHpLiq3J4gE,"","North Campus",Gammage,"W", 10/25/2025 09:30:00 AM,"(UTC-07:00) Arizona",,,3622827,3622827,3622827,
PNTM9M2jMkKm3GLHpLiq3J4gE,"","North Campus",Gammage,"W", 10/25/2025 09:40:00 AM,"(UTC-07:00) Arizona",,,3609110.2,3609110.2,3609110.2,
PNTM9M2jMkKm3GLHpLiq3J4gE,"","North Campus",Gammage,"W", 10/25/2025 09:50:00 AM,"(UTC-07:00) Arizona",,,3687842.5,3687842.5,3687842.5,
PNTM9M2jMkKm3GLHpLiq3J4gE,"","North Campus",Gammage,"W", 10/25/2025 10:00:00 AM,"(UTC-07:00) Arizona",,,3703039.2,3703039.2,3703039.2,
PNTM9M2jMkKm3GLHpLiq3J4gE,"","North Campus",Gammage,"W", 10/25/2025 10:10:00 AM,"(UTC-07:00) Arizona",,,3680304.5,3680304.5,3680304.5,
PNTM9M2jMkKm3GLHpLiq3J4gE,"","North Campus",Gammage,"W", 10/25/2025 10:20:00 AM,"(UTC-07:00) Arizona",,,3681208,3681208,3681208,
PNTM9M2jMkKm3GLHpLiq3J4gE,"","North Campus",Gammage,"W", 10/25/2025 10:30:00 AM,"(UTC-07:00) Arizona",,,3691962.5,3691962.5,3691962.5,
PNTM9M2jMkKm3GLHpLiq3J4gE,"","North Campus",Gammage,"W", 10/25/2025 10:40:00 AM,"(UTC-07:00) Arizona",,,3799099,3799099,3799099,
PNTM9M2jMkKm3GLHpLiq3J4gE,"","North Campus",Gammage,"W", 10/25/2025 11:00:00 AM,"(UTC-07:00) Arizona",,,3755945.8,3755945.8,3755945.8,
PNTM9M2jMkKm3GLHpLiq3J4gE,"","North Campus",Gammage,"W", 10/25/2025 11:10:00 AM,"(UTC-07:00) Arizona",,,3751387.8,3751387.8,3751387.8,
PNTM9M2jMkKm3GLHpLiq3J4gE,"","North Campus",Gammage,"W", 10/25/2025 11:20:00 AM,"(UTC-07:00) Arizona",,,3795958.8,3795958.8,3795958.8,
PNTM9M2jMkKm3GLHpLiq3J4gE,"","North Campus",Gammage,"W", 10/25/2025 11:30:00 AM,"(UTC-07:00) Arizona",,,3784243.2,3784243.2,3784243.2,
PNTM9M2jMkKm3GLHpLiq3J4gE,"","North Campus",Gammage,"W", 10/25/2025 11:50:00 AM,"(UTC-07:00) Arizona",,,3743054.2,3743054.2,3743054.2,
PNTM9M2jMkKm3GLHpLiq3J4gE,"","North Campus",Gammage,"W", 10/25/2025 12:00:00 PM,"(UTC-07:00) Arizona",,,3708770.8,3708770.8,3708770.8,
PNTM9M2jMkKm3GLHpLiq3J4gE,"","North Campus",Gammage,"W", 10/25/2025 12:10:00 PM,"(UTC-07:00) Arizona",,,3776333.2,3776333.2,3776333.2,
PNTM9M2jMkKm3GLHpLiq3J4gE,"","North Campus",Gammage,"W", 10/25/2025 12:20:00 PM,"(UTC-07:00) Arizona",,,3792930.8,3792930.8,3792930.8,
PNTM9M2jMkKm3GLHpLiq3J4gE,"","North Campus",Gammage,"W", 10/25/2025 12:30:00 PM,"(UTC-07:00) Arizona",,,3866415.2,3866415.2,3866415.2,
PNTM9M2jMkKm3GLHpLiq3J4gE,"","North Campus",Gammage,"W", 10/25/2025 12:40:00 PM,"(UTC-07:00) Arizona",,,3839546.8,3839546.8,3839546.8,
PNTM9M2jMkKm3GLHpLiq3J4gE,"","North Campus",Gammage,"W", 10/25/2025 12:50:00 PM,"(UTC-07:00) Arizona",,,3907845.5,3907845.5,3907845.5,
PNTM9M2jMkKm3GLHpLiq3J4gE,"","North Campus",Gammage,"W", 10/25/2025 01:10:00 PM,"(UTC-07:00) Arizona",,,3886220.2,3886220.2,3886220.2,
PNTM9M2jMkKm3GLHpLiq3J4gE,"","North Campus",Gammage,"W", 10/25/2025 01:20:00 PM,"(UTC-07:00) Arizona",,,4040716.8,4040716.8,4040716.8,
PNTM9M2jMkKm3GLHpLiq3J4gE,"","North Campus",Gammage,"W", 10/25/2025 01:40:00 PM,"(UTC-07:00) Arizona",,,3955461.8,3955461.8,3955461.8,
PNTM9M2jMkKm3GLHpLiq3J4gE,"","North Campus",Gammage,"W", 10/25/2025 01:50:00 PM,"(UTC-07:00) Arizona",,,3894436.5,3894436.5,3894436.5,
PNTM9M2jMkKm3GLHpLiq3J4gE,"","North Campus",Gammage,"W", 10/25/2025 02:00:00 PM,"(UTC-07:00) Arizona",,,3997212,3997212,3997212,
PNTM9M2jMkKm3GLHpLiq3J4gE,"","North Campus",Gammage,"W", 10/25/2025 02:20:00 PM,"(UTC-07:00) Arizona",,,4015217.2,4015217.2,4015217.2,
PNTM9M2jMkKm3GLHpLiq3J4gE,"","North Campus",Gammage,"W", 10/25/2025 02:30:00 PM,"(UTC-07:00) Arizona",,,4047149,4047149,4047149,
PNTM9M2jMkKm3GLHpLiq3J4gE,"","North Campus",Gammage,"W", 10/25/2025 02:40:00 PM,"(UTC-07:00) Arizona",,,4051479.5,4051479.5,4051479.5,
PNTM9M2jMkKm3GLHpLiq3J4gE,"","North Campus",Gammage,"W", 10/25/2025 02:50:00 PM,"(UTC-07:00) Arizona",,,4014207.2,4014207.2,4014207.2,
PNTM9M2jMkKm3GLHpLiq3J4gE,"","North Campus",Gammage,"W", 10/25/2025 03:00:00 PM,"(UTC-07:00) Arizona",,,4042727.5,4042727.5,4042727.5,
PNTM9M2jMkKm3GLHpLiq3J4gE,"","North Campus",Gammage,"W", 10/25/2025 03:10:00 PM,"(UTC-07:00) Arizona",,,4056920.8,4056920.8,4056920.8,
PNTM9M2jMkKm3GLHpLiq3J4gE,"","North Campus",Gammage,"W", 10/25/2025 03:20:00 PM,"(UTC-07:00) Arizona",,,3996811,3996811,3996811,
PNTM9M2jMkKm3GLHpLiq3J4gE,"","North Campus",Gammage,"W", 10/25/2025 03:40:00 PM,"(UTC-07:00) Arizona",,,4064195.8,4064195.8,4064195.8,
PNTM9M2jMkKm3GLHpLiq3J4gE,"","North Campus",Gammage,"W", 10/25/2025 03:50:00 PM,"(UTC-07:00) Arizona",,,4082436.2,4082436.2,4082436.2,
PNTM9M2jMkKm3GLHpLiq3J4gE,"","North Campus",Gammage,"W", 10/25/2025 04:00:00 PM,"(UTC-07:00) Arizona",,,4165248.8,4165248.8,4165248.8,
PNTM9M2jMkKm3GLHpLiq3J4gE,"","North Campus",Gammage,"W", 10/25/2025 04:10:00 PM,"(UTC-07:00) Arizona",,,4149369.2,4149369.2,4149369.2,
PNTM9M2jMkKm3GLHpLiq3J4gE,"","North Campus",Gammage,"W", 10/25/2025 04:30:00 PM,"(UTC-07:00) Arizona",,,4102048.2,4102048.2,4102048.2,
PNTM9M2jMkKm3GLHpLiq3J4gE,"","North Campus",Gammage,"W", 10/25/2025 04:40:00 PM,"(UTC-07:00) Arizona",,,4197495.5,4197495.5,4197495.5,
PNTM9M2jMkKm3GLHpLiq3J4gE,"","North Campus",Gammage,"W", 10/25/2025 04:50:00 PM,"(UTC-07:00) Arizona",,,4131097.8,4131097.8,4131097.8,
PNTM9M2jMkKm3GLHpLiq3J4gE,"","North Campus",Gammage,"W", 10/25/2025 05:10:00 PM,"(UTC-07:00) Arizona",,,4183460,4183460,4183460,
PNTM9M2jMkKm3GLHpLiq3J4gE,"","North Campus",Gammage,"W", 10/25/2025 05:20:00 PM,"(UTC-07:00) Arizona",,,4180050.8,4180050.8,4180050.8,
PNTM9M2jMkKm3GLHpLiq3J4gE,"","North Campus",Gammage,"W", 10/25/2025 05:30:00 PM,"(UTC-07:00) Arizona",,,4299270,4299270,4299270,
PNTM9M2jMkKm3GLHpLiq3J4gE,"","North Campus",Gammage,"W", 10/25/2025 05:50:00 PM,"(UTC-07:00) Arizona",,,4256356.5,4256356.5,4256356.5,
PNTM9M2jMkKm3GLHpLiq3J4gE,"","North Campus",Gammage,"W", 10/25/2025 06:00:00 PM,"(UTC-07:00) Arizona",,,4137030,4137030,4137030,
PNTM9M2jMkKm3GLHpLiq3J4gE,"","North Campus",Gammage,"W", 10/25/2025 06:10:00 PM,"(UTC-07:00) Arizona",,,4141974,4141974,4141974,
PNTM9M2jMkKm3GLHpLiq3J4gE,"","North Campus",Gammage,"W", 10/25/2025 06:20:00 PM,"(UTC-07:00) Arizona",,,4121111,4121111,4121111,
PNTM9M2jMkKm3GLHpLiq3J4gE,"","North Campus",Gammage,"W", 10/25/2025 06:30:00 PM,"(UTC-07:00) Arizona",,,4047637.5,4047637.5,4047637.5,
PNTM9M2jMkKm3GLHpLiq3J4gE,"","North Campus",Gammage,"W", 10/25/2025 06:50:00 PM,"(UTC-07:00) Arizona",,,4086865,4086865,4086865,
PNTM9M2jMkKm3GLHpLiq3J4gE,"","North Campus",Gammage,"W", 10/25/2025 07:00:00 PM,"(UTC-07:00) Arizona",,,3953475.8,3953475.8,3953475.8,
PNTM9M2jMkKm3GLHpLiq3J4gE,"","North Campus",Gammage,"W", 10/25/2025 07:10:00 PM,"(UTC-07:00) Arizona",,,3899362.2,3899362.2,3899362.2,
PNTM9M2jMkKm3GLHpLiq3J4gE,"","North Campus",Gammage,"W", 10/25/2025 07:20:00 PM,"(UTC-07:00) Arizona",,,3949116.2,3949116.2,3949116.2,
PNTM9M2jMkKm3GLHpLiq3J4gE,"","North Campus",Gammage,"W", 10/25/2025 07:30:00 PM,"(UTC-07:00) Arizona",,,3957048,3957048,3957048,
PNTM9M2jMkKm3GLHpLiq3J4gE,"","North Campus",Gammage,"W", 10/25/2025 07:40:00 PM,"(UTC-07:00) Arizona",,,3938006,3938006,3938006,
PNTM9M2jMkKm3GLHpLiq3J4gE,"","North Campus",Gammage,"W", 10/25/2025 07:50:00 PM,"(UTC-07:00) Arizona",,,3857707.8,3857707.8,3857707.8,
PNTM9M2jMkKm3GLHpLiq3J4gE,"","North Campus",Gammage,"W", 10/25/2025 08:00:00 PM,"(UTC-07:00) Arizona",,,3869569.2,3869569.2,3869569.2,
PNTM9M2jMkKm3GLHpLiq3J4gE,"","North Campus",Gammage,"W", 10/25/2025 08:20:00 PM,"(UTC-07:00) Arizona",,,3886996.2,3886996.2,3886996.2,
PNTM9M2jMkKm3GLHpLiq3J4gE,"","North Campus",Gammage,"W", 10/25/2025 08:30:00 PM,"(UTC-07:00) Arizona",,,3829681,3829681,3829681,
PNTM9M2jMkKm3GLHpLiq3J4gE,"","North Campus",Gammage,"W", 10/25/2025 08:50:00 PM,"(UTC-07:00) Arizona",,,3757292.85,3754652.5,3759933.2,
PNTM9M2jMkKm3GLHpLiq3J4gE,"","North Campus",Gammage,"W", 10/25/2025 09:10:00 PM,"(UTC-07:00) Arizona",,,3705939.5,3705939.5,3705939.5,
PNTM9M2jMkKm3GLHpLiq3J4gE,"","North Campus",Gammage,"W", 10/25/2025 09:20:00 PM,"(UTC-07:00) Arizona",,,3708144.35,3672669.5,3743619.2,
PNTM9M2jMkKm3GLHpLiq3J4gE,"","North Campus",Gammage,"W", 10/25/2025 09:40:00 PM,"(UTC-07:00) Arizona",,,3652128.8,3652128.8,3652128.8,
PNTM9M2jMkKm3GLHpLiq3J4gE,"","North Campus",Gammage,"W", 10/25/2025 09:50:00 PM,"(UTC-07:00) Arizona",,,3697184.5,3697184.5,3697184.5,
PNTM9M2jMkKm3GLHpLiq3J4gE,"","North Campus",Gammage,"W", 10/25/2025 10:00:00 PM,"(UTC-07:00) Arizona",,,3617427.8,3617427.8,3617427.8,
PNTM9M2jMkKm3GLHpLiq3J4gE,"","North Campus",Gammage,"W", 10/25/2025 10:10:00 PM,"(UTC-07:00) Arizona",,,3625129,3625129,3625129,
PNTM9M2jMkKm3GLHpLiq3J4gE,"","North Campus",Gammage,"W", 10/25/2025 10:20:00 PM,"(UTC-07:00) Arizona",,,3567680,3567680,3567680,
PNTM9M2jMkKm3GLHpLiq3J4gE,"","North Campus",Gammage,"W", 10/25/2025 10:30:00 PM,"(UTC-07:00) Arizona",,,3573284,3573284,3573284,
PNTM9M2jMkKm3GLHpLiq3J4gE,"","North Campus",Gammage,"W", 10/25/2025 10:50:00 PM,"(UTC-07:00) Arizona",,,3548535.65,3532541.8,3564529.5,
PNTM9M2jMkKm3GLHpLiq3J4gE,"","North Campus",Gammage,"W", 10/25/2025 11:10:00 PM,"(UTC-07:00) Arizona",,,3542056.5,3542056.5,3542056.5,
PNTM9M2jMkKm3GLHpLiq3J4gE,"","North Campus",Gammage,"W", 10/25/2025 11:20:00 PM,"(UTC-07:00) Arizona",,,3466920.2,3466920.2,3466920.2,
PNTM9M2jMkKm3GLHpLiq3J4gE,"","North Campus",Gammage,"W", 10/25/2025 11:30:00 PM,"(UTC-07:00) Arizona",,,3489049,3489049,3489049,
PNTM9M2jMkKm3GLHpLiq3J4gE,"","North Campus",Gammage,"W", 10/25/2025 11:40:00 PM,"(UTC-07:00) Arizona",,,3493648.2,3493648.2,3493648.2,
PNTM9M2jMkKm3GLHpLiq3J4gE,"","North Campus",Gammage,"W", 10/25/2025 11:50:00 PM,"(UTC-07:00) Arizona",,,3477764.8,3477764.8,3477764.8,
PNTM9M2jMkKm3GLHpLiq3J4gE,"","North Campus",Gammage,"W", 10/26/2025 12:00:00 AM,"(UTC-07:00) Arizona",,,3427542.8,3427542.8,3427542.8,
PNTM9M2jMkKm3GLHpLiq3J4gE,"","North Campus",Gammage,"W", 10/26/2025 12:20:00 AM,"(UTC-07:00) Arizona",,,3347826,3347826,3347826,
PNTM9M2jMkKm3GLHpLiq3J4gE,"","North Campus",Gammage,"W", 10/26/2025 12:30:00 AM,"(UTC-07:00) Arizona",,,3397974,3397974,3397974,
PNTM9M2jMkKm3GLHpLiq3J4gE,"","North Campus",Gammage,"W", 10/26/2025 12:40:00 AM,"(UTC-07:00) Arizona",,,3421674.5,3421674.5,3421674.5,
PNTM9M2jMkKm3GLHpLiq3J4gE,"","North Campus",Gammage,"W", 10/26/2025 12:50:00 AM,"(UTC-07:00) Arizona",,,3423960.5,3423960.5,3423960.5,
PNTM9M2jMkKm3GLHpLiq3J4gE,"","North Campus",Gammage,"W", 10/26/2025 01:10:00 AM,"(UTC-07:00) Arizona",,,3374461.15,3371064.8,3377857.5,
PNTM9M2jMkKm3GLHpLiq3J4gE,"","North Campus",Gammage,"W", 10/26/2025 01:30:00 AM,"(UTC-07:00) Arizona",,,3327379.5,3327379.5,3327379.5,
PNTM9M2jMkKm3GLHpLiq3J4gE,"","North Campus",Gammage,"W", 10/26/2025 01:40:00 AM,"(UTC-07:00) Arizona",,,3356642.2,3356642.2,3356642.2,
PNTM9M2jMkKm3GLHpLiq3J4gE,"","North Campus",Gammage,"W", 10/26/2025 01:50:00 AM,"(UTC-07:00) Arizona",,,3315541,3315541,3315541,
PNTM9M2jMkKm3GLHpLiq3J4gE,"","North Campus",Gammage,"W", 10/26/2025 02:00:00 AM,"(UTC-07:00) Arizona",,,3310362,3310362,3310362,
PNTM9M2jMkKm3GLHpLiq3J4gE,"","North Campus",Gammage,"W", 10/26/2025 02:10:00 AM,"(UTC-07:00) Arizona",,,3282634.5,3282634.5,3282634.5,
PNTM9M2jMkKm3GLHpLiq3J4gE,"","North Campus",Gammage,"W", 10/26/2025 02:20:00 AM,"(UTC-07:00) Arizona",,,3282118.2,3282118.2,3282118.2,
PNTM9M2jMkKm3GLHpLiq3J4gE,"","North Campus",Gammage,"W", 10/26/2025 02:30:00 AM,"(UTC-07:00) Arizona",,,3289848.8,3289848.8,3289848.8,
PNTM9M2jMkKm3GLHpLiq3J4gE,"","North Campus",Gammage,"W", 10/26/2025 02:40:00 AM,"(UTC-07:00) Arizona",,,3258782.8,3258782.8,3258782.8,
PNTM9M2jMkKm3GLHpLiq3J4gE,"","North Campus",Gammage,"W", 10/26/2025 03:00:00 AM,"(UTC-07:00) Arizona",,,3282116.8,3282116.8,3282116.8,
PNTM9M2jMkKm3GLHpLiq3J4gE,"","North Campus",Gammage,"W", 10/26/2025 03:10:00 AM,"(UTC-07:00) Arizona",,,3267817,3267817,3267817,
PNTM9M2jMkKm3GLHpLiq3J4gE,"","North Campus",Gammage,"W", 10/26/2025 03:20:00 AM,"(UTC-07:00) Arizona",,,3250954.5,3250954.5,3250954.5,
PNTM9M2jMkKm3GLHpLiq3J4gE,"","North Campus",Gammage,"W", 10/26/2025 03:30:00 AM,"(UTC-07:00) Arizona",,,3242611.2,3242611.2,3242611.2,
PNTM9M2jMkKm3GLHpLiq3J4gE,"","North Campus",Gammage,"W", 10/26/2025 03:40:00 AM,"(UTC-07:00) Arizona",,,3250792,3250792,3250792,
PNTM9M2jMkKm3GLHpLiq3J4gE,"","North Campus",Gammage,"W", 10/26/2025 03:50:00 AM,"(UTC-07:00) Arizona",,,3233878.2,3233878.2,3233878.2,
PNTM9M2jMkKm3GLHpLiq3J4gE,"","North Campus",Gammage,"W", 10/26/2025 04:10:00 AM,"(UTC-07:00) Arizona",,,3236126,3236126,3236126,
PNTM9M2jMkKm3GLHpLiq3J4gE,"","North Campus",Gammage,"W", 10/26/2025 04:20:00 AM,"(UTC-07:00) Arizona",,,3239489.8,3239489.8,3239489.8,
PNTM9M2jMkKm3GLHpLiq3J4gE,"","North Campus",Gammage,"W", 10/26/2025 04:30:00 AM,"(UTC-07:00) Arizona",,,3262388.8,3262388.8,3262388.8,
PNTM9M2jMkKm3GLHpLiq3J4gE,"","North Campus",Gammage,"W", 10/26/2025 04:40:00 AM,"(UTC-07:00) Arizona",,,3292472.5,3292472.5,3292472.5,
PNTM9M2jMkKm3GLHpLiq3J4gE,"","North Campus",Gammage,"W", 10/26/2025 04:50:00 AM,"(UTC-07:00) Arizona",,,3213029.5,3213029.5,3213029.5,
PNTM9M2jMkKm3GLHpLiq3J4gE,"","North Campus",Gammage,"W", 10/26/2025 05:00:00 AM,"(UTC-07:00) Arizona",,,3271601.8,3271601.8,3271601.8,
PNTM9M2jMkKm3GLHpLiq3J4gE,"","North Campus",Gammage,"W", 10/26/2025 05:10:00 AM,"(UTC-07:00) Arizona",,,3272827.2,3272827.2,3272827.2,
PNTM9M2jMkKm3GLHpLiq3J4gE,"","North Campus",Gammage,"W", 10/26/2025 05:20:00 AM,"(UTC-07:00) Arizona",,,3277673.2,3277673.2,3277673.2,
PNTM9M2jMkKm3GLHpLiq3J4gE,"","North Campus",Gammage,"W", 10/26/2025 05:30:00 AM,"(UTC-07:00) Arizona",,,3296802,3296802,3296802,
PNTM9M2jMkKm3GLHpLiq3J4gE,"","North Campus",Gammage,"W", 10/26/2025 05:40:00 AM,"(UTC-07:00) Arizona",,,3290095,3290095,3290095,
PNTM9M2jMkKm3GLHpLiq3J4gE,"","North Campus",Gammage,"W", 10/26/2025 06:00:00 AM,"(UTC-07:00) Arizona",,,3359246,3359246,3359246,
PNTM9M2jMkKm3GLHpLiq3J4gE,"","North Campus",Gammage,"W", 10/26/2025 06:10:00 AM,"(UTC-07:00) Arizona",,,3332265,3332265,3332265,
PNTM9M2jMkKm3GLHpLiq3J4gE,"","North Campus",Gammage,"W", 10/26/2025 06:20:00 AM,"(UTC-07:00) Arizona",,,3345147.2,3345147.2,3345147.2,
PNTM9M2jMkKm3GLHpLiq3J4gE,"","North Campus",Gammage,"W", 10/26/2025 06:30:00 AM,"(UTC-07:00) Arizona",,,3358857.2,3358857.2,3358857.2,
PNTM9M2jMkKm3GLHpLiq3J4gE,"","North Campus",Gammage,"W", 10/26/2025 06:40:00 AM,"(UTC-07:00) Arizona",,,3328701.2,3328701.2,3328701.2,
PNTM9M2jMkKm3GLHpLiq3J4gE,"","North Campus",Gammage,"W", 10/26/2025 06:50:00 AM,"(UTC-07:00) Arizona",,,3349921.2,3349921.2,3349921.2,
PNTM9M2jMkKm3GLHpLiq3J4gE,"","North Campus",Gammage,"W", 10/26/2025 07:00:00 AM,"(UTC-07:00) Arizona",,,3333729.5,3333729.5,3333729.5,
PNTM9M2jMkKm3GLHpLiq3J4gE,"","North Campus",Gammage,"W", 10/26/2025 07:10:00 AM,"(UTC-07:00) Arizona",,,3389880,3389880,3389880,
PNTM9M2jMkKm3GLHpLiq3J4gE,"","North Campus",Gammage,"W", 10/26/2025 07:20:00 AM,"(UTC-07:00) Arizona",,,3398206.8,3398206.8,3398206.8,
PNTM9M2jMkKm3GLHpLiq3J4gE,"","North Campus",Gammage,"W", 10/26/2025 07:30:00 AM,"(UTC-07:00) Arizona",,,3357079.2,3357079.2,3357079.2,
PNTM9M2jMkKm3GLHpLiq3J4gE,"","North Campus",Gammage,"W", 10/26/2025 07:50:00 AM,"(UTC-07:00) Arizona",,,3315752.5,3315752.5,3315752.5,
PNTM9M2jMkKm3GLHpLiq3J4gE,"","North Campus",Gammage,"W", 10/26/2025 08:00:00 AM,"(UTC-07:00) Arizona",,,3399328.2,3399328.2,3399328.2,
PNTM9M2jMkKm3GLHpLiq3J4gE,"","North Campus",Gammage,"W", 10/26/2025 08:10:00 AM,"(UTC-07:00) Arizona",,,3452136.2,3452136.2,3452136.2,
PNTM9M2jMkKm3GLHpLiq3J4gE,"","North Campus",Gammage,"W", 10/26/2025 08:20:00 AM,"(UTC-07:00) Arizona",,,3406754.5,3406754.5,3406754.5,
PNTM9M2jMkKm3GLHpLiq3J4gE,"","North Campus",Gammage,"W", 10/26/2025 08:30:00 AM,"(UTC-07:00) Arizona",,,3356117.8,3356117.8,3356117.8,
PNTM9M2jMkKm3GLHpLiq3J4gE,"","North Campus",Gammage,"W", 10/26/2025 08:40:00 AM,"(UTC-07:00) Arizona",,,3370586.8,3370586.8,3370586.8,
PNTM9M2jMkKm3GLHpLiq3J4gE,"","North Campus",Gammage,"W", 10/26/2025 08:50:00 AM,"(UTC-07:00) Arizona",,,3358749,3358749,3358749,
PNTM9M2jMkKm3GLHpLiq3J4gE,"","North Campus",Gammage,"W", 10/26/2025 09:00:00 AM,"(UTC-07:00) Arizona",,,3452255.8,3452255.8,3452255.8,
PNTM9M2jMkKm3GLHpLiq3J4gE,"","North Campus",Gammage,"W", 10/26/2025 09:10:00 AM,"(UTC-07:00) Arizona",,,3392515,3392515,3392515,
PNTM9M2jMkKm3GLHpLiq3J4gE,"","North Campus",Gammage,"W", 10/26/2025 09:30:00 AM,"(UTC-07:00) Arizona",,,3429985.5,3429985.5,3429985.5,
PNTM9M2jMkKm3GLHpLiq3J4gE,"","North Campus",Gammage,"W", 10/26/2025 09:40:00 AM,"(UTC-07:00) Arizona",,,3417836.2,3417836.2,3417836.2,
PNTM9M2jMkKm3GLHpLiq3J4gE,"","North Campus",Gammage,"W", 10/26/2025 09:50:00 AM,"(UTC-07:00) Arizona",,,3525044.8,3525044.8,3525044.8,
PNTM9M2jMkKm3GLHpLiq3J4gE,"","North Campus",Gammage,"W", 10/26/2025 10:00:00 AM,"(UTC-07:00) Arizona",,,3569292.8,3569292.8,3569292.8,
PNTM9M2jMkKm3GLHpLiq3J4gE,"","North Campus",Gammage,"W", 10/26/2025 10:10:00 AM,"(UTC-07:00) Arizona",,,3577047.5,3577047.5,3577047.5,
PNTM9M2jMkKm3GLHpLiq3J4gE,"","North Campus",Gammage,"W", 10/26/2025 10:20:00 AM,"(UTC-07:00) Arizona",,,3609173.2,3609173.2,3609173.2,
PNTM9M2jMkKm3GLHpLiq3J4gE,"","North Campus",Gammage,"W", 10/26/2025 10:30:00 AM,"(UTC-07:00) Arizona",,,3453957.5,3453957.5,3453957.5,
PNTM9M2jMkKm3GLHpLiq3J4gE,"","North Campus",Gammage,"W", 10/26/2025 10:40:00 AM,"(UTC-07:00) Arizona",,,3508607,3508607,3508607,
PNTM9M2jMkKm3GLHpLiq3J4gE,"","North Campus",Gammage,"W", 10/26/2025 11:00:00 AM,"(UTC-07:00) Arizona",,,3430468,3430468,3430468,
PNTM9M2jMkKm3GLHpLiq3J4gE,"","North Campus",Gammage,"W", 10/26/2025 11:10:00 AM,"(UTC-07:00) Arizona",,,3495168.5,3479843.8,3510493.2,
PNTM9M2jMkKm3GLHpLiq3J4gE,"","North Campus",Gammage,"W", 10/26/2025 11:30:00 AM,"(UTC-07:00) Arizona",,,3542458,3542458,3542458,
PNTM9M2jMkKm3GLHpLiq3J4gE,"","North Campus",Gammage,"W", 10/26/2025 11:40:00 AM,"(UTC-07:00) Arizona",,,3552511.75,3533418.5,3571605,
PNTM9M2jMkKm3GLHpLiq3J4gE,"","North Campus",Gammage,"W", 10/26/2025 12:00:00 PM,"(UTC-07:00) Arizona",,,3592007,3567997.2,3616016.8,
PNTM9M2jMkKm3GLHpLiq3J4gE,"","North Campus",Gammage,"W", 10/26/2025 12:10:00 PM,"(UTC-07:00) Arizona",,,3612149,3612149,3612149,
PNTM9M2jMkKm3GLHpLiq3J4gE,"","North Campus",Gammage,"W", 10/26/2025 12:30:00 PM,"(UTC-07:00) Arizona",,,3605205.8,3605205.8,3605205.8,
PNTM9M2jMkKm3GLHpLiq3J4gE,"","North Campus",Gammage,"W", 10/26/2025 12:40:00 PM,"(UTC-07:00) Arizona",,,3676683.5,3676683.5,3676683.5,
PNTM9M2jMkKm3GLHpLiq3J4gE,"","North Campus",Gammage,"W", 10/26/2025 12:50:00 PM,"(UTC-07:00) Arizona",,,3611034.8,3611034.8,3611034.8,
PNTM9M2jMkKm3GLHpLiq3J4gE,"","North Campus",Gammage,"W", 10/26/2025 01:00:00 PM,"(UTC-07:00) Arizona",,,3653502.8,3653502.8,3653502.8,
PNTM9M2jMkKm3GLHpLiq3J4gE,"","North Campus",Gammage,"W", 10/26/2025 01:10:00 PM,"(UTC-07:00) Arizona",,,3730848.9,3728095,3733602.8,
PNTM9M2jMkKm3GLHpLiq3J4gE,"","North Campus",Gammage,"W", 10/26/2025 01:20:00 PM,"(UTC-07:00) Arizona",,,3782897.2,3782897.2,3782897.2,
PNTM9M2jMkKm3GLHpLiq3J4gE,"","North Campus",Gammage,"W", 10/26/2025 01:40:00 PM,"(UTC-07:00) Arizona",,,3703042.5,3703042.5,3703042.5,
PNTM9M2jMkKm3GLHpLiq3J4gE,"","North Campus",Gammage,"W", 10/26/2025 01:50:00 PM,"(UTC-07:00) Arizona",,,3793847.85,3784552.2,3803143.5,
PNTM9M2jMkKm3GLHpLiq3J4gE,"","North Campus",Gammage,"W", 10/26/2025 02:00:00 PM,"(UTC-07:00) Arizona",,,3811590.5,3811590.5,3811590.5,
PNTM9M2jMkKm3GLHpLiq3J4gE,"","North Campus",Gammage,"W", 10/26/2025 02:10:00 PM,"(UTC-07:00) Arizona",,,3840259.2,3840259.2,3840259.2,
PNTM9M2jMkKm3GLHpLiq3J4gE,"","North Campus",Gammage,"W", 10/26/2025 02:30:00 PM,"(UTC-07:00) Arizona",,,3779134,3779134,3779134,
PNTM9M2jMkKm3GLHpLiq3J4gE,"","North Campus",Gammage,"W", 10/26/2025 02:40:00 PM,"(UTC-07:00) Arizona",,,3868344,3868344,3868344,
PNTM9M2jMkKm3GLHpLiq3J4gE,"","North Campus",Gammage,"W", 10/26/2025 02:50:00 PM,"(UTC-07:00) Arizona",,,3919213.8,3919213.8,3919213.8,
PNTM9M2jMkKm3GLHpLiq3J4gE,"","North Campus",Gammage,"W", 10/26/2025 03:00:00 PM,"(UTC-07:00) Arizona",,,3852822.2,3852822.2,3852822.2,
PNTM9M2jMkKm3GLHpLiq3J4gE,"","North Campus",Gammage,"W", 10/26/2025 03:10:00 PM,"(UTC-07:00) Arizona",,,3827762.5,3827762.5,3827762.5,
PNTM9M2jMkKm3GLHpLiq3J4gE,"","North Campus",Gammage,"W", 10/26/2025 03:20:00 PM,"(UTC-07:00) Arizona",,,3894424,3894424,3894424,
PNTM9M2jMkKm3GLHpLiq3J4gE,"","North Campus",Gammage,"W", 10/26/2025 03:30:00 PM,"(UTC-07:00) Arizona",,,3936664.2,3936664.2,3936664.2,
PNTM9M2jMkKm3GLHpLiq3J4gE,"","North Campus",Gammage,"W", 10/26/2025 03:40:00 PM,"(UTC-07:00) Arizona",,,3967926,3967926,3967926,
PNTM9M2jMkKm3GLHpLiq3J4gE,"","North Campus",Gammage,"W", 10/26/2025 03:50:00 PM,"(UTC-07:00) Arizona",,,3946475.5,3946475.5,3946475.5,
PNTM9M2jMkKm3GLHpLiq3J4gE,"","North Campus",Gammage,"W", 10/26/2025 04:00:00 PM,"(UTC-07:00) Arizona",,,3996623.5,3996623.5,3996623.5,
PNTM9M2jMkKm3GLHpLiq3J4gE,"","North Campus",Gammage,"W", 10/26/2025 04:10:00 PM,"(UTC-07:00) Arizona",,,4015751.8,4015751.8,4015751.8,
PNTM9M2jMkKm3GLHpLiq3J4gE,"","North Campus",Gammage,"W", 10/26/2025 04:20:00 PM,"(UTC-07:00) Arizona",,,4067790.2,4067790.2,4067790.2,
PNTM9M2jMkKm3GLHpLiq3J4gE,"","North Campus",Gammage,"W", 10/26/2025 04:30:00 PM,"(UTC-07:00) Arizona",,,4046050.8,4046050.8,4046050.8,
PNTM9M2jMkKm3GLHpLiq3J4gE,"","North Campus",Gammage,"W", 10/26/2025 04:50:00 PM,"(UTC-07:00) Arizona",,,4069158.8,4069158.8,4069158.8,
PNTM9M2jMkKm3GLHpLiq3J4gE,"","North Campus",Gammage,"W", 10/26/2025 05:00:00 PM,"(UTC-07:00) Arizona",,,4096418.8,4096418.8,4096418.8,
PNTM9M2jMkKm3GLHpLiq3J4gE,"","North Campus",Gammage,"W", 10/26/2025 05:10:00 PM,"(UTC-07:00) Arizona",,,4082099.2,4082099.2,4082099.2,
PNTM9M2jMkKm3GLHpLiq3J4gE,"","North Campus",Gammage,"W", 10/26/2025 05:20:00 PM,"(UTC-07:00) Arizona",,,4089072.8,4089072.8,4089072.8,
PNTM9M2jMkKm3GLHpLiq3J4gE,"","North Campus",Gammage,"W", 10/26/2025 05:30:00 PM,"(UTC-07:00) Arizona",,,4142519,4142519,4142519,
PNTM9M2jMkKm3GLHpLiq3J4gE,"","North Campus",Gammage,"W", 10/26/2025 05:40:00 PM,"(UTC-07:00) Arizona",,,4182893,4182893,4182893,
PNTM9M2jMkKm3GLHpLiq3J4gE,"","North Campus",Gammage,"W", 10/26/2025 05:50:00 PM,"(UTC-07:00) Arizona",,,4191696.2,4191696.2,4191696.2,
PNTM9M2jMkKm3GLHpLiq3J4gE,"","North Campus",Gammage,"W", 10/26/2025 06:00:00 PM,"(UTC-07:00) Arizona",,,4122239,4122239,4122239,
PNTM9M2jMkKm3GLHpLiq3J4gE,"","North Campus",Gammage,"W", 10/26/2025 06:10:00 PM,"(UTC-07:00) Arizona",,,4155144.8,4155144.8,4155144.8,
PNTM9M2jMkKm3GLHpLiq3J4gE,"","North Campus",Gammage,"W", 10/26/2025 06:20:00 PM,"(UTC-07:00) Arizona",,,4123577,4123577,4123577,
PNTM9M2jMkKm3GLHpLiq3J4gE,"","North Campus",Gammage,"W", 10/26/2025 06:30:00 PM,"(UTC-07:00) Arizona",,,4094118.2,4094118.2,4094118.2,
PNTM9M2jMkKm3GLHpLiq3J4gE,"","North Campus",Gammage,"W", 10/26/2025 06:40:00 PM,"(UTC-07:00) Arizona",,,4107453.2,4107453.2,4107453.2,
PNTM9M2jMkKm3GLHpLiq3J4gE,"","North Campus",Gammage,"W", 10/26/2025 06:50:00 PM,"(UTC-07:00) Arizona",,,4133445,4133445,4133445,
PNTM9M2jMkKm3GLHpLiq3J4gE,"","North Campus",Gammage,"W", 10/26/2025 07:00:00 PM,"(UTC-07:00) Arizona",,,4015314.5,4015314.5,4015314.5,
PNTM9M2jMkKm3GLHpLiq3J4gE,"","North Campus",Gammage,"W", 10/26/2025 07:10:00 PM,"(UTC-07:00) Arizona",,,4072388,4072388,4072388,
PNTM9M2jMkKm3GLHpLiq3J4gE,"","North Campus",Gammage,"W", 10/26/2025 07:20:00 PM,"(UTC-07:00) Arizona",,,4096338.5,4096338.5,4096338.5,
PNTM9M2jMkKm3GLHpLiq3J4gE,"","North Campus",Gammage,"W", 10/26/2025 07:40:00 PM,"(UTC-07:00) Arizona",,,4019537.8,4019537.8,4019537.8,
PNTM9M2jMkKm3GLHpLiq3J4gE,"","North Campus",Gammage,"W", 10/26/2025 07:50:00 PM,"(UTC-07:00) Arizona",,,3972328.8,3972328.8,3972328.8,
PNTM9M2jMkKm3GLHpLiq3J4gE,"","North Campus",Gammage,"W", 10/26/2025 08:00:00 PM,"(UTC-07:00) Arizona",,,3954578.8,3954578.8,3954578.8,
PNTM9M2jMkKm3GLHpLiq3J4gE,"","North Campus",Gammage,"W", 10/26/2025 08:10:00 PM,"(UTC-07:00) Arizona",,,3992736.2,3992736.2,3992736.2,
PNTM9M2jMkKm3GLHpLiq3J4gE,"","North Campus",Gammage,"W", 10/26/2025 08:20:00 PM,"(UTC-07:00) Arizona",,,3975034.2,3975034.2,3975034.2,
PNTM9M2jMkKm3GLHpLiq3J4gE,"","North Campus",Gammage,"W", 10/26/2025 08:30:00 PM,"(UTC-07:00) Arizona",,,3966577.2,3966577.2,3966577.2,
PNTM9M2jMkKm3GLHpLiq3J4gE,"","North Campus",Gammage,"W", 10/26/2025 08:40:00 PM,"(UTC-07:00) Arizona",,,3919133,3919133,3919133,
PNTM9M2jMkKm3GLHpLiq3J4gE,"","North Campus",Gammage,"W", 10/26/2025 08:50:00 PM,"(UTC-07:00) Arizona",,,3894597.5,3894597.5,3894597.5,
PNTM9M2jMkKm3GLHpLiq3J4gE,"","North Campus",Gammage,"W", 10/26/2025 09:00:00 PM,"(UTC-07:00) Arizona",,,3796691,3796691,3796691,
PNTM9M2jMkKm3GLHpLiq3J4gE,"","North Campus",Gammage,"W", 10/26/2025 09:10:00 PM,"(UTC-07:00) Arizona",,,3748592.5,3748592.5,3748592.5,
PNTM9M2jMkKm3GLHpLiq3J4gE,"","North Campus",Gammage,"W", 10/26/2025 09:20:00 PM,"(UTC-07:00) Arizona",,,3771553.8,3771553.8,3771553.8,
PNTM9M2jMkKm3GLHpLiq3J4gE,"","North Campus",Gammage,"W", 10/26/2025 09:30:00 PM,"(UTC-07:00) Arizona",,,3772119.75,3748378,3795861.5,
PNTM9M2jMkKm3GLHpLiq3J4gE,"","North Campus",Gammage,"W", 10/26/2025 09:40:00 PM,"(UTC-07:00) Arizona",,,3818403.2,3818403.2,3818403.2,
PNTM9M2jMkKm3GLHpLiq3J4gE,"","North Campus",Gammage,"W", 10/26/2025 09:50:00 PM,"(UTC-07:00) Arizona",,,3767281.2,3767281.2,3767281.2,
PNTM9M2jMkKm3GLHpLiq3J4gE,"","North Campus",Gammage,"W", 10/26/2025 10:00:00 PM,"(UTC-07:00) Arizona",,,3710440.1,3700582.2,3720298,
PNTM9M2jMkKm3GLHpLiq3J4gE,"","North Campus",Gammage,"W", 10/26/2025 10:10:00 PM,"(UTC-07:00) Arizona",,,3730737,3730737,3730737,
PNTM9M2jMkKm3GLHpLiq3J4gE,"","North Campus",Gammage,"W", 10/26/2025 10:20:00 PM,"(UTC-07:00) Arizona",,,3692841,3692841,3692841,
PNTM9M2jMkKm3GLHpLiq3J4gE,"","North Campus",Gammage,"W", 10/26/2025 10:30:00 PM,"(UTC-07:00) Arizona",,,3634125,3609531,3658719,
PNTM9M2jMkKm3GLHpLiq3J4gE,"","North Campus",Gammage,"W", 10/26/2025 10:40:00 PM,"(UTC-07:00) Arizona",,,3640366.2,3632489.2,3648243.2,
PNTM9M2jMkKm3GLHpLiq3J4gE,"","North Campus",Gammage,"W", 10/26/2025 10:50:00 PM,"(UTC-07:00) Arizona",,,3608818,3608818,3608818,
PNTM9M2jMkKm3GLHpLiq3J4gE,"","North Campus",Gammage,"W", 10/26/2025 11:00:00 PM,"(UTC-07:00) Arizona",,,3594071.15,3592765.8,3595376.5,
PNTM9M2jMkKm3GLHpLiq3J4gE,"","North Campus",Gammage,"W", 10/26/2025 11:10:00 PM,"(UTC-07:00) Arizona",,,3593035,3593035,3593035,
PNTM9M2jMkKm3GLHpLiq3J4gE,"","North Campus",Gammage,"W", 10/26/2025 11:20:00 PM,"(UTC-07:00) Arizona",,,3584820,3584820,3584820,
PNTM9M2jMkKm3GLHpLiq3J4gE,"","North Campus",Gammage,"W", 10/26/2025 11:30:00 PM,"(UTC-07:00) Arizona",,,3568613.8,3568613.8,3568613.8,
PNTM9M2jMkKm3GLHpLiq3J4gE,"","North Campus",Gammage,"W", 10/26/2025 11:40:00 PM,"(UTC-07:00) Arizona",,,3524370,3518700.2,3530039.8,
PNTM9M2jMkKm3GLHpLiq3J4gE,"","North Campus",Gammage,"W", 10/26/2025 11:50:00 PM,"(UTC-07:00) Arizona",,,3503554.4,3496331.8,3510777,
PNTM9M2jMkKm3GLHpLiq3J4gE,"","North Campus",Gammage,"W", 10/27/2025 12:00:00 AM,"(UTC-07:00) Arizona",,,3518029,3518029,3518029,
PNTM9M2jMkKm3GLHpLiq3J4gE,"","North Campus",Gammage,"W", 10/27/2025 12:10:00 AM,"(UTC-07:00) Arizona",,,3537408,3537408,3537408,
PNTM9M2jMkKm3GLHpLiq3J4gE,"","North Campus",Gammage,"W", 10/27/2025 12:20:00 AM,"(UTC-07:00) Arizona",,,3482637.6,3444769.2,3520506,
PNTM9M2jMkKm3GLHpLiq3J4gE,"","North Campus",Gammage,"W", 10/27/2025 12:30:00 AM,"(UTC-07:00) Arizona",,,3433129.8,3433129.8,3433129.8,
PNTM9M2jMkKm3GLHpLiq3J4gE,"","North Campus",Gammage,"W", 10/27/2025 12:40:00 AM,"(UTC-07:00) Arizona",,,3443580,3420719.8,3466440.2,
PNTM9M2jMkKm3GLHpLiq3J4gE,"","North Campus",Gammage,"W", 10/27/2025 01:00:00 AM,"(UTC-07:00) Arizona",,,3440424.5,3440424.5,3440424.5,
PNTM9M2jMkKm3GLHpLiq3J4gE,"","North Campus",Gammage,"W", 10/27/2025 01:10:00 AM,"(UTC-07:00) Arizona",,,3451355.5,3451355.5,3451355.5,
PNTM9M2jMkKm3GLHpLiq3J4gE,"","North Campus",Gammage,"W", 10/27/2025 01:20:00 AM,"(UTC-07:00) Arizona",,,3407931,3407931,3407931,
PNTM9M2jMkKm3GLHpLiq3J4gE,"","North Campus",Gammage,"W", 10/27/2025 01:30:00 AM,"(UTC-07:00) Arizona",,,3346576.5,3346576.5,3346576.5,
PNTM9M2jMkKm3GLHpLiq3J4gE,"","North Campus",Gammage,"W", 10/27/2025 01:40:00 AM,"(UTC-07:00) Arizona",,,3343984.3,3312753.8,3375214.8,
PNTM9M2jMkKm3GLHpLiq3J4gE,"","North Campus",Gammage,"W", 10/27/2025 01:50:00 AM,"(UTC-07:00) Arizona",,,3311636.35,3285983.2,3337289.5,
PNTM9M2jMkKm3GLHpLiq3J4gE,"","North Campus",Gammage,"W", 10/27/2025 02:00:00 AM,"(UTC-07:00) Arizona",,,3308277,3308277,3308277,
PNTM9M2jMkKm3GLHpLiq3J4gE,"","North Campus",Gammage,"W", 10/27/2025 02:10:00 AM,"(UTC-07:00) Arizona",,,3319589.6,3279157.5,3368646.8,
PNTM9M2jMkKm3GLHpLiq3J4gE,"","North Campus",Gammage,"W", 10/27/2025 02:20:00 AM,"(UTC-07:00) Arizona",,,3290695.4,3288000,3293390.8,
PNTM9M2jMkKm3GLHpLiq3J4gE,"","North Campus",Gammage,"W", 10/27/2025 02:30:00 AM,"(UTC-07:00) Arizona",,,3348800.8,3348800.8,3348800.8,
PNTM9M2jMkKm3GLHpLiq3J4gE,"","North Campus",Gammage,"W", 10/27/2025 02:40:00 AM,"(UTC-07:00) Arizona",,,3286716.2,3286716.2,3286716.2,
PNTM9M2jMkKm3GLHpLiq3J4gE,"","North Campus",Gammage,"W", 10/27/2025 02:50:00 AM,"(UTC-07:00) Arizona",,,3335691.6,3304147.2,3367236,
PNTM9M2jMkKm3GLHpLiq3J4gE,"","North Campus",Gammage,"W", 10/27/2025 03:00:00 AM,"(UTC-07:00) Arizona",,,3280517.6,3264925,3296110.2,
PNTM9M2jMkKm3GLHpLiq3J4gE,"","North Campus",Gammage,"W", 10/27/2025 03:20:00 AM,"(UTC-07:00) Arizona",,,3263763.2,3263763.2,3263763.2,
PNTM9M2jMkKm3GLHpLiq3J4gE,"","North Campus",Gammage,"W", 10/27/2025 03:30:00 AM,"(UTC-07:00) Arizona",,,3253693.8,3244227.8,3263159.8,
PNTM9M2jMkKm3GLHpLiq3J4gE,"","North Campus",Gammage,"W", 10/27/2025 03:40:00 AM,"(UTC-07:00) Arizona",,,3280093,3280093,3280093,
PNTM9M2jMkKm3GLHpLiq3J4gE,"","North Campus",Gammage,"W", 10/27/2025 03:50:00 AM,"(UTC-07:00) Arizona",,,3274079,3262322.2,3285835.8,
PNTM9M2jMkKm3GLHpLiq3J4gE,"","North Campus",Gammage,"W", 10/27/2025 04:00:00 AM,"(UTC-07:00) Arizona",,,3332810.6,3300162,3365459.2,
PNTM9M2jMkKm3GLHpLiq3J4gE,"","North Campus",Gammage,"W", 10/27/2025 04:10:00 AM,"(UTC-07:00) Arizona",,,3357867.6666666665,3330790.8,3380467.2,
PNTM9M2jMkKm3GLHpLiq3J4gE,"","North Campus",Gammage,"W", 10/27/2025 04:20:00 AM,"(UTC-07:00) Arizona",,,3394261.2,3394261.2,3394261.2,
PNTM9M2jMkKm3GLHpLiq3J4gE,"","North Campus",Gammage,"W", 10/27/2025 04:30:00 AM,"(UTC-07:00) Arizona",,,3361842,3361842,3361842,
PNTM9M2jMkKm3GLHpLiq3J4gE,"","North Campus",Gammage,"W", 10/27/2025 04:40:00 AM,"(UTC-07:00) Arizona",,,3410504.35,3410141.2,3410867.5,
PNTM9M2jMkKm3GLHpLiq3J4gE,"","North Campus",Gammage,"W", 10/27/2025 04:50:00 AM,"(UTC-07:00) Arizona",,,3449297.2,3449297.2,3449297.2,
PNTM9M2jMkKm3GLHpLiq3J4gE,"","North Campus",Gammage,"W", 10/27/2025 05:00:00 AM,"(UTC-07:00) Arizona",,,3452790.2,3452790.2,3452790.2,
PNTM9M2jMkKm3GLHpLiq3J4gE,"","North Campus",Gammage,"W", 10/27/2025 05:10:00 AM,"(UTC-07:00) Arizona",,,3499941.033333333,3479891.8,3525012.5,
PNTM9M2jMkKm3GLHpLiq3J4gE,"","North Campus",Gammage,"W", 10/27/2025 05:20:00 AM,"(UTC-07:00) Arizona",,,3464120.35,3462587.5,3465653.2,
PNTM9M2jMkKm3GLHpLiq3J4gE,"","North Campus",Gammage,"W", 10/27/2025 05:30:00 AM,"(UTC-07:00) Arizona",,,3526213.5,3526213.5,3526213.5,
PNTM9M2jMkKm3GLHpLiq3J4gE,"","North Campus",Gammage,"W", 10/27/2025 05:40:00 AM,"(UTC-07:00) Arizona",,,3557679.8,3557679.8,3557679.8,
PNTM9M2jMkKm3GLHpLiq3J4gE,"","North Campus",Gammage,"W", 10/27/2025 05:50:00 AM,"(UTC-07:00) Arizona",,,3617744.1,3600746,3634742.2,
PNTM9M2jMkKm3GLHpLiq3J4gE,"","North Campus",Gammage,"W", 10/27/2025 06:00:00 AM,"(UTC-07:00) Arizona",,,3772996,3772996,3772996,
PNTM9M2jMkKm3GLHpLiq3J4gE,"","North Campus",Gammage,"W", 10/27/2025 06:10:00 AM,"(UTC-07:00) Arizona",,,3711614.6,3706978.2,3716251,
PNTM9M2jMkKm3GLHpLiq3J4gE,"","North Campus",Gammage,"W", 10/27/2025 06:20:00 AM,"(UTC-07:00) Arizona",,,3796547.4,3777047,3816047.8,
PNTM9M2jMkKm3GLHpLiq3J4gE,"","North Campus",Gammage,"W", 10/27/2025 06:30:00 AM,"(UTC-07:00) Arizona",,,3862216.2,3862216.2,3862216.2,
PNTM9M2jMkKm3GLHpLiq3J4gE,"","North Campus",Gammage,"W", 10/27/2025 06:40:00 AM,"(UTC-07:00) Arizona",,,3828015.2,3821400.2,3834630.2,
PNTM9M2jMkKm3GLHpLiq3J4gE,"","North Campus",Gammage,"W", 10/27/2025 06:50:00 AM,"(UTC-07:00) Arizona",,,3898926.133333333,3852827.8,3980148.8,
PNTM9M2jMkKm3GLHpLiq3J4gE,"","North Campus",Gammage,"W", 10/27/2025 07:00:00 AM,"(UTC-07:00) Arizona",,,3942968.25,3893934.5,3992002,
PNTM9M2jMkKm3GLHpLiq3J4gE,"","North Campus",Gammage,"W", 10/27/2025 07:10:00 AM,"(UTC-07:00) Arizona",,,4033698.5,4033698.5,4033698.5,
PNTM9M2jMkKm3GLHpLiq3J4gE,"","North Campus",Gammage,"W", 10/27/2025 07:20:00 AM,"(UTC-07:00) Arizona",,,4071401.8,4071401.8,4071401.8,
PNTM9M2jMkKm3GLHpLiq3J4gE,"","North Campus",Gammage,"W", 10/27/2025 07:30:00 AM,"(UTC-07:00) Arizona",,,4110817,4110817,4110817,
PNTM9M2jMkKm3GLHpLiq3J4gE,"","North Campus",Gammage,"W", 10/27/2025 07:40:00 AM,"(UTC-07:00) Arizona",,,4102150.5,4102150.5,4102150.5,
PNTM9M2jMkKm3GLHpLiq3J4gE,"","North Campus",Gammage,"W", 10/27/2025 07:50:00 AM,"(UTC-07:00) Arizona",,,4145256,4145256,4145256,
PNTM9M2jMkKm3GLHpLiq3J4gE,"","North Campus",Gammage,"W", 10/27/2025 08:00:00 AM,"(UTC-07:00) Arizona",,,4245942.5,4245942.5,4245942.5,
PNTM9M2jMkKm3GLHpLiq3J4gE,"","North Campus",Gammage,"W", 10/27/2025 08:10:00 AM,"(UTC-07:00) Arizona",,,4337511.5,4337511.5,4337511.5,
PNTM9M2jMkKm3GLHpLiq3J4gE,"","North Campus",Gammage,"W", 10/27/2025 08:20:00 AM,"(UTC-07:00) Arizona",,,4231517,4228150.5,4234883.5,
PNTM9M2jMkKm3GLHpLiq3J4gE,"","North Campus",Gammage,"W", 10/27/2025 08:30:00 AM,"(UTC-07:00) Arizona",,,4354462,4305321,4403603,
PNTM9M2jMkKm3GLHpLiq3J4gE,"","North Campus",Gammage,"W", 10/27/2025 08:40:00 AM,"(UTC-07:00) Arizona",,,4413001.5,4413001.5,4413001.5,
PNTM9M2jMkKm3GLHpLiq3J4gE,"","North Campus",Gammage,"W", 10/27/2025 08:50:00 AM,"(UTC-07:00) Arizona",,,4452480.25,4399594.5,4505366,
PNTM9M2jMkKm3GLHpLiq3J4gE,"","North Campus",Gammage,"W", 10/27/2025 09:00:00 AM,"(UTC-07:00) Arizona",,,4501909,4501909,4501909,
PNTM9M2jMkKm3GLHpLiq3J4gE,"","North Campus",Gammage,"W", 10/27/2025 09:10:00 AM,"(UTC-07:00) Arizona",,,4528077.5,4528077.5,4528077.5,
PNTM9M2jMkKm3GLHpLiq3J4gE,"","North Campus",Gammage,"W", 10/27/2025 09:20:00 AM,"(UTC-07:00) Arizona",,,4487428.25,4455852.5,4519004,
PNTM9M2jMkKm3GLHpLiq3J4gE,"","North Campus",Gammage,"W", 10/27/2025 09:30:00 AM,"(UTC-07:00) Arizona",,,4472668,4472668,4472668,
PNTM9M2jMkKm3GLHpLiq3J4gE,"","North Campus",Gammage,"W", 10/27/2025 09:40:00 AM,"(UTC-07:00) Arizona",,,4441821,4428552,4455090,
PNTM9M2jMkKm3GLHpLiq3J4gE,"","North Campus",Gammage,"W", 10/27/2025 09:50:00 AM,"(UTC-07:00) Arizona",,,4550590,4550590,4550590,
PNTM9M2jMkKm3GLHpLiq3J4gE,"","North Campus",Gammage,"W", 10/27/2025 10:00:00 AM,"(UTC-07:00) Arizona",,,4562197,4562197,4562197,
PNTM9M2jMkKm3GLHpLiq3J4gE,"","North Campus",Gammage,"W", 10/27/2025 10:10:00 AM,"(UTC-07:00) Arizona",,,4618401.25,4541760,4695042.5,
PNTM9M2jMkKm3GLHpLiq3J4gE,"","North Campus",Gammage,"W", 10/27/2025 10:20:00 AM,"(UTC-07:00) Arizona",,,4681877,4681877,4681877,
PNTM9M2jMkKm3GLHpLiq3J4gE,"","North Campus",Gammage,"W", 10/27/2025 10:30:00 AM,"(UTC-07:00) Arizona",,,4625991.25,4581040,4670942.5,
PNTM9M2jMkKm3GLHpLiq3J4gE,"","North Campus",Gammage,"W", 10/27/2025 10:40:00 AM,"(UTC-07:00) Arizona",,,4583713,4581322.5,4586103.5,
PNTM9M2jMkKm3GLHpLiq3J4gE,"","North Campus",Gammage,"W", 10/27/2025 10:50:00 AM,"(UTC-07:00) Arizona",,,4689738.5,4655312.5,4724164.5,
PNTM9M2jMkKm3GLHpLiq3J4gE,"","North Campus",Gammage,"W", 10/27/2025 11:00:00 AM,"(UTC-07:00) Arizona",,,4718561.75,4698560.5,4738563,
PNTM9M2jMkKm3GLHpLiq3J4gE,"","North Campus",Gammage,"W", 10/27/2025 11:10:00 AM,"(UTC-07:00) Arizona",,,4748083,4748083,4748083,
PNTM9M2jMkKm3GLHpLiq3J4gE,"","North Campus",Gammage,"W", 10/27/2025 11:20:00 AM,"(UTC-07:00) Arizona",,,4860955,4819129,4902781,
PNTM9M2jMkKm3GLHpLiq3J4gE,"","North Campus",Gammage,"W", 10/27/2025 11:30:00 AM,"(UTC-07:00) Arizona",,,4753471,4753471,4753471,
PNTM9M2jMkKm3GLHpLiq3J4gE,"","North Campus",Gammage,"W", 10/27/2025 11:40:00 AM,"(UTC-07:00) Arizona",,,4686477.5,4683962,4688993,
PNTM9M2jMkKm3GLHpLiq3J4gE,"","North Campus",Gammage,"W", 10/27/2025 11:50:00 AM,"(UTC-07:00) Arizona",,,4687913,4687913,4687913,
PNTM9M2jMkKm3GLHpLiq3J4gE,"","North Campus",Gammage,"W", 10/27/2025 12:00:00 PM,"(UTC-07:00) Arizona",,,4765735,4765735,4765735,
PNTM9M2jMkKm3GLHpLiq3J4gE,"","North Campus",Gammage,"W", 10/27/2025 12:10:00 PM,"(UTC-07:00) Arizona",,,4808288,4808288,4808288,
PNTM9M2jMkKm3GLHpLiq3J4gE,"","North Campus",Gammage,"W", 10/27/2025 12:20:00 PM,"(UTC-07:00) Arizona",,,4712387,4712387,4712387,
PNTM9M2jMkKm3GLHpLiq3J4gE,"","North Campus",Gammage,"W", 10/27/2025 12:30:00 PM,"(UTC-07:00) Arizona",,,4833487.75,4825896,4841079.5,
PNTM9M2jMkKm3GLHpLiq3J4gE,"","North Campus",Gammage,"W", 10/27/2025 12:40:00 PM,"(UTC-07:00) Arizona",,,4890324.75,4829253.5,4951396,
PNTM9M2jMkKm3GLHpLiq3J4gE,"","North Campus",Gammage,"W", 10/27/2025 12:50:00 PM,"(UTC-07:00) Arizona",,,4871301,4871301,4871301,
PNTM9M2jMkKm3GLHpLiq3J4gE,"","North Campus",Gammage,"W", 10/27/2025 01:00:00 PM,"(UTC-07:00) Arizona",,,4826850.5,4824025.5,4829675.5,
PNTM9M2jMkKm3GLHpLiq3J4gE,"","North Campus",Gammage,"W", 10/27/2025 01:10:00 PM,"(UTC-07:00) Arizona",,,4878366,4840564,4916168,
PNTM9M2jMkKm3GLHpLiq3J4gE,"","North Campus",Gammage,"W", 10/27/2025 01:30:00 PM,"(UTC-07:00) Arizona",,,4887449,4834834,4940064,
PNTM9M2jMkKm3GLHpLiq3J4gE,"","North Campus",Gammage,"W", 10/27/2025 01:40:00 PM,"(UTC-07:00) Arizona",,,4828971.75,4817688.5,4840255,
PNTM9M2jMkKm3GLHpLiq3J4gE,"","North Campus",Gammage,"W", 10/27/2025 01:50:00 PM,"(UTC-07:00) Arizona",,,4910303,4910303,4910303,
PNTM9M2jMkKm3GLHpLiq3J4gE,"","North Campus",Gammage,"W", 10/27/2025 02:00:00 PM,"(UTC-07:00) Arizona",,,4921340.5,4921340.5,4921340.5,
PNTM9M2jMkKm3GLHpLiq3J4gE,"","North Campus",Gammage,"W", 10/27/2025 02:10:00 PM,"(UTC-07:00) Arizona",,,5027624.5,5026745,5028504,
PNTM9M2jMkKm3GLHpLiq3J4gE,"","North Campus",Gammage,"W", 10/27/2025 02:20:00 PM,"(UTC-07:00) Arizona",,,5011639.5,5011639.5,5011639.5,
PNTM9M2jMkKm3GLHpLiq3J4gE,"","North Campus",Gammage,"W", 10/27/2025 02:30:00 PM,"(UTC-07:00) Arizona",,,4968747,4920703,5016791,
PNTM9M2jMkKm3GLHpLiq3J4gE,"","North Campus",Gammage,"W", 10/27/2025 02:40:00 PM,"(UTC-07:00) Arizona",,,5036132.5,5036132.5,5036132.5,
PNTM9M2jMkKm3GLHpLiq3J4gE,"","North Campus",Gammage,"W", 10/27/2025 02:50:00 PM,"(UTC-07:00) Arizona",,,5061436.5,5061436.5,5061436.5,
PNTM9M2jMkKm3GLHpLiq3J4gE,"","North Campus",Gammage,"W", 10/27/2025 03:00:00 PM,"(UTC-07:00) Arizona",,,5023389,5023389,5023389,
PNTM9M2jMkKm3GLHpLiq3J4gE,"","North Campus",Gammage,"W", 10/27/2025 03:10:00 PM,"(UTC-07:00) Arizona",,,5051757.25,5011537,5091977.5,
PNTM9M2jMkKm3GLHpLiq3J4gE,"","North Campus",Gammage,"W", 10/27/2025 03:20:00 PM,"(UTC-07:00) Arizona",,,5021944,5021944,5021944,
PNTM9M2jMkKm3GLHpLiq3J4gE,"","North Campus",Gammage,"W", 10/27/2025 03:30:00 PM,"(UTC-07:00) Arizona",,,5144309.5,5144309.5,5144309.5,
PNTM9M2jMkKm3GLHpLiq3J4gE,"","North Campus",Gammage,"W", 10/27/2025 03:40:00 PM,"(UTC-07:00) Arizona",,,5152682,5152682,5152682,
PNTM9M2jMkKm3GLHpLiq3J4gE,"","North Campus",Gammage,"W", 10/27/2025 03:50:00 PM,"(UTC-07:00) Arizona",,,5172051,5105067.5,5239034.5,
PNTM9M2jMkKm3GLHpLiq3J4gE,"","North Campus",Gammage,"W", 10/27/2025 04:00:00 PM,"(UTC-07:00) Arizona",,,5108128,5102814,5113442,
PNTM9M2jMkKm3GLHpLiq3J4gE,"","North Campus",Gammage,"W", 10/27/2025 04:10:00 PM,"(UTC-07:00) Arizona",,,5163008.5,5105824.5,5220192.5,
PNTM9M2jMkKm3GLHpLiq3J4gE,"","North Campus",Gammage,"W", 10/27/2025 04:20:00 PM,"(UTC-07:00) Arizona",,,5211995,5211995,5211995,
PNTM9M2jMkKm3GLHpLiq3J4gE,"","North Campus",Gammage,"W", 10/27/2025 04:30:00 PM,"(UTC-07:00) Arizona",,,5147913,5147913,5147913,
PNTM9M2jMkKm3GLHpLiq3J4gE,"","North Campus",Gammage,"W", 10/27/2025 04:40:00 PM,"(UTC-07:00) Arizona",,,5170835.5,5170835.5,5170835.5,
PNTM9M2jMkKm3GLHpLiq3J4gE,"","North Campus",Gammage,"W", 10/27/2025 04:50:00 PM,"(UTC-07:00) Arizona",,,5114511,5114511,5114511,
PNTM9M2jMkKm3GLHpLiq3J4gE,"","North Campus",Gammage,"W", 10/27/2025 05:00:00 PM,"(UTC-07:00) Arizona",,,5078871.5,5034893,5122850,
PNTM9M2jMkKm3GLHpLiq3J4gE,"","North Campus",Gammage,"W", 10/27/2025 05:10:00 PM,"(UTC-07:00) Arizona",,,4978571.5,4978571.5,4978571.5,
PNTM9M2jMkKm3GLHpLiq3J4gE,"","North Campus",Gammage,"W", 10/27/2025 05:20:00 PM,"(UTC-07:00) Arizona",,,4977573,4977428.5,4977717.5,
PNTM9M2jMkKm3GLHpLiq3J4gE,"","North Campus",Gammage,"W", 10/27/2025 05:30:00 PM,"(UTC-07:00) Arizona",,,5073011.5,5073011.5,5073011.5,
PNTM9M2jMkKm3GLHpLiq3J4gE,"","North Campus",Gammage,"W", 10/27/2025 05:40:00 PM,"(UTC-07:00) Arizona",,,5000362.25,4986666,5014058.5,
PNTM9M2jMkKm3GLHpLiq3J4gE,"","North Campus",Gammage,"W", 10/27/2025 06:00:00 PM,"(UTC-07:00) Arizona",,,4861071.5,4861071.5,4861071.5,
PNTM9M2jMkKm3GLHpLiq3J4gE,"","North Campus",Gammage,"W", 10/27/2025 06:10:00 PM,"(UTC-07:00) Arizona",,,4839052.75,4794194,4883911.5,
PNTM9M2jMkKm3GLHpLiq3J4gE,"","North Campus",Gammage,"W", 10/27/2025 06:20:00 PM,"(UTC-07:00) Arizona",,,4841024.75,4804799,4877250.5,
PNTM9M2jMkKm3GLHpLiq3J4gE,"","North Campus",Gammage,"W", 10/27/2025 06:30:00 PM,"(UTC-07:00) Arizona",,,4791178,4791178,4791178,
PNTM9M2jMkKm3GLHpLiq3J4gE,"","North Campus",Gammage,"W", 10/27/2025 06:40:00 PM,"(UTC-07:00) Arizona",,,4799887.5,4799887.5,4799887.5,
PNTM9M2jMkKm3GLHpLiq3J4gE,"","North Campus",Gammage,"W", 10/27/2025 06:50:00 PM,"(UTC-07:00) Arizona",,,4752950,4752950,4752950,
PNTM9M2jMkKm3GLHpLiq3J4gE,"","North Campus",Gammage,"W", 10/27/2025 07:00:00 PM,"(UTC-07:00) Arizona",,,4609688,4609688,4609688,
PNTM9M2jMkKm3GLHpLiq3J4gE,"","North Campus",Gammage,"W", 10/27/2025 07:10:00 PM,"(UTC-07:00) Arizona",,,4528859.833333333,4507305,4560887,
PNTM9M2jMkKm3GLHpLiq3J4gE,"","North Campus",Gammage,"W", 10/27/2025 07:20:00 PM,"(UTC-07:00) Arizona",,,4589636.5,4589636.5,4589636.5,
PNTM9M2jMkKm3GLHpLiq3J4gE,"","North Campus",Gammage,"W", 10/27/2025 07:30:00 PM,"(UTC-07:00) Arizona",,,4570620,4562006.5,4579233.5,
PNTM9M2jMkKm3GLHpLiq3J4gE,"","North Campus",Gammage,"W", 10/27/2025 07:40:00 PM,"(UTC-07:00) Arizona",,,4568346.5,4568346.5,4568346.5,
PNTM9M2jMkKm3GLHpLiq3J4gE,"","North Campus",Gammage,"W", 10/27/2025 07:50:00 PM,"(UTC-07:00) Arizona",,,4556359.25,4555764.5,4556954,
PNTM9M2jMkKm3GLHpLiq3J4gE,"","North Campus",Gammage,"W", 10/27/2025 08:00:00 PM,"(UTC-07:00) Arizona",,,4495013,4495013,4495013,
PNTM9M2jMkKm3GLHpLiq3J4gE,"","North Campus",Gammage,"W", 10/27/2025 08:10:00 PM,"(UTC-07:00) Arizona",,,4420749,4420749,4420749,
PNTM9M2jMkKm3GLHpLiq3J4gE,"","North Campus",Gammage,"W", 10/27/2025 08:20:00 PM,"(UTC-07:00) Arizona",,,4457350,4440799,4473901,
PNTM9M2jMkKm3GLHpLiq3J4gE,"","North Campus",Gammage,"W", 10/27/2025 08:30:00 PM,"(UTC-07:00) Arizona",,,4289415.5,4289415.5,4289415.5,
PNTM9M2jMkKm3GLHpLiq3J4gE,"","North Campus",Gammage,"W", 10/27/2025 08:40:00 PM,"(UTC-07:00) Arizona",,,4366283.5,4366283.5,4366283.5,
PNTM9M2jMkKm3GLHpLiq3J4gE,"","North Campus",Gammage,"W", 10/27/2025 08:50:00 PM,"(UTC-07:00) Arizona",,,4315638.75,4301065,4330212.5,
PNTM9M2jMkKm3GLHpLiq3J4gE,"","North Campus",Gammage,"W", 10/27/2025 09:00:00 PM,"(UTC-07:00) Arizona",,,4248942,4233978,4263906,
PNTM9M2jMkKm3GLHpLiq3J4gE,"","North Campus",Gammage,"W", 10/27/2025 09:10:00 PM,"(UTC-07:00) Arizona",,,4251668.5,4251668.5,4251668.5,
PNTM9M2jMkKm3GLHpLiq3J4gE,"","North Campus",Gammage,"W", 10/27/2025 09:20:00 PM,"(UTC-07:00) Arizona",,,4158488.65,4136575.8,4180401.5,
PNTM9M2jMkKm3GLHpLiq3J4gE,"","North Campus",Gammage,"W", 10/27/2025 09:30:00 PM,"(UTC-07:00) Arizona",,,4195945.75,4188784,4203107.5,
PNTM9M2jMkKm3GLHpLiq3J4gE,"","North Campus",Gammage,"W", 10/27/2025 09:40:00 PM,"(UTC-07:00) Arizona",,,4199423.5,4199423.5,4199423.5,
PNTM9M2jMkKm3GLHpLiq3J4gE,"","North Campus",Gammage,"W", 10/27/2025 09:50:00 PM,"(UTC-07:00) Arizona",,,3982961,3982961,3982961,
PNTM9M2jMkKm3GLHpLiq3J4gE,"","North Campus",Gammage,"W", 10/27/2025 10:00:00 PM,"(UTC-07:00) Arizona",,,3938526.5,3938526.5,3938526.5,
PNTM9M2jMkKm3GLHpLiq3J4gE,"","North Campus",Gammage,"W", 10/27/2025 10:10:00 PM,"(UTC-07:00) Arizona",,,3894810.8,3894810.8,3894810.8,
PNTM9M2jMkKm3GLHpLiq3J4gE,"","North Campus",Gammage,"W", 10/27/2025 10:20:00 PM,"(UTC-07:00) Arizona",,,3920930,3920930,3920930,
PNTM9M2jMkKm3GLHpLiq3J4gE,"","North Campus",Gammage,"W", 10/27/2025 10:30:00 PM,"(UTC-07:00) Arizona",,,3813526.8000000003,3801207.2,3826645,
PNTM9M2jMkKm3GLHpLiq3J4gE,"","North Campus",Gammage,"W", 10/27/2025 10:40:00 PM,"(UTC-07:00) Arizona",,,3794307.2,3794307.2,3794307.2,
PNTM9M2jMkKm3GLHpLiq3J4gE,"","North Campus",Gammage,"W", 10/27/2025 10:50:00 PM,"(UTC-07:00) Arizona",,,3682451.8,3682451.8,3682451.8,
PNTM9M2jMkKm3GLHpLiq3J4gE,"","North Campus",Gammage,"W", 10/27/2025 11:00:00 PM,"(UTC-07:00) Arizona",,,3610492.8,3610492.8,3610492.8,
PNTM9M2jMkKm3GLHpLiq3J4gE,"","North Campus",Gammage,"W", 10/27/2025 11:10:00 PM,"(UTC-07:00) Arizona",,,3625880.2,3625880.2,3625880.2,
PNTM9M2jMkKm3GLHpLiq3J4gE,"","North Campus",Gammage,"W", 10/27/2025 11:20:00 PM,"(UTC-07:00) Arizona",,,3599202.8,3598181.8,3600223.8,
PNTM9M2jMkKm3GLHpLiq3J4gE,"","North Campus",Gammage,"W", 10/27/2025 11:30:00 PM,"(UTC-07:00) Arizona",,,3607369.6,3573178,3641561.2,
PNTM9M2jMkKm3GLHpLiq3J4gE,"","North Campus",Gammage,"W", 10/27/2025 11:40:00 PM,"(UTC-07:00) Arizona",,,3558943.2,3558943.2,3558943.2,
PNTM9M2jMkKm3GLHpLiq3J4gE,"","North Campus",Gammage,"W", 10/28/2025 12:00:00 AM,"(UTC-07:00) Arizona",,,3513406.25,3502789.5,3524023,
PNTM9M2jMkKm3GLHpLiq3J4gE,"","North Campus",Gammage,"W", 10/28/2025 12:10:00 AM,"(UTC-07:00) Arizona",,,3465734.2,3465734.2,3465734.2,
PNTM9M2jMkKm3GLHpLiq3J4gE,"","North Campus",Gammage,"W", 10/28/2025 12:20:00 AM,"(UTC-07:00) Arizona",,,3511797.85,3500351.5,3523244.2,
PNTM9M2jMkKm3GLHpLiq3J4gE,"","North Campus",Gammage,"W", 10/28/2025 12:30:00 AM,"(UTC-07:00) Arizona",,,3459099.15,3435574.5,3482623.8,
PNTM9M2jMkKm3GLHpLiq3J4gE,"","North Campus",Gammage,"W", 10/28/2025 12:40:00 AM,"(UTC-07:00) Arizona",,,3448521.8,3448521.8,3448521.8,
PNTM9M2jMkKm3GLHpLiq3J4gE,"","North Campus",Gammage,"W", 10/28/2025 12:50:00 AM,"(UTC-07:00) Arizona",,,3462444.2,3462444.2,3462444.2,
PNTM9M2jMkKm3GLHpLiq3J4gE,"","North Campus",Gammage,"W", 10/28/2025 01:00:00 AM,"(UTC-07:00) Arizona",,,3465434.85,3464070.2,3466799.5,
PNTM9M2jMkKm3GLHpLiq3J4gE,"","North Campus",Gammage,"W", 10/28/2025 01:10:00 AM,"(UTC-07:00) Arizona",,,3409026.8,3409026.8,3409026.8,
PNTM9M2jMkKm3GLHpLiq3J4gE,"","North Campus",Gammage,"W", 10/28/2025 01:20:00 AM,"(UTC-07:00) Arizona",,,3419482.8,3385131.8,3453833.8,
PNTM9M2jMkKm3GLHpLiq3J4gE,"","North Campus",Gammage,"W", 10/28/2025 01:30:00 AM,"(UTC-07:00) Arizona",,,3369654.65,3344881.8,3394427.5,
PNTM9M2jMkKm3GLHpLiq3J4gE,"","North Campus",Gammage,"W", 10/28/2025 01:40:00 AM,"(UTC-07:00) Arizona",,,3347238.8,3347238.8,3347238.8,
PNTM9M2jMkKm3GLHpLiq3J4gE,"","North Campus",Gammage,"W", 10/28/2025 01:50:00 AM,"(UTC-07:00) Arizona",,,3391053,3391053,3391053,
PNTM9M2jMkKm3GLHpLiq3J4gE,"","North Campus",Gammage,"W", 10/28/2025 02:00:00 AM,"(UTC-07:00) Arizona",,,3356735.2,3333643.2,3379827.2,
PNTM9M2jMkKm3GLHpLiq3J4gE,"","North Campus",Gammage,"W", 10/28/2025 02:10:00 AM,"(UTC-07:00) Arizona",,,3335793.2,3335793.2,3335793.2,
PNTM9M2jMkKm3GLHpLiq3J4gE,"","North Campus",Gammage,"W", 10/28/2025 02:20:00 AM,"(UTC-07:00) Arizona",,,3318199.15,3312359.8,3324038.5,
PNTM9M2jMkKm3GLHpLiq3J4gE,"","North Campus",Gammage,"W", 10/28/2025 02:30:00 AM,"(UTC-07:00) Arizona",,,3305111.6,3300980,3309243.2,
PNTM9M2jMkKm3GLHpLiq3J4gE,"","North Campus",Gammage,"W", 10/28/2025 02:40:00 AM,"(UTC-07:00) Arizona",,,3324193,3324193,3324193,
PNTM9M2jMkKm3GLHpLiq3J4gE,"","North Campus",Gammage,"W", 10/28/2025 02:50:00 AM,"(UTC-07:00) Arizona",,,3309544.8,3309544.8,3309544.8,
PNTM9M2jMkKm3GLHpLiq3J4gE,"","North Campus",Gammage,"W", 10/28/2025 03:00:00 AM,"(UTC-07:00) Arizona",,,3344218,3331353.5,3355426,
PNTM9M2jMkKm3GLHpLiq3J4gE,"","North Campus",Gammage,"W", 10/28/2025 03:10:00 AM,"(UTC-07:00) Arizona",,,3327171.2,3327171.2,3327171.2,
PNTM9M2jMkKm3GLHpLiq3J4gE,"","North Campus",Gammage,"W", 10/28/2025 03:30:00 AM,"(UTC-07:00) Arizona",,,3270863,3270863,3270863,
PNTM9M2jMkKm3GLHpLiq3J4gE,"","North Campus",Gammage,"W", 10/28/2025 03:40:00 AM,"(UTC-07:00) Arizona",,,3311237.75,3304920,3317555.5,
PNTM9M2jMkKm3GLHpLiq3J4gE,"","North Campus",Gammage,"W", 10/28/2025 03:50:00 AM,"(UTC-07:00) Arizona",,,3328465,3295934.5,3360995.5,
PNTM9M2jMkKm3GLHpLiq3J4gE,"","North Campus",Gammage,"W", 10/28/2025 04:00:00 AM,"(UTC-07:00) Arizona",,,3431259.2,3431259.2,3431259.2,
PNTM9M2jMkKm3GLHpLiq3J4gE,"","North Campus",Gammage,"W", 10/28/2025 04:10:00 AM,"(UTC-07:00) Arizona",,,3449179.5,3449179.5,3449179.5,
PNTM9M2jMkKm3GLHpLiq3J4gE,"","North Campus",Gammage,"W", 10/28/2025 04:20:00 AM,"(UTC-07:00) Arizona",,,3416591.75,3404624,3428559.5,
PNTM9M2jMkKm3GLHpLiq3J4gE,"","North Campus",Gammage,"W", 10/28/2025 04:30:00 AM,"(UTC-07:00) Arizona",,,3463760.15,3460205.8,3467314.5,
PNTM9M2jMkKm3GLHpLiq3J4gE,"","North Campus",Gammage,"W", 10/28/2025 04:40:00 AM,"(UTC-07:00) Arizona",,,3458929.2,3458929.2,3458929.2,
PNTM9M2jMkKm3GLHpLiq3J4gE,"","North Campus",Gammage,"W", 10/28/2025 04:50:00 AM,"(UTC-07:00) Arizona",,,3511270.85,3504342.2,3518199.5,
PNTM9M2jMkKm3GLHpLiq3J4gE,"","North Campus",Gammage,"W", 10/28/2025 05:00:00 AM,"(UTC-07:00) Arizona",,,3546117,3546117,3546117,
PNTM9M2jMkKm3GLHpLiq3J4gE,"","North Campus",Gammage,"W", 10/28/2025 05:10:00 AM,"(UTC-07:00) Arizona",,,3579783.6,3547081.2,3612486,
PNTM9M2jMkKm3GLHpLiq3J4gE,"","North Campus",Gammage,"W", 10/28/2025 05:20:00 AM,"(UTC-07:00) Arizona",,,3634306.2,3634306.2,3634306.2,
PNTM9M2jMkKm3GLHpLiq3J4gE,"","North Campus",Gammage,"W", 10/28/2025 05:30:00 AM,"(UTC-07:00) Arizona",,,3557880.4,3551508.8,3564252,
PNTM9M2jMkKm3GLHpLiq3J4gE,"","North Campus",Gammage,"W", 10/28/2025 05:40:00 AM,"(UTC-07:00) Arizona",,,3614925.2,3614925.2,3614925.2,
PNTM9M2jMkKm3GLHpLiq3J4gE,"","North Campus",Gammage,"W", 10/28/2025 06:00:00 AM,"(UTC-07:00) Arizona",,,3755906.15,3735035.5,3776776.8,
PNTM9M2jMkKm3GLHpLiq3J4gE,"","North Campus",Gammage,"W", 10/28/2025 06:10:00 AM,"(UTC-07:00) Arizona",,,3860021.8,3831303.8,3888739.8,
PNTM9M2jMkKm3GLHpLiq3J4gE,"","North Campus",Gammage,"W", 10/28/2025 06:20:00 AM,"(UTC-07:00) Arizona",,,3791815.5,3791815.5,3791815.5,
PNTM9M2jMkKm3GLHpLiq3J4gE,"","North Campus",Gammage,"W", 10/28/2025 06:30:00 AM,"(UTC-07:00) Arizona",,,3809186.4,3798434.8,3819938,
PNTM9M2jMkKm3GLHpLiq3J4gE,"","North Campus",Gammage,"W", 10/28/2025 06:40:00 AM,"(UTC-07:00) Arizona",,,3876876.5,3876876.5,3876876.5,
PNTM9M2jMkKm3GLHpLiq3J4gE,"","North Campus",Gammage,"W", 10/28/2025 06:50:00 AM,"(UTC-07:00) Arizona",,,3970779.15,3879954.8,4061603.5,
PNTM9M2jMkKm3GLHpLiq3J4gE,"","North Campus",Gammage,"W", 10/28/2025 07:00:00 AM,"(UTC-07:00) Arizona",,,4053553,4053553,4053553,
PNTM9M2jMkKm3GLHpLiq3J4gE,"","North Campus",Gammage,"W", 10/28/2025 07:10:00 AM,"(UTC-07:00) Arizona",,,4032995.3,3985400.8,4080589.8,
PNTM9M2jMkKm3GLHpLiq3J4gE,"","North Campus",Gammage,"W", 10/28/2025 07:20:00 AM,"(UTC-07:00) Arizona",,,4085437.6,4041722,4129153.2,
PNTM9M2jMkKm3GLHpLiq3J4gE,"","North Campus",Gammage,"W", 10/28/2025 07:30:00 AM,"(UTC-07:00) Arizona",,,4172195,4172195,4172195,
PNTM9M2jMkKm3GLHpLiq3J4gE,"","North Campus",Gammage,"W", 10/28/2025 07:40:00 AM,"(UTC-07:00) Arizona",,,4233296.5,4194583.5,4272009.5,
PNTM9M2jMkKm3GLHpLiq3J4gE,"","North Campus",Gammage,"W", 10/28/2025 07:50:00 AM,"(UTC-07:00) Arizona",,,4215907,4215907,4215907,
PNTM9M2jMkKm3GLHpLiq3J4gE,"","North Campus",Gammage,"W", 10/28/2025 08:00:00 AM,"(UTC-07:00) Arizona",,,4275686.5,4275686.5,4275686.5,
PNTM9M2jMkKm3GLHpLiq3J4gE,"","North Campus",Gammage,"W", 10/28/2025 08:10:00 AM,"(UTC-07:00) Arizona",,,4304137,4279870.5,4328403.5,
PNTM9M2jMkKm3GLHpLiq3J4gE,"","North Campus",Gammage,"W", 10/28/2025 08:20:00 AM,"(UTC-07:00) Arizona",,,4282397.5,4282397.5,4282397.5,
PNTM9M2jMkKm3GLHpLiq3J4gE,"","North Campus",Gammage,"W", 10/28/2025 08:30:00 AM,"(UTC-07:00) Arizona",,,4385393.5,4385393.5,4385393.5,
PNTM9M2jMkKm3GLHpLiq3J4gE,"","North Campus",Gammage,"W", 10/28/2025 08:40:00 AM,"(UTC-07:00) Arizona",,,4345291.5,4345291.5,4345291.5,
PNTM9M2jMkKm3GLHpLiq3J4gE,"","North Campus",Gammage,"W", 10/28/2025 08:50:00 AM,"(UTC-07:00) Arizona",,,4445140.25,4428262.5,4462018,
PNTM9M2jMkKm3GLHpLiq3J4gE,"","North Campus",Gammage,"W", 10/28/2025 09:00:00 AM,"(UTC-07:00) Arizona",,,4528532,4528532,4528532,
PNTM9M2jMkKm3GLHpLiq3J4gE,"","North Campus",Gammage,"W", 10/28/2025 09:10:00 AM,"(UTC-07:00) Arizona",,,4571328.5,4571328.5,4571328.5,
PNTM9M2jMkKm3GLHpLiq3J4gE,"","North Campus",Gammage,"W", 10/28/2025 09:20:00 AM,"(UTC-07:00) Arizona",,,4473478.5,4473478.5,4473478.5,
PNTM9M2jMkKm3GLHpLiq3J4gE,"","North Campus",Gammage,"W", 10/28/2025 09:30:00 AM,"(UTC-07:00) Arizona",,,4498731.5,4440408.5,4557054.5,
PNTM9M2jMkKm3GLHpLiq3J4gE,"","North Campus",Gammage,"W", 10/28/2025 09:40:00 AM,"(UTC-07:00) Arizona",,,4485636,4485636,4485636,
PNTM9M2jMkKm3GLHpLiq3J4gE,"","North Campus",Gammage,"W", 10/28/2025 09:50:00 AM,"(UTC-07:00) Arizona",,,4542581.5,4542581.5,4542581.5,
PNTM9M2jMkKm3GLHpLiq3J4gE,"","North Campus",Gammage,"W", 10/28/2025 10:00:00 AM,"(UTC-07:00) Arizona",,,4649662,4590463.5,4708860.5,
PNTM9M2jMkKm3GLHpLiq3J4gE,"","North Campus",Gammage,"W", 10/28/2025 10:10:00 AM,"(UTC-07:00) Arizona",,,4625349,4625349,4625349,
PNTM9M2jMkKm3GLHpLiq3J4gE,"","North Campus",Gammage,"W", 10/28/2025 10:20:00 AM,"(UTC-07:00) Arizona",,,4560269.5,4560269.5,4560269.5,
PNTM9M2jMkKm3GLHpLiq3J4gE,"","North Campus",Gammage,"W", 10/28/2025 10:30:00 AM,"(UTC-07:00) Arizona",,,4612510,4577411.5,4647608.5,
PNTM9M2jMkKm3GLHpLiq3J4gE,"","North Campus",Gammage,"W", 10/28/2025 10:40:00 AM,"(UTC-07:00) Arizona",,,4553306.5,4553306.5,4553306.5,
PNTM9M2jMkKm3GLHpLiq3J4gE,"","North Campus",Gammage,"W", 10/28/2025 10:50:00 AM,"(UTC-07:00) Arizona",,,4640694,4621307,4660081,
PNTM9M2jMkKm3GLHpLiq3J4gE,"","North Campus",Gammage,"W", 10/28/2025 11:00:00 AM,"(UTC-07:00) Arizona",,,4735368,4735368,4735368,
PNTM9M2jMkKm3GLHpLiq3J4gE,"","North Campus",Gammage,"W", 10/28/2025 11:10:00 AM,"(UTC-07:00) Arizona",,,4671954,4671954,4671954,
PNTM9M2jMkKm3GLHpLiq3J4gE,"","North Campus",Gammage,"W", 10/28/2025 11:20:00 AM,"(UTC-07:00) Arizona",,,4622648,4608991,4636305,
PNTM9M2jMkKm3GLHpLiq3J4gE,"","North Campus",Gammage,"W", 10/28/2025 11:30:00 AM,"(UTC-07:00) Arizona",,,4626422,4626422,4626422,
PNTM9M2jMkKm3GLHpLiq3J4gE,"","North Campus",Gammage,"W", 10/28/2025 11:40:00 AM,"(UTC-07:00) Arizona",,,4594091.75,4590764.5,4597419,
PNTM9M2jMkKm3GLHpLiq3J4gE,"","North Campus",Gammage,"W", 10/28/2025 11:50:00 AM,"(UTC-07:00) Arizona",,,4662614.75,4652002,4673227.5,
PNTM9M2jMkKm3GLHpLiq3J4gE,"","North Campus",Gammage,"W", 10/28/2025 12:00:00 PM,"(UTC-07:00) Arizona",,,4741449.25,4706137,4776761.5,
PNTM9M2jMkKm3GLHpLiq3J4gE,"","North Campus",Gammage,"W", 10/28/2025 12:10:00 PM,"(UTC-07:00) Arizona",,,4709508,4690384,4728632,
PNTM9M2jMkKm3GLHpLiq3J4gE,"","North Campus",Gammage,"W", 10/28/2025 12:20:00 PM,"(UTC-07:00) Arizona",,,4760307.5,4754764,4765851,
