ExternalPointID,Tags,Parent Equipment Name,Site Name,FrequencyUnit,Time,Timezone,OnCount,OffCount,Average,Minimum,Maximum,Sum,State
PNTM9M2jMkKm3GLHpLiq3J4gE,"","North Campus",Gammage,"W", 10/07/2025 12:00:00 AM,"(UTC-07:00) Arizona",,,3589129.1,3586287.8,3591251,
PNTM9M2jMkKm3GLHpLiq3J4gE,"","North Campus",Gammage,"W", 10/07/2025 12:15:00 AM,"(UTC-07:00) Arizona",,,3515403.3,3504147.8,3526658.8,
PNTM9M2jMkKm3GLHpLiq3J4gE,"","North Campus",Gammage,"W", 10/07/2025 12:30:00 AM,"(UTC-07:00) Arizona",,,3498546,3498546,3498546,
PNTM9M2jMkKm3GLHpLiq3J4gE,"","North Campus",Gammage,"W", 10/07/2025 12:45:00 AM,"(UTC-07:00) Arizona",,,3493116.75,3488891.5,3497342,
PNTM9M2jMkKm3GLHpLiq3J4gE,"","North Campus",Gammage,"W", 10/07/2025 01:00:00 AM,"(UTC-07:00) Arizona",,,3473352.5,3473352.5,3473352.5,
PNTM9M2jMkKm3GLHpLiq3J4gE,"","North Campus",Gammage,"W", 10/07/2025 01:15:00 AM,"(UTC-07:00) Arizona",,,3426249.5,3415662.5,3436836.5,
PNTM9M2jMkKm3GLHpLiq3J4gE,"","North Campus",Gammage,"W", 10/07/2025 01:30:00 AM,"(UTC-07:00) Arizona",,,3412678.35,3411130.5,3414226.2,
PNTM9M2jMkKm3GLHpLiq3J4gE,"","North Campus",Gammage,"W", 10/07/2025 01:45:00 AM,"(UTC-07:00) Arizona",,,3368705.7,3355776.2,3381635.2,
PNTM9M2jMkKm3GLHpLiq3J4gE,"","North Campus",Gammage,"W", 10/07/2025 02:00:00 AM,"(UTC-07:00) Arizona",,,3376428.15,3376418.8,3376437.5,
PNTM9M2jMkKm3GLHpLiq3J4gE,"","North Campus",Gammage,"W", 10/07/2025 02:15:00 AM,"(UTC-07:00) Arizona",,,3368199.4,3354896.2,3383725.2,
PNTM9M2jMkKm3GLHpLiq3J4gE,"","North Campus",Gammage,"W", 10/07/2025 02:30:00 AM,"(UTC-07:00) Arizona",,,3375155.1666666665,3357266.8,3395641.5,
PNTM9M2jMkKm3GLHpLiq3J4gE,"","North Campus",Gammage,"W", 10/07/2025 02:45:00 AM,"(UTC-07:00) Arizona",,,3416926.2,3416926.2,3416926.2,
PNTM9M2jMkKm3GLHpLiq3J4gE,"","North Campus",Gammage,"W", 10/07/2025 03:00:00 AM,"(UTC-07:00) Arizona",,,3403360.9,3401001,3405720.8,
PNTM9M2jMkKm3GLHpLiq3J4gE,"","North Campus",Gammage,"W", 10/07/2025 03:15:00 AM,"(UTC-07:00) Arizona",,,3415337.4,3409729,3420945.8,
PNTM9M2jMkKm3GLHpLiq3J4gE,"","North Campus",Gammage,"W", 10/07/2025 03:30:00 AM,"(UTC-07:00) Arizona",,,3378592.8,3378592.8,3378592.8,
PNTM9M2jMkKm3GLHpLiq3J4gE,"","North Campus",Gammage,"W", 10/07/2025 03:45:00 AM,"(UTC-07:00) Arizona",,,3436220.9,3418242,3454199.8,
PNTM9M2jMkKm3GLHpLiq3J4gE,"","North Campus",Gammage,"W", 10/07/2025 04:00:00 AM,"(UTC-07:00) Arizona",,,3457396.15,3453226.5,3461565.8,
PNTM9M2jMkKm3GLHpLiq3J4gE,"","North Campus",Gammage,"W", 10/07/2025 04:15:00 AM,"(UTC-07:00) Arizona",,,3505629.75,3469125.5,3542134,
PNTM9M2jMkKm3GLHpLiq3J4gE,"","North Campus",Gammage,"W", 10/07/2025 04:30:00 AM,"(UTC-07:00) Arizona",,,3548715.75,3513537.5,3583894,
PNTM9M2jMkKm3GLHpLiq3J4gE,"","North Campus",Gammage,"W", 10/07/2025 04:45:00 AM,"(UTC-07:00) Arizona",,,3589345,3557086.8,3621603.2,
PNTM9M2jMkKm3GLHpLiq3J4gE,"","North Campus",Gammage,"W", 10/07/2025 05:00:00 AM,"(UTC-07:00) Arizona",,,3606804.35,3594408.2,3619200.5,
PNTM9M2jMkKm3GLHpLiq3J4gE,"","North Campus",Gammage,"W", 10/07/2025 05:15:00 AM,"(UTC-07:00) Arizona",,,3614940,3592171.5,3637708.5,
PNTM9M2jMkKm3GLHpLiq3J4gE,"","North Campus",Gammage,"W", 10/07/2025 05:30:00 AM,"(UTC-07:00) Arizona",,,3599114.75,3591260,3606969.5,
PNTM9M2jMkKm3GLHpLiq3J4gE,"","North Campus",Gammage,"W", 10/07/2025 05:45:00 AM,"(UTC-07:00) Arizona",,,3648993.6666666665,3637675.5,3654850,
PNTM9M2jMkKm3GLHpLiq3J4gE,"","North Campus",Gammage,"W", 10/07/2025 06:00:00 AM,"(UTC-07:00) Arizona",,,3774689,3774689,3774689,
PNTM9M2jMkKm3GLHpLiq3J4gE,"","North Campus",Gammage,"W", 10/07/2025 06:15:00 AM,"(UTC-07:00) Arizona",,,3802934.85,3794209.5,3811660.2,
PNTM9M2jMkKm3GLHpLiq3J4gE,"","North Campus",Gammage,"W", 10/07/2025 06:30:00 AM,"(UTC-07:00) Arizona",,,3842437.4333333336,3801120.8,3886454,
PNTM9M2jMkKm3GLHpLiq3J4gE,"","North Campus",Gammage,"W", 10/07/2025 06:45:00 AM,"(UTC-07:00) Arizona",,,3828325.5,3828325.5,3828325.5,
PNTM9M2jMkKm3GLHpLiq3J4gE,"","North Campus",Gammage,"W", 10/07/2025 07:00:00 AM,"(UTC-07:00) Arizona",,,4041166.15,4027646.5,4054685.8,
PNTM9M2jMkKm3GLHpLiq3J4gE,"","North Campus",Gammage,"W", 10/07/2025 07:15:00 AM,"(UTC-07:00) Arizona",,,4094490.5,4072021.2,4116959.8,
PNTM9M2jMkKm3GLHpLiq3J4gE,"","North Campus",Gammage,"W", 10/07/2025 07:30:00 AM,"(UTC-07:00) Arizona",,,4096413.8,4096413.8,4096413.8,
PNTM9M2jMkKm3GLHpLiq3J4gE,"","North Campus",Gammage,"W", 10/07/2025 07:45:00 AM,"(UTC-07:00) Arizona",,,4208947.35,4161598.2,4256296.5,
PNTM9M2jMkKm3GLHpLiq3J4gE,"","North Campus",Gammage,"W", 10/07/2025 08:00:00 AM,"(UTC-07:00) Arizona",,,4348127.5,4300843,4395412,
PNTM9M2jMkKm3GLHpLiq3J4gE,"","North Campus",Gammage,"W", 10/07/2025 08:15:00 AM,"(UTC-07:00) Arizona",,,4346574,4329546.5,4363601.5,
PNTM9M2jMkKm3GLHpLiq3J4gE,"","North Campus",Gammage,"W", 10/07/2025 08:30:00 AM,"(UTC-07:00) Arizona",,,4352254,4352254,4352254,
PNTM9M2jMkKm3GLHpLiq3J4gE,"","North Campus",Gammage,"W", 10/07/2025 08:45:00 AM,"(UTC-07:00) Arizona",,,4523313.75,4445424,4601203.5,
PNTM9M2jMkKm3GLHpLiq3J4gE,"","North Campus",Gammage,"W", 10/07/2025 09:00:00 AM,"(UTC-07:00) Arizona",,,4646421,4646421,4646421,
PNTM9M2jMkKm3GLHpLiq3J4gE,"","North Campus",Gammage,"W", 10/07/2025 09:15:00 AM,"(UTC-07:00) Arizona",,,4613916.25,4536930.5,4690902,
PNTM9M2jMkKm3GLHpLiq3J4gE,"","North Campus",Gammage,"W", 10/07/2025 09:30:00 AM,"(UTC-07:00) Arizona",,,4589233.75,4582771,4595696.5,
PNTM9M2jMkKm3GLHpLiq3J4gE,"","North Campus",Gammage,"W", 10/07/2025 09:45:00 AM,"(UTC-07:00) Arizona",,,4615922,4615922,4615922,
PNTM9M2jMkKm3GLHpLiq3J4gE,"","North Campus",Gammage,"W", 10/07/2025 10:00:00 AM,"(UTC-07:00) Arizona",,,4742494.25,4688145.5,4796843,
PNTM9M2jMkKm3GLHpLiq3J4gE,"","North Campus",Gammage,"W", 10/07/2025 10:15:00 AM,"(UTC-07:00) Arizona",,,4668514.5,4668514.5,4668514.5,
PNTM9M2jMkKm3GLHpLiq3J4gE,"","North Campus",Gammage,"W", 10/07/2025 10:30:00 AM,"(UTC-07:00) Arizona",,,4730048,4730048,4730048,
PNTM9M2jMkKm3GLHpLiq3J4gE,"","North Campus",Gammage,"W", 10/07/2025 10:45:00 AM,"(UTC-07:00) Arizona",,,4900166.5,4900166.5,4900166.5,
PNTM9M2jMkKm3GLHpLiq3J4gE,"","North Campus",Gammage,"W", 10/07/2025 11:00:00 AM,"(UTC-07:00) Arizona",,,4881616.25,4827140.5,4936092,
PNTM9M2jMkKm3GLHpLiq3J4gE,"","North Campus",Gammage,"W", 10/07/2025 11:15:00 AM,"(UTC-07:00) Arizona",,,4927900.75,4922332,4933469.5,
PNTM9M2jMkKm3GLHpLiq3J4gE,"","North Campus",Gammage,"W", 10/07/2025 11:30:00 AM,"(UTC-07:00) Arizona",,,4930530,4930530,4930530,
PNTM9M2jMkKm3GLHpLiq3J4gE,"","North Campus",Gammage,"W", 10/07/2025 11:45:00 AM,"(UTC-07:00) Arizona",,,4943969.5,4943969.5,4943969.5,
PNTM9M2jMkKm3GLHpLiq3J4gE,"","North Campus",Gammage,"W", 10/07/2025 12:00:00 PM,"(UTC-07:00) Arizona",,,5012110,5002406,5021814,
PNTM9M2jMkKm3GLHpLiq3J4gE,"","North Campus",Gammage,"W", 10/07/2025 12:15:00 PM,"(UTC-07:00) Arizona",,,4941857,4941857,4941857,
PNTM9M2jMkKm3GLHpLiq3J4gE,"","North Campus",Gammage,"W", 10/07/2025 12:30:00 PM,"(UTC-07:00) Arizona",,,4943038.5,4943038.5,4943038.5,
PNTM9M2jMkKm3GLHpLiq3J4gE,"","North Campus",Gammage,"W", 10/07/2025 12:45:00 PM,"(UTC-07:00) Arizona",,,5009194.5,5009194.5,5009194.5,
PNTM9M2jMkKm3GLHpLiq3J4gE,"","North Campus",Gammage,"W", 10/07/2025 01:00:00 PM,"(UTC-07:00) Arizona",,,4969548,4949618.5,4989477.5,
PNTM9M2jMkKm3GLHpLiq3J4gE,"","North Campus",Gammage,"W", 10/07/2025 01:15:00 PM,"(UTC-07:00) Arizona",,,4952908.5,4952908.5,4952908.5,
PNTM9M2jMkKm3GLHpLiq3J4gE,"","North Campus",Gammage,"W", 10/07/2025 01:30:00 PM,"(UTC-07:00) Arizona",,,5019132.25,5017139.5,5021125,
PNTM9M2jMkKm3GLHpLiq3J4gE,"","North Campus",Gammage,"W", 10/07/2025 01:45:00 PM,"(UTC-07:00) Arizona",,,5191663.5,5191663.5,5191663.5,
PNTM9M2jMkKm3GLHpLiq3J4gE,"","North Campus",Gammage,"W", 10/07/2025 02:00:00 PM,"(UTC-07:00) Arizona",,,5113907,5099185,5128629,
PNTM9M2jMkKm3GLHpLiq3J4gE,"","North Campus",Gammage,"W", 10/07/2025 02:15:00 PM,"(UTC-07:00) Arizona",,,5196534.5,5196534.5,5196534.5,
PNTM9M2jMkKm3GLHpLiq3J4gE,"","North Campus",Gammage,"W", 10/07/2025 02:30:00 PM,"(UTC-07:00) Arizona",,,5148837.25,5127955,5169719.5,
PNTM9M2jMkKm3GLHpLiq3J4gE,"","North Campus",Gammage,"W", 10/07/2025 02:45:00 PM,"(UTC-07:00) Arizona",,,5190844.75,5071121.5,5310568,
PNTM9M2jMkKm3GLHpLiq3J4gE,"","North Campus",Gammage,"W", 10/07/2025 03:00:00 PM,"(UTC-07:00) Arizona",,,5112115.5,5072654.5,5151576.5,
PNTM9M2jMkKm3GLHpLiq3J4gE,"","North Campus",Gammage,"W", 10/07/2025 03:15:00 PM,"(UTC-07:00) Arizona",,,5208653.75,5181758.5,5235549,
PNTM9M2jMkKm3GLHpLiq3J4gE,"","North Campus",Gammage,"W", 10/07/2025 03:30:00 PM,"(UTC-07:00) Arizona",,,5163819.166666667,5141057,5175682,
PNTM9M2jMkKm3GLHpLiq3J4gE,"","North Campus",Gammage,"W", 10/07/2025 03:45:00 PM,"(UTC-07:00) Arizona",,,5158845.25,5152609.5,5165081,
PNTM9M2jMkKm3GLHpLiq3J4gE,"","North Campus",Gammage,"W", 10/07/2025 04:00:00 PM,"(UTC-07:00) Arizona",,,5243684,5243684,5243684,
PNTM9M2jMkKm3GLHpLiq3J4gE,"","North Campus",Gammage,"W", 10/07/2025 04:15:00 PM,"(UTC-07:00) Arizona",,,5141220.5,5141220.5,5141220.5,
PNTM9M2jMkKm3GLHpLiq3J4gE,"","North Campus",Gammage,"W", 10/07/2025 04:30:00 PM,"(UTC-07:00) Arizona",,,5249156.25,5248739,5249573.5,
PNTM9M2jMkKm3GLHpLiq3J4gE,"","North Campus",Gammage,"W", 10/07/2025 04:45:00 PM,"(UTC-07:00) Arizona",,,5236201.75,5229614,5242789.5,
PNTM9M2jMkKm3GLHpLiq3J4gE,"","North Campus",Gammage,"W", 10/07/2025 05:00:00 PM,"(UTC-07:00) Arizona",,,5102651,5102651,5102651,
PNTM9M2jMkKm3GLHpLiq3J4gE,"","North Campus",Gammage,"W", 10/07/2025 05:15:00 PM,"(UTC-07:00) Arizona",,,5170388,5170388,5170388,
PNTM9M2jMkKm3GLHpLiq3J4gE,"","North Campus",Gammage,"W", 10/07/2025 05:30:00 PM,"(UTC-07:00) Arizona",,,5165382.75,5151154,5179611.5,
PNTM9M2jMkKm3GLHpLiq3J4gE,"","North Campus",Gammage,"W", 10/07/2025 05:45:00 PM,"(UTC-07:00) Arizona",,,5023120,5023120,5023120,
PNTM9M2jMkKm3GLHpLiq3J4gE,"","North Campus",Gammage,"W", 10/07/2025 06:00:00 PM,"(UTC-07:00) Arizona",,,5034179.75,4981544,5086815.5,
PNTM9M2jMkKm3GLHpLiq3J4gE,"","North Campus",Gammage,"W", 10/07/2025 06:15:00 PM,"(UTC-07:00) Arizona",,,5009599.5,5009599.5,5009599.5,
PNTM9M2jMkKm3GLHpLiq3J4gE,"","North Campus",Gammage,"W", 10/07/2025 06:30:00 PM,"(UTC-07:00) Arizona",,,4990908.25,4979289.5,5002527,
PNTM9M2jMkKm3GLHpLiq3J4gE,"","North Campus",Gammage,"W", 10/07/2025 06:45:00 PM,"(UTC-07:00) Arizona",,,4935127,4935127,4935127,
PNTM9M2jMkKm3GLHpLiq3J4gE,"","North Campus",Gammage,"W", 10/07/2025 07:00:00 PM,"(UTC-07:00) Arizona",,,4808551,4808551,4808551,
PNTM9M2jMkKm3GLHpLiq3J4gE,"","North Campus",Gammage,"W", 10/07/2025 07:15:00 PM,"(UTC-07:00) Arizona",,,4663008,4663008,4663008,
PNTM9M2jMkKm3GLHpLiq3J4gE,"","North Campus",Gammage,"W", 10/07/2025 07:30:00 PM,"(UTC-07:00) Arizona",,,4550479.75,4544644.5,4556315,
PNTM9M2jMkKm3GLHpLiq3J4gE,"","North Campus",Gammage,"W", 10/07/2025 07:45:00 PM,"(UTC-07:00) Arizona",,,4488348.5,4418271,4558426,
PNTM9M2jMkKm3GLHpLiq3J4gE,"","North Campus",Gammage,"W", 10/07/2025 08:00:00 PM,"(UTC-07:00) Arizona",,,4405813.5,4405813.5,4405813.5,
PNTM9M2jMkKm3GLHpLiq3J4gE,"","North Campus",Gammage,"W", 10/07/2025 08:15:00 PM,"(UTC-07:00) Arizona",,,4317703,4300248.5,4335157.5,
PNTM9M2jMkKm3GLHpLiq3J4gE,"","North Campus",Gammage,"W", 10/07/2025 08:30:00 PM,"(UTC-07:00) Arizona",,,4243532,4243532,4243532,
PNTM9M2jMkKm3GLHpLiq3J4gE,"","North Campus",Gammage,"W", 10/07/2025 08:45:00 PM,"(UTC-07:00) Arizona",,,4235123,4212791,4257455,
PNTM9M2jMkKm3GLHpLiq3J4gE,"","North Campus",Gammage,"W", 10/07/2025 09:00:00 PM,"(UTC-07:00) Arizona",,,4140058.8,4140058.8,4140058.8,
PNTM9M2jMkKm3GLHpLiq3J4gE,"","North Campus",Gammage,"W", 10/07/2025 09:15:00 PM,"(UTC-07:00) Arizona",,,4142336,4096651.5,4188020.5,
PNTM9M2jMkKm3GLHpLiq3J4gE,"","North Campus",Gammage,"W", 10/07/2025 09:30:00 PM,"(UTC-07:00) Arizona",,,4016152.5,4016152.5,4016152.5,
PNTM9M2jMkKm3GLHpLiq3J4gE,"","North Campus",Gammage,"W", 10/07/2025 09:45:00 PM,"(UTC-07:00) Arizona",,,4065206,4061576.5,4068835.5,
PNTM9M2jMkKm3GLHpLiq3J4gE,"","North Campus",Gammage,"W", 10/07/2025 10:00:00 PM,"(UTC-07:00) Arizona",,,3952505,3952505,3952505,
PNTM9M2jMkKm3GLHpLiq3J4gE,"","North Campus",Gammage,"W", 10/07/2025 10:15:00 PM,"(UTC-07:00) Arizona",,,3895415.8,3895415.8,3895415.8,
PNTM9M2jMkKm3GLHpLiq3J4gE,"","North Campus",Gammage,"W", 10/07/2025 10:30:00 PM,"(UTC-07:00) Arizona",,,3863656.75,3842218.5,3885095,
PNTM9M2jMkKm3GLHpLiq3J4gE,"","North Campus",Gammage,"W", 10/07/2025 10:45:00 PM,"(UTC-07:00) Arizona",,,3871970.5,3871970.5,3871970.5,
PNTM9M2jMkKm3GLHpLiq3J4gE,"","North Campus",Gammage,"W", 10/07/2025 11:00:00 PM,"(UTC-07:00) Arizona",,,3705807.8,3705807.8,3705807.8,
PNTM9M2jMkKm3GLHpLiq3J4gE,"","North Campus",Gammage,"W", 10/07/2025 11:15:00 PM,"(UTC-07:00) Arizona",,,3629248,3601627,3656869,
PNTM9M2jMkKm3GLHpLiq3J4gE,"","North Campus",Gammage,"W", 10/07/2025 11:30:00 PM,"(UTC-07:00) Arizona",,,3654925.8,3654925.8,3654925.8,
PNTM9M2jMkKm3GLHpLiq3J4gE,"","North Campus",Gammage,"W", 10/08/2025 12:00:00 AM,"(UTC-07:00) Arizona",,,3562003.8,3562003.8,3562003.8,
PNTM9M2jMkKm3GLHpLiq3J4gE,"","North Campus",Gammage,"W", 10/08/2025 12:15:00 AM,"(UTC-07:00) Arizona",,,3459471.65,3457277.5,3461665.8,
PNTM9M2jMkKm3GLHpLiq3J4gE,"","North Campus",Gammage,"W", 10/08/2025 12:30:00 AM,"(UTC-07:00) Arizona",,,3433843.8,3433843.8,3433843.8,
PNTM9M2jMkKm3GLHpLiq3J4gE,"","North Campus",Gammage,"W", 10/08/2025 12:45:00 AM,"(UTC-07:00) Arizona",,,3416705.35,3409653.5,3423757.2,
PNTM9M2jMkKm3GLHpLiq3J4gE,"","North Campus",Gammage,"W", 10/08/2025 01:15:00 AM,"(UTC-07:00) Arizona",,,3381067.25,3333068.5,3429066,
PNTM9M2jMkKm3GLHpLiq3J4gE,"","North Campus",Gammage,"W", 10/08/2025 01:30:00 AM,"(UTC-07:00) Arizona",,,3376939,3376939,3376939,
PNTM9M2jMkKm3GLHpLiq3J4gE,"","North Campus",Gammage,"W", 10/08/2025 01:45:00 AM,"(UTC-07:00) Arizona",,,3311361.5,3311361.5,3311361.5,
PNTM9M2jMkKm3GLHpLiq3J4gE,"","North Campus",Gammage,"W", 10/08/2025 02:00:00 AM,"(UTC-07:00) Arizona",,,3309088,3309088,3309088,
PNTM9M2jMkKm3GLHpLiq3J4gE,"","North Campus",Gammage,"W", 10/08/2025 02:15:00 AM,"(UTC-07:00) Arizona",,,3348160.25,3341485.5,3354835,
PNTM9M2jMkKm3GLHpLiq3J4gE,"","North Campus",Gammage,"W", 10/08/2025 02:30:00 AM,"(UTC-07:00) Arizona",,,3316828.8,3316828.8,3316828.8,
PNTM9M2jMkKm3GLHpLiq3J4gE,"","North Campus",Gammage,"W", 10/08/2025 02:45:00 AM,"(UTC-07:00) Arizona",,,3336933,3330135,3343731,
PNTM9M2jMkKm3GLHpLiq3J4gE,"","North Campus",Gammage,"W", 10/08/2025 03:00:00 AM,"(UTC-07:00) Arizona",,,3374789.15,3357632.8,3391945.5,
PNTM9M2jMkKm3GLHpLiq3J4gE,"","North Campus",Gammage,"W", 10/08/2025 03:15:00 AM,"(UTC-07:00) Arizona",,,3388886.5,3388886.5,3388886.5,
PNTM9M2jMkKm3GLHpLiq3J4gE,"","North Campus",Gammage,"W", 10/08/2025 03:30:00 AM,"(UTC-07:00) Arizona",,,3335791.5,3335791.5,3335791.5,
PNTM9M2jMkKm3GLHpLiq3J4gE,"","North Campus",Gammage,"W", 10/08/2025 03:45:00 AM,"(UTC-07:00) Arizona",,,3413216.35,3411744.2,3414688.5,
PNTM9M2jMkKm3GLHpLiq3J4gE,"","North Campus",Gammage,"W", 10/08/2025 04:00:00 AM,"(UTC-07:00) Arizona",,,3385532.85,3379117.5,3391948.2,
PNTM9M2jMkKm3GLHpLiq3J4gE,"","North Campus",Gammage,"W", 10/08/2025 04:15:00 AM,"(UTC-07:00) Arizona",,,3479096.6666666665,3455441,3490938.2,
PNTM9M2jMkKm3GLHpLiq3J4gE,"","North Campus",Gammage,"W", 10/08/2025 04:30:00 AM,"(UTC-07:00) Arizona",,,3448654.5,3448654.5,3448654.5,
PNTM9M2jMkKm3GLHpLiq3J4gE,"","North Campus",Gammage,"W", 10/08/2025 04:45:00 AM,"(UTC-07:00) Arizona",,,3550516.5,3550516.5,3550516.5,
PNTM9M2jMkKm3GLHpLiq3J4gE,"","North Campus",Gammage,"W", 10/08/2025 05:00:00 AM,"(UTC-07:00) Arizona",,,3594624.8000000003,3561644,3650599.2,
PNTM9M2jMkKm3GLHpLiq3J4gE,"","North Campus",Gammage,"W", 10/08/2025 05:15:00 AM,"(UTC-07:00) Arizona",,,3619218.4,3614822,3623614.8,
PNTM9M2jMkKm3GLHpLiq3J4gE,"","North Campus",Gammage,"W", 10/08/2025 05:30:00 AM,"(UTC-07:00) Arizona",,,3645231.2,3635999.2,3654463.2,
PNTM9M2jMkKm3GLHpLiq3J4gE,"","North Campus",Gammage,"W", 10/08/2025 05:45:00 AM,"(UTC-07:00) Arizona",,,3684426.2,3656906.2,3711946.2,
PNTM9M2jMkKm3GLHpLiq3J4gE,"","North Campus",Gammage,"W", 10/08/2025 06:00:00 AM,"(UTC-07:00) Arizona",,,3807651.175,3737375.2,3854501,
PNTM9M2jMkKm3GLHpLiq3J4gE,"","North Campus",Gammage,"W", 10/08/2025 06:15:00 AM,"(UTC-07:00) Arizona",,,3722556.65,3721315.8,3723797.5,
PNTM9M2jMkKm3GLHpLiq3J4gE,"","North Campus",Gammage,"W", 10/08/2025 06:30:00 AM,"(UTC-07:00) Arizona",,,3753602.8,3745763.8,3761441.8,
PNTM9M2jMkKm3GLHpLiq3J4gE,"","North Campus",Gammage,"W", 10/08/2025 06:45:00 AM,"(UTC-07:00) Arizona",,,3845264.3000000003,3784979.2,3886430.2,
PNTM9M2jMkKm3GLHpLiq3J4gE,"","North Campus",Gammage,"W", 10/08/2025 07:00:00 AM,"(UTC-07:00) Arizona",,,3960897.6666666665,3920892,4005533.5,
PNTM9M2jMkKm3GLHpLiq3J4gE,"","North Campus",Gammage,"W", 10/08/2025 07:15:00 AM,"(UTC-07:00) Arizona",,,3996663.2,3994664.2,3998662.2,
PNTM9M2jMkKm3GLHpLiq3J4gE,"","North Campus",Gammage,"W", 10/08/2025 07:30:00 AM,"(UTC-07:00) Arizona",,,4183328.5,4176297.5,4190359.5,
PNTM9M2jMkKm3GLHpLiq3J4gE,"","North Campus",Gammage,"W", 10/08/2025 07:45:00 AM,"(UTC-07:00) Arizona",,,4210740.5,4176055,4269328,
PNTM9M2jMkKm3GLHpLiq3J4gE,"","North Campus",Gammage,"W", 10/08/2025 08:00:00 AM,"(UTC-07:00) Arizona",,,4349514,4349514,4349514,
PNTM9M2jMkKm3GLHpLiq3J4gE,"","North Campus",Gammage,"W", 10/08/2025 08:15:00 AM,"(UTC-07:00) Arizona",,,4499996.25,4457068.5,4542924,
PNTM9M2jMkKm3GLHpLiq3J4gE,"","North Campus",Gammage,"W", 10/08/2025 08:30:00 AM,"(UTC-07:00) Arizona",,,4507069.333333333,4454930.5,4544221.5,
PNTM9M2jMkKm3GLHpLiq3J4gE,"","North Campus",Gammage,"W", 10/08/2025 08:45:00 AM,"(UTC-07:00) Arizona",,,4495513.5,4495513.5,4495513.5,
PNTM9M2jMkKm3GLHpLiq3J4gE,"","North Campus",Gammage,"W", 10/08/2025 09:00:00 AM,"(UTC-07:00) Arizona",,,4569161.75,4516275.5,4622048,
PNTM9M2jMkKm3GLHpLiq3J4gE,"","North Campus",Gammage,"W", 10/08/2025 09:15:00 AM,"(UTC-07:00) Arizona",,,4557076.666666667,4518394.5,4581712.5,
PNTM9M2jMkKm3GLHpLiq3J4gE,"","North Campus",Gammage,"W", 10/08/2025 09:30:00 AM,"(UTC-07:00) Arizona",,,4615301,4615301,4615301,
PNTM9M2jMkKm3GLHpLiq3J4gE,"","North Campus",Gammage,"W", 10/08/2025 09:45:00 AM,"(UTC-07:00) Arizona",,,4652189,4586367,4718011,
PNTM9M2jMkKm3GLHpLiq3J4gE,"","North Campus",Gammage,"W", 10/08/2025 10:00:00 AM,"(UTC-07:00) Arizona",,,4774213.5,4771408,4777019,
PNTM9M2jMkKm3GLHpLiq3J4gE,"","North Campus",Gammage,"W", 10/08/2025 10:15:00 AM,"(UTC-07:00) Arizona",,,4908528,4878142,4938914,
PNTM9M2jMkKm3GLHpLiq3J4gE,"","North Campus",Gammage,"W", 10/08/2025 10:30:00 AM,"(UTC-07:00) Arizona",,,4804482.5,4804482.5,4804482.5,
PNTM9M2jMkKm3GLHpLiq3J4gE,"","North Campus",Gammage,"W", 10/08/2025 10:45:00 AM,"(UTC-07:00) Arizona",,,4913007.5,4853146,4972869,
PNTM9M2jMkKm3GLHpLiq3J4gE,"","North Campus",Gammage,"W", 10/08/2025 11:00:00 AM,"(UTC-07:00) Arizona",,,4904943.5,4904943.5,4904943.5,
PNTM9M2jMkKm3GLHpLiq3J4gE,"","North Campus",Gammage,"W", 10/08/2025 11:15:00 AM,"(UTC-07:00) Arizona",,,5013180.25,4984139,5042221.5,
PNTM9M2jMkKm3GLHpLiq3J4gE,"","North Campus",Gammage,"W", 10/08/2025 11:30:00 AM,"(UTC-07:00) Arizona",,,4935571.75,4913616.5,4957527,
PNTM9M2jMkKm3GLHpLiq3J4gE,"","North Campus",Gammage,"W", 10/08/2025 11:45:00 AM,"(UTC-07:00) Arizona",,,4966428.5,4902556.5,5030300.5,
PNTM9M2jMkKm3GLHpLiq3J4gE,"","North Campus",Gammage,"W", 10/08/2025 12:00:00 PM,"(UTC-07:00) Arizona",,,5026581.5,4975085.5,5078077.5,
PNTM9M2jMkKm3GLHpLiq3J4gE,"","North Campus",Gammage,"W", 10/08/2025 12:15:00 PM,"(UTC-07:00) Arizona",,,4934108,4874710.5,4993505.5,
PNTM9M2jMkKm3GLHpLiq3J4gE,"","North Campus",Gammage,"W", 10/08/2025 12:30:00 PM,"(UTC-07:00) Arizona",,,5083654,5075173,5092135,
PNTM9M2jMkKm3GLHpLiq3J4gE,"","North Campus",Gammage,"W", 10/08/2025 12:45:00 PM,"(UTC-07:00) Arizona",,,4989901.75,4967523.5,5012280,
PNTM9M2jMkKm3GLHpLiq3J4gE,"","North Campus",Gammage,"W", 10/08/2025 01:00:00 PM,"(UTC-07:00) Arizona",,,5052934.333333333,4937644.5,5113047.5,
PNTM9M2jMkKm3GLHpLiq3J4gE,"","North Campus",Gammage,"W", 10/08/2025 01:15:00 PM,"(UTC-07:00) Arizona",,,5111133.75,5095450.5,5126817,
PNTM9M2jMkKm3GLHpLiq3J4gE,"","North Campus",Gammage,"W", 10/08/2025 01:30:00 PM,"(UTC-07:00) Arizona",,,5042782.5,5042782.5,5042782.5,
PNTM9M2jMkKm3GLHpLiq3J4gE,"","North Campus",Gammage,"W", 10/08/2025 01:45:00 PM,"(UTC-07:00) Arizona",,,5091578.75,5063998.5,5119159,
PNTM9M2jMkKm3GLHpLiq3J4gE,"","North Campus",Gammage,"W", 10/08/2025 02:00:00 PM,"(UTC-07:00) Arizona",,,5081202.5,5076882.5,5083752,
PNTM9M2jMkKm3GLHpLiq3J4gE,"","North Campus",Gammage,"W", 10/08/2025 02:15:00 PM,"(UTC-07:00) Arizona",,,5110983.5,5088562,5133405,
PNTM9M2jMkKm3GLHpLiq3J4gE,"","North Campus",Gammage,"W", 10/08/2025 02:30:00 PM,"(UTC-07:00) Arizona",,,5206279.25,5153417.5,5259141,
PNTM9M2jMkKm3GLHpLiq3J4gE,"","North Campus",Gammage,"W", 10/08/2025 02:45:00 PM,"(UTC-07:00) Arizona",,,5282474,5264446,5300502,
PNTM9M2jMkKm3GLHpLiq3J4gE,"","North Campus",Gammage,"W", 10/08/2025 03:00:00 PM,"(UTC-07:00) Arizona",,,5323690.75,5320370,5327011.5,
PNTM9M2jMkKm3GLHpLiq3J4gE,"","North Campus",Gammage,"W", 10/08/2025 03:15:00 PM,"(UTC-07:00) Arizona",,,5290279.75,5228326,5352233.5,
PNTM9M2jMkKm3GLHpLiq3J4gE,"","North Campus",Gammage,"W", 10/08/2025 03:30:00 PM,"(UTC-07:00) Arizona",,,5240162.833333333,5165738.5,5292267.5,
PNTM9M2jMkKm3GLHpLiq3J4gE,"","North Campus",Gammage,"W", 10/08/2025 03:45:00 PM,"(UTC-07:00) Arizona",,,5087082,5086313,5087851,
PNTM9M2jMkKm3GLHpLiq3J4gE,"","North Campus",Gammage,"W", 10/08/2025 04:00:00 PM,"(UTC-07:00) Arizona",,,5116259.5,5084605.5,5147913.5,
PNTM9M2jMkKm3GLHpLiq3J4gE,"","North Campus",Gammage,"W", 10/08/2025 04:15:00 PM,"(UTC-07:00) Arizona",,,5234980,5195111,5274849,
PNTM9M2jMkKm3GLHpLiq3J4gE,"","North Campus",Gammage,"W", 10/08/2025 04:30:00 PM,"(UTC-07:00) Arizona",,,5275704.75,5267379,5284030.5,
PNTM9M2jMkKm3GLHpLiq3J4gE,"","North Campus",Gammage,"W", 10/08/2025 04:45:00 PM,"(UTC-07:00) Arizona",,,5238281.75,5208172.5,5268391,
PNTM9M2jMkKm3GLHpLiq3J4gE,"","North Campus",Gammage,"W", 10/08/2025 05:00:00 PM,"(UTC-07:00) Arizona",,,5158776.666666667,5124636,5200598,
PNTM9M2jMkKm3GLHpLiq3J4gE,"","North Campus",Gammage,"W", 10/08/2025 05:15:00 PM,"(UTC-07:00) Arizona",,,5186259.25,5146461,5226057.5,
PNTM9M2jMkKm3GLHpLiq3J4gE,"","North Campus",Gammage,"W", 10/08/2025 05:30:00 PM,"(UTC-07:00) Arizona",,,5195305.333333333,5114568.5,5298575,
PNTM9M2jMkKm3GLHpLiq3J4gE,"","North Campus",Gammage,"W", 10/08/2025 05:45:00 PM,"(UTC-07:00) Arizona",,,5201474.333333333,5175486.5,5249540.5,
PNTM9M2jMkKm3GLHpLiq3J4gE,"","North Campus",Gammage,"W", 10/08/2025 06:00:00 PM,"(UTC-07:00) Arizona",,,5057870.5,5014276.5,5101464.5,
PNTM9M2jMkKm3GLHpLiq3J4gE,"","North Campus",Gammage,"W", 10/08/2025 06:15:00 PM,"(UTC-07:00) Arizona",,,4990508,4972447,5008569,
PNTM9M2jMkKm3GLHpLiq3J4gE,"","North Campus",Gammage,"W", 10/08/2025 06:30:00 PM,"(UTC-07:00) Arizona",,,4949981,4938181.5,4961780.5,
PNTM9M2jMkKm3GLHpLiq3J4gE,"","North Campus",Gammage,"W", 10/08/2025 06:45:00 PM,"(UTC-07:00) Arizona",,,4900610.5,4899711,4901510,
PNTM9M2jMkKm3GLHpLiq3J4gE,"","North Campus",Gammage,"W", 10/08/2025 07:00:00 PM,"(UTC-07:00) Arizona",,,4746166,4704314,4790052.5,
PNTM9M2jMkKm3GLHpLiq3J4gE,"","North Campus",Gammage,"W", 10/08/2025 07:15:00 PM,"(UTC-07:00) Arizona",,,4646688.5,4619161,4668378,
PNTM9M2jMkKm3GLHpLiq3J4gE,"","North Campus",Gammage,"W", 10/08/2025 07:30:00 PM,"(UTC-07:00) Arizona",,,4627831.5,4627831.5,4627831.5,
PNTM9M2jMkKm3GLHpLiq3J4gE,"","North Campus",Gammage,"W", 10/08/2025 07:45:00 PM,"(UTC-07:00) Arizona",,,4469844.5,4457228.5,4482460.5,
PNTM9M2jMkKm3GLHpLiq3J4gE,"","North Campus",Gammage,"W", 10/08/2025 08:00:00 PM,"(UTC-07:00) Arizona",,,4457733,4436458,4479008,
PNTM9M2jMkKm3GLHpLiq3J4gE,"","North Campus",Gammage,"W", 10/08/2025 08:15:00 PM,"(UTC-07:00) Arizona",,,4433461.833333333,4372829.5,4539091.5,
PNTM9M2jMkKm3GLHpLiq3J4gE,"","North Campus",Gammage,"W", 10/08/2025 08:30:00 PM,"(UTC-07:00) Arizona",,,4338730,4289849.5,4387610.5,
PNTM9M2jMkKm3GLHpLiq3J4gE,"","North Campus",Gammage,"W", 10/08/2025 08:45:00 PM,"(UTC-07:00) Arizona",,,4386119.75,4372225.5,4400014,
PNTM9M2jMkKm3GLHpLiq3J4gE,"","North Campus",Gammage,"W", 10/08/2025 09:00:00 PM,"(UTC-07:00) Arizona",,,4333268.5,4297681,4368856,
PNTM9M2jMkKm3GLHpLiq3J4gE,"","North Campus",Gammage,"W", 10/08/2025 09:15:00 PM,"(UTC-07:00) Arizona",,,4224526.833333333,4216228,4233786,
PNTM9M2jMkKm3GLHpLiq3J4gE,"","North Campus",Gammage,"W", 10/08/2025 09:30:00 PM,"(UTC-07:00) Arizona",,,4152797,4152797,4152797,
PNTM9M2jMkKm3GLHpLiq3J4gE,"","North Campus",Gammage,"W", 10/08/2025 09:45:00 PM,"(UTC-07:00) Arizona",,,4143855.75,4136867,4150844.5,
PNTM9M2jMkKm3GLHpLiq3J4gE,"","North Campus",Gammage,"W", 10/08/2025 10:00:00 PM,"(UTC-07:00) Arizona",,,3975539.15,3957877.8,3993200.5,
PNTM9M2jMkKm3GLHpLiq3J4gE,"","North Campus",Gammage,"W", 10/08/2025 10:15:00 PM,"(UTC-07:00) Arizona",,,3949391.9,3936168,3962615.8,
PNTM9M2jMkKm3GLHpLiq3J4gE,"","North Campus",Gammage,"W", 10/08/2025 10:30:00 PM,"(UTC-07:00) Arizona",,,3975282.65,3968221.8,3982343.5,
PNTM9M2jMkKm3GLHpLiq3J4gE,"","North Campus",Gammage,"W", 10/08/2025 10:45:00 PM,"(UTC-07:00) Arizona",,,3915088.5,3898900.2,3947211.8,
PNTM9M2jMkKm3GLHpLiq3J4gE,"","North Campus",Gammage,"W", 10/08/2025 11:00:00 PM,"(UTC-07:00) Arizona",,,3707832.8499999996,3686625.2,3723626.5,
PNTM9M2jMkKm3GLHpLiq3J4gE,"","North Campus",Gammage,"W", 10/08/2025 11:15:00 PM,"(UTC-07:00) Arizona",,,3665124,3665124,3665124,
PNTM9M2jMkKm3GLHpLiq3J4gE,"","North Campus",Gammage,"W", 10/08/2025 11:30:00 PM,"(UTC-07:00) Arizona",,,3674189.8333333335,3621619.5,3717221.8,
PNTM9M2jMkKm3GLHpLiq3J4gE,"","North Campus",Gammage,"W", 10/08/2025 11:45:00 PM,"(UTC-07:00) Arizona",,,3674506,3674506,3674506,
PNTM9M2jMkKm3GLHpLiq3J4gE,"","North Campus",Gammage,"W", 10/09/2025 12:00:00 AM,"(UTC-07:00) Arizona",,,3583752.6,3563456.5,3600039.5,
PNTM9M2jMkKm3GLHpLiq3J4gE,"","North Campus",Gammage,"W", 10/09/2025 12:15:00 AM,"(UTC-07:00) Arizona",,,3542532.8,3542532.8,3542532.8,
PNTM9M2jMkKm3GLHpLiq3J4gE,"","North Campus",Gammage,"W", 10/09/2025 12:30:00 AM,"(UTC-07:00) Arizona",,,3543005,3531686,3554324,
PNTM9M2jMkKm3GLHpLiq3J4gE,"","North Campus",Gammage,"W", 10/09/2025 12:45:00 AM,"(UTC-07:00) Arizona",,,3459092,3459092,3459092,
PNTM9M2jMkKm3GLHpLiq3J4gE,"","North Campus",Gammage,"W", 10/09/2025 01:00:00 AM,"(UTC-07:00) Arizona",,,3477903,3477903,3477903,
PNTM9M2jMkKm3GLHpLiq3J4gE,"","North Campus",Gammage,"W", 10/09/2025 01:15:00 AM,"(UTC-07:00) Arizona",,,3435174.8,3435174.8,3435174.8,
PNTM9M2jMkKm3GLHpLiq3J4gE,"","North Campus",Gammage,"W", 10/09/2025 01:30:00 AM,"(UTC-07:00) Arizona",,,3397480.2,3397480.2,3397480.2,
PNTM9M2jMkKm3GLHpLiq3J4gE,"","North Campus",Gammage,"W", 10/09/2025 01:45:00 AM,"(UTC-07:00) Arizona",,,3458742.6,3398540.2,3518945,
PNTM9M2jMkKm3GLHpLiq3J4gE,"","North Campus",Gammage,"W", 10/09/2025 02:00:00 AM,"(UTC-07:00) Arizona",,,3339594.8,3339594.8,3339594.8,
PNTM9M2jMkKm3GLHpLiq3J4gE,"","North Campus",Gammage,"W", 10/09/2025 02:15:00 AM,"(UTC-07:00) Arizona",,,3364923.15,3354832.5,3376076.5,
PNTM9M2jMkKm3GLHpLiq3J4gE,"","North Campus",Gammage,"W", 10/09/2025 02:30:00 AM,"(UTC-07:00) Arizona",,,3315979.9,3301216.8,3330743,
PNTM9M2jMkKm3GLHpLiq3J4gE,"","North Campus",Gammage,"W", 10/09/2025 02:45:00 AM,"(UTC-07:00) Arizona",,,3305705.5,3305705.5,3305705.5,
PNTM9M2jMkKm3GLHpLiq3J4gE,"","North Campus",Gammage,"W", 10/09/2025 03:00:00 AM,"(UTC-07:00) Arizona",,,3318691.5,3317159.2,3320223.8,
PNTM9M2jMkKm3GLHpLiq3J4gE,"","North Campus",Gammage,"W", 10/09/2025 03:15:00 AM,"(UTC-07:00) Arizona",,,3319217,3306896.5,3331537.5,
PNTM9M2jMkKm3GLHpLiq3J4gE,"","North Campus",Gammage,"W", 10/09/2025 03:30:00 AM,"(UTC-07:00) Arizona",,,3343300.9,3320638,3365963.8,
PNTM9M2jMkKm3GLHpLiq3J4gE,"","North Campus",Gammage,"W", 10/09/2025 03:45:00 AM,"(UTC-07:00) Arizona",,,3369250.25,3343199.5,3395301,
PNTM9M2jMkKm3GLHpLiq3J4gE,"","North Campus",Gammage,"W", 10/09/2025 04:00:00 AM,"(UTC-07:00) Arizona",,,3352187.8,3352187.8,3352187.8,
PNTM9M2jMkKm3GLHpLiq3J4gE,"","North Campus",Gammage,"W", 10/09/2025 04:15:00 AM,"(UTC-07:00) Arizona",,,3432962.25,3392734,3473190.5,
PNTM9M2jMkKm3GLHpLiq3J4gE,"","North Campus",Gammage,"W", 10/09/2025 04:30:00 AM,"(UTC-07:00) Arizona",,,3451379.5,3451379.5,3451379.5,
PNTM9M2jMkKm3GLHpLiq3J4gE,"","North Campus",Gammage,"W", 10/09/2025 04:45:00 AM,"(UTC-07:00) Arizona",,,3472431.2,3465513.2,3479349.2,
PNTM9M2jMkKm3GLHpLiq3J4gE,"","North Campus",Gammage,"W", 10/09/2025 05:00:00 AM,"(UTC-07:00) Arizona",,,3516356.2,3516356.2,3516356.2,
PNTM9M2jMkKm3GLHpLiq3J4gE,"","North Campus",Gammage,"W", 10/09/2025 05:15:00 AM,"(UTC-07:00) Arizona",,,3561215.7,3549476.2,3572955.2,
PNTM9M2jMkKm3GLHpLiq3J4gE,"","North Campus",Gammage,"W", 10/09/2025 05:30:00 AM,"(UTC-07:00) Arizona",,,3612384.25,3599658.5,3625110,
PNTM9M2jMkKm3GLHpLiq3J4gE,"","North Campus",Gammage,"W", 10/09/2025 05:45:00 AM,"(UTC-07:00) Arizona",,,3579337.5,3579337.5,3579337.5,
PNTM9M2jMkKm3GLHpLiq3J4gE,"","North Campus",Gammage,"W", 10/09/2025 06:00:00 AM,"(UTC-07:00) Arizona",,,3670727.8,3670727.8,3670727.8,
PNTM9M2jMkKm3GLHpLiq3J4gE,"","North Campus",Gammage,"W", 10/09/2025 06:15:00 AM,"(UTC-07:00) Arizona",,,3827071.25,3823803,3830339.5,
PNTM9M2jMkKm3GLHpLiq3J4gE,"","North Campus",Gammage,"W", 10/09/2025 06:30:00 AM,"(UTC-07:00) Arizona",,,3814992.75,3799715,3830270.5,
PNTM9M2jMkKm3GLHpLiq3J4gE,"","North Campus",Gammage,"W", 10/09/2025 06:45:00 AM,"(UTC-07:00) Arizona",,,3814508.8,3814508.8,3814508.8,
PNTM9M2jMkKm3GLHpLiq3J4gE,"","North Campus",Gammage,"W", 10/09/2025 07:00:00 AM,"(UTC-07:00) Arizona",,,3992061.5,3981996,4002127,
PNTM9M2jMkKm3GLHpLiq3J4gE,"","North Campus",Gammage,"W", 10/09/2025 07:15:00 AM,"(UTC-07:00) Arizona",,,4047352.533333333,4024403,4076237.8,
PNTM9M2jMkKm3GLHpLiq3J4gE,"","North Campus",Gammage,"W", 10/09/2025 07:30:00 AM,"(UTC-07:00) Arizona",,,4122148.3,4118094.8,4126201.8,
PNTM9M2jMkKm3GLHpLiq3J4gE,"","North Campus",Gammage,"W", 10/09/2025 07:45:00 AM,"(UTC-07:00) Arizona",,,4214370.5,4214370.5,4214370.5,
PNTM9M2jMkKm3GLHpLiq3J4gE,"","North Campus",Gammage,"W", 10/09/2025 08:00:00 AM,"(UTC-07:00) Arizona",,,4315016.1,4146801.2,4483231,
PNTM9M2jMkKm3GLHpLiq3J4gE,"","North Campus",Gammage,"W", 10/09/2025 08:15:00 AM,"(UTC-07:00) Arizona",,,4553875.25,4508401,4599349.5,
PNTM9M2jMkKm3GLHpLiq3J4gE,"","North Campus",Gammage,"W", 10/09/2025 08:30:00 AM,"(UTC-07:00) Arizona",,,4670576.5,4635237,4705916,
PNTM9M2jMkKm3GLHpLiq3J4gE,"","North Campus",Gammage,"W", 10/09/2025 08:45:00 AM,"(UTC-07:00) Arizona",,,4604552.5,4583937,4625168,
PNTM9M2jMkKm3GLHpLiq3J4gE,"","North Campus",Gammage,"W", 10/09/2025 09:00:00 AM,"(UTC-07:00) Arizona",,,4684192.5,4684192.5,4684192.5,
PNTM9M2jMkKm3GLHpLiq3J4gE,"","North Campus",Gammage,"W", 10/09/2025 09:15:00 AM,"(UTC-07:00) Arizona",,,4696937.5,4682223,4711652,
PNTM9M2jMkKm3GLHpLiq3J4gE,"","North Campus",Gammage,"W", 10/09/2025 09:30:00 AM,"(UTC-07:00) Arizona",,,4637263.5,4631315,4643212,
PNTM9M2jMkKm3GLHpLiq3J4gE,"","North Campus",Gammage,"W", 10/09/2025 09:45:00 AM,"(UTC-07:00) Arizona",,,4720965.25,4676037.5,4765893,
PNTM9M2jMkKm3GLHpLiq3J4gE,"","North Campus",Gammage,"W", 10/09/2025 10:00:00 AM,"(UTC-07:00) Arizona",,,4696829.5,4653319,4740340,
PNTM9M2jMkKm3GLHpLiq3J4gE,"","North Campus",Gammage,"W", 10/09/2025 10:15:00 AM,"(UTC-07:00) Arizona",,,4864596.5,4732798,4996395,
PNTM9M2jMkKm3GLHpLiq3J4gE,"","North Campus",Gammage,"W", 10/09/2025 10:30:00 AM,"(UTC-07:00) Arizona",,,4974168,4794351,5153985,
PNTM9M2jMkKm3GLHpLiq3J4gE,"","North Campus",Gammage,"W", 10/09/2025 10:45:00 AM,"(UTC-07:00) Arizona",,,5050788,5050788,5050788,
PNTM9M2jMkKm3GLHpLiq3J4gE,"","North Campus",Gammage,"W", 10/09/2025 11:00:00 AM,"(UTC-07:00) Arizona",,,4987440,4987440,4987440,
PNTM9M2jMkKm3GLHpLiq3J4gE,"","North Campus",Gammage,"W", 10/09/2025 11:15:00 AM,"(UTC-07:00) Arizona",,,5084558.25,4928714,5240402.5,
PNTM9M2jMkKm3GLHpLiq3J4gE,"","North Campus",Gammage,"W", 10/09/2025 11:30:00 AM,"(UTC-07:00) Arizona",,,5270956.75,5229415,5312498.5,
PNTM9M2jMkKm3GLHpLiq3J4gE,"","North Campus",Gammage,"W", 10/09/2025 11:45:00 AM,"(UTC-07:00) Arizona",,,4842600.5,4842600.5,4842600.5,
PNTM9M2jMkKm3GLHpLiq3J4gE,"","North Campus",Gammage,"W", 10/09/2025 12:00:00 PM,"(UTC-07:00) Arizona",,,5182833.5,5173859,5191808,
PNTM9M2jMkKm3GLHpLiq3J4gE,"","North Campus",Gammage,"W", 10/09/2025 12:15:00 PM,"(UTC-07:00) Arizona",,,4765017,4673659.5,4856374.5,
PNTM9M2jMkKm3GLHpLiq3J4gE,"","North Campus",Gammage,"W", 10/09/2025 12:30:00 PM,"(UTC-07:00) Arizona",,,5100168.25,5047862,5152474.5,
PNTM9M2jMkKm3GLHpLiq3J4gE,"","North Campus",Gammage,"W", 10/09/2025 12:45:00 PM,"(UTC-07:00) Arizona",,,5228622,5228622,5228622,
PNTM9M2jMkKm3GLHpLiq3J4gE,"","North Campus",Gammage,"W", 10/09/2025 01:00:00 PM,"(UTC-07:00) Arizona",,,5278328.25,5271833,5284823.5,
PNTM9M2jMkKm3GLHpLiq3J4gE,"","North Campus",Gammage,"W", 10/09/2025 01:15:00 PM,"(UTC-07:00) Arizona",,,5278739.166666667,5168975,5423197,
PNTM9M2jMkKm3GLHpLiq3J4gE,"","North Campus",Gammage,"W", 10/09/2025 01:30:00 PM,"(UTC-07:00) Arizona",,,5256469.5,5204071,5308868,
PNTM9M2jMkKm3GLHpLiq3J4gE,"","North Campus",Gammage,"W", 10/09/2025 01:45:00 PM,"(UTC-07:00) Arizona",,,5423991.25,5416788,5431194.5,
PNTM9M2jMkKm3GLHpLiq3J4gE,"","North Campus",Gammage,"W", 10/09/2025 02:00:00 PM,"(UTC-07:00) Arizona",,,5400109.5,5352267.5,5447951.5,
PNTM9M2jMkKm3GLHpLiq3J4gE,"","North Campus",Gammage,"W", 10/09/2025 02:15:00 PM,"(UTC-07:00) Arizona",,,5394902,5394902,5394902,
PNTM9M2jMkKm3GLHpLiq3J4gE,"","North Campus",Gammage,"W", 10/09/2025 02:30:00 PM,"(UTC-07:00) Arizona",,,5313472.75,5283435,5343510.5,
PNTM9M2jMkKm3GLHpLiq3J4gE,"","North Campus",Gammage,"W", 10/09/2025 02:45:00 PM,"(UTC-07:00) Arizona",,,5410424.5,5386586.5,5434262.5,
PNTM9M2jMkKm3GLHpLiq3J4gE,"","North Campus",Gammage,"W", 10/09/2025 03:00:00 PM,"(UTC-07:00) Arizona",,,5439419,5439419,5439419,
PNTM9M2jMkKm3GLHpLiq3J4gE,"","North Campus",Gammage,"W", 10/09/2025 03:15:00 PM,"(UTC-07:00) Arizona",,,5323739,5229308,5418170,
PNTM9M2jMkKm3GLHpLiq3J4gE,"","North Campus",Gammage,"W", 10/09/2025 03:30:00 PM,"(UTC-07:00) Arizona",,,5300882.75,5280800.5,5320965,
PNTM9M2jMkKm3GLHpLiq3J4gE,"","North Campus",Gammage,"W", 10/09/2025 03:45:00 PM,"(UTC-07:00) Arizona",,,5284416.5,5251419,5317414,
PNTM9M2jMkKm3GLHpLiq3J4gE,"","North Campus",Gammage,"W", 10/09/2025 04:00:00 PM,"(UTC-07:00) Arizona",,,5280977.75,5260610,5301345.5,
PNTM9M2jMkKm3GLHpLiq3J4gE,"","North Campus",Gammage,"W", 10/09/2025 04:15:00 PM,"(UTC-07:00) Arizona",,,5274829.75,5253821.5,5295838,
PNTM9M2jMkKm3GLHpLiq3J4gE,"","North Campus",Gammage,"W", 10/09/2025 04:30:00 PM,"(UTC-07:00) Arizona",,,5231973,5192675,5271271,
PNTM9M2jMkKm3GLHpLiq3J4gE,"","North Campus",Gammage,"W", 10/09/2025 04:45:00 PM,"(UTC-07:00) Arizona",,,5253157,5253157,5253157,
PNTM9M2jMkKm3GLHpLiq3J4gE,"","North Campus",Gammage,"W", 10/09/2025 05:00:00 PM,"(UTC-07:00) Arizona",,,5140692.25,5065662,5215722.5,
PNTM9M2jMkKm3GLHpLiq3J4gE,"","North Campus",Gammage,"W", 10/09/2025 05:15:00 PM,"(UTC-07:00) Arizona",,,5090825,5090825,5090825,
PNTM9M2jMkKm3GLHpLiq3J4gE,"","North Campus",Gammage,"W", 10/09/2025 05:30:00 PM,"(UTC-07:00) Arizona",,,5114823.75,5040250,5189397.5,
PNTM9M2jMkKm3GLHpLiq3J4gE,"","North Campus",Gammage,"W", 10/09/2025 05:45:00 PM,"(UTC-07:00) Arizona",,,5059184,5059184,5059184,
PNTM9M2jMkKm3GLHpLiq3J4gE,"","North Campus",Gammage,"W", 10/09/2025 06:00:00 PM,"(UTC-07:00) Arizona",,,4934309,4918297.5,4950320.5,
PNTM9M2jMkKm3GLHpLiq3J4gE,"","North Campus",Gammage,"W", 10/09/2025 06:15:00 PM,"(UTC-07:00) Arizona",,,4939238,4896228,4982248,
PNTM9M2jMkKm3GLHpLiq3J4gE,"","North Campus",Gammage,"W", 10/09/2025 06:30:00 PM,"(UTC-07:00) Arizona",,,4848236.25,4819247,4877225.5,
PNTM9M2jMkKm3GLHpLiq3J4gE,"","North Campus",Gammage,"W", 10/09/2025 06:45:00 PM,"(UTC-07:00) Arizona",,,4900382.5,4884745.5,4916019.5,
PNTM9M2jMkKm3GLHpLiq3J4gE,"","North Campus",Gammage,"W", 10/09/2025 07:00:00 PM,"(UTC-07:00) Arizona",,,4680484.75,4655438.5,4705531,
PNTM9M2jMkKm3GLHpLiq3J4gE,"","North Campus",Gammage,"W", 10/09/2025 07:15:00 PM,"(UTC-07:00) Arizona",,,4667836.25,4619306,4716366.5,
PNTM9M2jMkKm3GLHpLiq3J4gE,"","North Campus",Gammage,"W", 10/09/2025 07:30:00 PM,"(UTC-07:00) Arizona",,,4572362.5,4572362.5,4572362.5,
PNTM9M2jMkKm3GLHpLiq3J4gE,"","North Campus",Gammage,"W", 10/09/2025 07:45:00 PM,"(UTC-07:00) Arizona",,,4609504.5,4598351.5,4615184,
PNTM9M2jMkKm3GLHpLiq3J4gE,"","North Campus",Gammage,"W", 10/09/2025 08:00:00 PM,"(UTC-07:00) Arizona",,,4474775.333333333,4405807,4549329.5,
PNTM9M2jMkKm3GLHpLiq3J4gE,"","North Campus",Gammage,"W", 10/09/2025 08:15:00 PM,"(UTC-07:00) Arizona",,,4352251,4352251,4352251,
PNTM9M2jMkKm3GLHpLiq3J4gE,"","North Campus",Gammage,"W", 10/09/2025 08:30:00 PM,"(UTC-07:00) Arizona",,,4388254.5,4369357,4407152,
PNTM9M2jMkKm3GLHpLiq3J4gE,"","North Campus",Gammage,"W", 10/09/2025 08:45:00 PM,"(UTC-07:00) Arizona",,,4425913.5,4376555,4475272,
PNTM9M2jMkKm3GLHpLiq3J4gE,"","North Campus",Gammage,"W", 10/09/2025 09:00:00 PM,"(UTC-07:00) Arizona",,,4313625.75,4307287.5,4319964,
PNTM9M2jMkKm3GLHpLiq3J4gE,"","North Campus",Gammage,"W", 10/09/2025 09:15:00 PM,"(UTC-07:00) Arizona",,,4255642.399999999,4178404.2,4316014.5,
PNTM9M2jMkKm3GLHpLiq3J4gE,"","North Campus",Gammage,"W", 10/09/2025 09:30:00 PM,"(UTC-07:00) Arizona",,,4140681.8,4140681.8,4140681.8,
PNTM9M2jMkKm3GLHpLiq3J4gE,"","North Campus",Gammage,"W", 10/09/2025 09:45:00 PM,"(UTC-07:00) Arizona",,,4135475.5,4125187,4145764,
PNTM9M2jMkKm3GLHpLiq3J4gE,"","North Campus",Gammage,"W", 10/09/2025 10:00:00 PM,"(UTC-07:00) Arizona",,,4079838.5,4067244.8,4092432.2,
PNTM9M2jMkKm3GLHpLiq3J4gE,"","North Campus",Gammage,"W", 10/09/2025 10:15:00 PM,"(UTC-07:00) Arizona",,,4015248.1,4000441.2,4030055,
PNTM9M2jMkKm3GLHpLiq3J4gE,"","North Campus",Gammage,"W", 10/09/2025 10:30:00 PM,"(UTC-07:00) Arizona",,,3977364.9,3965290,3989439.8,
PNTM9M2jMkKm3GLHpLiq3J4gE,"","North Campus",Gammage,"W", 10/09/2025 10:45:00 PM,"(UTC-07:00) Arizona",,,3892818.65,3867139.8,3918497.5,
PNTM9M2jMkKm3GLHpLiq3J4gE,"","North Campus",Gammage,"W", 10/09/2025 11:00:00 PM,"(UTC-07:00) Arizona",,,3718207,3701336.8,3735077.2,
PNTM9M2jMkKm3GLHpLiq3J4gE,"","North Campus",Gammage,"W", 10/09/2025 11:15:00 PM,"(UTC-07:00) Arizona",,,3693319.15,3689862.5,3696775.8,
PNTM9M2jMkKm3GLHpLiq3J4gE,"","North Campus",Gammage,"W", 10/09/2025 11:30:00 PM,"(UTC-07:00) Arizona",,,3751194.2,3751194.2,3751194.2,
PNTM9M2jMkKm3GLHpLiq3J4gE,"","North Campus",Gammage,"W", 10/09/2025 11:45:00 PM,"(UTC-07:00) Arizona",,,3689736.85,3675499.2,3703974.5,
PNTM9M2jMkKm3GLHpLiq3J4gE,"","North Campus",Gammage,"W", 10/10/2025 12:00:00 AM,"(UTC-07:00) Arizona",,,3654299.9,3632802,3675797.8,
PNTM9M2jMkKm3GLHpLiq3J4gE,"","North Campus",Gammage,"W", 10/10/2025 12:15:00 AM,"(UTC-07:00) Arizona",,,3630876.75,3618273,3643480.5,
PNTM9M2jMkKm3GLHpLiq3J4gE,"","North Campus",Gammage,"W", 10/10/2025 12:30:00 AM,"(UTC-07:00) Arizona",,,3568924.85,3557867.2,3579982.5,
PNTM9M2jMkKm3GLHpLiq3J4gE,"","North Campus",Gammage,"W", 10/10/2025 12:45:00 AM,"(UTC-07:00) Arizona",,,3578783.3,3576418.8,3581147.8,
PNTM9M2jMkKm3GLHpLiq3J4gE,"","North Campus",Gammage,"W", 10/10/2025 01:00:00 AM,"(UTC-07:00) Arizona",,,3526365.5,3523737.8,3528993.2,
PNTM9M2jMkKm3GLHpLiq3J4gE,"","North Campus",Gammage,"W", 10/10/2025 01:15:00 AM,"(UTC-07:00) Arizona",,,3528180.15,3488684.5,3567675.8,
PNTM9M2jMkKm3GLHpLiq3J4gE,"","North Campus",Gammage,"W", 10/10/2025 01:30:00 AM,"(UTC-07:00) Arizona",,,3470170.9,3463933.8,3476408,
PNTM9M2jMkKm3GLHpLiq3J4gE,"","North Campus",Gammage,"W", 10/10/2025 01:45:00 AM,"(UTC-07:00) Arizona",,,3476705.8,3476705.8,3476705.8,
PNTM9M2jMkKm3GLHpLiq3J4gE,"","North Campus",Gammage,"W", 10/10/2025 02:00:00 AM,"(UTC-07:00) Arizona",,,3412612.1,3371441,3453783.2,
PNTM9M2jMkKm3GLHpLiq3J4gE,"","North Campus",Gammage,"W", 10/10/2025 02:15:00 AM,"(UTC-07:00) Arizona",,,3386856.25,3386183,3387529.5,
PNTM9M2jMkKm3GLHpLiq3J4gE,"","North Campus",Gammage,"W", 10/10/2025 02:30:00 AM,"(UTC-07:00) Arizona",,,3406545.9,3385477,3427614.8,
PNTM9M2jMkKm3GLHpLiq3J4gE,"","North Campus",Gammage,"W", 10/10/2025 02:45:00 AM,"(UTC-07:00) Arizona",,,3354036.85,3351505.5,3356568.2,
PNTM9M2jMkKm3GLHpLiq3J4gE,"","North Campus",Gammage,"W", 10/10/2025 03:00:00 AM,"(UTC-07:00) Arizona",,,3380058,3368098.8,3392017.2,
PNTM9M2jMkKm3GLHpLiq3J4gE,"","North Campus",Gammage,"W", 10/10/2025 03:15:00 AM,"(UTC-07:00) Arizona",,,3386637,3383373.2,3389900.8,
PNTM9M2jMkKm3GLHpLiq3J4gE,"","North Campus",Gammage,"W", 10/10/2025 03:30:00 AM,"(UTC-07:00) Arizona",,,3393618.2,3391278.2,3395958.2,
PNTM9M2jMkKm3GLHpLiq3J4gE,"","North Campus",Gammage,"W", 10/10/2025 03:45:00 AM,"(UTC-07:00) Arizona",,,3413706.466666667,3400655,3434046.2,
PNTM9M2jMkKm3GLHpLiq3J4gE,"","North Campus",Gammage,"W", 10/10/2025 04:00:00 AM,"(UTC-07:00) Arizona",,,3406234.533333333,3400926.8,3410697,
PNTM9M2jMkKm3GLHpLiq3J4gE,"","North Campus",Gammage,"W", 10/10/2025 04:15:00 AM,"(UTC-07:00) Arizona",,,3469576.5,3469576.5,3469576.5,
PNTM9M2jMkKm3GLHpLiq3J4gE,"","North Campus",Gammage,"W", 10/10/2025 04:30:00 AM,"(UTC-07:00) Arizona",,,3537406.0666666664,3486048.5,3574713.2,
PNTM9M2jMkKm3GLHpLiq3J4gE,"","North Campus",Gammage,"W", 10/10/2025 04:45:00 AM,"(UTC-07:00) Arizona",,,3580745.5,3559022.8,3606287.5,
PNTM9M2jMkKm3GLHpLiq3J4gE,"","North Campus",Gammage,"W", 10/10/2025 05:00:00 AM,"(UTC-07:00) Arizona",,,3593205.2,3555813.2,3630597.2,
PNTM9M2jMkKm3GLHpLiq3J4gE,"","North Campus",Gammage,"W", 10/10/2025 05:15:00 AM,"(UTC-07:00) Arizona",,,3584276.2,3574067.2,3594485.2,
PNTM9M2jMkKm3GLHpLiq3J4gE,"","North Campus",Gammage,"W", 10/10/2025 05:30:00 AM,"(UTC-07:00) Arizona",,,3594905.25,3588985.5,3600825,
PNTM9M2jMkKm3GLHpLiq3J4gE,"","North Campus",Gammage,"W", 10/10/2025 05:45:00 AM,"(UTC-07:00) Arizona",,,3594463.8,3594463.8,3594463.8,
PNTM9M2jMkKm3GLHpLiq3J4gE,"","North Campus",Gammage,"W", 10/10/2025 06:00:00 AM,"(UTC-07:00) Arizona",,,3784700.9333333336,3738668,3816135,
PNTM9M2jMkKm3GLHpLiq3J4gE,"","North Campus",Gammage,"W", 10/10/2025 06:15:00 AM,"(UTC-07:00) Arizona",,,3798892.5,3798892.5,3798892.5,
PNTM9M2jMkKm3GLHpLiq3J4gE,"","North Campus",Gammage,"W", 10/10/2025 06:30:00 AM,"(UTC-07:00) Arizona",,,3828825.1666666665,3820701.2,3837508.5,
PNTM9M2jMkKm3GLHpLiq3J4gE,"","North Campus",Gammage,"W", 10/10/2025 06:45:00 AM,"(UTC-07:00) Arizona",,,3813370.15,3801572.8,3825167.5,
PNTM9M2jMkKm3GLHpLiq3J4gE,"","North Campus",Gammage,"W", 10/10/2025 07:00:00 AM,"(UTC-07:00) Arizona",,,4035803.5,4025249.5,4046357.5,
PNTM9M2jMkKm3GLHpLiq3J4gE,"","North Campus",Gammage,"W", 10/10/2025 07:15:00 AM,"(UTC-07:00) Arizona",,,3993359.1,3988879,3997839.2,
PNTM9M2jMkKm3GLHpLiq3J4gE,"","North Campus",Gammage,"W", 10/10/2025 07:30:00 AM,"(UTC-07:00) Arizona",,,4077484.8,4077484.8,4077484.8,
PNTM9M2jMkKm3GLHpLiq3J4gE,"","North Campus",Gammage,"W", 10/10/2025 07:45:00 AM,"(UTC-07:00) Arizona",,,4160401.65,4127439.5,4193363.8,
PNTM9M2jMkKm3GLHpLiq3J4gE,"","North Campus",Gammage,"W", 10/10/2025 08:00:00 AM,"(UTC-07:00) Arizona",,,4331011.166666667,4261036.5,4374811.5,
PNTM9M2jMkKm3GLHpLiq3J4gE,"","North Campus",Gammage,"W", 10/10/2025 08:15:00 AM,"(UTC-07:00) Arizona",,,4539035,4539035,4539035,
PNTM9M2jMkKm3GLHpLiq3J4gE,"","North Campus",Gammage,"W", 10/10/2025 08:30:00 AM,"(UTC-07:00) Arizona",,,4515207,4514764,4515650,
PNTM9M2jMkKm3GLHpLiq3J4gE,"","North Campus",Gammage,"W", 10/10/2025 08:45:00 AM,"(UTC-07:00) Arizona",,,4591188.166666667,4555823,4646055,
PNTM9M2jMkKm3GLHpLiq3J4gE,"","North Campus",Gammage,"W", 10/10/2025 09:00:00 AM,"(UTC-07:00) Arizona",,,4655019.5,4655019.5,4655019.5,
PNTM9M2jMkKm3GLHpLiq3J4gE,"","North Campus",Gammage,"W", 10/10/2025 09:15:00 AM,"(UTC-07:00) Arizona",,,4658856.833333333,4611812,4703987,
PNTM9M2jMkKm3GLHpLiq3J4gE,"","North Campus",Gammage,"W", 10/10/2025 09:30:00 AM,"(UTC-07:00) Arizona",,,4679879.5,4607240,4752519,
PNTM9M2jMkKm3GLHpLiq3J4gE,"","North Campus",Gammage,"W", 10/10/2025 09:45:00 AM,"(UTC-07:00) Arizona",,,4797465.5,4741966,4852965,
PNTM9M2jMkKm3GLHpLiq3J4gE,"","North Campus",Gammage,"W", 10/10/2025 10:00:00 AM,"(UTC-07:00) Arizona",,,4841514.5,4825245,4857784,
PNTM9M2jMkKm3GLHpLiq3J4gE,"","North Campus",Gammage,"W", 10/10/2025 10:15:00 AM,"(UTC-07:00) Arizona",,,4872695.25,4846663.5,4898727,
PNTM9M2jMkKm3GLHpLiq3J4gE,"","North Campus",Gammage,"W", 10/10/2025 10:30:00 AM,"(UTC-07:00) Arizona",,,4911770.75,4857447,4966094.5,
PNTM9M2jMkKm3GLHpLiq3J4gE,"","North Campus",Gammage,"W", 10/10/2025 10:45:00 AM,"(UTC-07:00) Arizona",,,4952959,4900811.5,4982641.5,
PNTM9M2jMkKm3GLHpLiq3J4gE,"","North Campus",Gammage,"W", 10/10/2025 11:00:00 AM,"(UTC-07:00) Arizona",,,5029916,5011246,5048586,
PNTM9M2jMkKm3GLHpLiq3J4gE,"","North Campus",Gammage,"W", 10/10/2025 11:15:00 AM,"(UTC-07:00) Arizona",,,5049853.75,5040598,5059109.5,
PNTM9M2jMkKm3GLHpLiq3J4gE,"","North Campus",Gammage,"W", 10/10/2025 11:30:00 AM,"(UTC-07:00) Arizona",,,5072437,5046465.5,5098408.5,
PNTM9M2jMkKm3GLHpLiq3J4gE,"","North Campus",Gammage,"W", 10/10/2025 11:45:00 AM,"(UTC-07:00) Arizona",,,5061163.5,5051905.5,5070421.5,
PNTM9M2jMkKm3GLHpLiq3J4gE,"","North Campus",Gammage,"W", 10/10/2025 12:00:00 PM,"(UTC-07:00) Arizona",,,5101050.5,5101050.5,5101050.5,
PNTM9M2jMkKm3GLHpLiq3J4gE,"","North Campus",Gammage,"W", 10/10/2025 12:15:00 PM,"(UTC-07:00) Arizona",,,5127730.5,5115843.5,5139617.5,
PNTM9M2jMkKm3GLHpLiq3J4gE,"","North Campus",Gammage,"W", 10/10/2025 12:30:00 PM,"(UTC-07:00) Arizona",,,5034115.25,4991222,5077008.5,
PNTM9M2jMkKm3GLHpLiq3J4gE,"","North Campus",Gammage,"W", 10/10/2025 12:45:00 PM,"(UTC-07:00) Arizona",,,5121992.75,5103435.5,5140550,
PNTM9M2jMkKm3GLHpLiq3J4gE,"","North Campus",Gammage,"W", 10/10/2025 01:00:00 PM,"(UTC-07:00) Arizona",,,4966364.5,4939583,4993146,
PNTM9M2jMkKm3GLHpLiq3J4gE,"","North Campus",Gammage,"W", 10/10/2025 01:15:00 PM,"(UTC-07:00) Arizona",,,4925584.5,4925584.5,4925584.5,
PNTM9M2jMkKm3GLHpLiq3J4gE,"","North Campus",Gammage,"W", 10/10/2025 01:30:00 PM,"(UTC-07:00) Arizona",,,4919048.25,4880571,4957525.5,
PNTM9M2jMkKm3GLHpLiq3J4gE,"","North Campus",Gammage,"W", 10/10/2025 01:45:00 PM,"(UTC-07:00) Arizona",,,4989894,4984149,4995639,
PNTM9M2jMkKm3GLHpLiq3J4gE,"","North Campus",Gammage,"W", 10/10/2025 02:00:00 PM,"(UTC-07:00) Arizona",,,5013527.5,5013527.5,5013527.5,
PNTM9M2jMkKm3GLHpLiq3J4gE,"","North Campus",Gammage,"W", 10/10/2025 02:15:00 PM,"(UTC-07:00) Arizona",,,4964734.5,4964734.5,4964734.5,
PNTM9M2jMkKm3GLHpLiq3J4gE,"","North Campus",Gammage,"W", 10/10/2025 02:30:00 PM,"(UTC-07:00) Arizona",,,5000857.25,4924459,5077255.5,
PNTM9M2jMkKm3GLHpLiq3J4gE,"","North Campus",Gammage,"W", 10/10/2025 02:45:00 PM,"(UTC-07:00) Arizona",,,4897868,4891841.5,4903894.5,
PNTM9M2jMkKm3GLHpLiq3J4gE,"","North Campus",Gammage,"W", 10/10/2025 03:00:00 PM,"(UTC-07:00) Arizona",,,4737217.5,4737217.5,4737217.5,
PNTM9M2jMkKm3GLHpLiq3J4gE,"","North Campus",Gammage,"W", 10/10/2025 03:15:00 PM,"(UTC-07:00) Arizona",,,4851720,4758994,4944446,
PNTM9M2jMkKm3GLHpLiq3J4gE,"","North Campus",Gammage,"W", 10/10/2025 03:30:00 PM,"(UTC-07:00) Arizona",,,4870151.5,4870151.5,4870151.5,
PNTM9M2jMkKm3GLHpLiq3J4gE,"","North Campus",Gammage,"W", 10/10/2025 03:45:00 PM,"(UTC-07:00) Arizona",,,4820116.25,4818946.5,4821286,
PNTM9M2jMkKm3GLHpLiq3J4gE,"","North Campus",Gammage,"W", 10/10/2025 04:00:00 PM,"(UTC-07:00) Arizona",,,4823407,4823407,4823407,
PNTM9M2jMkKm3GLHpLiq3J4gE,"","North Campus",Gammage,"W", 10/10/2025 04:15:00 PM,"(UTC-07:00) Arizona",,,4793459.5,4793459.5,4793459.5,
PNTM9M2jMkKm3GLHpLiq3J4gE,"","North Campus",Gammage,"W", 10/10/2025 04:30:00 PM,"(UTC-07:00) Arizona",,,4778249,4776223,4780275,
PNTM9M2jMkKm3GLHpLiq3J4gE,"","North Campus",Gammage,"W", 10/10/2025 04:45:00 PM,"(UTC-07:00) Arizona",,,4654533.25,4584715.5,4724351,
PNTM9M2jMkKm3GLHpLiq3J4gE,"","North Campus",Gammage,"W", 10/10/2025 05:00:00 PM,"(UTC-07:00) Arizona",,,4538798.75,4532607.5,4544990,
PNTM9M2jMkKm3GLHpLiq3J4gE,"","North Campus",Gammage,"W", 10/10/2025 05:15:00 PM,"(UTC-07:00) Arizona",,,4527537.75,4526785.5,4528290,
PNTM9M2jMkKm3GLHpLiq3J4gE,"","North Campus",Gammage,"W", 10/10/2025 05:30:00 PM,"(UTC-07:00) Arizona",,,4556499.5,4508380,4603600,
PNTM9M2jMkKm3GLHpLiq3J4gE,"","North Campus",Gammage,"W", 10/10/2025 05:45:00 PM,"(UTC-07:00) Arizona",,,4523067.5,4505373,4540762,
PNTM9M2jMkKm3GLHpLiq3J4gE,"","North Campus",Gammage,"W", 10/10/2025 06:00:00 PM,"(UTC-07:00) Arizona",,,4505321.5,4505321.5,4505321.5,
PNTM9M2jMkKm3GLHpLiq3J4gE,"","North Campus",Gammage,"W", 10/10/2025 06:15:00 PM,"(UTC-07:00) Arizona",,,4460950.5,4437429.5,4484471.5,
PNTM9M2jMkKm3GLHpLiq3J4gE,"","North Campus",Gammage,"W", 10/10/2025 06:30:00 PM,"(UTC-07:00) Arizona",,,4420543,4400903.5,4440182.5,
PNTM9M2jMkKm3GLHpLiq3J4gE,"","North Campus",Gammage,"W", 10/10/2025 06:45:00 PM,"(UTC-07:00) Arizona",,,4388167,4388167,4388167,
PNTM9M2jMkKm3GLHpLiq3J4gE,"","North Campus",Gammage,"W", 10/10/2025 07:00:00 PM,"(UTC-07:00) Arizona",,,4376024.75,4373402,4378647.5,
PNTM9M2jMkKm3GLHpLiq3J4gE,"","North Campus",Gammage,"W", 10/10/2025 07:15:00 PM,"(UTC-07:00) Arizona",,,4345095.5,4308336.5,4381854.5,
PNTM9M2jMkKm3GLHpLiq3J4gE,"","North Campus",Gammage,"W", 10/10/2025 07:30:00 PM,"(UTC-07:00) Arizona",,,4298614,4276963.5,4320264.5,
PNTM9M2jMkKm3GLHpLiq3J4gE,"","North Campus",Gammage,"W", 10/10/2025 07:45:00 PM,"(UTC-07:00) Arizona",,,4146295,4146295,4146295,
PNTM9M2jMkKm3GLHpLiq3J4gE,"","North Campus",Gammage,"W", 10/10/2025 08:00:00 PM,"(UTC-07:00) Arizona",,,4248526.5,4248526.5,4248526.5,
PNTM9M2jMkKm3GLHpLiq3J4gE,"","North Campus",Gammage,"W", 10/10/2025 08:15:00 PM,"(UTC-07:00) Arizona",,,4179168.2,4179168.2,4179168.2,
PNTM9M2jMkKm3GLHpLiq3J4gE,"","North Campus",Gammage,"W", 10/10/2025 08:30:00 PM,"(UTC-07:00) Arizona",,,4159654.2,4128017.2,4191291.2,
PNTM9M2jMkKm3GLHpLiq3J4gE,"","North Campus",Gammage,"W", 10/10/2025 08:45:00 PM,"(UTC-07:00) Arizona",,,4153056.8,4117187.8,4188925.8,
PNTM9M2jMkKm3GLHpLiq3J4gE,"","North Campus",Gammage,"W", 10/10/2025 09:00:00 PM,"(UTC-07:00) Arizona",,,3993212.2,3993212.2,3993212.2,
PNTM9M2jMkKm3GLHpLiq3J4gE,"","North Campus",Gammage,"W", 10/10/2025 09:15:00 PM,"(UTC-07:00) Arizona",,,3774106.65,3771173.5,3777039.8,
PNTM9M2jMkKm3GLHpLiq3J4gE,"","North Campus",Gammage,"W", 10/10/2025 09:30:00 PM,"(UTC-07:00) Arizona",,,3755074.966666667,3732906.2,3769290.5,
PNTM9M2jMkKm3GLHpLiq3J4gE,"","North Campus",Gammage,"W", 10/10/2025 09:45:00 PM,"(UTC-07:00) Arizona",,,3755160.8,3755160.8,3755160.8,
PNTM9M2jMkKm3GLHpLiq3J4gE,"","North Campus",Gammage,"W", 10/10/2025 10:00:00 PM,"(UTC-07:00) Arizona",,,3704075.25,3691690,3716460.5,
PNTM9M2jMkKm3GLHpLiq3J4gE,"","North Campus",Gammage,"W", 10/10/2025 10:15:00 PM,"(UTC-07:00) Arizona",,,3655463.233333333,3626908.2,3675427,
PNTM9M2jMkKm3GLHpLiq3J4gE,"","North Campus",Gammage,"W", 10/10/2025 10:30:00 PM,"(UTC-07:00) Arizona",,,3681792,3681792,3681792,
PNTM9M2jMkKm3GLHpLiq3J4gE,"","North Campus",Gammage,"W", 10/10/2025 10:45:00 PM,"(UTC-07:00) Arizona",,,3617314.5666666664,3561983.5,3658245,
PNTM9M2jMkKm3GLHpLiq3J4gE,"","North Campus",Gammage,"W", 10/10/2025 11:00:00 PM,"(UTC-07:00) Arizona",,,3594717.2,3594717.2,3594717.2,
PNTM9M2jMkKm3GLHpLiq3J4gE,"","North Campus",Gammage,"W", 10/10/2025 11:15:00 PM,"(UTC-07:00) Arizona",,,3566306,3557292.2,3575319.8,
PNTM9M2jMkKm3GLHpLiq3J4gE,"","North Campus",Gammage,"W", 10/10/2025 11:30:00 PM,"(UTC-07:00) Arizona",,,3558580,3554693.2,3562466.8,
PNTM9M2jMkKm3GLHpLiq3J4gE,"","North Campus",Gammage,"W", 10/10/2025 11:45:00 PM,"(UTC-07:00) Arizona",,,3518506.7,3494527.2,3542486.2,
PNTM9M2jMkKm3GLHpLiq3J4gE,"","North Campus",Gammage,"W", 10/11/2025 12:00:00 AM,"(UTC-07:00) Arizona",,,3492473.75,3463807.5,3521140,
PNTM9M2jMkKm3GLHpLiq3J4gE,"","North Campus",Gammage,"W", 10/11/2025 12:15:00 AM,"(UTC-07:00) Arizona",,,3473203.9,3470474,3475933.8,
PNTM9M2jMkKm3GLHpLiq3J4gE,"","North Campus",Gammage,"W", 10/11/2025 12:30:00 AM,"(UTC-07:00) Arizona",,,3435886,3435886,3435886,
PNTM9M2jMkKm3GLHpLiq3J4gE,"","North Campus",Gammage,"W", 10/11/2025 12:45:00 AM,"(UTC-07:00) Arizona",,,3455779.1,3424212.2,3487346,
PNTM9M2jMkKm3GLHpLiq3J4gE,"","North Campus",Gammage,"W", 10/11/2025 01:00:00 AM,"(UTC-07:00) Arizona",,,3428816,3428816,3428816,
PNTM9M2jMkKm3GLHpLiq3J4gE,"","North Campus",Gammage,"W", 10/11/2025 01:15:00 AM,"(UTC-07:00) Arizona",,,3379781,3378474.8,3381087.2,
PNTM9M2jMkKm3GLHpLiq3J4gE,"","North Campus",Gammage,"W", 10/11/2025 01:30:00 AM,"(UTC-07:00) Arizona",,,3375972.8,3375972.8,3375972.8,
PNTM9M2jMkKm3GLHpLiq3J4gE,"","North Campus",Gammage,"W", 10/11/2025 01:45:00 AM,"(UTC-07:00) Arizona",,,3370772,3345534.5,3396009.5,
PNTM9M2jMkKm3GLHpLiq3J4gE,"","North Campus",Gammage,"W", 10/11/2025 02:00:00 AM,"(UTC-07:00) Arizona",,,3358559,3351917.8,3365200.2,
PNTM9M2jMkKm3GLHpLiq3J4gE,"","North Campus",Gammage,"W", 10/11/2025 02:15:00 AM,"(UTC-07:00) Arizona",,,3348648.8,3348648.8,3348648.8,
PNTM9M2jMkKm3GLHpLiq3J4gE,"","North Campus",Gammage,"W", 10/11/2025 02:30:00 AM,"(UTC-07:00) Arizona",,,3370976.1666666665,3361461.5,3380718.5,
PNTM9M2jMkKm3GLHpLiq3J4gE,"","North Campus",Gammage,"W", 10/11/2025 02:45:00 AM,"(UTC-07:00) Arizona",,,3307472.1,3302739.2,3312205,
PNTM9M2jMkKm3GLHpLiq3J4gE,"","North Campus",Gammage,"W", 10/11/2025 03:00:00 AM,"(UTC-07:00) Arizona",,,3337693.8,3337693.8,3337693.8,
PNTM9M2jMkKm3GLHpLiq3J4gE,"","North Campus",Gammage,"W", 10/11/2025 03:15:00 AM,"(UTC-07:00) Arizona",,,3342649.6666666665,3333565.2,3352486.8,
PNTM9M2jMkKm3GLHpLiq3J4gE,"","North Campus",Gammage,"W", 10/11/2025 03:30:00 AM,"(UTC-07:00) Arizona",,,3325749,3325749,3325749,
PNTM9M2jMkKm3GLHpLiq3J4gE,"","North Campus",Gammage,"W", 10/11/2025 03:45:00 AM,"(UTC-07:00) Arizona",,,3332716.75,3325805.5,3339628,
PNTM9M2jMkKm3GLHpLiq3J4gE,"","North Campus",Gammage,"W", 10/11/2025 04:00:00 AM,"(UTC-07:00) Arizona",,,3323725.7,3320312.2,3327139.2,
PNTM9M2jMkKm3GLHpLiq3J4gE,"","North Campus",Gammage,"W", 10/11/2025 04:15:00 AM,"(UTC-07:00) Arizona",,,3301151.25,3280550.5,3321752,
PNTM9M2jMkKm3GLHpLiq3J4gE,"","North Campus",Gammage,"W", 10/11/2025 04:30:00 AM,"(UTC-07:00) Arizona",,,3281759.5,3268110,3295409,
PNTM9M2jMkKm3GLHpLiq3J4gE,"","North Campus",Gammage,"W", 10/11/2025 04:45:00 AM,"(UTC-07:00) Arizona",,,3320570.8,3320570.8,3320570.8,
PNTM9M2jMkKm3GLHpLiq3J4gE,"","North Campus",Gammage,"W", 10/11/2025 05:00:00 AM,"(UTC-07:00) Arizona",,,3336733.85,3333530.2,3339937.5,
PNTM9M2jMkKm3GLHpLiq3J4gE,"","North Campus",Gammage,"W", 10/11/2025 05:15:00 AM,"(UTC-07:00) Arizona",,,3356080.25,3342892.5,3369268,
PNTM9M2jMkKm3GLHpLiq3J4gE,"","North Campus",Gammage,"W", 10/11/2025 05:30:00 AM,"(UTC-07:00) Arizona",,,3353354.5,3349029.5,3357679.5,
PNTM9M2jMkKm3GLHpLiq3J4gE,"","North Campus",Gammage,"W", 10/11/2025 05:45:00 AM,"(UTC-07:00) Arizona",,,3370269.6,3344699.2,3395840,
PNTM9M2jMkKm3GLHpLiq3J4gE,"","North Campus",Gammage,"W", 10/11/2025 06:00:00 AM,"(UTC-07:00) Arizona",,,3477649.5,3468780,3486519,
PNTM9M2jMkKm3GLHpLiq3J4gE,"","North Campus",Gammage,"W", 10/11/2025 06:15:00 AM,"(UTC-07:00) Arizona",,,3525277.5,3491211.8,3559343.2,
PNTM9M2jMkKm3GLHpLiq3J4gE,"","North Campus",Gammage,"W", 10/11/2025 06:30:00 AM,"(UTC-07:00) Arizona",,,3520558.2,3520558.2,3520558.2,
PNTM9M2jMkKm3GLHpLiq3J4gE,"","North Campus",Gammage,"W", 10/11/2025 06:45:00 AM,"(UTC-07:00) Arizona",,,3542403.2,3524150.2,3560656.2,
PNTM9M2jMkKm3GLHpLiq3J4gE,"","North Campus",Gammage,"W", 10/11/2025 07:00:00 AM,"(UTC-07:00) Arizona",,,3595677.5,3595677.5,3595677.5,
PNTM9M2jMkKm3GLHpLiq3J4gE,"","North Campus",Gammage,"W", 10/11/2025 07:15:00 AM,"(UTC-07:00) Arizona",,,3622062.0666666664,3599674.2,3636960.5,
PNTM9M2jMkKm3GLHpLiq3J4gE,"","North Campus",Gammage,"W", 10/11/2025 07:30:00 AM,"(UTC-07:00) Arizona",,,3633358.8,3633358.8,3633358.8,
PNTM9M2jMkKm3GLHpLiq3J4gE,"","North Campus",Gammage,"W", 10/11/2025 07:45:00 AM,"(UTC-07:00) Arizona",,,3683242.8,3667833.8,3698651.8,
PNTM9M2jMkKm3GLHpLiq3J4gE,"","North Campus",Gammage,"W", 10/11/2025 08:00:00 AM,"(UTC-07:00) Arizona",,,3659500.7,3649797.2,3669204.2,
PNTM9M2jMkKm3GLHpLiq3J4gE,"","North Campus",Gammage,"W", 10/11/2025 08:15:00 AM,"(UTC-07:00) Arizona",,,3750499.25,3735789,3765209.5,
PNTM9M2jMkKm3GLHpLiq3J4gE,"","North Campus",Gammage,"W", 10/11/2025 08:30:00 AM,"(UTC-07:00) Arizona",,,3803183.75,3792947,3813420.5,
PNTM9M2jMkKm3GLHpLiq3J4gE,"","North Campus",Gammage,"W", 10/11/2025 08:45:00 AM,"(UTC-07:00) Arizona",,,3808090.65,3774214.8,3841966.5,
PNTM9M2jMkKm3GLHpLiq3J4gE,"","North Campus",Gammage,"W", 10/11/2025 09:00:00 AM,"(UTC-07:00) Arizona",,,3814651,3811652,3817650,
PNTM9M2jMkKm3GLHpLiq3J4gE,"","North Campus",Gammage,"W", 10/11/2025 09:15:00 AM,"(UTC-07:00) Arizona",,,3827716.75,3796370,3859063.5,
PNTM9M2jMkKm3GLHpLiq3J4gE,"","North Campus",Gammage,"W", 10/11/2025 09:30:00 AM,"(UTC-07:00) Arizona",,,3832133,3832133,3832133,
PNTM9M2jMkKm3GLHpLiq3J4gE,"","North Campus",Gammage,"W", 10/11/2025 09:45:00 AM,"(UTC-07:00) Arizona",,,3824079.1,3817870.2,3830288,
PNTM9M2jMkKm3GLHpLiq3J4gE,"","North Campus",Gammage,"W", 10/11/2025 10:00:00 AM,"(UTC-07:00) Arizona",,,3947214,3942724.5,3951703.5,
PNTM9M2jMkKm3GLHpLiq3J4gE,"","North Campus",Gammage,"W", 10/11/2025 10:15:00 AM,"(UTC-07:00) Arizona",,,3940403.8,3940403.8,3940403.8,
PNTM9M2jMkKm3GLHpLiq3J4gE,"","North Campus",Gammage,"W", 10/11/2025 10:30:00 AM,"(UTC-07:00) Arizona",,,3911281,3910063.8,3912498.2,
PNTM9M2jMkKm3GLHpLiq3J4gE,"","North Campus",Gammage,"W", 10/11/2025 10:45:00 AM,"(UTC-07:00) Arizona",,,3933931.5,3921373,3946490,
PNTM9M2jMkKm3GLHpLiq3J4gE,"","North Campus",Gammage,"W", 10/11/2025 11:00:00 AM,"(UTC-07:00) Arizona",,,3975467.35,3943217.2,4007717.5,
PNTM9M2jMkKm3GLHpLiq3J4gE,"","North Campus",Gammage,"W", 10/11/2025 11:15:00 AM,"(UTC-07:00) Arizona",,,3858828.75,3839712,3877945.5,
PNTM9M2jMkKm3GLHpLiq3J4gE,"","North Campus",Gammage,"W", 10/11/2025 11:30:00 AM,"(UTC-07:00) Arizona",,,3950629.8,3920329.8,3980929.8,
PNTM9M2jMkKm3GLHpLiq3J4gE,"","North Campus",Gammage,"W", 10/11/2025 11:45:00 AM,"(UTC-07:00) Arizona",,,3936184.0666666664,3883782.2,3992416,
PNTM9M2jMkKm3GLHpLiq3J4gE,"","North Campus",Gammage,"W", 10/11/2025 12:00:00 PM,"(UTC-07:00) Arizona",,,3937954,3807995,4067913,
PNTM9M2jMkKm3GLHpLiq3J4gE,"","North Campus",Gammage,"W", 10/11/2025 12:15:00 PM,"(UTC-07:00) Arizona",,,4001309.5,4001309.5,4001309.5,
PNTM9M2jMkKm3GLHpLiq3J4gE,"","North Campus",Gammage,"W", 10/11/2025 12:30:00 PM,"(UTC-07:00) Arizona",,,4013564.85,3968888.2,4058241.5,
PNTM9M2jMkKm3GLHpLiq3J4gE,"","North Campus",Gammage,"W", 10/11/2025 12:45:00 PM,"(UTC-07:00) Arizona",,,4042845.3,4012017.8,4073672.8,
PNTM9M2jMkKm3GLHpLiq3J4gE,"","North Campus",Gammage,"W", 10/11/2025 01:00:00 PM,"(UTC-07:00) Arizona",,,4170328,4170328,4170328,
PNTM9M2jMkKm3GLHpLiq3J4gE,"","North Campus",Gammage,"W", 10/11/2025 01:15:00 PM,"(UTC-07:00) Arizona",,,4038165.0666666664,3942627.5,4140217.5,
PNTM9M2jMkKm3GLHpLiq3J4gE,"","North Campus",Gammage,"W", 10/11/2025 01:30:00 PM,"(UTC-07:00) Arizona",,,4155253.2,4146319.2,4164187.2,
PNTM9M2jMkKm3GLHpLiq3J4gE,"","North Campus",Gammage,"W", 10/11/2025 01:45:00 PM,"(UTC-07:00) Arizona",,,4219676,4219676,4219676,
PNTM9M2jMkKm3GLHpLiq3J4gE,"","North Campus",Gammage,"W", 10/11/2025 02:00:00 PM,"(UTC-07:00) Arizona",,,4072005.9,4045851,4098160.8,
PNTM9M2jMkKm3GLHpLiq3J4gE,"","North Campus",Gammage,"W", 10/11/2025 02:15:00 PM,"(UTC-07:00) Arizona",,,3899814.85,3899145.2,3900484.5,
PNTM9M2jMkKm3GLHpLiq3J4gE,"","North Campus",Gammage,"W", 10/11/2025 02:30:00 PM,"(UTC-07:00) Arizona",,,4129535.5,4129535.5,4129535.5,
PNTM9M2jMkKm3GLHpLiq3J4gE,"","North Campus",Gammage,"W", 10/11/2025 02:45:00 PM,"(UTC-07:00) Arizona",,,4125491.6,4089745,4161238.2,
PNTM9M2jMkKm3GLHpLiq3J4gE,"","North Campus",Gammage,"W", 10/11/2025 03:00:00 PM,"(UTC-07:00) Arizona",,,4136484.5,4136484.5,4136484.5,
PNTM9M2jMkKm3GLHpLiq3J4gE,"","North Campus",Gammage,"W", 10/11/2025 03:15:00 PM,"(UTC-07:00) Arizona",,,4186923.2,4186923.2,4186923.2,
PNTM9M2jMkKm3GLHpLiq3J4gE,"","North Campus",Gammage,"W", 10/11/2025 03:30:00 PM,"(UTC-07:00) Arizona",,,4090488.25,3985233.5,4195743,
PNTM9M2jMkKm3GLHpLiq3J4gE,"","North Campus",Gammage,"W", 10/11/2025 03:45:00 PM,"(UTC-07:00) Arizona",,,4031395.5,4029155,4033636,
PNTM9M2jMkKm3GLHpLiq3J4gE,"","North Campus",Gammage,"W", 10/11/2025 04:00:00 PM,"(UTC-07:00) Arizona",,,4038541.2,4038541.2,4038541.2,
PNTM9M2jMkKm3GLHpLiq3J4gE,"","North Campus",Gammage,"W", 10/11/2025 04:15:00 PM,"(UTC-07:00) Arizona",,,4200595.75,4174868,4226323.5,
PNTM9M2jMkKm3GLHpLiq3J4gE,"","North Campus",Gammage,"W", 10/11/2025 04:30:00 PM,"(UTC-07:00) Arizona",,,4189684.5,4151479.5,4227889.5,
PNTM9M2jMkKm3GLHpLiq3J4gE,"","North Campus",Gammage,"W", 10/11/2025 04:45:00 PM,"(UTC-07:00) Arizona",,,4219207,4219207,4219207,
PNTM9M2jMkKm3GLHpLiq3J4gE,"","North Campus",Gammage,"W", 10/11/2025 05:00:00 PM,"(UTC-07:00) Arizona",,,4172965.4,4152108.2,4204709,
PNTM9M2jMkKm3GLHpLiq3J4gE,"","North Campus",Gammage,"W", 10/11/2025 05:15:00 PM,"(UTC-07:00) Arizona",,,4150134.5,4150134.5,4150134.5,
PNTM9M2jMkKm3GLHpLiq3J4gE,"","North Campus",Gammage,"W", 10/11/2025 05:30:00 PM,"(UTC-07:00) Arizona",,,4224388,4188926,4256870,
PNTM9M2jMkKm3GLHpLiq3J4gE,"","North Campus",Gammage,"W", 10/11/2025 05:45:00 PM,"(UTC-07:00) Arizona",,,4244202,4212842,4275562,
PNTM9M2jMkKm3GLHpLiq3J4gE,"","North Campus",Gammage,"W", 10/11/2025 06:00:00 PM,"(UTC-07:00) Arizona",,,4203595.5,4203595.5,4203595.5,
PNTM9M2jMkKm3GLHpLiq3J4gE,"","North Campus",Gammage,"W", 10/11/2025 06:15:00 PM,"(UTC-07:00) Arizona",,,4233084.5,4209769,4256400,
PNTM9M2jMkKm3GLHpLiq3J4gE,"","North Campus",Gammage,"W", 10/11/2025 06:30:00 PM,"(UTC-07:00) Arizona",,,4250157.5,4244392,4255923,
PNTM9M2jMkKm3GLHpLiq3J4gE,"","North Campus",Gammage,"W", 10/11/2025 06:45:00 PM,"(UTC-07:00) Arizona",,,4164759.85,4135841.5,4193678.2,
PNTM9M2jMkKm3GLHpLiq3J4gE,"","North Campus",Gammage,"W", 10/11/2025 07:00:00 PM,"(UTC-07:00) Arizona",,,4067804,4051011.8,4084596.2,
PNTM9M2jMkKm3GLHpLiq3J4gE,"","North Campus",Gammage,"W", 10/11/2025 07:15:00 PM,"(UTC-07:00) Arizona",,,4038075.6,4001726.8,4062820.2,
PNTM9M2jMkKm3GLHpLiq3J4gE,"","North Campus",Gammage,"W", 10/11/2025 07:30:00 PM,"(UTC-07:00) Arizona",,,4030000.5,4030000.5,4030000.5,
PNTM9M2jMkKm3GLHpLiq3J4gE,"","North Campus",Gammage,"W", 10/11/2025 07:45:00 PM,"(UTC-07:00) Arizona",,,4038533.5,3978506,4103884,
PNTM9M2jMkKm3GLHpLiq3J4gE,"","North Campus",Gammage,"W", 10/11/2025 08:00:00 PM,"(UTC-07:00) Arizona",,,3917038.3,3892760.8,3941315.8,
PNTM9M2jMkKm3GLHpLiq3J4gE,"","North Campus",Gammage,"W", 10/11/2025 08:30:00 PM,"(UTC-07:00) Arizona",,,3877523.15,3833541.5,3921504.8,
PNTM9M2jMkKm3GLHpLiq3J4gE,"","North Campus",Gammage,"W", 10/11/2025 08:45:00 PM,"(UTC-07:00) Arizona",,,3830616,3830616,3830616,
PNTM9M2jMkKm3GLHpLiq3J4gE,"","North Campus",Gammage,"W", 10/11/2025 09:00:00 PM,"(UTC-07:00) Arizona",,,3789536.6,3785822.2,3793251,
PNTM9M2jMkKm3GLHpLiq3J4gE,"","North Campus",Gammage,"W", 10/11/2025 09:15:00 PM,"(UTC-07:00) Arizona",,,3784687,3784687,3784687,
PNTM9M2jMkKm3GLHpLiq3J4gE,"","North Campus",Gammage,"W", 10/11/2025 09:30:00 PM,"(UTC-07:00) Arizona",,,3800177.9,3785999.8,3814356,
PNTM9M2jMkKm3GLHpLiq3J4gE,"","North Campus",Gammage,"W", 10/11/2025 09:45:00 PM,"(UTC-07:00) Arizona",,,3787805.85,3767698.5,3807913.2,
PNTM9M2jMkKm3GLHpLiq3J4gE,"","North Campus",Gammage,"W", 10/11/2025 10:00:00 PM,"(UTC-07:00) Arizona",,,3703391.35,3701878.2,3704904.5,
PNTM9M2jMkKm3GLHpLiq3J4gE,"","North Campus",Gammage,"W", 10/11/2025 10:15:00 PM,"(UTC-07:00) Arizona",,,3649580.1,3621455.2,3677705,
PNTM9M2jMkKm3GLHpLiq3J4gE,"","North Campus",Gammage,"W", 10/11/2025 10:30:00 PM,"(UTC-07:00) Arizona",,,3644387.5,3605036.8,3683738.2,
PNTM9M2jMkKm3GLHpLiq3J4gE,"","North Campus",Gammage,"W", 10/11/2025 10:45:00 PM,"(UTC-07:00) Arizona",,,3600119,3600119,3600119,
PNTM9M2jMkKm3GLHpLiq3J4gE,"","North Campus",Gammage,"W", 10/11/2025 11:00:00 PM,"(UTC-07:00) Arizona",,,3579642.25,3569555,3589729.5,
PNTM9M2jMkKm3GLHpLiq3J4gE,"","North Campus",Gammage,"W", 10/11/2025 11:15:00 PM,"(UTC-07:00) Arizona",,,3551208.4,3533832.8,3568584,
PNTM9M2jMkKm3GLHpLiq3J4gE,"","North Campus",Gammage,"W", 10/11/2025 11:30:00 PM,"(UTC-07:00) Arizona",,,3534004.85,3521678.5,3546331.2,
PNTM9M2jMkKm3GLHpLiq3J4gE,"","North Campus",Gammage,"W", 10/11/2025 11:45:00 PM,"(UTC-07:00) Arizona",,,3582190.4333333336,3573413.8,3596457,
PNTM9M2jMkKm3GLHpLiq3J4gE,"","North Campus",Gammage,"W", 10/12/2025 12:00:00 AM,"(UTC-07:00) Arizona",,,3492590.25,3469965.5,3515215,
PNTM9M2jMkKm3GLHpLiq3J4gE,"","North Campus",Gammage,"W", 10/12/2025 12:15:00 AM,"(UTC-07:00) Arizona",,,3467049,3467049,3467049,
PNTM9M2jMkKm3GLHpLiq3J4gE,"","North Campus",Gammage,"W", 10/12/2025 12:30:00 AM,"(UTC-07:00) Arizona",,,3509497.2,3509497.2,3509497.2,
PNTM9M2jMkKm3GLHpLiq3J4gE,"","North Campus",Gammage,"W", 10/12/2025 12:45:00 AM,"(UTC-07:00) Arizona",,,3457181.1,3431409.2,3482953,
PNTM9M2jMkKm3GLHpLiq3J4gE,"","North Campus",Gammage,"W", 10/12/2025 01:00:00 AM,"(UTC-07:00) Arizona",,,3434429.5,3404848.2,3464010.8,
PNTM9M2jMkKm3GLHpLiq3J4gE,"","North Campus",Gammage,"W", 10/12/2025 01:15:00 AM,"(UTC-07:00) Arizona",,,3449627.15,3425472.5,3473781.8,
PNTM9M2jMkKm3GLHpLiq3J4gE,"","North Campus",Gammage,"W", 10/12/2025 01:30:00 AM,"(UTC-07:00) Arizona",,,3374671.7999999993,3356914.8,3394765.8,
PNTM9M2jMkKm3GLHpLiq3J4gE,"","North Campus",Gammage,"W", 10/12/2025 01:45:00 AM,"(UTC-07:00) Arizona",,,3369423.8,3369423.8,3369423.8,
PNTM9M2jMkKm3GLHpLiq3J4gE,"","North Campus",Gammage,"W", 10/12/2025 02:00:00 AM,"(UTC-07:00) Arizona",,,3343195.75,3332378,3354013.5,
PNTM9M2jMkKm3GLHpLiq3J4gE,"","North Campus",Gammage,"W", 10/12/2025 02:15:00 AM,"(UTC-07:00) Arizona",,,3330844,3316043.2,3349450,
PNTM9M2jMkKm3GLHpLiq3J4gE,"","North Campus",Gammage,"W", 10/12/2025 02:30:00 AM,"(UTC-07:00) Arizona",,,3315791,3315791,3315791,
PNTM9M2jMkKm3GLHpLiq3J4gE,"","North Campus",Gammage,"W", 10/12/2025 02:45:00 AM,"(UTC-07:00) Arizona",,,3323173.4,3307447,3338899.8,
PNTM9M2jMkKm3GLHpLiq3J4gE,"","North Campus",Gammage,"W", 10/12/2025 03:00:00 AM,"(UTC-07:00) Arizona",,,3331671,3309798.8,3353543.2,
PNTM9M2jMkKm3GLHpLiq3J4gE,"","North Campus",Gammage,"W", 10/12/2025 03:15:00 AM,"(UTC-07:00) Arizona",,,3294762.9,3282293.8,3307232,
PNTM9M2jMkKm3GLHpLiq3J4gE,"","North Campus",Gammage,"W", 10/12/2025 03:30:00 AM,"(UTC-07:00) Arizona",,,3291593.8333333335,3256324.5,3319999.2,
PNTM9M2jMkKm3GLHpLiq3J4gE,"","North Campus",Gammage,"W", 10/12/2025 03:45:00 AM,"(UTC-07:00) Arizona",,,3297131.5666666664,3292816.2,3304438,
PNTM9M2jMkKm3GLHpLiq3J4gE,"","North Campus",Gammage,"W", 10/12/2025 04:00:00 AM,"(UTC-07:00) Arizona",,,3312566.5,3307954.5,3317178.5,
PNTM9M2jMkKm3GLHpLiq3J4gE,"","North Campus",Gammage,"W", 10/12/2025 04:15:00 AM,"(UTC-07:00) Arizona",,,3274173.65,3242605.8,3305741.5,
PNTM9M2jMkKm3GLHpLiq3J4gE,"","North Campus",Gammage,"W", 10/12/2025 04:30:00 AM,"(UTC-07:00) Arizona",,,3271453.4,3215892.8,3327014,
PNTM9M2jMkKm3GLHpLiq3J4gE,"","North Campus",Gammage,"W", 10/12/2025 04:45:00 AM,"(UTC-07:00) Arizona",,,3285261.5,3281242.2,3289675.5,
PNTM9M2jMkKm3GLHpLiq3J4gE,"","North Campus",Gammage,"W", 10/12/2025 05:00:00 AM,"(UTC-07:00) Arizona",,,3332222.75,3287658,3376787.5,
PNTM9M2jMkKm3GLHpLiq3J4gE,"","North Campus",Gammage,"W", 10/12/2025 05:15:00 AM,"(UTC-07:00) Arizona",,,3364295.9,3327829,3400762.8,
PNTM9M2jMkKm3GLHpLiq3J4gE,"","North Campus",Gammage,"W", 10/12/2025 05:30:00 AM,"(UTC-07:00) Arizona",,,3300406,3297121.8,3303690.2,
PNTM9M2jMkKm3GLHpLiq3J4gE,"","North Campus",Gammage,"W", 10/12/2025 05:45:00 AM,"(UTC-07:00) Arizona",,,3334906.5,3321196.8,3348616.2,
PNTM9M2jMkKm3GLHpLiq3J4gE,"","North Campus",Gammage,"W", 10/12/2025 06:00:00 AM,"(UTC-07:00) Arizona",,,3422098.15,3407684.8,3436511.5,
PNTM9M2jMkKm3GLHpLiq3J4gE,"","North Campus",Gammage,"W", 10/12/2025 06:15:00 AM,"(UTC-07:00) Arizona",,,3389591.7,3382190.2,3396993.2,
PNTM9M2jMkKm3GLHpLiq3J4gE,"","North Campus",Gammage,"W", 10/12/2025 06:30:00 AM,"(UTC-07:00) Arizona",,,3414724,3406116.2,3423331.8,
PNTM9M2jMkKm3GLHpLiq3J4gE,"","North Campus",Gammage,"W", 10/12/2025 06:45:00 AM,"(UTC-07:00) Arizona",,,3419792.6,3402915.2,3436670,
PNTM9M2jMkKm3GLHpLiq3J4gE,"","North Campus",Gammage,"W", 10/12/2025 07:00:00 AM,"(UTC-07:00) Arizona",,,3424084.2,3424084.2,3424084.2,
PNTM9M2jMkKm3GLHpLiq3J4gE,"","North Campus",Gammage,"W", 10/12/2025 07:15:00 AM,"(UTC-07:00) Arizona",,,3380433.1,3373485,3387381.2,
PNTM9M2jMkKm3GLHpLiq3J4gE,"","North Campus",Gammage,"W", 10/12/2025 07:30:00 AM,"(UTC-07:00) Arizona",,,3370557,3370557,3370557,
PNTM9M2jMkKm3GLHpLiq3J4gE,"","North Campus",Gammage,"W", 10/12/2025 07:45:00 AM,"(UTC-07:00) Arizona",,,3332166.35,3329373.5,3334959.2,
PNTM9M2jMkKm3GLHpLiq3J4gE,"","North Campus",Gammage,"W", 10/12/2025 08:00:00 AM,"(UTC-07:00) Arizona",,,3372634.5,3372634.5,3372634.5,
PNTM9M2jMkKm3GLHpLiq3J4gE,"","North Campus",Gammage,"W", 10/12/2025 08:15:00 AM,"(UTC-07:00) Arizona",,,3413359.6,3404548.2,3422171,
PNTM9M2jMkKm3GLHpLiq3J4gE,"","North Campus",Gammage,"W", 10/12/2025 08:30:00 AM,"(UTC-07:00) Arizona",,,3399508.6,3385588,3413429.2,
PNTM9M2jMkKm3GLHpLiq3J4gE,"","North Campus",Gammage,"W", 10/12/2025 08:45:00 AM,"(UTC-07:00) Arizona",,,3434349.5,3427302.5,3441396.5,
PNTM9M2jMkKm3GLHpLiq3J4gE,"","North Campus",Gammage,"W", 10/12/2025 09:00:00 AM,"(UTC-07:00) Arizona",,,3499207.2,3499207.2,3499207.2,
PNTM9M2jMkKm3GLHpLiq3J4gE,"","North Campus",Gammage,"W", 10/12/2025 09:15:00 AM,"(UTC-07:00) Arizona",,,3414443.5,3405763.8,3423123.2,
PNTM9M2jMkKm3GLHpLiq3J4gE,"","North Campus",Gammage,"W", 10/12/2025 09:30:00 AM,"(UTC-07:00) Arizona",,,3438639.7,3394459.2,3482820.2,
PNTM9M2jMkKm3GLHpLiq3J4gE,"","North Campus",Gammage,"W", 10/12/2025 09:45:00 AM,"(UTC-07:00) Arizona",,,3493678.15,3453529.8,3533826.5,
PNTM9M2jMkKm3GLHpLiq3J4gE,"","North Campus",Gammage,"W", 10/12/2025 10:00:00 AM,"(UTC-07:00) Arizona",,,3487938.65,3487037.5,3488839.8,
PNTM9M2jMkKm3GLHpLiq3J4gE,"","North Campus",Gammage,"W", 10/12/2025 10:15:00 AM,"(UTC-07:00) Arizona",,,3500146,3493680.2,3506611.8,
PNTM9M2jMkKm3GLHpLiq3J4gE,"","North Campus",Gammage,"W", 10/12/2025 10:30:00 AM,"(UTC-07:00) Arizona",,,3510164.9,3507290,3513039.8,
PNTM9M2jMkKm3GLHpLiq3J4gE,"","North Campus",Gammage,"W", 10/12/2025 10:45:00 AM,"(UTC-07:00) Arizona",,,3545172,3528206.5,3562137.5,
PNTM9M2jMkKm3GLHpLiq3J4gE,"","North Campus",Gammage,"W", 10/12/2025 11:00:00 AM,"(UTC-07:00) Arizona",,,3608076.8,3608076.8,3608076.8,
PNTM9M2jMkKm3GLHpLiq3J4gE,"","North Campus",Gammage,"W", 10/12/2025 11:15:00 AM,"(UTC-07:00) Arizona",,,3612212,3612212,3612212,
PNTM9M2jMkKm3GLHpLiq3J4gE,"","North Campus",Gammage,"W", 10/12/2025 11:30:00 AM,"(UTC-07:00) Arizona",,,3574249.5,3574249.5,3574249.5,
PNTM9M2jMkKm3GLHpLiq3J4gE,"","North Campus",Gammage,"W", 10/12/2025 11:45:00 AM,"(UTC-07:00) Arizona",,,3610605.5,3588997.5,3632213.5,
PNTM9M2jMkKm3GLHpLiq3J4gE,"","North Campus",Gammage,"W", 10/12/2025 12:00:00 PM,"(UTC-07:00) Arizona",,,3738588,3564166.5,3913009.5,
PNTM9M2jMkKm3GLHpLiq3J4gE,"","North Campus",Gammage,"W", 10/12/2025 12:15:00 PM,"(UTC-07:00) Arizona",,,3595351.8,3595351.8,3595351.8,
PNTM9M2jMkKm3GLHpLiq3J4gE,"","North Campus",Gammage,"W", 10/12/2025 12:30:00 PM,"(UTC-07:00) Arizona",,,3656843,3622417,3683632.8,
PNTM9M2jMkKm3GLHpLiq3J4gE,"","North Campus",Gammage,"W", 10/12/2025 12:45:00 PM,"(UTC-07:00) Arizona",,,3721465,3721465,3721465,
PNTM9M2jMkKm3GLHpLiq3J4gE,"","North Campus",Gammage,"W", 10/12/2025 01:00:00 PM,"(UTC-07:00) Arizona",,,3747227,3701279,3797712.8,
PNTM9M2jMkKm3GLHpLiq3J4gE,"","North Campus",Gammage,"W", 10/12/2025 01:15:00 PM,"(UTC-07:00) Arizona",,,3714116.2,3714116.2,3714116.2,
PNTM9M2jMkKm3GLHpLiq3J4gE,"","North Campus",Gammage,"W", 10/12/2025 01:30:00 PM,"(UTC-07:00) Arizona",,,3819923.2,3819923.2,3819923.2,
PNTM9M2jMkKm3GLHpLiq3J4gE,"","North Campus",Gammage,"W", 10/12/2025 01:45:00 PM,"(UTC-07:00) Arizona",,,3786391,3786391,3786391,
PNTM9M2jMkKm3GLHpLiq3J4gE,"","North Campus",Gammage,"W", 10/12/2025 02:00:00 PM,"(UTC-07:00) Arizona",,,3758651.4,3744005,3773297.8,
PNTM9M2jMkKm3GLHpLiq3J4gE,"","North Campus",Gammage,"W", 10/12/2025 02:15:00 PM,"(UTC-07:00) Arizona",,,3835836.8,3835836.8,3835836.8,
PNTM9M2jMkKm3GLHpLiq3J4gE,"","North Campus",Gammage,"W", 10/12/2025 02:30:00 PM,"(UTC-07:00) Arizona",,,3938613.5,3915170.8,3962056.2,
PNTM9M2jMkKm3GLHpLiq3J4gE,"","North Campus",Gammage,"W", 10/12/2025 02:45:00 PM,"(UTC-07:00) Arizona",,,3979332.9,3963656,3995009.8,
PNTM9M2jMkKm3GLHpLiq3J4gE,"","North Campus",Gammage,"W", 10/12/2025 03:00:00 PM,"(UTC-07:00) Arizona",,,3915262.8,3915262.8,3915262.8,
PNTM9M2jMkKm3GLHpLiq3J4gE,"","North Campus",Gammage,"W", 10/12/2025 03:15:00 PM,"(UTC-07:00) Arizona",,,3967753.15,3946810.8,3988695.5,
PNTM9M2jMkKm3GLHpLiq3J4gE,"","North Campus",Gammage,"W", 10/12/2025 03:30:00 PM,"(UTC-07:00) Arizona",,,4083643.85,4083102.2,4084185.5,
PNTM9M2jMkKm3GLHpLiq3J4gE,"","North Campus",Gammage,"W", 10/12/2025 03:45:00 PM,"(UTC-07:00) Arizona",,,4093277.2,4093277.2,4093277.2,
PNTM9M2jMkKm3GLHpLiq3J4gE,"","North Campus",Gammage,"W", 10/12/2025 04:00:00 PM,"(UTC-07:00) Arizona",,,4061216.15,3974923.5,4147508.8,
PNTM9M2jMkKm3GLHpLiq3J4gE,"","North Campus",Gammage,"W", 10/12/2025 04:15:00 PM,"(UTC-07:00) Arizona",,,4079318.5,4079318.5,4079318.5,
PNTM9M2jMkKm3GLHpLiq3J4gE,"","North Campus",Gammage,"W", 10/12/2025 04:30:00 PM,"(UTC-07:00) Arizona",,,4054292.8,4054292.8,4054292.8,
PNTM9M2jMkKm3GLHpLiq3J4gE,"","North Campus",Gammage,"W", 10/12/2025 04:45:00 PM,"(UTC-07:00) Arizona",,,4112311.3,4103121.8,4121500.8,
PNTM9M2jMkKm3GLHpLiq3J4gE,"","North Campus",Gammage,"W", 10/12/2025 05:00:00 PM,"(UTC-07:00) Arizona",,,4131716,4128085,4135347,
PNTM9M2jMkKm3GLHpLiq3J4gE,"","North Campus",Gammage,"W", 10/12/2025 05:15:00 PM,"(UTC-07:00) Arizona",,,4129377.5,4129377.5,4129377.5,
PNTM9M2jMkKm3GLHpLiq3J4gE,"","North Campus",Gammage,"W", 10/12/2025 05:30:00 PM,"(UTC-07:00) Arizona",,,4104710.5,4104710.5,4104710.5,
PNTM9M2jMkKm3GLHpLiq3J4gE,"","North Campus",Gammage,"W", 10/12/2025 05:45:00 PM,"(UTC-07:00) Arizona",,,4176076.15,4163284.5,4188867.8,
PNTM9M2jMkKm3GLHpLiq3J4gE,"","North Campus",Gammage,"W", 10/12/2025 06:00:00 PM,"(UTC-07:00) Arizona",,,4191684.5,4158608.5,4224760.5,
PNTM9M2jMkKm3GLHpLiq3J4gE,"","North Campus",Gammage,"W", 10/12/2025 06:15:00 PM,"(UTC-07:00) Arizona",,,4232692.5,4232692.5,4232692.5,
PNTM9M2jMkKm3GLHpLiq3J4gE,"","North Campus",Gammage,"W", 10/12/2025 06:30:00 PM,"(UTC-07:00) Arizona",,,4225303.5,4225303.5,4225303.5,
PNTM9M2jMkKm3GLHpLiq3J4gE,"","North Campus",Gammage,"W", 10/12/2025 06:45:00 PM,"(UTC-07:00) Arizona",,,4206876.5,4203020,4210733,
PNTM9M2jMkKm3GLHpLiq3J4gE,"","North Campus",Gammage,"W", 10/12/2025 07:00:00 PM,"(UTC-07:00) Arizona",,,4119387,4094536.8,4144237.2,
PNTM9M2jMkKm3GLHpLiq3J4gE,"","North Campus",Gammage,"W", 10/12/2025 07:15:00 PM,"(UTC-07:00) Arizona",,,4070553.25,4055832,4085274.5,
PNTM9M2jMkKm3GLHpLiq3J4gE,"","North Campus",Gammage,"W", 10/12/2025 07:30:00 PM,"(UTC-07:00) Arizona",,,4053698.5,4053698.5,4053698.5,
PNTM9M2jMkKm3GLHpLiq3J4gE,"","North Campus",Gammage,"W", 10/12/2025 07:45:00 PM,"(UTC-07:00) Arizona",,,3983528.4,3969640,3997416.8,
PNTM9M2jMkKm3GLHpLiq3J4gE,"","North Campus",Gammage,"W", 10/12/2025 08:00:00 PM,"(UTC-07:00) Arizona",,,4000975,4000975,4000975,
PNTM9M2jMkKm3GLHpLiq3J4gE,"","North Campus",Gammage,"W", 10/12/2025 08:15:00 PM,"(UTC-07:00) Arizona",,,3910057.2,3887215.2,3932899.2,
PNTM9M2jMkKm3GLHpLiq3J4gE,"","North Campus",Gammage,"W", 10/12/2025 08:30:00 PM,"(UTC-07:00) Arizona",,,3920119.2,3920119.2,3920119.2,
PNTM9M2jMkKm3GLHpLiq3J4gE,"","North Campus",Gammage,"W", 10/12/2025 08:45:00 PM,"(UTC-07:00) Arizona",,,3980548.2,3980548.2,3980548.2,
PNTM9M2jMkKm3GLHpLiq3J4gE,"","North Campus",Gammage,"W", 10/12/2025 09:00:00 PM,"(UTC-07:00) Arizona",,,3900200.35,3874900.2,3925500.5,
PNTM9M2jMkKm3GLHpLiq3J4gE,"","North Campus",Gammage,"W", 10/12/2025 09:15:00 PM,"(UTC-07:00) Arizona",,,3813688.35,3803855.2,3823521.5,
PNTM9M2jMkKm3GLHpLiq3J4gE,"","North Campus",Gammage,"W", 10/12/2025 09:30:00 PM,"(UTC-07:00) Arizona",,,3808090.6999999997,3775194.8,3829557.5,
PNTM9M2jMkKm3GLHpLiq3J4gE,"","North Campus",Gammage,"W", 10/12/2025 09:45:00 PM,"(UTC-07:00) Arizona",,,3801267.9,3792705,3809830.8,
PNTM9M2jMkKm3GLHpLiq3J4gE,"","North Campus",Gammage,"W", 10/12/2025 10:00:00 PM,"(UTC-07:00) Arizona",,,3752113.2,3730716.2,3773510.2,
PNTM9M2jMkKm3GLHpLiq3J4gE,"","North Campus",Gammage,"W", 10/12/2025 10:15:00 PM,"(UTC-07:00) Arizona",,,3774781.8,3716810.8,3832752.8,
PNTM9M2jMkKm3GLHpLiq3J4gE,"","North Campus",Gammage,"W", 10/12/2025 10:30:00 PM,"(UTC-07:00) Arizona",,,3684277.25,3667677,3700877.5,
PNTM9M2jMkKm3GLHpLiq3J4gE,"","North Campus",Gammage,"W", 10/12/2025 10:45:00 PM,"(UTC-07:00) Arizona",,,3683185.4,3677856.8,3688514,
PNTM9M2jMkKm3GLHpLiq3J4gE,"","North Campus",Gammage,"W", 10/12/2025 11:00:00 PM,"(UTC-07:00) Arizona",,,3638502.766666667,3625465,3649592.5,
PNTM9M2jMkKm3GLHpLiq3J4gE,"","North Campus",Gammage,"W", 10/12/2025 11:15:00 PM,"(UTC-07:00) Arizona",,,3660678.5,3660678.5,3660678.5,
PNTM9M2jMkKm3GLHpLiq3J4gE,"","North Campus",Gammage,"W", 10/12/2025 11:30:00 PM,"(UTC-07:00) Arizona",,,3635061.15,3599464.8,3670657.5,
PNTM9M2jMkKm3GLHpLiq3J4gE,"","North Campus",Gammage,"W", 10/12/2025 11:45:00 PM,"(UTC-07:00) Arizona",,,3594497.1666666665,3580742.5,3606581.8,
PNTM9M2jMkKm3GLHpLiq3J4gE,"","North Campus",Gammage,"W", 10/13/2025 12:00:00 AM,"(UTC-07:00) Arizona",,,3554908,3554908,3554908,
PNTM9M2jMkKm3GLHpLiq3J4gE,"","North Campus",Gammage,"W", 10/13/2025 12:15:00 AM,"(UTC-07:00) Arizona",,,3548082.1666666665,3530541.8,3571932.5,
PNTM9M2jMkKm3GLHpLiq3J4gE,"","North Campus",Gammage,"W", 10/13/2025 12:30:00 AM,"(UTC-07:00) Arizona",,,3502099.9,3494494,3509705.8,
PNTM9M2jMkKm3GLHpLiq3J4gE,"","North Campus",Gammage,"W", 10/13/2025 12:45:00 AM,"(UTC-07:00) Arizona",,,3505982.25,3459544,3552420.5,
PNTM9M2jMkKm3GLHpLiq3J4gE,"","North Campus",Gammage,"W", 10/13/2025 01:00:00 AM,"(UTC-07:00) Arizona",,,3460938,3450590,3471286,
PNTM9M2jMkKm3GLHpLiq3J4gE,"","North Campus",Gammage,"W", 10/13/2025 01:15:00 AM,"(UTC-07:00) Arizona",,,3442750.4,3416751,3468749.8,
PNTM9M2jMkKm3GLHpLiq3J4gE,"","North Campus",Gammage,"W", 10/13/2025 01:30:00 AM,"(UTC-07:00) Arizona",,,3427606.3,3424220.8,3430991.8,
PNTM9M2jMkKm3GLHpLiq3J4gE,"","North Campus",Gammage,"W", 10/13/2025 01:45:00 AM,"(UTC-07:00) Arizona",,,3401075.75,3394827,3407324.5,
PNTM9M2jMkKm3GLHpLiq3J4gE,"","North Campus",Gammage,"W", 10/13/2025 02:00:00 AM,"(UTC-07:00) Arizona",,,3411695,3393969.8,3429420.2,
PNTM9M2jMkKm3GLHpLiq3J4gE,"","North Campus",Gammage,"W", 10/13/2025 02:15:00 AM,"(UTC-07:00) Arizona",,,3384131.85,3377443.5,3390820.2,
PNTM9M2jMkKm3GLHpLiq3J4gE,"","North Campus",Gammage,"W", 10/13/2025 02:30:00 AM,"(UTC-07:00) Arizona",,,3385024.7249999996,3363865,3396762.2,
PNTM9M2jMkKm3GLHpLiq3J4gE,"","North Campus",Gammage,"W", 10/13/2025 02:45:00 AM,"(UTC-07:00) Arizona",,,3282260.5,3255716.5,3308804.5,
PNTM9M2jMkKm3GLHpLiq3J4gE,"","North Campus",Gammage,"W", 10/13/2025 03:00:00 AM,"(UTC-07:00) Arizona",,,3343983,3321120.5,3366845.5,
PNTM9M2jMkKm3GLHpLiq3J4gE,"","North Campus",Gammage,"W", 10/13/2025 03:15:00 AM,"(UTC-07:00) Arizona",,,3366469,3354453.2,3378484.8,
PNTM9M2jMkKm3GLHpLiq3J4gE,"","North Campus",Gammage,"W", 10/13/2025 03:30:00 AM,"(UTC-07:00) Arizona",,,3367771,3364362.2,3371179.8,
PNTM9M2jMkKm3GLHpLiq3J4gE,"","North Campus",Gammage,"W", 10/13/2025 03:45:00 AM,"(UTC-07:00) Arizona",,,3379245.5,3373903.8,3384587.2,
PNTM9M2jMkKm3GLHpLiq3J4gE,"","North Campus",Gammage,"W", 10/13/2025 04:00:00 AM,"(UTC-07:00) Arizona",,,3401997.25,3390896.5,3413098,
PNTM9M2jMkKm3GLHpLiq3J4gE,"","North Campus",Gammage,"W", 10/13/2025 04:15:00 AM,"(UTC-07:00) Arizona",,,3409014.9,3408070.8,3409959,
PNTM9M2jMkKm3GLHpLiq3J4gE,"","North Campus",Gammage,"W", 10/13/2025 04:30:00 AM,"(UTC-07:00) Arizona",,,3415091,3386676,3443506,
PNTM9M2jMkKm3GLHpLiq3J4gE,"","North Campus",Gammage,"W", 10/13/2025 04:45:00 AM,"(UTC-07:00) Arizona",,,3414687,3414687,3414687,
PNTM9M2jMkKm3GLHpLiq3J4gE,"","North Campus",Gammage,"W", 10/13/2025 05:00:00 AM,"(UTC-07:00) Arizona",,,3454032.6333333333,3446018.2,3459151.2,
PNTM9M2jMkKm3GLHpLiq3J4gE,"","North Campus",Gammage,"W", 10/13/2025 05:15:00 AM,"(UTC-07:00) Arizona",,,3493233.9,3475833.8,3510634,
PNTM9M2jMkKm3GLHpLiq3J4gE,"","North Campus",Gammage,"W", 10/13/2025 05:30:00 AM,"(UTC-07:00) Arizona",,,3497473.966666667,3476633.2,3518665.5,
PNTM9M2jMkKm3GLHpLiq3J4gE,"","North Campus",Gammage,"W", 10/13/2025 05:45:00 AM,"(UTC-07:00) Arizona",,,3577922.8,3577922.8,3577922.8,
PNTM9M2jMkKm3GLHpLiq3J4gE,"","North Campus",Gammage,"W", 10/13/2025 06:00:00 AM,"(UTC-07:00) Arizona",,,3690406.1666666665,3647459.5,3721011.2,
PNTM9M2jMkKm3GLHpLiq3J4gE,"","North Campus",Gammage,"W", 10/13/2025 06:15:00 AM,"(UTC-07:00) Arizona",,,3713568.6333333333,3687762.5,3762372.2,
PNTM9M2jMkKm3GLHpLiq3J4gE,"","North Campus",Gammage,"W", 10/13/2025 06:30:00 AM,"(UTC-07:00) Arizona",,,3758724.4,3720229,3797219.8,
PNTM9M2jMkKm3GLHpLiq3J4gE,"","North Campus",Gammage,"W", 10/13/2025 06:45:00 AM,"(UTC-07:00) Arizona",,,3752503.35,3741078.5,3763928.2,
PNTM9M2jMkKm3GLHpLiq3J4gE,"","North Campus",Gammage,"W", 10/13/2025 07:00:00 AM,"(UTC-07:00) Arizona",,,3899431.15,3879495.8,3919366.5,
PNTM9M2jMkKm3GLHpLiq3J4gE,"","North Campus",Gammage,"W", 10/13/2025 07:15:00 AM,"(UTC-07:00) Arizona",,,4054096.85,3977084.5,4131109.2,
PNTM9M2jMkKm3GLHpLiq3J4gE,"","North Campus",Gammage,"W", 10/13/2025 07:30:00 AM,"(UTC-07:00) Arizona",,,4146409,4103579.5,4189238.5,
PNTM9M2jMkKm3GLHpLiq3J4gE,"","North Campus",Gammage,"W", 10/13/2025 07:45:00 AM,"(UTC-07:00) Arizona",,,4226506.6,4192184.2,4260829,
PNTM9M2jMkKm3GLHpLiq3J4gE,"","North Campus",Gammage,"W", 10/13/2025 08:00:00 AM,"(UTC-07:00) Arizona",,,4433620.166666667,4391958,4502675.5,
PNTM9M2jMkKm3GLHpLiq3J4gE,"","North Campus",Gammage,"W", 10/13/2025 08:15:00 AM,"(UTC-07:00) Arizona",,,4393961,4393961,4393961,
PNTM9M2jMkKm3GLHpLiq3J4gE,"","North Campus",Gammage,"W", 10/13/2025 08:30:00 AM,"(UTC-07:00) Arizona",,,4612436.333333333,4581742.5,4644245,
PNTM9M2jMkKm3GLHpLiq3J4gE,"","North Campus",Gammage,"W", 10/13/2025 08:45:00 AM,"(UTC-07:00) Arizona",,,4612363.5,4612009,4612718,
PNTM9M2jMkKm3GLHpLiq3J4gE,"","North Campus",Gammage,"W", 10/13/2025 09:00:00 AM,"(UTC-07:00) Arizona",,,4677133.5,4553584.5,4800682.5,
PNTM9M2jMkKm3GLHpLiq3J4gE,"","North Campus",Gammage,"W", 10/13/2025 09:15:00 AM,"(UTC-07:00) Arizona",,,4565183.5,4474136,4675554,
PNTM9M2jMkKm3GLHpLiq3J4gE,"","North Campus",Gammage,"W", 10/13/2025 09:30:00 AM,"(UTC-07:00) Arizona",,,4650666,4597189,4704143,
PNTM9M2jMkKm3GLHpLiq3J4gE,"","North Campus",Gammage,"W", 10/13/2025 09:45:00 AM,"(UTC-07:00) Arizona",,,4722493.25,4612110,4832876.5,
PNTM9M2jMkKm3GLHpLiq3J4gE,"","North Campus",Gammage,"W", 10/13/2025 10:00:00 AM,"(UTC-07:00) Arizona",,,4737241.25,4729346,4745136.5,
PNTM9M2jMkKm3GLHpLiq3J4gE,"","North Campus",Gammage,"W", 10/13/2025 10:15:00 AM,"(UTC-07:00) Arizona",,,4725266,4714887.5,4735644.5,
PNTM9M2jMkKm3GLHpLiq3J4gE,"","North Campus",Gammage,"W", 10/13/2025 10:30:00 AM,"(UTC-07:00) Arizona",,,4776132,4735376,4816888,
PNTM9M2jMkKm3GLHpLiq3J4gE,"","North Campus",Gammage,"W", 10/13/2025 10:45:00 AM,"(UTC-07:00) Arizona",,,4785510.5,4785510.5,4785510.5,
PNTM9M2jMkKm3GLHpLiq3J4gE,"","North Campus",Gammage,"W", 10/13/2025 11:00:00 AM,"(UTC-07:00) Arizona",,,4714461.166666667,4502496,4883673.5,
PNTM9M2jMkKm3GLHpLiq3J4gE,"","North Campus",Gammage,"W", 10/13/2025 11:15:00 AM,"(UTC-07:00) Arizona",,,4907084.5,4872446,4927191,
PNTM9M2jMkKm3GLHpLiq3J4gE,"","North Campus",Gammage,"W", 10/13/2025 11:30:00 AM,"(UTC-07:00) Arizona",,,4861123,4861123,4861123,
PNTM9M2jMkKm3GLHpLiq3J4gE,"","North Campus",Gammage,"W", 10/13/2025 11:45:00 AM,"(UTC-07:00) Arizona",,,4725615.25,4625264,4825966.5,
PNTM9M2jMkKm3GLHpLiq3J4gE,"","North Campus",Gammage,"W", 10/13/2025 12:00:00 PM,"(UTC-07:00) Arizona",,,4681109.75,4537501,4824718.5,
PNTM9M2jMkKm3GLHpLiq3J4gE,"","North Campus",Gammage,"W", 10/13/2025 12:15:00 PM,"(UTC-07:00) Arizona",,,4789195.75,4745644.5,4832747,
PNTM9M2jMkKm3GLHpLiq3J4gE,"","North Campus",Gammage,"W", 10/13/2025 12:30:00 PM,"(UTC-07:00) Arizona",,,4605608.5,4605608.5,4605608.5,
PNTM9M2jMkKm3GLHpLiq3J4gE,"","North Campus",Gammage,"W", 10/13/2025 12:45:00 PM,"(UTC-07:00) Arizona",,,4667835,4554057,4781613,
PNTM9M2jMkKm3GLHpLiq3J4gE,"","North Campus",Gammage,"W", 10/13/2025 01:00:00 PM,"(UTC-07:00) Arizona",,,4689174.5,4628138,4750211,
PNTM9M2jMkKm3GLHpLiq3J4gE,"","North Campus",Gammage,"W", 10/13/2025 01:15:00 PM,"(UTC-07:00) Arizona",,,4663527,4663527,4663527,
PNTM9M2jMkKm3GLHpLiq3J4gE,"","North Campus",Gammage,"W", 10/13/2025 01:30:00 PM,"(UTC-07:00) Arizona",,,4715553.75,4688944.5,4742163,
PNTM9M2jMkKm3GLHpLiq3J4gE,"","North Campus",Gammage,"W", 10/13/2025 01:45:00 PM,"(UTC-07:00) Arizona",,,4793171,4793171,4793171,
PNTM9M2jMkKm3GLHpLiq3J4gE,"","North Campus",Gammage,"W", 10/13/2025 02:00:00 PM,"(UTC-07:00) Arizona",,,4728902,4677036,4780768,
PNTM9M2jMkKm3GLHpLiq3J4gE,"","North Campus",Gammage,"W", 10/13/2025 02:15:00 PM,"(UTC-07:00) Arizona",,,5080339.25,5042724,5117954.5,
PNTM9M2jMkKm3GLHpLiq3J4gE,"","North Campus",Gammage,"W", 10/13/2025 02:30:00 PM,"(UTC-07:00) Arizona",,,5004341.75,4940073.5,5068610,
PNTM9M2jMkKm3GLHpLiq3J4gE,"","North Campus",Gammage,"W", 10/13/2025 02:45:00 PM,"(UTC-07:00) Arizona",,,4907411.5,4809604.5,5005218.5,
PNTM9M2jMkKm3GLHpLiq3J4gE,"","North Campus",Gammage,"W", 10/13/2025 03:00:00 PM,"(UTC-07:00) Arizona",,,4883001,4883001,4883001,
PNTM9M2jMkKm3GLHpLiq3J4gE,"","North Campus",Gammage,"W", 10/13/2025 03:15:00 PM,"(UTC-07:00) Arizona",,,4798942,4798942,4798942,
PNTM9M2jMkKm3GLHpLiq3J4gE,"","North Campus",Gammage,"W", 10/13/2025 03:30:00 PM,"(UTC-07:00) Arizona",,,4907023.75,4824857,4989190.5,
PNTM9M2jMkKm3GLHpLiq3J4gE,"","North Campus",Gammage,"W", 10/13/2025 03:45:00 PM,"(UTC-07:00) Arizona",,,5001025.25,4958145.5,5043905,
PNTM9M2jMkKm3GLHpLiq3J4gE,"","North Campus",Gammage,"W", 10/13/2025 04:00:00 PM,"(UTC-07:00) Arizona",,,5080676.25,5048099,5113253.5,
PNTM9M2jMkKm3GLHpLiq3J4gE,"","North Campus",Gammage,"W", 10/13/2025 04:15:00 PM,"(UTC-07:00) Arizona",,,5009388.333333333,4961349.5,5051847,
PNTM9M2jMkKm3GLHpLiq3J4gE,"","North Campus",Gammage,"W", 10/13/2025 04:30:00 PM,"(UTC-07:00) Arizona",,,5013709.5,5013709.5,5013709.5,
PNTM9M2jMkKm3GLHpLiq3J4gE,"","North Campus",Gammage,"W", 10/13/2025 04:45:00 PM,"(UTC-07:00) Arizona",,,5017303.5,5010258,5024349,
PNTM9M2jMkKm3GLHpLiq3J4gE,"","North Campus",Gammage,"W", 10/13/2025 05:00:00 PM,"(UTC-07:00) Arizona",,,4900330.75,4895536.5,4905125,
PNTM9M2jMkKm3GLHpLiq3J4gE,"","North Campus",Gammage,"W", 10/13/2025 05:15:00 PM,"(UTC-07:00) Arizona",,,4800677.5,4797493,4803862,
PNTM9M2jMkKm3GLHpLiq3J4gE,"","North Campus",Gammage,"W", 10/13/2025 05:30:00 PM,"(UTC-07:00) Arizona",,,4968779.5,4968779.5,4968779.5,
PNTM9M2jMkKm3GLHpLiq3J4gE,"","North Campus",Gammage,"W", 10/13/2025 05:45:00 PM,"(UTC-07:00) Arizona",,,4797880.25,4797200,4798560.5,
PNTM9M2jMkKm3GLHpLiq3J4gE,"","North Campus",Gammage,"W", 10/13/2025 06:00:00 PM,"(UTC-07:00) Arizona",,,4745827.5,4732009.5,4759645.5,
PNTM9M2jMkKm3GLHpLiq3J4gE,"","North Campus",Gammage,"W", 10/13/2025 06:15:00 PM,"(UTC-07:00) Arizona",,,4678777.5,4678777.5,4678777.5,
PNTM9M2jMkKm3GLHpLiq3J4gE,"","North Campus",Gammage,"W", 10/13/2025 06:30:00 PM,"(UTC-07:00) Arizona",,,4705198,4680661,4729735,
PNTM9M2jMkKm3GLHpLiq3J4gE,"","North Campus",Gammage,"W", 10/13/2025 06:45:00 PM,"(UTC-07:00) Arizona",,,4701927.25,4642073.5,4761781,
PNTM9M2jMkKm3GLHpLiq3J4gE,"","North Campus",Gammage,"W", 10/13/2025 07:00:00 PM,"(UTC-07:00) Arizona",,,4502248,4487682,4516814,
PNTM9M2jMkKm3GLHpLiq3J4gE,"","North Campus",Gammage,"W", 10/13/2025 07:15:00 PM,"(UTC-07:00) Arizona",,,4440514,4430785.5,4450242.5,
PNTM9M2jMkKm3GLHpLiq3J4gE,"","North Campus",Gammage,"W", 10/13/2025 07:30:00 PM,"(UTC-07:00) Arizona",,,4420848.5,4414971.5,4426725.5,
PNTM9M2jMkKm3GLHpLiq3J4gE,"","North Campus",Gammage,"W", 10/13/2025 07:45:00 PM,"(UTC-07:00) Arizona",,,4463367.25,4420221,4506513.5,
PNTM9M2jMkKm3GLHpLiq3J4gE,"","North Campus",Gammage,"W", 10/13/2025 08:00:00 PM,"(UTC-07:00) Arizona",,,4348354.75,4339237.5,4357472,
PNTM9M2jMkKm3GLHpLiq3J4gE,"","North Campus",Gammage,"W", 10/13/2025 08:15:00 PM,"(UTC-07:00) Arizona",,,4293468.5,4293468.5,4293468.5,
PNTM9M2jMkKm3GLHpLiq3J4gE,"","North Campus",Gammage,"W", 10/13/2025 08:30:00 PM,"(UTC-07:00) Arizona",,,4276125,4264269,4287981,
PNTM9M2jMkKm3GLHpLiq3J4gE,"","North Campus",Gammage,"W", 10/13/2025 08:45:00 PM,"(UTC-07:00) Arizona",,,4273511.5,4266722,4280301,
PNTM9M2jMkKm3GLHpLiq3J4gE,"","North Campus",Gammage,"W", 10/13/2025 09:00:00 PM,"(UTC-07:00) Arizona",,,4279181.5,4279181.5,4279181.5,
PNTM9M2jMkKm3GLHpLiq3J4gE,"","North Campus",Gammage,"W", 10/13/2025 09:15:00 PM,"(UTC-07:00) Arizona",,,4202468.5,4178987.5,4225949.5,
PNTM9M2jMkKm3GLHpLiq3J4gE,"","North Campus",Gammage,"W", 10/13/2025 09:30:00 PM,"(UTC-07:00) Arizona",,,4164674,4164674,4164674,
PNTM9M2jMkKm3GLHpLiq3J4gE,"","North Campus",Gammage,"W", 10/13/2025 09:45:00 PM,"(UTC-07:00) Arizona",,,4151773.15,4140212.8,4163333.5,
PNTM9M2jMkKm3GLHpLiq3J4gE,"","North Campus",Gammage,"W", 10/13/2025 10:00:00 PM,"(UTC-07:00) Arizona",,,4026001.65,4005458.8,4046544.5,
PNTM9M2jMkKm3GLHpLiq3J4gE,"","North Campus",Gammage,"W", 10/13/2025 10:15:00 PM,"(UTC-07:00) Arizona",,,3956962.4,3926815,3987109.8,
PNTM9M2jMkKm3GLHpLiq3J4gE,"","North Campus",Gammage,"W", 10/13/2025 10:30:00 PM,"(UTC-07:00) Arizona",,,3974268.2,3974268.2,3974268.2,
PNTM9M2jMkKm3GLHpLiq3J4gE,"","North Campus",Gammage,"W", 10/13/2025 10:45:00 PM,"(UTC-07:00) Arizona",,,3848806,3818169.8,3879442.2,
PNTM9M2jMkKm3GLHpLiq3J4gE,"","North Campus",Gammage,"W", 10/13/2025 11:00:00 PM,"(UTC-07:00) Arizona",,,3783646.5,3783646.5,3783646.5,
PNTM9M2jMkKm3GLHpLiq3J4gE,"","North Campus",Gammage,"W", 10/13/2025 11:15:00 PM,"(UTC-07:00) Arizona",,,3745975.266666667,3708834,3774014.8,
PNTM9M2jMkKm3GLHpLiq3J4gE,"","North Campus",Gammage,"W", 10/13/2025 11:30:00 PM,"(UTC-07:00) Arizona",,,3705668.6,3686925,3724412.2,
PNTM9M2jMkKm3GLHpLiq3J4gE,"","North Campus",Gammage,"W", 10/13/2025 11:45:00 PM,"(UTC-07:00) Arizona",,,3679382.75,3658588,3700177.5,
PNTM9M2jMkKm3GLHpLiq3J4gE,"","North Campus",Gammage,"W", 10/14/2025 12:00:00 AM,"(UTC-07:00) Arizona",,,3610753.4,3595185,3626321.8,
PNTM9M2jMkKm3GLHpLiq3J4gE,"","North Campus",Gammage,"W", 10/14/2025 12:15:00 AM,"(UTC-07:00) Arizona",,,3603238.8,3603238.8,3603238.8,
PNTM9M2jMkKm3GLHpLiq3J4gE,"","North Campus",Gammage,"W", 10/14/2025 12:30:00 AM,"(UTC-07:00) Arizona",,,3561430.7,3554353.2,3568508.2,
PNTM9M2jMkKm3GLHpLiq3J4gE,"","North Campus",Gammage,"W", 10/14/2025 12:45:00 AM,"(UTC-07:00) Arizona",,,3557185,3538947,3575423,
PNTM9M2jMkKm3GLHpLiq3J4gE,"","North Campus",Gammage,"W", 10/14/2025 01:00:00 AM,"(UTC-07:00) Arizona",,,3519505.2,3519505.2,3519505.2,
PNTM9M2jMkKm3GLHpLiq3J4gE,"","North Campus",Gammage,"W", 10/14/2025 01:15:00 AM,"(UTC-07:00) Arizona",,,3472783.2,3472783.2,3472783.2,
PNTM9M2jMkKm3GLHpLiq3J4gE,"","North Campus",Gammage,"W", 10/14/2025 01:30:00 AM,"(UTC-07:00) Arizona",,,3437343.1,3413252.2,3461434,
PNTM9M2jMkKm3GLHpLiq3J4gE,"","North Campus",Gammage,"W", 10/14/2025 01:45:00 AM,"(UTC-07:00) Arizona",,,3411969,3411969,3411969,
PNTM9M2jMkKm3GLHpLiq3J4gE,"","North Campus",Gammage,"W", 10/14/2025 02:00:00 AM,"(UTC-07:00) Arizona",,,3417110.9,3385717,3448504.8,
PNTM9M2jMkKm3GLHpLiq3J4gE,"","North Campus",Gammage,"W", 10/14/2025 02:15:00 AM,"(UTC-07:00) Arizona",,,3380164.75,3367038,3393291.5,
PNTM9M2jMkKm3GLHpLiq3J4gE,"","North Campus",Gammage,"W", 10/14/2025 02:30:00 AM,"(UTC-07:00) Arizona",,,3360431.8,3360431.8,3360431.8,
PNTM9M2jMkKm3GLHpLiq3J4gE,"","North Campus",Gammage,"W", 10/14/2025 02:45:00 AM,"(UTC-07:00) Arizona",,,3410883.8,3410883.8,3410883.8,
PNTM9M2jMkKm3GLHpLiq3J4gE,"","North Campus",Gammage,"W", 10/14/2025 03:00:00 AM,"(UTC-07:00) Arizona",,,3422930.25,3419226,3426634.5,
PNTM9M2jMkKm3GLHpLiq3J4gE,"","North Campus",Gammage,"W", 10/14/2025 03:15:00 AM,"(UTC-07:00) Arizona",,,3432009.2,3421291.2,3442727.2,
PNTM9M2jMkKm3GLHpLiq3J4gE,"","North Campus",Gammage,"W", 10/14/2025 03:30:00 AM,"(UTC-07:00) Arizona",,,3431897.2,3431897.2,3431897.2,
PNTM9M2jMkKm3GLHpLiq3J4gE,"","North Campus",Gammage,"W", 10/14/2025 03:45:00 AM,"(UTC-07:00) Arizona",,,3403795,3398656.2,3408933.8,
PNTM9M2jMkKm3GLHpLiq3J4gE,"","North Campus",Gammage,"W", 10/14/2025 04:00:00 AM,"(UTC-07:00) Arizona",,,3499295.75,3493417.5,3505174,
PNTM9M2jMkKm3GLHpLiq3J4gE,"","North Campus",Gammage,"W", 10/14/2025 04:30:00 AM,"(UTC-07:00) Arizona",,,3487089.5,3480505,3493674,
PNTM9M2jMkKm3GLHpLiq3J4gE,"","North Campus",Gammage,"W", 10/14/2025 04:45:00 AM,"(UTC-07:00) Arizona",,,3561038.8,3561038.8,3561038.8,
PNTM9M2jMkKm3GLHpLiq3J4gE,"","North Campus",Gammage,"W", 10/14/2025 05:00:00 AM,"(UTC-07:00) Arizona",,,3601687.65,3577179.5,3626195.8,
PNTM9M2jMkKm3GLHpLiq3J4gE,"","North Campus",Gammage,"W", 10/14/2025 05:15:00 AM,"(UTC-07:00) Arizona",,,3632073,3632073,3632073,
PNTM9M2jMkKm3GLHpLiq3J4gE,"","North Campus",Gammage,"W", 10/14/2025 05:30:00 AM,"(UTC-07:00) Arizona",,,3630046.6666666665,3612767.2,3652236,
PNTM9M2jMkKm3GLHpLiq3J4gE,"","North Campus",Gammage,"W", 10/14/2025 05:45:00 AM,"(UTC-07:00) Arizona",,,3729157.2,3729157.2,3729157.2,
PNTM9M2jMkKm3GLHpLiq3J4gE,"","North Campus",Gammage,"W", 10/14/2025 06:00:00 AM,"(UTC-07:00) Arizona",,,3748797.15,3736311.8,3761282.5,
PNTM9M2jMkKm3GLHpLiq3J4gE,"","North Campus",Gammage,"W", 10/14/2025 06:15:00 AM,"(UTC-07:00) Arizona",,,3785409.2,3785409.2,3785409.2,
PNTM9M2jMkKm3GLHpLiq3J4gE,"","North Campus",Gammage,"W", 10/14/2025 06:30:00 AM,"(UTC-07:00) Arizona",,,3820612,3815394,3825830,
PNTM9M2jMkKm3GLHpLiq3J4gE,"","North Campus",Gammage,"W", 10/14/2025 06:45:00 AM,"(UTC-07:00) Arizona",,,3854908.35,3805780.2,3904036.5,
PNTM9M2jMkKm3GLHpLiq3J4gE,"","North Campus",Gammage,"W", 10/14/2025 07:00:00 AM,"(UTC-07:00) Arizona",,,4016527.5,3971947.8,4061107.2,
PNTM9M2jMkKm3GLHpLiq3J4gE,"","North Campus",Gammage,"W", 10/14/2025 07:15:00 AM,"(UTC-07:00) Arizona",,,4094315,4084939.8,4103690.2,
PNTM9M2jMkKm3GLHpLiq3J4gE,"","North Campus",Gammage,"W", 10/14/2025 07:30:00 AM,"(UTC-07:00) Arizona",,,4140682.8,4140682.8,4140682.8,
PNTM9M2jMkKm3GLHpLiq3J4gE,"","North Campus",Gammage,"W", 10/14/2025 07:45:00 AM,"(UTC-07:00) Arizona",,,4217829.85,4136022.2,4299637.5,
PNTM9M2jMkKm3GLHpLiq3J4gE,"","North Campus",Gammage,"W", 10/14/2025 08:00:00 AM,"(UTC-07:00) Arizona",,,4328464.5,4328464.5,4328464.5,
PNTM9M2jMkKm3GLHpLiq3J4gE,"","North Campus",Gammage,"W", 10/14/2025 08:15:00 AM,"(UTC-07:00) Arizona",,,4459129.5,4459129.5,4459129.5,
PNTM9M2jMkKm3GLHpLiq3J4gE,"","North Campus",Gammage,"W", 10/14/2025 08:30:00 AM,"(UTC-07:00) Arizona",,,4550200,4547457,4552943,
PNTM9M2jMkKm3GLHpLiq3J4gE,"","North Campus",Gammage,"W", 10/14/2025 08:45:00 AM,"(UTC-07:00) Arizona",,,4557472,4557472,4557472,
PNTM9M2jMkKm3GLHpLiq3J4gE,"","North Campus",Gammage,"W", 10/14/2025 09:00:00 AM,"(UTC-07:00) Arizona",,,4534229.25,4453779,4614679.5,
PNTM9M2jMkKm3GLHpLiq3J4gE,"","North Campus",Gammage,"W", 10/14/2025 09:15:00 AM,"(UTC-07:00) Arizona",,,4565768,4565768,4565768,
PNTM9M2jMkKm3GLHpLiq3J4gE,"","North Campus",Gammage,"W", 10/14/2025 09:30:00 AM,"(UTC-07:00) Arizona",,,4716712.75,4692511,4740914.5,
PNTM9M2jMkKm3GLHpLiq3J4gE,"","North Campus",Gammage,"W", 10/14/2025 09:45:00 AM,"(UTC-07:00) Arizona",,,4777474,4777474,4777474,
PNTM9M2jMkKm3GLHpLiq3J4gE,"","North Campus",Gammage,"W", 10/14/2025 10:00:00 AM,"(UTC-07:00) Arizona",,,4713202,4405003,5021401,
PNTM9M2jMkKm3GLHpLiq3J4gE,"","North Campus",Gammage,"W", 10/14/2025 10:15:00 AM,"(UTC-07:00) Arizona",,,4486052.5,4486052.5,4486052.5,
PNTM9M2jMkKm3GLHpLiq3J4gE,"","North Campus",Gammage,"W", 10/14/2025 10:30:00 AM,"(UTC-07:00) Arizona",,,4726565.5,4666738.5,4792438,
PNTM9M2jMkKm3GLHpLiq3J4gE,"","North Campus",Gammage,"W", 10/14/2025 10:45:00 AM,"(UTC-07:00) Arizona",,,4617789.5,4617789.5,4617789.5,
PNTM9M2jMkKm3GLHpLiq3J4gE,"","North Campus",Gammage,"W", 10/14/2025 11:00:00 AM,"(UTC-07:00) Arizona",,,4583446.5,4583446.5,4583446.5,
PNTM9M2jMkKm3GLHpLiq3J4gE,"","North Campus",Gammage,"W", 10/14/2025 11:15:00 AM,"(UTC-07:00) Arizona",,,4717607.5,4569408,4865807,
PNTM9M2jMkKm3GLHpLiq3J4gE,"","North Campus",Gammage,"W", 10/14/2025 11:30:00 AM,"(UTC-07:00) Arizona",,,4578628,4578628,4578628,
PNTM9M2jMkKm3GLHpLiq3J4gE,"","North Campus",Gammage,"W", 10/14/2025 11:45:00 AM,"(UTC-07:00) Arizona",,,4840767.5,4823271,4858264,
PNTM9M2jMkKm3GLHpLiq3J4gE,"","North Campus",Gammage,"W", 10/14/2025 12:00:00 PM,"(UTC-07:00) Arizona",,,4656685.75,4634196,4679175.5,
PNTM9M2jMkKm3GLHpLiq3J4gE,"","North Campus",Gammage,"W", 10/14/2025 12:15:00 PM,"(UTC-07:00) Arizona",,,4732747,4732747,4732747,
PNTM9M2jMkKm3GLHpLiq3J4gE,"","North Campus",Gammage,"W", 10/14/2025 12:30:00 PM,"(UTC-07:00) Arizona",,,4819204.75,4776087,4862322.5,
PNTM9M2jMkKm3GLHpLiq3J4gE,"","North Campus",Gammage,"W", 10/14/2025 12:45:00 PM,"(UTC-07:00) Arizona",,,4682312,4639292.5,4725331.5,
PNTM9M2jMkKm3GLHpLiq3J4gE,"","North Campus",Gammage,"W", 10/14/2025 01:00:00 PM,"(UTC-07:00) Arizona",,,4760167.75,4714880.5,4805455,
PNTM9M2jMkKm3GLHpLiq3J4gE,"","North Campus",Gammage,"W", 10/14/2025 01:15:00 PM,"(UTC-07:00) Arizona",,,4693146.5,4693146.5,4693146.5,
PNTM9M2jMkKm3GLHpLiq3J4gE,"","North Campus",Gammage,"W", 10/14/2025 01:30:00 PM,"(UTC-07:00) Arizona",,,4732476.5,4710349,4754604,
PNTM9M2jMkKm3GLHpLiq3J4gE,"","North Campus",Gammage,"W", 10/14/2025 01:45:00 PM,"(UTC-07:00) Arizona",,,4806539.25,4759115,4853963.5,
PNTM9M2jMkKm3GLHpLiq3J4gE,"","North Campus",Gammage,"W", 10/14/2025 02:00:00 PM,"(UTC-07:00) Arizona",,,4806395,4799596,4813194,
PNTM9M2jMkKm3GLHpLiq3J4gE,"","North Campus",Gammage,"W", 10/14/2025 02:15:00 PM,"(UTC-07:00) Arizona",,,4790978.25,4731140.5,4850816,
PNTM9M2jMkKm3GLHpLiq3J4gE,"","North Campus",Gammage,"W", 10/14/2025 02:30:00 PM,"(UTC-07:00) Arizona",,,4778524.5,4752504.5,4804544.5,
PNTM9M2jMkKm3GLHpLiq3J4gE,"","North Campus",Gammage,"W", 10/14/2025 02:45:00 PM,"(UTC-07:00) Arizona",,,4885973.75,4874857.5,4897090,
PNTM9M2jMkKm3GLHpLiq3J4gE,"","North Campus",Gammage,"W", 10/14/2025 03:00:00 PM,"(UTC-07:00) Arizona",,,4983870.5,4922656,5045085,
PNTM9M2jMkKm3GLHpLiq3J4gE,"","North Campus",Gammage,"W", 10/14/2025 03:15:00 PM,"(UTC-07:00) Arizona",,,4911905.25,4825100,4998710.5,
PNTM9M2jMkKm3GLHpLiq3J4gE,"","North Campus",Gammage,"W", 10/14/2025 03:30:00 PM,"(UTC-07:00) Arizona",,,4868359,4805459.5,4941726.5,
PNTM9M2jMkKm3GLHpLiq3J4gE,"","North Campus",Gammage,"W", 10/14/2025 03:45:00 PM,"(UTC-07:00) Arizona",,,5006249.25,4991862.5,5020636,
PNTM9M2jMkKm3GLHpLiq3J4gE,"","North Campus",Gammage,"W", 10/14/2025 04:00:00 PM,"(UTC-07:00) Arizona",,,4980818.25,4943885.5,5017751,
PNTM9M2jMkKm3GLHpLiq3J4gE,"","North Campus",Gammage,"W", 10/14/2025 04:15:00 PM,"(UTC-07:00) Arizona",,,4918383.25,4860015,4976751.5,
PNTM9M2jMkKm3GLHpLiq3J4gE,"","North Campus",Gammage,"W", 10/14/2025 04:30:00 PM,"(UTC-07:00) Arizona",,,4950805,4950805,4950805,
PNTM9M2jMkKm3GLHpLiq3J4gE,"","North Campus",Gammage,"W", 10/14/2025 04:45:00 PM,"(UTC-07:00) Arizona",,,4912048.25,4859177,4964919.5,
PNTM9M2jMkKm3GLHpLiq3J4gE,"","North Campus",Gammage,"W", 10/14/2025 05:00:00 PM,"(UTC-07:00) Arizona",,,4799525.5,4788263.5,4810787.5,
PNTM9M2jMkKm3GLHpLiq3J4gE,"","North Campus",Gammage,"W", 10/14/2025 05:15:00 PM,"(UTC-07:00) Arizona",,,4844163.166666667,4816693.5,4865759.5,
PNTM9M2jMkKm3GLHpLiq3J4gE,"","North Campus",Gammage,"W", 10/14/2025 05:30:00 PM,"(UTC-07:00) Arizona",,,4806449.5,4806449.5,4806449.5,
PNTM9M2jMkKm3GLHpLiq3J4gE,"","North Campus",Gammage,"W", 10/14/2025 05:45:00 PM,"(UTC-07:00) Arizona",,,4745015.25,4712078,4777952.5,
PNTM9M2jMkKm3GLHpLiq3J4gE,"","North Campus",Gammage,"W", 10/14/2025 06:00:00 PM,"(UTC-07:00) Arizona",,,4748936.25,4705408,4792464.5,
PNTM9M2jMkKm3GLHpLiq3J4gE,"","North Campus",Gammage,"W", 10/14/2025 06:15:00 PM,"(UTC-07:00) Arizona",,,4610611.5,4610611.5,4610611.5,
PNTM9M2jMkKm3GLHpLiq3J4gE,"","North Campus",Gammage,"W", 10/14/2025 06:30:00 PM,"(UTC-07:00) Arizona",,,4614927,4596324.5,4633529.5,
PNTM9M2jMkKm3GLHpLiq3J4gE,"","North Campus",Gammage,"W", 10/14/2025 06:45:00 PM,"(UTC-07:00) Arizona",,,4562864,4499017.5,4626710.5,
PNTM9M2jMkKm3GLHpLiq3J4gE,"","North Campus",Gammage,"W", 10/14/2025 07:00:00 PM,"(UTC-07:00) Arizona",,,4531427.75,4491051.5,4571804,
PNTM9M2jMkKm3GLHpLiq3J4gE,"","North Campus",Gammage,"W", 10/14/2025 07:15:00 PM,"(UTC-07:00) Arizona",,,4423814.5,4423814.5,4423814.5,
PNTM9M2jMkKm3GLHpLiq3J4gE,"","North Campus",Gammage,"W", 10/14/2025 07:30:00 PM,"(UTC-07:00) Arizona",,,4417035.5,4395122.5,4438948.5,
PNTM9M2jMkKm3GLHpLiq3J4gE,"","North Campus",Gammage,"W", 10/14/2025 07:45:00 PM,"(UTC-07:00) Arizona",,,4379981.75,4326427,4433536.5,
PNTM9M2jMkKm3GLHpLiq3J4gE,"","North Campus",Gammage,"W", 10/14/2025 08:00:00 PM,"(UTC-07:00) Arizona",,,4344112.166666667,4288353.5,4396584,
PNTM9M2jMkKm3GLHpLiq3J4gE,"","North Campus",Gammage,"W", 10/14/2025 08:15:00 PM,"(UTC-07:00) Arizona",,,4358206.25,4329813,4386599.5,
PNTM9M2jMkKm3GLHpLiq3J4gE,"","North Campus",Gammage,"W", 10/14/2025 08:30:00 PM,"(UTC-07:00) Arizona",,,4226231.25,4211839.5,4240623,
PNTM9M2jMkKm3GLHpLiq3J4gE,"","North Campus",Gammage,"W", 10/14/2025 08:45:00 PM,"(UTC-07:00) Arizona",,,4215636.25,4212582.5,4218690,
PNTM9M2jMkKm3GLHpLiq3J4gE,"","North Campus",Gammage,"W", 10/14/2025 09:00:00 PM,"(UTC-07:00) Arizona",,,4182980.35,4176089.5,4189871.2,
PNTM9M2jMkKm3GLHpLiq3J4gE,"","North Campus",Gammage,"W", 10/14/2025 09:15:00 PM,"(UTC-07:00) Arizona",,,4139647.6,4109684.2,4169611,
PNTM9M2jMkKm3GLHpLiq3J4gE,"","North Campus",Gammage,"W", 10/14/2025 09:30:00 PM,"(UTC-07:00) Arizona",,,4084082.4333333336,4058980,4108643.5,
PNTM9M2jMkKm3GLHpLiq3J4gE,"","North Campus",Gammage,"W", 10/14/2025 09:45:00 PM,"(UTC-07:00) Arizona",,,4095670.5,4079950.5,4111390.5,
PNTM9M2jMkKm3GLHpLiq3J4gE,"","North Campus",Gammage,"W", 10/14/2025 10:00:00 PM,"(UTC-07:00) Arizona",,,3953109.65,3944223.8,3961995.5,
PNTM9M2jMkKm3GLHpLiq3J4gE,"","North Campus",Gammage,"W", 10/14/2025 10:15:00 PM,"(UTC-07:00) Arizona",,,3913807,3913807,3913807,
PNTM9M2jMkKm3GLHpLiq3J4gE,"","North Campus",Gammage,"W", 10/14/2025 10:30:00 PM,"(UTC-07:00) Arizona",,,3898029.866666667,3886968.2,3911142.2,
PNTM9M2jMkKm3GLHpLiq3J4gE,"","North Campus",Gammage,"W", 10/14/2025 10:45:00 PM,"(UTC-07:00) Arizona",,,3876388.9333333336,3844959.8,3902692.8,
PNTM9M2jMkKm3GLHpLiq3J4gE,"","North Campus",Gammage,"W", 10/14/2025 11:00:00 PM,"(UTC-07:00) Arizona",,,3721903.9,3696983,3746824.8,
PNTM9M2jMkKm3GLHpLiq3J4gE,"","North Campus",Gammage,"W", 10/14/2025 11:15:00 PM,"(UTC-07:00) Arizona",,,3700421.25,3675377.5,3725465,
PNTM9M2jMkKm3GLHpLiq3J4gE,"","North Campus",Gammage,"W", 10/14/2025 11:30:00 PM,"(UTC-07:00) Arizona",,,3617152.1,3602446,3631858.2,
PNTM9M2jMkKm3GLHpLiq3J4gE,"","North Campus",Gammage,"W", 10/14/2025 11:45:00 PM,"(UTC-07:00) Arizona",,,3624136,3599443.5,3648828.5,
