ExternalPointID,Tags,Parent Equipment Name,Site Name,FrequencyUnit,Time,Timezone,OnCount,OffCount,Average,Minimum,Maximum,Sum,State
PNTM9M2jMkKm3GLHpLiq3J4gE,"","North Campus",Gammage,"W", 09/30/2025 12:00:00 AM,"(UTC-07:00) Arizona",,,3539170.25,3507981.5,3570359,
PNTM9M2jMkKm3GLHpLiq3J4gE,"","North Campus",Gammage,"W", 09/30/2025 12:15:00 AM,"(UTC-07:00) Arizona",,,3466357.8,3466357.8,3466357.8,
PNTM9M2jMkKm3GLHpLiq3J4gE,"","North Campus",Gammage,"W", 09/30/2025 12:30:00 AM,"(UTC-07:00) Arizona",,,3499609.35,3488996.5,3510222.2,
PNTM9M2jMkKm3GLHpLiq3J4gE,"","North Campus",Gammage,"W", 09/30/2025 12:45:00 AM,"(UTC-07:00) Arizona",,,3450181.2,3450181.2,3450181.2,
PNTM9M2jMkKm3GLHpLiq3J4gE,"","North Campus",Gammage,"W", 09/30/2025 01:00:00 AM,"(UTC-07:00) Arizona",,,3456144.85,3455831.5,3456458.2,
PNTM9M2jMkKm3GLHpLiq3J4gE,"","North Campus",Gammage,"W", 09/30/2025 01:15:00 AM,"(UTC-07:00) Arizona",,,3404344.2,3404344.2,3404344.2,
PNTM9M2jMkKm3GLHpLiq3J4gE,"","North Campus",Gammage,"W", 09/30/2025 01:30:00 AM,"(UTC-07:00) Arizona",,,3383068.8,3383068.8,3383068.8,
PNTM9M2jMkKm3GLHpLiq3J4gE,"","North Campus",Gammage,"W", 09/30/2025 01:45:00 AM,"(UTC-07:00) Arizona",,,3366692.9,3365384.8,3368001,
PNTM9M2jMkKm3GLHpLiq3J4gE,"","North Campus",Gammage,"W", 09/30/2025 02:00:00 AM,"(UTC-07:00) Arizona",,,3368589,3368589,3368589,
PNTM9M2jMkKm3GLHpLiq3J4gE,"","North Campus",Gammage,"W", 09/30/2025 02:15:00 AM,"(UTC-07:00) Arizona",,,3369940,3369940,3369940,
PNTM9M2jMkKm3GLHpLiq3J4gE,"","North Campus",Gammage,"W", 09/30/2025 02:30:00 AM,"(UTC-07:00) Arizona",,,3359726.85,3357246.5,3362207.2,
PNTM9M2jMkKm3GLHpLiq3J4gE,"","North Campus",Gammage,"W", 09/30/2025 02:45:00 AM,"(UTC-07:00) Arizona",,,3387330.3,3339427.8,3435232.8,
PNTM9M2jMkKm3GLHpLiq3J4gE,"","North Campus",Gammage,"W", 09/30/2025 03:00:00 AM,"(UTC-07:00) Arizona",,,3415316.5,3398440.5,3432192.5,
PNTM9M2jMkKm3GLHpLiq3J4gE,"","North Campus",Gammage,"W", 09/30/2025 03:15:00 AM,"(UTC-07:00) Arizona",,,3460022.5,3415491,3482984,
PNTM9M2jMkKm3GLHpLiq3J4gE,"","North Campus",Gammage,"W", 09/30/2025 03:30:00 AM,"(UTC-07:00) Arizona",,,3415061.2,3415061.2,3415061.2,
PNTM9M2jMkKm3GLHpLiq3J4gE,"","North Campus",Gammage,"W", 09/30/2025 03:45:00 AM,"(UTC-07:00) Arizona",,,3423651.3333333335,3387929.5,3458376,
PNTM9M2jMkKm3GLHpLiq3J4gE,"","North Campus",Gammage,"W", 09/30/2025 04:00:00 AM,"(UTC-07:00) Arizona",,,3476102,3443604.5,3508599.5,
PNTM9M2jMkKm3GLHpLiq3J4gE,"","North Campus",Gammage,"W", 09/30/2025 04:15:00 AM,"(UTC-07:00) Arizona",,,3531760.5,3529945,3533576,
PNTM9M2jMkKm3GLHpLiq3J4gE,"","North Campus",Gammage,"W", 09/30/2025 04:30:00 AM,"(UTC-07:00) Arizona",,,3556848.1,3555202,3558494.2,
PNTM9M2jMkKm3GLHpLiq3J4gE,"","North Campus",Gammage,"W", 09/30/2025 04:45:00 AM,"(UTC-07:00) Arizona",,,3560448.6333333333,3544347.2,3579088.2,
PNTM9M2jMkKm3GLHpLiq3J4gE,"","North Campus",Gammage,"W", 09/30/2025 05:00:00 AM,"(UTC-07:00) Arizona",,,3537412.6,3517577,3557248.2,
PNTM9M2jMkKm3GLHpLiq3J4gE,"","North Campus",Gammage,"W", 09/30/2025 05:15:00 AM,"(UTC-07:00) Arizona",,,3567728.5,3567728.5,3567728.5,
PNTM9M2jMkKm3GLHpLiq3J4gE,"","North Campus",Gammage,"W", 09/30/2025 05:30:00 AM,"(UTC-07:00) Arizona",,,3598817.15,3591600.5,3606033.8,
PNTM9M2jMkKm3GLHpLiq3J4gE,"","North Campus",Gammage,"W", 09/30/2025 05:45:00 AM,"(UTC-07:00) Arizona",,,3598029.65,3588977.5,3607081.8,
PNTM9M2jMkKm3GLHpLiq3J4gE,"","North Campus",Gammage,"W", 09/30/2025 06:00:00 AM,"(UTC-07:00) Arizona",,,3774366.5,3738633.8,3802595.5,
PNTM9M2jMkKm3GLHpLiq3J4gE,"","North Campus",Gammage,"W", 09/30/2025 06:15:00 AM,"(UTC-07:00) Arizona",,,3783132.1,3767716.2,3798548,
PNTM9M2jMkKm3GLHpLiq3J4gE,"","North Campus",Gammage,"W", 09/30/2025 06:30:00 AM,"(UTC-07:00) Arizona",,,3754281,3754281,3754281,
PNTM9M2jMkKm3GLHpLiq3J4gE,"","North Campus",Gammage,"W", 09/30/2025 06:45:00 AM,"(UTC-07:00) Arizona",,,3815565.775,3795795,3842425.8,
PNTM9M2jMkKm3GLHpLiq3J4gE,"","North Campus",Gammage,"W", 09/30/2025 07:00:00 AM,"(UTC-07:00) Arizona",,,3926489.5,3913592.8,3939386.2,
PNTM9M2jMkKm3GLHpLiq3J4gE,"","North Campus",Gammage,"W", 09/30/2025 07:15:00 AM,"(UTC-07:00) Arizona",,,3915232.5,3902146.5,3928318.5,
PNTM9M2jMkKm3GLHpLiq3J4gE,"","North Campus",Gammage,"W", 09/30/2025 07:30:00 AM,"(UTC-07:00) Arizona",,,3954479.75,3936633.5,3972326,
PNTM9M2jMkKm3GLHpLiq3J4gE,"","North Campus",Gammage,"W", 09/30/2025 07:45:00 AM,"(UTC-07:00) Arizona",,,4265991,4265991,4265991,
PNTM9M2jMkKm3GLHpLiq3J4gE,"","North Campus",Gammage,"W", 09/30/2025 08:00:00 AM,"(UTC-07:00) Arizona",,,4328926.75,4227585.5,4430268,
PNTM9M2jMkKm3GLHpLiq3J4gE,"","North Campus",Gammage,"W", 09/30/2025 08:15:00 AM,"(UTC-07:00) Arizona",,,4444215.25,4420381.5,4468049,
PNTM9M2jMkKm3GLHpLiq3J4gE,"","North Campus",Gammage,"W", 09/30/2025 08:30:00 AM,"(UTC-07:00) Arizona",,,4369860,4348741.5,4402612.5,
PNTM9M2jMkKm3GLHpLiq3J4gE,"","North Campus",Gammage,"W", 09/30/2025 08:45:00 AM,"(UTC-07:00) Arizona",,,4510147,4408372,4611922,
PNTM9M2jMkKm3GLHpLiq3J4gE,"","North Campus",Gammage,"W", 09/30/2025 09:00:00 AM,"(UTC-07:00) Arizona",,,4472044.25,4416293.5,4527795,
PNTM9M2jMkKm3GLHpLiq3J4gE,"","North Campus",Gammage,"W", 09/30/2025 09:15:00 AM,"(UTC-07:00) Arizona",,,4528778.833333333,4500827.5,4552205,
PNTM9M2jMkKm3GLHpLiq3J4gE,"","North Campus",Gammage,"W", 09/30/2025 09:30:00 AM,"(UTC-07:00) Arizona",,,4554459.5,4528230.5,4601492.5,
PNTM9M2jMkKm3GLHpLiq3J4gE,"","North Campus",Gammage,"W", 09/30/2025 09:45:00 AM,"(UTC-07:00) Arizona",,,4586172.5,4581931,4590414,
PNTM9M2jMkKm3GLHpLiq3J4gE,"","North Campus",Gammage,"W", 09/30/2025 10:00:00 AM,"(UTC-07:00) Arizona",,,4634318.25,4527998,4740638.5,
PNTM9M2jMkKm3GLHpLiq3J4gE,"","North Campus",Gammage,"W", 09/30/2025 10:15:00 AM,"(UTC-07:00) Arizona",,,4710508.75,4675633.5,4745384,
PNTM9M2jMkKm3GLHpLiq3J4gE,"","North Campus",Gammage,"W", 09/30/2025 10:30:00 AM,"(UTC-07:00) Arizona",,,4635315.5,4632916.5,4637714.5,
PNTM9M2jMkKm3GLHpLiq3J4gE,"","North Campus",Gammage,"W", 09/30/2025 10:45:00 AM,"(UTC-07:00) Arizona",,,4699196,4694032,4704360,
PNTM9M2jMkKm3GLHpLiq3J4gE,"","North Campus",Gammage,"W", 09/30/2025 11:00:00 AM,"(UTC-07:00) Arizona",,,4853410,4835745.5,4871074.5,
PNTM9M2jMkKm3GLHpLiq3J4gE,"","North Campus",Gammage,"W", 09/30/2025 11:15:00 AM,"(UTC-07:00) Arizona",,,4780139.5,4751260.5,4825925,
PNTM9M2jMkKm3GLHpLiq3J4gE,"","North Campus",Gammage,"W", 09/30/2025 11:30:00 AM,"(UTC-07:00) Arizona",,,4666089.25,4613846.5,4718332,
PNTM9M2jMkKm3GLHpLiq3J4gE,"","North Campus",Gammage,"W", 09/30/2025 11:45:00 AM,"(UTC-07:00) Arizona",,,4736496.25,4707318,4765674.5,
PNTM9M2jMkKm3GLHpLiq3J4gE,"","North Campus",Gammage,"W", 09/30/2025 12:00:00 PM,"(UTC-07:00) Arizona",,,4805138,4757106.5,4853169.5,
PNTM9M2jMkKm3GLHpLiq3J4gE,"","North Campus",Gammage,"W", 09/30/2025 12:15:00 PM,"(UTC-07:00) Arizona",,,4840403.25,4828275.5,4852531,
PNTM9M2jMkKm3GLHpLiq3J4gE,"","North Campus",Gammage,"W", 09/30/2025 12:30:00 PM,"(UTC-07:00) Arizona",,,5017103.25,4825399.5,5208807,
PNTM9M2jMkKm3GLHpLiq3J4gE,"","North Campus",Gammage,"W", 09/30/2025 12:45:00 PM,"(UTC-07:00) Arizona",,,4778095.5,4759019.5,4797171.5,
PNTM9M2jMkKm3GLHpLiq3J4gE,"","North Campus",Gammage,"W", 09/30/2025 01:00:00 PM,"(UTC-07:00) Arizona",,,4933185,4809281,5117113,
PNTM9M2jMkKm3GLHpLiq3J4gE,"","North Campus",Gammage,"W", 09/30/2025 01:15:00 PM,"(UTC-07:00) Arizona",,,5008724,4919360,5098088,
PNTM9M2jMkKm3GLHpLiq3J4gE,"","North Campus",Gammage,"W", 09/30/2025 01:30:00 PM,"(UTC-07:00) Arizona",,,4968342.5,4894333.5,5042351.5,
PNTM9M2jMkKm3GLHpLiq3J4gE,"","North Campus",Gammage,"W", 09/30/2025 01:45:00 PM,"(UTC-07:00) Arizona",,,4820059.25,4789890.5,4850228,
PNTM9M2jMkKm3GLHpLiq3J4gE,"","North Campus",Gammage,"W", 09/30/2025 02:00:00 PM,"(UTC-07:00) Arizona",,,5200081.5,5199854.5,5200308.5,
PNTM9M2jMkKm3GLHpLiq3J4gE,"","North Campus",Gammage,"W", 09/30/2025 02:15:00 PM,"(UTC-07:00) Arizona",,,4895441.833333333,4857719,4918759,
PNTM9M2jMkKm3GLHpLiq3J4gE,"","North Campus",Gammage,"W", 09/30/2025 02:30:00 PM,"(UTC-07:00) Arizona",,,5034063.5,5034063.5,5034063.5,
PNTM9M2jMkKm3GLHpLiq3J4gE,"","North Campus",Gammage,"W", 09/30/2025 02:45:00 PM,"(UTC-07:00) Arizona",,,4965032,4959536.5,4970527.5,
PNTM9M2jMkKm3GLHpLiq3J4gE,"","North Campus",Gammage,"W", 09/30/2025 03:00:00 PM,"(UTC-07:00) Arizona",,,4970006,4934426,5005586,
PNTM9M2jMkKm3GLHpLiq3J4gE,"","North Campus",Gammage,"W", 09/30/2025 03:15:00 PM,"(UTC-07:00) Arizona",,,5152221.75,5135893.5,5168550,
PNTM9M2jMkKm3GLHpLiq3J4gE,"","North Campus",Gammage,"W", 09/30/2025 03:30:00 PM,"(UTC-07:00) Arizona",,,5018655.5,4997660.5,5039650.5,
PNTM9M2jMkKm3GLHpLiq3J4gE,"","North Campus",Gammage,"W", 09/30/2025 03:45:00 PM,"(UTC-07:00) Arizona",,,5048989.5,4991632,5108031.5,
PNTM9M2jMkKm3GLHpLiq3J4gE,"","North Campus",Gammage,"W", 09/30/2025 04:15:00 PM,"(UTC-07:00) Arizona",,,5130664.166666667,5085056.5,5189904.5,
PNTM9M2jMkKm3GLHpLiq3J4gE,"","North Campus",Gammage,"W", 09/30/2025 04:30:00 PM,"(UTC-07:00) Arizona",,,5079537.5,5042572.5,5116502.5,
PNTM9M2jMkKm3GLHpLiq3J4gE,"","North Campus",Gammage,"W", 09/30/2025 04:45:00 PM,"(UTC-07:00) Arizona",,,5111386,5111386,5111386,
PNTM9M2jMkKm3GLHpLiq3J4gE,"","North Campus",Gammage,"W", 09/30/2025 05:00:00 PM,"(UTC-07:00) Arizona",,,5064017.5,5064017.5,5064017.5,
PNTM9M2jMkKm3GLHpLiq3J4gE,"","North Campus",Gammage,"W", 09/30/2025 05:15:00 PM,"(UTC-07:00) Arizona",,,5112050.833333333,5033820,5153516,
PNTM9M2jMkKm3GLHpLiq3J4gE,"","North Campus",Gammage,"W", 09/30/2025 05:45:00 PM,"(UTC-07:00) Arizona",,,4925416.25,4848430.5,5002402,
PNTM9M2jMkKm3GLHpLiq3J4gE,"","North Campus",Gammage,"W", 09/30/2025 06:00:00 PM,"(UTC-07:00) Arizona",,,4867095.75,4828159,4906032.5,
PNTM9M2jMkKm3GLHpLiq3J4gE,"","North Campus",Gammage,"W", 09/30/2025 06:15:00 PM,"(UTC-07:00) Arizona",,,4818696.25,4803994.5,4833398,
PNTM9M2jMkKm3GLHpLiq3J4gE,"","North Campus",Gammage,"W", 09/30/2025 06:30:00 PM,"(UTC-07:00) Arizona",,,4765927.25,4763149,4768705.5,
PNTM9M2jMkKm3GLHpLiq3J4gE,"","North Campus",Gammage,"W", 09/30/2025 06:45:00 PM,"(UTC-07:00) Arizona",,,4861771,4779229.5,4944312.5,
PNTM9M2jMkKm3GLHpLiq3J4gE,"","North Campus",Gammage,"W", 09/30/2025 07:00:00 PM,"(UTC-07:00) Arizona",,,4708794.75,4706112,4711477.5,
PNTM9M2jMkKm3GLHpLiq3J4gE,"","North Campus",Gammage,"W", 09/30/2025 07:15:00 PM,"(UTC-07:00) Arizona",,,4681973,4681973,4681973,
PNTM9M2jMkKm3GLHpLiq3J4gE,"","North Campus",Gammage,"W", 09/30/2025 07:30:00 PM,"(UTC-07:00) Arizona",,,4572647.25,4549505.5,4595789,
PNTM9M2jMkKm3GLHpLiq3J4gE,"","North Campus",Gammage,"W", 09/30/2025 07:45:00 PM,"(UTC-07:00) Arizona",,,4617931.25,4546903.5,4688959,
PNTM9M2jMkKm3GLHpLiq3J4gE,"","North Campus",Gammage,"W", 09/30/2025 08:00:00 PM,"(UTC-07:00) Arizona",,,4535238.5,4535238.5,4535238.5,
PNTM9M2jMkKm3GLHpLiq3J4gE,"","North Campus",Gammage,"W", 09/30/2025 08:15:00 PM,"(UTC-07:00) Arizona",,,4329020.833333333,4300950,4377507,
PNTM9M2jMkKm3GLHpLiq3J4gE,"","North Campus",Gammage,"W", 09/30/2025 08:30:00 PM,"(UTC-07:00) Arizona",,,4241952,4222327,4261577,
PNTM9M2jMkKm3GLHpLiq3J4gE,"","North Campus",Gammage,"W", 09/30/2025 08:45:00 PM,"(UTC-07:00) Arizona",,,4261225.5,4243438.5,4279012.5,
PNTM9M2jMkKm3GLHpLiq3J4gE,"","North Campus",Gammage,"W", 09/30/2025 09:00:00 PM,"(UTC-07:00) Arizona",,,4202837.9,4193241.8,4212434,
PNTM9M2jMkKm3GLHpLiq3J4gE,"","North Campus",Gammage,"W", 09/30/2025 09:15:00 PM,"(UTC-07:00) Arizona",,,4169169,4169169,4169169,
PNTM9M2jMkKm3GLHpLiq3J4gE,"","North Campus",Gammage,"W", 09/30/2025 09:30:00 PM,"(UTC-07:00) Arizona",,,4108876.35,4076173.2,4141579.5,
PNTM9M2jMkKm3GLHpLiq3J4gE,"","North Campus",Gammage,"W", 09/30/2025 09:45:00 PM,"(UTC-07:00) Arizona",,,4095617.8,4095617.8,4095617.8,
PNTM9M2jMkKm3GLHpLiq3J4gE,"","North Campus",Gammage,"W", 09/30/2025 10:00:00 PM,"(UTC-07:00) Arizona",,,4064369.15,4052202.8,4076535.5,
PNTM9M2jMkKm3GLHpLiq3J4gE,"","North Campus",Gammage,"W", 09/30/2025 10:15:00 PM,"(UTC-07:00) Arizona",,,4007705.5,4007705.5,4007705.5,
PNTM9M2jMkKm3GLHpLiq3J4gE,"","North Campus",Gammage,"W", 09/30/2025 10:30:00 PM,"(UTC-07:00) Arizona",,,3995054.4,3986059.8,4004049,
PNTM9M2jMkKm3GLHpLiq3J4gE,"","North Campus",Gammage,"W", 09/30/2025 10:45:00 PM,"(UTC-07:00) Arizona",,,3982385.4,3959791.8,4004979,
PNTM9M2jMkKm3GLHpLiq3J4gE,"","North Campus",Gammage,"W", 09/30/2025 11:00:00 PM,"(UTC-07:00) Arizona",,,3780691.266666667,3723695.8,3844544,
PNTM9M2jMkKm3GLHpLiq3J4gE,"","North Campus",Gammage,"W", 09/30/2025 11:15:00 PM,"(UTC-07:00) Arizona",,,3695420.75,3680414.5,3710427,
PNTM9M2jMkKm3GLHpLiq3J4gE,"","North Campus",Gammage,"W", 09/30/2025 11:30:00 PM,"(UTC-07:00) Arizona",,,3636898.5,3621128.2,3652668.8,
PNTM9M2jMkKm3GLHpLiq3J4gE,"","North Campus",Gammage,"W", 09/30/2025 11:45:00 PM,"(UTC-07:00) Arizona",,,3608190.35,3599419.5,3616961.2,
PNTM9M2jMkKm3GLHpLiq3J4gE,"","North Campus",Gammage,"W", 10/01/2025 12:00:00 AM,"(UTC-07:00) Arizona",,,3589297.8,3589297.8,3589297.8,
PNTM9M2jMkKm3GLHpLiq3J4gE,"","North Campus",Gammage,"W", 10/01/2025 12:15:00 AM,"(UTC-07:00) Arizona",,,3570799.4,3557429.8,3584169,
PNTM9M2jMkKm3GLHpLiq3J4gE,"","North Campus",Gammage,"W", 10/01/2025 12:30:00 AM,"(UTC-07:00) Arizona",,,3566276.85,3541978.5,3590575.2,
PNTM9M2jMkKm3GLHpLiq3J4gE,"","North Campus",Gammage,"W", 10/01/2025 12:45:00 AM,"(UTC-07:00) Arizona",,,3525807.4333333336,3496141.5,3550506.8,
PNTM9M2jMkKm3GLHpLiq3J4gE,"","North Campus",Gammage,"W", 10/01/2025 01:00:00 AM,"(UTC-07:00) Arizona",,,3460005.4,3427188.8,3492822,
PNTM9M2jMkKm3GLHpLiq3J4gE,"","North Campus",Gammage,"W", 10/01/2025 01:15:00 AM,"(UTC-07:00) Arizona",,,3456486,3456486,3456486,
PNTM9M2jMkKm3GLHpLiq3J4gE,"","North Campus",Gammage,"W", 10/01/2025 01:30:00 AM,"(UTC-07:00) Arizona",,,3394674.1,3384165.2,3405183,
PNTM9M2jMkKm3GLHpLiq3J4gE,"","North Campus",Gammage,"W", 10/01/2025 01:45:00 AM,"(UTC-07:00) Arizona",,,3378864.5,3378864.5,3378864.5,
PNTM9M2jMkKm3GLHpLiq3J4gE,"","North Campus",Gammage,"W", 10/01/2025 02:00:00 AM,"(UTC-07:00) Arizona",,,3376926.25,3374599.5,3379253,
PNTM9M2jMkKm3GLHpLiq3J4gE,"","North Campus",Gammage,"W", 10/01/2025 02:15:00 AM,"(UTC-07:00) Arizona",,,3406363,3390388.8,3422337.2,
PNTM9M2jMkKm3GLHpLiq3J4gE,"","North Campus",Gammage,"W", 10/01/2025 02:30:00 AM,"(UTC-07:00) Arizona",,,3365709.9,3363301,3368118.8,
PNTM9M2jMkKm3GLHpLiq3J4gE,"","North Campus",Gammage,"W", 10/01/2025 02:45:00 AM,"(UTC-07:00) Arizona",,,3333163.6,3318546.8,3349498.2,
PNTM9M2jMkKm3GLHpLiq3J4gE,"","North Campus",Gammage,"W", 10/01/2025 03:00:00 AM,"(UTC-07:00) Arizona",,,3375992,3375992,3375992,
PNTM9M2jMkKm3GLHpLiq3J4gE,"","North Campus",Gammage,"W", 10/01/2025 03:15:00 AM,"(UTC-07:00) Arizona",,,3438943.1,3413772.2,3464114,
PNTM9M2jMkKm3GLHpLiq3J4gE,"","North Campus",Gammage,"W", 10/01/2025 03:45:00 AM,"(UTC-07:00) Arizona",,,3420867.5,3397871.2,3443863.8,
PNTM9M2jMkKm3GLHpLiq3J4gE,"","North Campus",Gammage,"W", 10/01/2025 04:00:00 AM,"(UTC-07:00) Arizona",,,3478816.2,3478816.2,3478816.2,
PNTM9M2jMkKm3GLHpLiq3J4gE,"","North Campus",Gammage,"W", 10/01/2025 04:15:00 AM,"(UTC-07:00) Arizona",,,3538090.8,3538090.8,3538090.8,
PNTM9M2jMkKm3GLHpLiq3J4gE,"","North Campus",Gammage,"W", 10/01/2025 04:30:00 AM,"(UTC-07:00) Arizona",,,3525932.8,3525932.8,3525932.8,
PNTM9M2jMkKm3GLHpLiq3J4gE,"","North Campus",Gammage,"W", 10/01/2025 04:45:00 AM,"(UTC-07:00) Arizona",,,3569345.9,3563042.8,3575649,
PNTM9M2jMkKm3GLHpLiq3J4gE,"","North Campus",Gammage,"W", 10/01/2025 05:00:00 AM,"(UTC-07:00) Arizona",,,3608616.5,3608616.5,3608616.5,
PNTM9M2jMkKm3GLHpLiq3J4gE,"","North Campus",Gammage,"W", 10/01/2025 05:15:00 AM,"(UTC-07:00) Arizona",,,3585284.75,3529914,3640655.5,
PNTM9M2jMkKm3GLHpLiq3J4gE,"","North Campus",Gammage,"W", 10/01/2025 05:30:00 AM,"(UTC-07:00) Arizona",,,3626301.8,3626301.8,3626301.8,
PNTM9M2jMkKm3GLHpLiq3J4gE,"","North Campus",Gammage,"W", 10/01/2025 05:45:00 AM,"(UTC-07:00) Arizona",,,3678944.6,3660234,3697655.2,
PNTM9M2jMkKm3GLHpLiq3J4gE,"","North Campus",Gammage,"W", 10/01/2025 06:00:00 AM,"(UTC-07:00) Arizona",,,3720460.5,3720460.5,3720460.5,
PNTM9M2jMkKm3GLHpLiq3J4gE,"","North Campus",Gammage,"W", 10/01/2025 06:15:00 AM,"(UTC-07:00) Arizona",,,3787708.6,3776247.2,3799170,
PNTM9M2jMkKm3GLHpLiq3J4gE,"","North Campus",Gammage,"W", 10/01/2025 06:30:00 AM,"(UTC-07:00) Arizona",,,3767554.8,3767554.8,3767554.8,
PNTM9M2jMkKm3GLHpLiq3J4gE,"","North Campus",Gammage,"W", 10/01/2025 07:00:00 AM,"(UTC-07:00) Arizona",,,3915274.1,3896075,3934473.2,
PNTM9M2jMkKm3GLHpLiq3J4gE,"","North Campus",Gammage,"W", 10/01/2025 07:15:00 AM,"(UTC-07:00) Arizona",,,4044554,4044554,4044554,
PNTM9M2jMkKm3GLHpLiq3J4gE,"","North Campus",Gammage,"W", 10/01/2025 07:30:00 AM,"(UTC-07:00) Arizona",,,3995885.2,3995885.2,3995885.2,
PNTM9M2jMkKm3GLHpLiq3J4gE,"","North Campus",Gammage,"W", 10/01/2025 07:45:00 AM,"(UTC-07:00) Arizona",,,4089169.5,4060602.5,4117736.5,
PNTM9M2jMkKm3GLHpLiq3J4gE,"","North Campus",Gammage,"W", 10/01/2025 08:00:00 AM,"(UTC-07:00) Arizona",,,4326875.5,4326875.5,4326875.5,
PNTM9M2jMkKm3GLHpLiq3J4gE,"","North Campus",Gammage,"W", 10/01/2025 08:15:00 AM,"(UTC-07:00) Arizona",,,4356594,4354251,4358937,
PNTM9M2jMkKm3GLHpLiq3J4gE,"","North Campus",Gammage,"W", 10/01/2025 08:30:00 AM,"(UTC-07:00) Arizona",,,4360413,4360413,4360413,
PNTM9M2jMkKm3GLHpLiq3J4gE,"","North Campus",Gammage,"W", 10/01/2025 08:45:00 AM,"(UTC-07:00) Arizona",,,4435891,4435891,4435891,
PNTM9M2jMkKm3GLHpLiq3J4gE,"","North Campus",Gammage,"W", 10/01/2025 09:00:00 AM,"(UTC-07:00) Arizona",,,4498058,4489961,4506155,
PNTM9M2jMkKm3GLHpLiq3J4gE,"","North Campus",Gammage,"W", 10/01/2025 09:15:00 AM,"(UTC-07:00) Arizona",,,4462016,4462016,4462016,
PNTM9M2jMkKm3GLHpLiq3J4gE,"","North Campus",Gammage,"W", 10/01/2025 09:30:00 AM,"(UTC-07:00) Arizona",,,4603940.5,4603940.5,4603940.5,
PNTM9M2jMkKm3GLHpLiq3J4gE,"","North Campus",Gammage,"W", 10/01/2025 09:45:00 AM,"(UTC-07:00) Arizona",,,4666466.75,4555421.5,4777512,
PNTM9M2jMkKm3GLHpLiq3J4gE,"","North Campus",Gammage,"W", 10/01/2025 10:00:00 AM,"(UTC-07:00) Arizona",,,4720643.5,4720643.5,4720643.5,
PNTM9M2jMkKm3GLHpLiq3J4gE,"","North Campus",Gammage,"W", 10/01/2025 10:15:00 AM,"(UTC-07:00) Arizona",,,4693717,4693717,4693717,
PNTM9M2jMkKm3GLHpLiq3J4gE,"","North Campus",Gammage,"W", 10/01/2025 10:30:00 AM,"(UTC-07:00) Arizona",,,4638327,4638327,4638327,
PNTM9M2jMkKm3GLHpLiq3J4gE,"","North Campus",Gammage,"W", 10/01/2025 10:45:00 AM,"(UTC-07:00) Arizona",,,4825256.25,4765962.5,4884550,
PNTM9M2jMkKm3GLHpLiq3J4gE,"","North Campus",Gammage,"W", 10/01/2025 11:00:00 AM,"(UTC-07:00) Arizona",,,4833590.5,4833590.5,4833590.5,
PNTM9M2jMkKm3GLHpLiq3J4gE,"","North Campus",Gammage,"W", 10/01/2025 11:15:00 AM,"(UTC-07:00) Arizona",,,4868381,4868381,4868381,
PNTM9M2jMkKm3GLHpLiq3J4gE,"","North Campus",Gammage,"W", 10/01/2025 11:30:00 AM,"(UTC-07:00) Arizona",,,4798774.5,4798774.5,4798774.5,
PNTM9M2jMkKm3GLHpLiq3J4gE,"","North Campus",Gammage,"W", 10/01/2025 11:45:00 AM,"(UTC-07:00) Arizona",,,4840128.75,4825522.5,4854735,
PNTM9M2jMkKm3GLHpLiq3J4gE,"","North Campus",Gammage,"W", 10/01/2025 12:15:00 PM,"(UTC-07:00) Arizona",,,4908764,4908764,4908764,
PNTM9M2jMkKm3GLHpLiq3J4gE,"","North Campus",Gammage,"W", 10/01/2025 12:30:00 PM,"(UTC-07:00) Arizona",,,4927002,4927002,4927002,
PNTM9M2jMkKm3GLHpLiq3J4gE,"","North Campus",Gammage,"W", 10/01/2025 12:45:00 PM,"(UTC-07:00) Arizona",,,4938597.5,4911160.5,4966034.5,
PNTM9M2jMkKm3GLHpLiq3J4gE,"","North Campus",Gammage,"W", 10/01/2025 01:00:00 PM,"(UTC-07:00) Arizona",,,4805875.5,4805875.5,4805875.5,
PNTM9M2jMkKm3GLHpLiq3J4gE,"","North Campus",Gammage,"W", 10/01/2025 01:15:00 PM,"(UTC-07:00) Arizona",,,4894068.5,4873449,4914688,
PNTM9M2jMkKm3GLHpLiq3J4gE,"","North Campus",Gammage,"W", 10/01/2025 01:30:00 PM,"(UTC-07:00) Arizona",,,4976495,4976495,4976495,
PNTM9M2jMkKm3GLHpLiq3J4gE,"","North Campus",Gammage,"W", 10/01/2025 01:45:00 PM,"(UTC-07:00) Arizona",,,4944486.5,4944486.5,4944486.5,
PNTM9M2jMkKm3GLHpLiq3J4gE,"","North Campus",Gammage,"W", 10/01/2025 02:00:00 PM,"(UTC-07:00) Arizona",,,4926460.5,4926460.5,4926460.5,
PNTM9M2jMkKm3GLHpLiq3J4gE,"","North Campus",Gammage,"W", 10/01/2025 02:15:00 PM,"(UTC-07:00) Arizona",,,4889360.5,4889360.5,4889360.5,
PNTM9M2jMkKm3GLHpLiq3J4gE,"","North Campus",Gammage,"W", 10/01/2025 02:30:00 PM,"(UTC-07:00) Arizona",,,4809770.5,4668396,4951145,
PNTM9M2jMkKm3GLHpLiq3J4gE,"","North Campus",Gammage,"W", 10/01/2025 02:45:00 PM,"(UTC-07:00) Arizona",,,4857944,4857944,4857944,
PNTM9M2jMkKm3GLHpLiq3J4gE,"","North Campus",Gammage,"W", 10/01/2025 03:00:00 PM,"(UTC-07:00) Arizona",,,5045659.5,4993669,5097650,
PNTM9M2jMkKm3GLHpLiq3J4gE,"","North Campus",Gammage,"W", 10/01/2025 03:15:00 PM,"(UTC-07:00) Arizona",,,5124875,5124875,5124875,
PNTM9M2jMkKm3GLHpLiq3J4gE,"","North Campus",Gammage,"W", 10/01/2025 03:30:00 PM,"(UTC-07:00) Arizona",,,5159178.5,5159178.5,5159178.5,
PNTM9M2jMkKm3GLHpLiq3J4gE,"","North Campus",Gammage,"W", 10/01/2025 03:45:00 PM,"(UTC-07:00) Arizona",,,5210846.5,5210846.5,5210846.5,
PNTM9M2jMkKm3GLHpLiq3J4gE,"","North Campus",Gammage,"W", 10/01/2025 04:00:00 PM,"(UTC-07:00) Arizona",,,5222458.5,5222458.5,5222458.5,
PNTM9M2jMkKm3GLHpLiq3J4gE,"","North Campus",Gammage,"W", 10/01/2025 04:15:00 PM,"(UTC-07:00) Arizona",,,5120543,5120543,5120543,
PNTM9M2jMkKm3GLHpLiq3J4gE,"","North Campus",Gammage,"W", 10/01/2025 04:30:00 PM,"(UTC-07:00) Arizona",,,5274109.5,5274109.5,5274109.5,
PNTM9M2jMkKm3GLHpLiq3J4gE,"","North Campus",Gammage,"W", 10/01/2025 04:45:00 PM,"(UTC-07:00) Arizona",,,5245347,5189018,5301676,
PNTM9M2jMkKm3GLHpLiq3J4gE,"","North Campus",Gammage,"W", 10/01/2025 05:00:00 PM,"(UTC-07:00) Arizona",,,5133190.5,5133190.5,5133190.5,
PNTM9M2jMkKm3GLHpLiq3J4gE,"","North Campus",Gammage,"W", 10/01/2025 05:15:00 PM,"(UTC-07:00) Arizona",,,5044278,5044278,5044278,
PNTM9M2jMkKm3GLHpLiq3J4gE,"","North Campus",Gammage,"W", 10/01/2025 05:30:00 PM,"(UTC-07:00) Arizona",,,5061597.5,5061597.5,5061597.5,
PNTM9M2jMkKm3GLHpLiq3J4gE,"","North Campus",Gammage,"W", 10/01/2025 06:00:00 PM,"(UTC-07:00) Arizona",,,4856498,4856498,4856498,
PNTM9M2jMkKm3GLHpLiq3J4gE,"","North Campus",Gammage,"W", 10/01/2025 06:15:00 PM,"(UTC-07:00) Arizona",,,4730016.5,4730016.5,4730016.5,
PNTM9M2jMkKm3GLHpLiq3J4gE,"","North Campus",Gammage,"W", 10/01/2025 06:30:00 PM,"(UTC-07:00) Arizona",,,4733662.5,4709777,4757548,
PNTM9M2jMkKm3GLHpLiq3J4gE,"","North Campus",Gammage,"W", 10/01/2025 06:45:00 PM,"(UTC-07:00) Arizona",,,4702832,4641977.5,4763686.5,
PNTM9M2jMkKm3GLHpLiq3J4gE,"","North Campus",Gammage,"W", 10/01/2025 07:00:00 PM,"(UTC-07:00) Arizona",,,4590524,4590524,4590524,
PNTM9M2jMkKm3GLHpLiq3J4gE,"","North Campus",Gammage,"W", 10/01/2025 07:15:00 PM,"(UTC-07:00) Arizona",,,4577239,4577239,4577239,
PNTM9M2jMkKm3GLHpLiq3J4gE,"","North Campus",Gammage,"W", 10/01/2025 07:30:00 PM,"(UTC-07:00) Arizona",,,4497969.5,4497969.5,4497969.5,
PNTM9M2jMkKm3GLHpLiq3J4gE,"","North Campus",Gammage,"W", 10/01/2025 07:45:00 PM,"(UTC-07:00) Arizona",,,4458380.5,4458380.5,4458380.5,
PNTM9M2jMkKm3GLHpLiq3J4gE,"","North Campus",Gammage,"W", 10/01/2025 08:00:00 PM,"(UTC-07:00) Arizona",,,4419327.5,4419327.5,4419327.5,
PNTM9M2jMkKm3GLHpLiq3J4gE,"","North Campus",Gammage,"W", 10/01/2025 08:15:00 PM,"(UTC-07:00) Arizona",,,4380104.5,4380104.5,4380104.5,
PNTM9M2jMkKm3GLHpLiq3J4gE,"","North Campus",Gammage,"W", 10/01/2025 08:30:00 PM,"(UTC-07:00) Arizona",,,4332726,4312830,4352622,
PNTM9M2jMkKm3GLHpLiq3J4gE,"","North Campus",Gammage,"W", 10/01/2025 08:45:00 PM,"(UTC-07:00) Arizona",,,4356870,4356870,4356870,
PNTM9M2jMkKm3GLHpLiq3J4gE,"","North Campus",Gammage,"W", 10/01/2025 09:00:00 PM,"(UTC-07:00) Arizona",,,4216375,4216375,4216375,
PNTM9M2jMkKm3GLHpLiq3J4gE,"","North Campus",Gammage,"W", 10/01/2025 09:15:00 PM,"(UTC-07:00) Arizona",,,4228505.85,4186003.2,4271008.5,
PNTM9M2jMkKm3GLHpLiq3J4gE,"","North Campus",Gammage,"W", 10/01/2025 09:30:00 PM,"(UTC-07:00) Arizona",,,4121201,4121201,4121201,
PNTM9M2jMkKm3GLHpLiq3J4gE,"","North Campus",Gammage,"W", 10/01/2025 09:45:00 PM,"(UTC-07:00) Arizona",,,4129885,4129885,4129885,
PNTM9M2jMkKm3GLHpLiq3J4gE,"","North Campus",Gammage,"W", 10/01/2025 10:00:00 PM,"(UTC-07:00) Arizona",,,4063586.2,4063586.2,4063586.2,
PNTM9M2jMkKm3GLHpLiq3J4gE,"","North Campus",Gammage,"W", 10/01/2025 10:15:00 PM,"(UTC-07:00) Arizona",,,4013789.5,3992649.8,4034929.2,
PNTM9M2jMkKm3GLHpLiq3J4gE,"","North Campus",Gammage,"W", 10/01/2025 10:30:00 PM,"(UTC-07:00) Arizona",,,3949593.5,3949593.5,3949593.5,
PNTM9M2jMkKm3GLHpLiq3J4gE,"","North Campus",Gammage,"W", 10/01/2025 10:45:00 PM,"(UTC-07:00) Arizona",,,3873302.5,3873302.5,3873302.5,
PNTM9M2jMkKm3GLHpLiq3J4gE,"","North Campus",Gammage,"W", 10/01/2025 11:00:00 PM,"(UTC-07:00) Arizona",,,3746783,3734607.8,3758958.2,
PNTM9M2jMkKm3GLHpLiq3J4gE,"","North Campus",Gammage,"W", 10/01/2025 11:15:00 PM,"(UTC-07:00) Arizona",,,3757894,3757894,3757894,
PNTM9M2jMkKm3GLHpLiq3J4gE,"","North Campus",Gammage,"W", 10/01/2025 11:30:00 PM,"(UTC-07:00) Arizona",,,3677527.5,3677527.5,3677527.5,
PNTM9M2jMkKm3GLHpLiq3J4gE,"","North Campus",Gammage,"W", 10/01/2025 11:45:00 PM,"(UTC-07:00) Arizona",,,3641827,3639516,3644138,
PNTM9M2jMkKm3GLHpLiq3J4gE,"","North Campus",Gammage,"W", 10/02/2025 12:00:00 AM,"(UTC-07:00) Arizona",,,3574721.5,3574721.5,3574721.5,
PNTM9M2jMkKm3GLHpLiq3J4gE,"","North Campus",Gammage,"W", 10/02/2025 12:15:00 AM,"(UTC-07:00) Arizona",,,3574081.8,3574081.8,3574081.8,
PNTM9M2jMkKm3GLHpLiq3J4gE,"","North Campus",Gammage,"W", 10/02/2025 12:30:00 AM,"(UTC-07:00) Arizona",,,3602364.7,3596053.2,3608676.2,
PNTM9M2jMkKm3GLHpLiq3J4gE,"","North Campus",Gammage,"W", 10/02/2025 12:45:00 AM,"(UTC-07:00) Arizona",,,3563357.5,3563357.5,3563357.5,
PNTM9M2jMkKm3GLHpLiq3J4gE,"","North Campus",Gammage,"W", 10/02/2025 01:00:00 AM,"(UTC-07:00) Arizona",,,3539971,3539971,3539971,
PNTM9M2jMkKm3GLHpLiq3J4gE,"","North Campus",Gammage,"W", 10/02/2025 01:15:00 AM,"(UTC-07:00) Arizona",,,3475758.4,3472715,3478801.8,
PNTM9M2jMkKm3GLHpLiq3J4gE,"","North Campus",Gammage,"W", 10/02/2025 01:30:00 AM,"(UTC-07:00) Arizona",,,3400056.5,3400056.5,3400056.5,
PNTM9M2jMkKm3GLHpLiq3J4gE,"","North Campus",Gammage,"W", 10/02/2025 01:45:00 AM,"(UTC-07:00) Arizona",,,3440359.5,3440359.5,3440359.5,
PNTM9M2jMkKm3GLHpLiq3J4gE,"","North Campus",Gammage,"W", 10/02/2025 02:00:00 AM,"(UTC-07:00) Arizona",,,3403927.2,3403927.2,3403927.2,
PNTM9M2jMkKm3GLHpLiq3J4gE,"","North Campus",Gammage,"W", 10/02/2025 02:15:00 AM,"(UTC-07:00) Arizona",,,3405544.65,3390540.8,3420548.5,
PNTM9M2jMkKm3GLHpLiq3J4gE,"","North Campus",Gammage,"W", 10/02/2025 02:30:00 AM,"(UTC-07:00) Arizona",,,3408958.2,3408958.2,3408958.2,
PNTM9M2jMkKm3GLHpLiq3J4gE,"","North Campus",Gammage,"W", 10/02/2025 02:45:00 AM,"(UTC-07:00) Arizona",,,3400331,3382445.2,3418216.8,
PNTM9M2jMkKm3GLHpLiq3J4gE,"","North Campus",Gammage,"W", 10/02/2025 03:00:00 AM,"(UTC-07:00) Arizona",,,3406803.5,3399026,3414581,
PNTM9M2jMkKm3GLHpLiq3J4gE,"","North Campus",Gammage,"W", 10/02/2025 03:15:00 AM,"(UTC-07:00) Arizona",,,3432464.2,3415702.2,3449226.2,
PNTM9M2jMkKm3GLHpLiq3J4gE,"","North Campus",Gammage,"W", 10/02/2025 03:30:00 AM,"(UTC-07:00) Arizona",,,3406958.85,3405596.5,3408321.2,
PNTM9M2jMkKm3GLHpLiq3J4gE,"","North Campus",Gammage,"W", 10/02/2025 03:45:00 AM,"(UTC-07:00) Arizona",,,3439646,3429185,3452843.5,
PNTM9M2jMkKm3GLHpLiq3J4gE,"","North Campus",Gammage,"W", 10/02/2025 04:00:00 AM,"(UTC-07:00) Arizona",,,3512593.9,3502753.8,3522434,
PNTM9M2jMkKm3GLHpLiq3J4gE,"","North Campus",Gammage,"W", 10/02/2025 04:15:00 AM,"(UTC-07:00) Arizona",,,3553643.85,3537232.2,3570055.5,
PNTM9M2jMkKm3GLHpLiq3J4gE,"","North Campus",Gammage,"W", 10/02/2025 04:30:00 AM,"(UTC-07:00) Arizona",,,3588810.35,3586161.2,3591459.5,
PNTM9M2jMkKm3GLHpLiq3J4gE,"","North Campus",Gammage,"W", 10/02/2025 04:45:00 AM,"(UTC-07:00) Arizona",,,3557506.1,3544653.2,3570359,
PNTM9M2jMkKm3GLHpLiq3J4gE,"","North Campus",Gammage,"W", 10/02/2025 05:00:00 AM,"(UTC-07:00) Arizona",,,3603196.3,3573982.8,3632409.8,
PNTM9M2jMkKm3GLHpLiq3J4gE,"","North Campus",Gammage,"W", 10/02/2025 05:15:00 AM,"(UTC-07:00) Arizona",,,3611544.35,3608777.5,3614311.2,
PNTM9M2jMkKm3GLHpLiq3J4gE,"","North Campus",Gammage,"W", 10/02/2025 05:30:00 AM,"(UTC-07:00) Arizona",,,3627629.2000000007,3607875.2,3643758.2,
PNTM9M2jMkKm3GLHpLiq3J4gE,"","North Campus",Gammage,"W", 10/02/2025 05:45:00 AM,"(UTC-07:00) Arizona",,,3695889.5,3695889.5,3695889.5,
PNTM9M2jMkKm3GLHpLiq3J4gE,"","North Campus",Gammage,"W", 10/02/2025 06:00:00 AM,"(UTC-07:00) Arizona",,,3760451.2,3760451.2,3760451.2,
PNTM9M2jMkKm3GLHpLiq3J4gE,"","North Campus",Gammage,"W", 10/02/2025 06:15:00 AM,"(UTC-07:00) Arizona",,,3802563.3333333335,3773824,3842623.2,
PNTM9M2jMkKm3GLHpLiq3J4gE,"","North Campus",Gammage,"W", 10/02/2025 06:30:00 AM,"(UTC-07:00) Arizona",,,3761121.85,3751221.5,3771022.2,
PNTM9M2jMkKm3GLHpLiq3J4gE,"","North Campus",Gammage,"W", 10/02/2025 06:45:00 AM,"(UTC-07:00) Arizona",,,3852645.25,3845425,3859865.5,
PNTM9M2jMkKm3GLHpLiq3J4gE,"","North Campus",Gammage,"W", 10/02/2025 07:00:00 AM,"(UTC-07:00) Arizona",,,3890189,3867175.5,3913202.5,
PNTM9M2jMkKm3GLHpLiq3J4gE,"","North Campus",Gammage,"W", 10/02/2025 07:15:00 AM,"(UTC-07:00) Arizona",,,3977503.266666667,3925039,4066398,
PNTM9M2jMkKm3GLHpLiq3J4gE,"","North Campus",Gammage,"W", 10/02/2025 07:30:00 AM,"(UTC-07:00) Arizona",,,4016987.6,3982386.5,4081183.5,
PNTM9M2jMkKm3GLHpLiq3J4gE,"","North Campus",Gammage,"W", 10/02/2025 07:45:00 AM,"(UTC-07:00) Arizona",,,4111867.15,4074351.5,4149382.8,
PNTM9M2jMkKm3GLHpLiq3J4gE,"","North Campus",Gammage,"W", 10/02/2025 08:00:00 AM,"(UTC-07:00) Arizona",,,4266425.75,4224645,4308206.5,
PNTM9M2jMkKm3GLHpLiq3J4gE,"","North Campus",Gammage,"W", 10/02/2025 08:15:00 AM,"(UTC-07:00) Arizona",,,4327891,4324360.5,4331421.5,
PNTM9M2jMkKm3GLHpLiq3J4gE,"","North Campus",Gammage,"W", 10/02/2025 08:30:00 AM,"(UTC-07:00) Arizona",,,4370369.5,4370369.5,4370369.5,
PNTM9M2jMkKm3GLHpLiq3J4gE,"","North Campus",Gammage,"W", 10/02/2025 08:45:00 AM,"(UTC-07:00) Arizona",,,4487123.333333333,4443578,4550923.5,
PNTM9M2jMkKm3GLHpLiq3J4gE,"","North Campus",Gammage,"W", 10/02/2025 09:00:00 AM,"(UTC-07:00) Arizona",,,4528731.75,4489531.5,4567932,
PNTM9M2jMkKm3GLHpLiq3J4gE,"","North Campus",Gammage,"W", 10/02/2025 09:15:00 AM,"(UTC-07:00) Arizona",,,4667770.75,4623039.5,4712502,
PNTM9M2jMkKm3GLHpLiq3J4gE,"","North Campus",Gammage,"W", 10/02/2025 09:30:00 AM,"(UTC-07:00) Arizona",,,4761658.5,4749399,4773918,
PNTM9M2jMkKm3GLHpLiq3J4gE,"","North Campus",Gammage,"W", 10/02/2025 09:45:00 AM,"(UTC-07:00) Arizona",,,4749866.5,4748704,4751029,
PNTM9M2jMkKm3GLHpLiq3J4gE,"","North Campus",Gammage,"W", 10/02/2025 10:00:00 AM,"(UTC-07:00) Arizona",,,4864985.5,4802091.5,4927879.5,
PNTM9M2jMkKm3GLHpLiq3J4gE,"","North Campus",Gammage,"W", 10/02/2025 10:15:00 AM,"(UTC-07:00) Arizona",,,4860967.5,4855665.5,4866269.5,
PNTM9M2jMkKm3GLHpLiq3J4gE,"","North Campus",Gammage,"W", 10/02/2025 10:30:00 AM,"(UTC-07:00) Arizona",,,4987960.333333333,4966308.5,5000274,
PNTM9M2jMkKm3GLHpLiq3J4gE,"","North Campus",Gammage,"W", 10/02/2025 10:45:00 AM,"(UTC-07:00) Arizona",,,4912833,4704756.5,5120909.5,
PNTM9M2jMkKm3GLHpLiq3J4gE,"","North Campus",Gammage,"W", 10/02/2025 11:00:00 AM,"(UTC-07:00) Arizona",,,4851323.5,4851323.5,4851323.5,
PNTM9M2jMkKm3GLHpLiq3J4gE,"","North Campus",Gammage,"W", 10/02/2025 11:15:00 AM,"(UTC-07:00) Arizona",,,4729362.25,4695547.5,4763177,
PNTM9M2jMkKm3GLHpLiq3J4gE,"","North Campus",Gammage,"W", 10/02/2025 11:30:00 AM,"(UTC-07:00) Arizona",,,5001042.75,4995010,5007075.5,
PNTM9M2jMkKm3GLHpLiq3J4gE,"","North Campus",Gammage,"W", 10/02/2025 11:45:00 AM,"(UTC-07:00) Arizona",,,5069751,5041583,5097919,
PNTM9M2jMkKm3GLHpLiq3J4gE,"","North Campus",Gammage,"W", 10/02/2025 12:00:00 PM,"(UTC-07:00) Arizona",,,5017732,5017732,5017732,
PNTM9M2jMkKm3GLHpLiq3J4gE,"","North Campus",Gammage,"W", 10/02/2025 12:15:00 PM,"(UTC-07:00) Arizona",,,5114703.25,5097930.5,5131476,
PNTM9M2jMkKm3GLHpLiq3J4gE,"","North Campus",Gammage,"W", 10/02/2025 12:30:00 PM,"(UTC-07:00) Arizona",,,5088422.166666667,5065910.5,5122826,
PNTM9M2jMkKm3GLHpLiq3J4gE,"","North Campus",Gammage,"W", 10/02/2025 12:45:00 PM,"(UTC-07:00) Arizona",,,5007571.25,4960759.5,5054383,
PNTM9M2jMkKm3GLHpLiq3J4gE,"","North Campus",Gammage,"W", 10/02/2025 01:00:00 PM,"(UTC-07:00) Arizona",,,5079404,5034220,5124588,
PNTM9M2jMkKm3GLHpLiq3J4gE,"","North Campus",Gammage,"W", 10/02/2025 01:15:00 PM,"(UTC-07:00) Arizona",,,5053770.5,5053770.5,5053770.5,
PNTM9M2jMkKm3GLHpLiq3J4gE,"","North Campus",Gammage,"W", 10/02/2025 01:30:00 PM,"(UTC-07:00) Arizona",,,4890687,4763191,5042607,
PNTM9M2jMkKm3GLHpLiq3J4gE,"","North Campus",Gammage,"W", 10/02/2025 01:45:00 PM,"(UTC-07:00) Arizona",,,4973803.75,4897191.5,5050416,
PNTM9M2jMkKm3GLHpLiq3J4gE,"","North Campus",Gammage,"W", 10/02/2025 02:00:00 PM,"(UTC-07:00) Arizona",,,5093825.25,5025575,5162075.5,
PNTM9M2jMkKm3GLHpLiq3J4gE,"","North Campus",Gammage,"W", 10/02/2025 02:15:00 PM,"(UTC-07:00) Arizona",,,5105036.5,5077999.5,5132073.5,
PNTM9M2jMkKm3GLHpLiq3J4gE,"","North Campus",Gammage,"W", 10/02/2025 02:30:00 PM,"(UTC-07:00) Arizona",,,5131071.75,5126981,5135162.5,
PNTM9M2jMkKm3GLHpLiq3J4gE,"","North Campus",Gammage,"W", 10/02/2025 02:45:00 PM,"(UTC-07:00) Arizona",,,5183350.333333333,5139502.5,5205486,
PNTM9M2jMkKm3GLHpLiq3J4gE,"","North Campus",Gammage,"W", 10/02/2025 03:00:00 PM,"(UTC-07:00) Arizona",,,5237277.25,5207239.5,5267315,
PNTM9M2jMkKm3GLHpLiq3J4gE,"","North Campus",Gammage,"W", 10/02/2025 03:15:00 PM,"(UTC-07:00) Arizona",,,5206890,5206890,5206890,
PNTM9M2jMkKm3GLHpLiq3J4gE,"","North Campus",Gammage,"W", 10/02/2025 03:30:00 PM,"(UTC-07:00) Arizona",,,5214595.5,5170685,5258506,
PNTM9M2jMkKm3GLHpLiq3J4gE,"","North Campus",Gammage,"W", 10/02/2025 03:45:00 PM,"(UTC-07:00) Arizona",,,5229203,5229203,5229203,
PNTM9M2jMkKm3GLHpLiq3J4gE,"","North Campus",Gammage,"W", 10/02/2025 04:00:00 PM,"(UTC-07:00) Arizona",,,5256867.5,5239138,5274597,
PNTM9M2jMkKm3GLHpLiq3J4gE,"","North Campus",Gammage,"W", 10/02/2025 04:15:00 PM,"(UTC-07:00) Arizona",,,5213276.5,5213276.5,5213276.5,
PNTM9M2jMkKm3GLHpLiq3J4gE,"","North Campus",Gammage,"W", 10/02/2025 04:30:00 PM,"(UTC-07:00) Arizona",,,5313782.75,5276208,5351357.5,
PNTM9M2jMkKm3GLHpLiq3J4gE,"","North Campus",Gammage,"W", 10/02/2025 04:45:00 PM,"(UTC-07:00) Arizona",,,5304511.5,5270306,5338717,
PNTM9M2jMkKm3GLHpLiq3J4gE,"","North Campus",Gammage,"W", 10/02/2025 05:00:00 PM,"(UTC-07:00) Arizona",,,5182820.833333333,5148357.5,5228997.5,
PNTM9M2jMkKm3GLHpLiq3J4gE,"","North Campus",Gammage,"W", 10/02/2025 05:15:00 PM,"(UTC-07:00) Arizona",,,5147870.25,5103758,5191982.5,
PNTM9M2jMkKm3GLHpLiq3J4gE,"","North Campus",Gammage,"W", 10/02/2025 05:30:00 PM,"(UTC-07:00) Arizona",,,5163627.5,5104627,5222628,
PNTM9M2jMkKm3GLHpLiq3J4gE,"","North Campus",Gammage,"W", 10/02/2025 05:45:00 PM,"(UTC-07:00) Arizona",,,5138132,5138132,5138132,
PNTM9M2jMkKm3GLHpLiq3J4gE,"","North Campus",Gammage,"W", 10/02/2025 06:00:00 PM,"(UTC-07:00) Arizona",,,4962812.333333333,4921357,4986612,
PNTM9M2jMkKm3GLHpLiq3J4gE,"","North Campus",Gammage,"W", 10/02/2025 06:15:00 PM,"(UTC-07:00) Arizona",,,5012926.25,4964708.5,5061144,
PNTM9M2jMkKm3GLHpLiq3J4gE,"","North Campus",Gammage,"W", 10/02/2025 06:30:00 PM,"(UTC-07:00) Arizona",,,4925378.5,4925378.5,4925378.5,
PNTM9M2jMkKm3GLHpLiq3J4gE,"","North Campus",Gammage,"W", 10/02/2025 06:45:00 PM,"(UTC-07:00) Arizona",,,4788641,4728394,4848888,
PNTM9M2jMkKm3GLHpLiq3J4gE,"","North Campus",Gammage,"W", 10/02/2025 07:00:00 PM,"(UTC-07:00) Arizona",,,4615449.5,4611625,4619274,
PNTM9M2jMkKm3GLHpLiq3J4gE,"","North Campus",Gammage,"W", 10/02/2025 07:15:00 PM,"(UTC-07:00) Arizona",,,4627644,4578131.5,4677156.5,
PNTM9M2jMkKm3GLHpLiq3J4gE,"","North Campus",Gammage,"W", 10/02/2025 07:30:00 PM,"(UTC-07:00) Arizona",,,4570400.5,4565025.5,4575775.5,
PNTM9M2jMkKm3GLHpLiq3J4gE,"","North Campus",Gammage,"W", 10/02/2025 07:45:00 PM,"(UTC-07:00) Arizona",,,4513453,4513453,4513453,
PNTM9M2jMkKm3GLHpLiq3J4gE,"","North Campus",Gammage,"W", 10/02/2025 08:00:00 PM,"(UTC-07:00) Arizona",,,4402806.25,4358642,4446970.5,
PNTM9M2jMkKm3GLHpLiq3J4gE,"","North Campus",Gammage,"W", 10/02/2025 08:15:00 PM,"(UTC-07:00) Arizona",,,4356189.5,4278950.5,4433428.5,
PNTM9M2jMkKm3GLHpLiq3J4gE,"","North Campus",Gammage,"W", 10/02/2025 08:30:00 PM,"(UTC-07:00) Arizona",,,4299141.25,4295970.5,4302312,
PNTM9M2jMkKm3GLHpLiq3J4gE,"","North Campus",Gammage,"W", 10/02/2025 08:45:00 PM,"(UTC-07:00) Arizona",,,4337014,4337014,4337014,
PNTM9M2jMkKm3GLHpLiq3J4gE,"","North Campus",Gammage,"W", 10/02/2025 09:00:00 PM,"(UTC-07:00) Arizona",,,4193164.85,4153648.2,4232681.5,
PNTM9M2jMkKm3GLHpLiq3J4gE,"","North Campus",Gammage,"W", 10/02/2025 09:15:00 PM,"(UTC-07:00) Arizona",,,4119699.65,4112350.8,4127048.5,
PNTM9M2jMkKm3GLHpLiq3J4gE,"","North Campus",Gammage,"W", 10/02/2025 09:30:00 PM,"(UTC-07:00) Arizona",,,4101950.9,4095377.8,4108524,
PNTM9M2jMkKm3GLHpLiq3J4gE,"","North Campus",Gammage,"W", 10/02/2025 09:45:00 PM,"(UTC-07:00) Arizona",,,4158123,4158123,4158123,
PNTM9M2jMkKm3GLHpLiq3J4gE,"","North Campus",Gammage,"W", 10/02/2025 10:00:00 PM,"(UTC-07:00) Arizona",,,4069828.5,4069099,4070558,
PNTM9M2jMkKm3GLHpLiq3J4gE,"","North Campus",Gammage,"W", 10/02/2025 10:15:00 PM,"(UTC-07:00) Arizona",,,4034974.1,4024672.2,4045276,
PNTM9M2jMkKm3GLHpLiq3J4gE,"","North Campus",Gammage,"W", 10/02/2025 10:30:00 PM,"(UTC-07:00) Arizona",,,4027637.1,3991394.2,4063880,
PNTM9M2jMkKm3GLHpLiq3J4gE,"","North Campus",Gammage,"W", 10/02/2025 10:45:00 PM,"(UTC-07:00) Arizona",,,3946024,3946024,3946024,
PNTM9M2jMkKm3GLHpLiq3J4gE,"","North Campus",Gammage,"W", 10/02/2025 11:00:00 PM,"(UTC-07:00) Arizona",,,3760742,3728148,3816304,
PNTM9M2jMkKm3GLHpLiq3J4gE,"","North Campus",Gammage,"W", 10/02/2025 11:15:00 PM,"(UTC-07:00) Arizona",,,3754633.9,3737454.8,3771813,
PNTM9M2jMkKm3GLHpLiq3J4gE,"","North Campus",Gammage,"W", 10/02/2025 11:30:00 PM,"(UTC-07:00) Arizona",,,3659640.25,3631524,3687756.5,
PNTM9M2jMkKm3GLHpLiq3J4gE,"","North Campus",Gammage,"W", 10/02/2025 11:45:00 PM,"(UTC-07:00) Arizona",,,3624586.8,3624586.8,3624586.8,
PNTM9M2jMkKm3GLHpLiq3J4gE,"","North Campus",Gammage,"W", 10/03/2025 12:00:00 AM,"(UTC-07:00) Arizona",,,3611964.5,3602706.2,3621222.8,
PNTM9M2jMkKm3GLHpLiq3J4gE,"","North Campus",Gammage,"W", 10/03/2025 12:15:00 AM,"(UTC-07:00) Arizona",,,3542296.9,3529365.8,3555228,
PNTM9M2jMkKm3GLHpLiq3J4gE,"","North Campus",Gammage,"W", 10/03/2025 12:30:00 AM,"(UTC-07:00) Arizona",,,3540396,3540396,3540396,
PNTM9M2jMkKm3GLHpLiq3J4gE,"","North Campus",Gammage,"W", 10/03/2025 12:45:00 AM,"(UTC-07:00) Arizona",,,3568596.5,3565714.8,3571478.2,
PNTM9M2jMkKm3GLHpLiq3J4gE,"","North Campus",Gammage,"W", 10/03/2025 01:00:00 AM,"(UTC-07:00) Arizona",,,3493833.2,3493833.2,3493833.2,
PNTM9M2jMkKm3GLHpLiq3J4gE,"","North Campus",Gammage,"W", 10/03/2025 01:15:00 AM,"(UTC-07:00) Arizona",,,3496774.1,3495577.2,3497971,
PNTM9M2jMkKm3GLHpLiq3J4gE,"","North Campus",Gammage,"W", 10/03/2025 01:30:00 AM,"(UTC-07:00) Arizona",,,3537297,3519912.8,3554681.2,
PNTM9M2jMkKm3GLHpLiq3J4gE,"","North Campus",Gammage,"W", 10/03/2025 01:45:00 AM,"(UTC-07:00) Arizona",,,3509289,3509289,3509289,
PNTM9M2jMkKm3GLHpLiq3J4gE,"","North Campus",Gammage,"W", 10/03/2025 02:00:00 AM,"(UTC-07:00) Arizona",,,3452056.9,3448290,3455823.8,
PNTM9M2jMkKm3GLHpLiq3J4gE,"","North Campus",Gammage,"W", 10/03/2025 02:15:00 AM,"(UTC-07:00) Arizona",,,3437758.5,3435326.2,3440190.8,
PNTM9M2jMkKm3GLHpLiq3J4gE,"","North Campus",Gammage,"W", 10/03/2025 02:30:00 AM,"(UTC-07:00) Arizona",,,3426818.8,3426818.8,3426818.8,
PNTM9M2jMkKm3GLHpLiq3J4gE,"","North Campus",Gammage,"W", 10/03/2025 02:45:00 AM,"(UTC-07:00) Arizona",,,3471366.35,3450080.5,3492652.2,
PNTM9M2jMkKm3GLHpLiq3J4gE,"","North Campus",Gammage,"W", 10/03/2025 03:00:00 AM,"(UTC-07:00) Arizona",,,3458603.5,3453796.2,3463410.8,
PNTM9M2jMkKm3GLHpLiq3J4gE,"","North Campus",Gammage,"W", 10/03/2025 03:15:00 AM,"(UTC-07:00) Arizona",,,3510911.9,3482961,3538862.8,
PNTM9M2jMkKm3GLHpLiq3J4gE,"","North Campus",Gammage,"W", 10/03/2025 03:30:00 AM,"(UTC-07:00) Arizona",,,3444146,3438851.5,3449440.5,
PNTM9M2jMkKm3GLHpLiq3J4gE,"","North Campus",Gammage,"W", 10/03/2025 03:45:00 AM,"(UTC-07:00) Arizona",,,3525204.9,3492358.8,3558051,
PNTM9M2jMkKm3GLHpLiq3J4gE,"","North Campus",Gammage,"W", 10/03/2025 04:00:00 AM,"(UTC-07:00) Arizona",,,3500227.35,3479201.5,3521253.2,
PNTM9M2jMkKm3GLHpLiq3J4gE,"","North Campus",Gammage,"W", 10/03/2025 04:15:00 AM,"(UTC-07:00) Arizona",,,3545990.2,3545990.2,3545990.2,
PNTM9M2jMkKm3GLHpLiq3J4gE,"","North Campus",Gammage,"W", 10/03/2025 04:30:00 AM,"(UTC-07:00) Arizona",,,3580143,3580143,3580143,
PNTM9M2jMkKm3GLHpLiq3J4gE,"","North Campus",Gammage,"W", 10/03/2025 04:45:00 AM,"(UTC-07:00) Arizona",,,3622019.6,3611950.2,3632089,
PNTM9M2jMkKm3GLHpLiq3J4gE,"","North Campus",Gammage,"W", 10/03/2025 05:00:00 AM,"(UTC-07:00) Arizona",,,3669273.2,3669273.2,3669273.2,
PNTM9M2jMkKm3GLHpLiq3J4gE,"","North Campus",Gammage,"W", 10/03/2025 05:15:00 AM,"(UTC-07:00) Arizona",,,3619790.9,3602851,3636730.8,
PNTM9M2jMkKm3GLHpLiq3J4gE,"","North Campus",Gammage,"W", 10/03/2025 05:30:00 AM,"(UTC-07:00) Arizona",,,3698487.8,3698487.8,3698487.8,
PNTM9M2jMkKm3GLHpLiq3J4gE,"","North Campus",Gammage,"W", 10/03/2025 05:45:00 AM,"(UTC-07:00) Arizona",,,3779567.8,3779567.8,3779567.8,
PNTM9M2jMkKm3GLHpLiq3J4gE,"","North Campus",Gammage,"W", 10/03/2025 06:00:00 AM,"(UTC-07:00) Arizona",,,3832385,3801576.5,3863193.5,
PNTM9M2jMkKm3GLHpLiq3J4gE,"","North Campus",Gammage,"W", 10/03/2025 06:15:00 AM,"(UTC-07:00) Arizona",,,3807845.9,3774090,3841601.8,
PNTM9M2jMkKm3GLHpLiq3J4gE,"","North Campus",Gammage,"W", 10/03/2025 06:30:00 AM,"(UTC-07:00) Arizona",,,3836123.25,3808339.5,3863907,
PNTM9M2jMkKm3GLHpLiq3J4gE,"","North Campus",Gammage,"W", 10/03/2025 06:45:00 AM,"(UTC-07:00) Arizona",,,3852210.1,3841163.2,3863257,
PNTM9M2jMkKm3GLHpLiq3J4gE,"","North Campus",Gammage,"W", 10/03/2025 07:00:00 AM,"(UTC-07:00) Arizona",,,3915017,3915017,3915017,
PNTM9M2jMkKm3GLHpLiq3J4gE,"","North Campus",Gammage,"W", 10/03/2025 07:15:00 AM,"(UTC-07:00) Arizona",,,4057990,4057990,4057990,
PNTM9M2jMkKm3GLHpLiq3J4gE,"","North Campus",Gammage,"W", 10/03/2025 07:30:00 AM,"(UTC-07:00) Arizona",,,4083976.5,4069402,4098551,
PNTM9M2jMkKm3GLHpLiq3J4gE,"","North Campus",Gammage,"W", 10/03/2025 07:45:00 AM,"(UTC-07:00) Arizona",,,4196729,4196729,4196729,
PNTM9M2jMkKm3GLHpLiq3J4gE,"","North Campus",Gammage,"W", 10/03/2025 08:00:00 AM,"(UTC-07:00) Arizona",,,4308927,4276311,4341543,
PNTM9M2jMkKm3GLHpLiq3J4gE,"","North Campus",Gammage,"W", 10/03/2025 08:15:00 AM,"(UTC-07:00) Arizona",,,4389910,4389910,4389910,
PNTM9M2jMkKm3GLHpLiq3J4gE,"","North Campus",Gammage,"W", 10/03/2025 08:30:00 AM,"(UTC-07:00) Arizona",,,4363366.5,4363366.5,4363366.5,
PNTM9M2jMkKm3GLHpLiq3J4gE,"","North Campus",Gammage,"W", 10/03/2025 08:45:00 AM,"(UTC-07:00) Arizona",,,4393686.25,4341241,4446131.5,
PNTM9M2jMkKm3GLHpLiq3J4gE,"","North Campus",Gammage,"W", 10/03/2025 09:00:00 AM,"(UTC-07:00) Arizona",,,4544778.5,4544778.5,4544778.5,
PNTM9M2jMkKm3GLHpLiq3J4gE,"","North Campus",Gammage,"W", 10/03/2025 09:15:00 AM,"(UTC-07:00) Arizona",,,4594829.5,4594829.5,4594829.5,
PNTM9M2jMkKm3GLHpLiq3J4gE,"","North Campus",Gammage,"W", 10/03/2025 09:30:00 AM,"(UTC-07:00) Arizona",,,4739984,4684360,4795608,
PNTM9M2jMkKm3GLHpLiq3J4gE,"","North Campus",Gammage,"W", 10/03/2025 09:45:00 AM,"(UTC-07:00) Arizona",,,4727165.666666667,4716965.5,4742441,
PNTM9M2jMkKm3GLHpLiq3J4gE,"","North Campus",Gammage,"W", 10/03/2025 10:15:00 AM,"(UTC-07:00) Arizona",,,4855229.75,4853991,4856468.5,
PNTM9M2jMkKm3GLHpLiq3J4gE,"","North Campus",Gammage,"W", 10/03/2025 10:30:00 AM,"(UTC-07:00) Arizona",,,4855071.75,4752879.5,4957264,
PNTM9M2jMkKm3GLHpLiq3J4gE,"","North Campus",Gammage,"W", 10/03/2025 10:45:00 AM,"(UTC-07:00) Arizona",,,4835627.5,4835627.5,4835627.5,
PNTM9M2jMkKm3GLHpLiq3J4gE,"","North Campus",Gammage,"W", 10/03/2025 11:00:00 AM,"(UTC-07:00) Arizona",,,4934521,4934521,4934521,
PNTM9M2jMkKm3GLHpLiq3J4gE,"","North Campus",Gammage,"W", 10/03/2025 11:15:00 AM,"(UTC-07:00) Arizona",,,4909427.75,4903308,4915547.5,
PNTM9M2jMkKm3GLHpLiq3J4gE,"","North Campus",Gammage,"W", 10/03/2025 11:30:00 AM,"(UTC-07:00) Arizona",,,4879591.5,4866534.5,4892648.5,
PNTM9M2jMkKm3GLHpLiq3J4gE,"","North Campus",Gammage,"W", 10/03/2025 11:45:00 AM,"(UTC-07:00) Arizona",,,4884064,4884064,4884064,
PNTM9M2jMkKm3GLHpLiq3J4gE,"","North Campus",Gammage,"W", 10/03/2025 12:00:00 PM,"(UTC-07:00) Arizona",,,4935555,4892028,4979082,
PNTM9M2jMkKm3GLHpLiq3J4gE,"","North Campus",Gammage,"W", 10/03/2025 12:15:00 PM,"(UTC-07:00) Arizona",,,4852823.25,4833244.5,4872402,
PNTM9M2jMkKm3GLHpLiq3J4gE,"","North Campus",Gammage,"W", 10/03/2025 12:30:00 PM,"(UTC-07:00) Arizona",,,4955805,4940214,4971396,
PNTM9M2jMkKm3GLHpLiq3J4gE,"","North Campus",Gammage,"W", 10/03/2025 12:45:00 PM,"(UTC-07:00) Arizona",,,4919417.5,4919417.5,4919417.5,
PNTM9M2jMkKm3GLHpLiq3J4gE,"","North Campus",Gammage,"W", 10/03/2025 01:00:00 PM,"(UTC-07:00) Arizona",,,4660159.75,4466720.5,4853599,
PNTM9M2jMkKm3GLHpLiq3J4gE,"","North Campus",Gammage,"W", 10/03/2025 01:15:00 PM,"(UTC-07:00) Arizona",,,4690554.5,4690554.5,4690554.5,
PNTM9M2jMkKm3GLHpLiq3J4gE,"","North Campus",Gammage,"W", 10/03/2025 01:30:00 PM,"(UTC-07:00) Arizona",,,4912624.75,4798777.5,5026472,
PNTM9M2jMkKm3GLHpLiq3J4gE,"","North Campus",Gammage,"W", 10/03/2025 01:45:00 PM,"(UTC-07:00) Arizona",,,5034794.25,5019813.5,5049775,
PNTM9M2jMkKm3GLHpLiq3J4gE,"","North Campus",Gammage,"W", 10/03/2025 02:00:00 PM,"(UTC-07:00) Arizona",,,5011740.5,4949847.5,5072870,
PNTM9M2jMkKm3GLHpLiq3J4gE,"","North Campus",Gammage,"W", 10/03/2025 02:15:00 PM,"(UTC-07:00) Arizona",,,5041018.5,4969730.5,5112306.5,
PNTM9M2jMkKm3GLHpLiq3J4gE,"","North Campus",Gammage,"W", 10/03/2025 02:30:00 PM,"(UTC-07:00) Arizona",,,5015368,5015368,5015368,
PNTM9M2jMkKm3GLHpLiq3J4gE,"","North Campus",Gammage,"W", 10/03/2025 02:45:00 PM,"(UTC-07:00) Arizona",,,5067138,5058329,5075947,
PNTM9M2jMkKm3GLHpLiq3J4gE,"","North Campus",Gammage,"W", 10/03/2025 03:00:00 PM,"(UTC-07:00) Arizona",,,4968264.5,4966978,4969551,
PNTM9M2jMkKm3GLHpLiq3J4gE,"","North Campus",Gammage,"W", 10/03/2025 03:15:00 PM,"(UTC-07:00) Arizona",,,5000959.25,4995933,5005985.5,
PNTM9M2jMkKm3GLHpLiq3J4gE,"","North Campus",Gammage,"W", 10/03/2025 03:30:00 PM,"(UTC-07:00) Arizona",,,4940415.25,4933054,4947776.5,
PNTM9M2jMkKm3GLHpLiq3J4gE,"","North Campus",Gammage,"W", 10/03/2025 03:45:00 PM,"(UTC-07:00) Arizona",,,4951636.5,4951636.5,4951636.5,
PNTM9M2jMkKm3GLHpLiq3J4gE,"","North Campus",Gammage,"W", 10/03/2025 04:00:00 PM,"(UTC-07:00) Arizona",,,4946834.75,4938601.5,4955068,
PNTM9M2jMkKm3GLHpLiq3J4gE,"","North Campus",Gammage,"W", 10/03/2025 04:15:00 PM,"(UTC-07:00) Arizona",,,4975300,4953641,5016136,
PNTM9M2jMkKm3GLHpLiq3J4gE,"","North Campus",Gammage,"W", 10/03/2025 04:30:00 PM,"(UTC-07:00) Arizona",,,4930772.5,4917494,4944051,
PNTM9M2jMkKm3GLHpLiq3J4gE,"","North Campus",Gammage,"W", 10/03/2025 04:45:00 PM,"(UTC-07:00) Arizona",,,4961741.5,4961741.5,4961741.5,
PNTM9M2jMkKm3GLHpLiq3J4gE,"","North Campus",Gammage,"W", 10/03/2025 05:00:00 PM,"(UTC-07:00) Arizona",,,4776331.75,4765246.5,4787417,
PNTM9M2jMkKm3GLHpLiq3J4gE,"","North Campus",Gammage,"W", 10/03/2025 05:15:00 PM,"(UTC-07:00) Arizona",,,4727877,4720356,4735398,
PNTM9M2jMkKm3GLHpLiq3J4gE,"","North Campus",Gammage,"W", 10/03/2025 05:30:00 PM,"(UTC-07:00) Arizona",,,4706507.5,4687506,4725509,
PNTM9M2jMkKm3GLHpLiq3J4gE,"","North Campus",Gammage,"W", 10/03/2025 05:45:00 PM,"(UTC-07:00) Arizona",,,4702361,4659481.5,4745240.5,
PNTM9M2jMkKm3GLHpLiq3J4gE,"","North Campus",Gammage,"W", 10/03/2025 06:00:00 PM,"(UTC-07:00) Arizona",,,4495099.5,4495099.5,4495099.5,
PNTM9M2jMkKm3GLHpLiq3J4gE,"","North Campus",Gammage,"W", 10/03/2025 06:15:00 PM,"(UTC-07:00) Arizona",,,4558185.5,4463393.5,4652977.5,
PNTM9M2jMkKm3GLHpLiq3J4gE,"","North Campus",Gammage,"W", 10/03/2025 06:30:00 PM,"(UTC-07:00) Arizona",,,4562744,4562744,4562744,
PNTM9M2jMkKm3GLHpLiq3J4gE,"","North Campus",Gammage,"W", 10/03/2025 06:45:00 PM,"(UTC-07:00) Arizona",,,4581997.25,4577118.5,4586876,
PNTM9M2jMkKm3GLHpLiq3J4gE,"","North Campus",Gammage,"W", 10/03/2025 07:00:00 PM,"(UTC-07:00) Arizona",,,4518386.5,4482070,4554703,
PNTM9M2jMkKm3GLHpLiq3J4gE,"","North Campus",Gammage,"W", 10/03/2025 07:15:00 PM,"(UTC-07:00) Arizona",,,4480230.5,4439209,4521252,
PNTM9M2jMkKm3GLHpLiq3J4gE,"","North Campus",Gammage,"W", 10/03/2025 07:30:00 PM,"(UTC-07:00) Arizona",,,4443696,4443696,4443696,
PNTM9M2jMkKm3GLHpLiq3J4gE,"","North Campus",Gammage,"W", 10/03/2025 07:45:00 PM,"(UTC-07:00) Arizona",,,4477026.5,4465311,4487522.5,
PNTM9M2jMkKm3GLHpLiq3J4gE,"","North Campus",Gammage,"W", 10/03/2025 08:00:00 PM,"(UTC-07:00) Arizona",,,4322296,4264726.5,4379865.5,
PNTM9M2jMkKm3GLHpLiq3J4gE,"","North Campus",Gammage,"W", 10/03/2025 08:15:00 PM,"(UTC-07:00) Arizona",,,4200520.65,4156725.8,4244315.5,
PNTM9M2jMkKm3GLHpLiq3J4gE,"","North Campus",Gammage,"W", 10/03/2025 08:30:00 PM,"(UTC-07:00) Arizona",,,4165876.25,4140432.5,4191320,
PNTM9M2jMkKm3GLHpLiq3J4gE,"","North Campus",Gammage,"W", 10/03/2025 08:45:00 PM,"(UTC-07:00) Arizona",,,4106865.033333333,4001208.8,4173443.5,
PNTM9M2jMkKm3GLHpLiq3J4gE,"","North Campus",Gammage,"W", 10/03/2025 09:00:00 PM,"(UTC-07:00) Arizona",,,3932937.65,3890523.5,3975351.8,
PNTM9M2jMkKm3GLHpLiq3J4gE,"","North Campus",Gammage,"W", 10/03/2025 09:15:00 PM,"(UTC-07:00) Arizona",,,3884010.75,3878220.5,3889801,
PNTM9M2jMkKm3GLHpLiq3J4gE,"","North Campus",Gammage,"W", 10/03/2025 09:30:00 PM,"(UTC-07:00) Arizona",,,3872820.35,3850706.2,3894934.5,
PNTM9M2jMkKm3GLHpLiq3J4gE,"","North Campus",Gammage,"W", 10/03/2025 09:45:00 PM,"(UTC-07:00) Arizona",,,3854727.2,3854727.2,3854727.2,
PNTM9M2jMkKm3GLHpLiq3J4gE,"","North Campus",Gammage,"W", 10/03/2025 10:00:00 PM,"(UTC-07:00) Arizona",,,3817197.65,3800184.5,3834210.8,
PNTM9M2jMkKm3GLHpLiq3J4gE,"","North Campus",Gammage,"W", 10/03/2025 10:15:00 PM,"(UTC-07:00) Arizona",,,3794339.7,3775908.2,3812771.2,
PNTM9M2jMkKm3GLHpLiq3J4gE,"","North Campus",Gammage,"W", 10/03/2025 10:30:00 PM,"(UTC-07:00) Arizona",,,3758698.2,3758698.2,3758698.2,
PNTM9M2jMkKm3GLHpLiq3J4gE,"","North Campus",Gammage,"W", 10/03/2025 10:45:00 PM,"(UTC-07:00) Arizona",,,3706924.2,3706924.2,3706924.2,
PNTM9M2jMkKm3GLHpLiq3J4gE,"","North Campus",Gammage,"W", 10/03/2025 11:00:00 PM,"(UTC-07:00) Arizona",,,3636437.35,3636182.2,3636692.5,
PNTM9M2jMkKm3GLHpLiq3J4gE,"","North Campus",Gammage,"W", 10/03/2025 11:15:00 PM,"(UTC-07:00) Arizona",,,3625385,3616790.8,3633979.2,
PNTM9M2jMkKm3GLHpLiq3J4gE,"","North Campus",Gammage,"W", 10/03/2025 11:30:00 PM,"(UTC-07:00) Arizona",,,3606493.5,3586581.8,3626405.2,
PNTM9M2jMkKm3GLHpLiq3J4gE,"","North Campus",Gammage,"W", 10/03/2025 11:45:00 PM,"(UTC-07:00) Arizona",,,3598349.4,3578308.2,3624219.8,
PNTM9M2jMkKm3GLHpLiq3J4gE,"","North Campus",Gammage,"W", 10/04/2025 12:00:00 AM,"(UTC-07:00) Arizona",,,3519851.8,3519851.8,3519851.8,
PNTM9M2jMkKm3GLHpLiq3J4gE,"","North Campus",Gammage,"W", 10/04/2025 12:15:00 AM,"(UTC-07:00) Arizona",,,3553228.25,3533041.5,3573415,
PNTM9M2jMkKm3GLHpLiq3J4gE,"","North Campus",Gammage,"W", 10/04/2025 12:30:00 AM,"(UTC-07:00) Arizona",,,3514306.2,3514306.2,3514306.2,
PNTM9M2jMkKm3GLHpLiq3J4gE,"","North Campus",Gammage,"W", 10/04/2025 12:45:00 AM,"(UTC-07:00) Arizona",,,3468419.2,3468419.2,3468419.2,
PNTM9M2jMkKm3GLHpLiq3J4gE,"","North Campus",Gammage,"W", 10/04/2025 01:00:00 AM,"(UTC-07:00) Arizona",,,3448731.4,3429173,3468289.8,
PNTM9M2jMkKm3GLHpLiq3J4gE,"","North Campus",Gammage,"W", 10/04/2025 01:15:00 AM,"(UTC-07:00) Arizona",,,3415950.5,3415950.5,3415950.5,
PNTM9M2jMkKm3GLHpLiq3J4gE,"","North Campus",Gammage,"W", 10/04/2025 01:30:00 AM,"(UTC-07:00) Arizona",,,3400545.4,3395810,3405280.8,
PNTM9M2jMkKm3GLHpLiq3J4gE,"","North Campus",Gammage,"W", 10/04/2025 01:45:00 AM,"(UTC-07:00) Arizona",,,3413248.4,3403590.8,3422906,
PNTM9M2jMkKm3GLHpLiq3J4gE,"","North Campus",Gammage,"W", 10/04/2025 02:00:00 AM,"(UTC-07:00) Arizona",,,3353132.5,3320609.5,3370663.2,
PNTM9M2jMkKm3GLHpLiq3J4gE,"","North Campus",Gammage,"W", 10/04/2025 02:15:00 AM,"(UTC-07:00) Arizona",,,3317566.8,3317566.8,3317566.8,
PNTM9M2jMkKm3GLHpLiq3J4gE,"","North Campus",Gammage,"W", 10/04/2025 02:30:00 AM,"(UTC-07:00) Arizona",,,3345089.85,3331092.2,3359087.5,
PNTM9M2jMkKm3GLHpLiq3J4gE,"","North Campus",Gammage,"W", 10/04/2025 02:45:00 AM,"(UTC-07:00) Arizona",,,3343221.35,3322062.2,3364380.5,
PNTM9M2jMkKm3GLHpLiq3J4gE,"","North Campus",Gammage,"W", 10/04/2025 03:00:00 AM,"(UTC-07:00) Arizona",,,3342714.15,3309246.8,3376181.5,
PNTM9M2jMkKm3GLHpLiq3J4gE,"","North Campus",Gammage,"W", 10/04/2025 03:15:00 AM,"(UTC-07:00) Arizona",,,3350622,3350622,3350622,
PNTM9M2jMkKm3GLHpLiq3J4gE,"","North Campus",Gammage,"W", 10/04/2025 03:30:00 AM,"(UTC-07:00) Arizona",,,3357206.733333333,3310192.8,3394126.2,
PNTM9M2jMkKm3GLHpLiq3J4gE,"","North Campus",Gammage,"W", 10/04/2025 03:45:00 AM,"(UTC-07:00) Arizona",,,3351344.5,3344703.2,3357985.8,
PNTM9M2jMkKm3GLHpLiq3J4gE,"","North Campus",Gammage,"W", 10/04/2025 04:00:00 AM,"(UTC-07:00) Arizona",,,3368323.1,3366423.2,3370223,
PNTM9M2jMkKm3GLHpLiq3J4gE,"","North Campus",Gammage,"W", 10/04/2025 04:15:00 AM,"(UTC-07:00) Arizona",,,3352547.7,3341468.2,3363627.2,
PNTM9M2jMkKm3GLHpLiq3J4gE,"","North Campus",Gammage,"W", 10/04/2025 04:30:00 AM,"(UTC-07:00) Arizona",,,3342354,3320894.5,3363813.5,
PNTM9M2jMkKm3GLHpLiq3J4gE,"","North Campus",Gammage,"W", 10/04/2025 04:45:00 AM,"(UTC-07:00) Arizona",,,3329760.5,3327987.8,3331533.2,
PNTM9M2jMkKm3GLHpLiq3J4gE,"","North Campus",Gammage,"W", 10/04/2025 05:00:00 AM,"(UTC-07:00) Arizona",,,3332815.25,3330197.5,3335433,
PNTM9M2jMkKm3GLHpLiq3J4gE,"","North Campus",Gammage,"W", 10/04/2025 05:15:00 AM,"(UTC-07:00) Arizona",,,3364853.7,3362273.2,3367434.2,
PNTM9M2jMkKm3GLHpLiq3J4gE,"","North Campus",Gammage,"W", 10/04/2025 05:30:00 AM,"(UTC-07:00) Arizona",,,3399003.3333333335,3394581.8,3405734,
PNTM9M2jMkKm3GLHpLiq3J4gE,"","North Campus",Gammage,"W", 10/04/2025 05:45:00 AM,"(UTC-07:00) Arizona",,,3407764.2,3407764.2,3407764.2,
PNTM9M2jMkKm3GLHpLiq3J4gE,"","North Campus",Gammage,"W", 10/04/2025 06:00:00 AM,"(UTC-07:00) Arizona",,,3458408.5,3451722.2,3465094.8,
PNTM9M2jMkKm3GLHpLiq3J4gE,"","North Campus",Gammage,"W", 10/04/2025 06:15:00 AM,"(UTC-07:00) Arizona",,,3466961.9,3451777,3482146.8,
PNTM9M2jMkKm3GLHpLiq3J4gE,"","North Campus",Gammage,"W", 10/04/2025 06:30:00 AM,"(UTC-07:00) Arizona",,,3503514.6,3487717,3519312.2,
PNTM9M2jMkKm3GLHpLiq3J4gE,"","North Campus",Gammage,"W", 10/04/2025 06:45:00 AM,"(UTC-07:00) Arizona",,,3524512.2,3523101.2,3525923.2,
PNTM9M2jMkKm3GLHpLiq3J4gE,"","North Campus",Gammage,"W", 10/04/2025 07:00:00 AM,"(UTC-07:00) Arizona",,,3497016,3497016,3497016,
PNTM9M2jMkKm3GLHpLiq3J4gE,"","North Campus",Gammage,"W", 10/04/2025 07:15:00 AM,"(UTC-07:00) Arizona",,,3511163.75,3506398,3515929.5,
PNTM9M2jMkKm3GLHpLiq3J4gE,"","North Campus",Gammage,"W", 10/04/2025 07:45:00 AM,"(UTC-07:00) Arizona",,,3481298.5,3464651.8,3497945.2,
PNTM9M2jMkKm3GLHpLiq3J4gE,"","North Campus",Gammage,"W", 10/04/2025 08:00:00 AM,"(UTC-07:00) Arizona",,,3562229.85,3523460.5,3600999.2,
PNTM9M2jMkKm3GLHpLiq3J4gE,"","North Campus",Gammage,"W", 10/04/2025 08:15:00 AM,"(UTC-07:00) Arizona",,,3618389.5666666664,3581524,3638123.5,
PNTM9M2jMkKm3GLHpLiq3J4gE,"","North Campus",Gammage,"W", 10/04/2025 08:30:00 AM,"(UTC-07:00) Arizona",,,3601256.35,3587817.2,3614695.5,
PNTM9M2jMkKm3GLHpLiq3J4gE,"","North Campus",Gammage,"W", 10/04/2025 08:45:00 AM,"(UTC-07:00) Arizona",,,3629636.9,3606996.8,3652277,
PNTM9M2jMkKm3GLHpLiq3J4gE,"","North Campus",Gammage,"W", 10/04/2025 09:00:00 AM,"(UTC-07:00) Arizona",,,3733564.85,3712646.5,3754483.2,
PNTM9M2jMkKm3GLHpLiq3J4gE,"","North Campus",Gammage,"W", 10/04/2025 09:15:00 AM,"(UTC-07:00) Arizona",,,3701538.266666667,3690492.5,3719553.8,
PNTM9M2jMkKm3GLHpLiq3J4gE,"","North Campus",Gammage,"W", 10/04/2025 09:30:00 AM,"(UTC-07:00) Arizona",,,3742776.8,3742776.8,3742776.8,
PNTM9M2jMkKm3GLHpLiq3J4gE,"","North Campus",Gammage,"W", 10/04/2025 09:45:00 AM,"(UTC-07:00) Arizona",,,3686217.35,3685841.2,3686593.5,
PNTM9M2jMkKm3GLHpLiq3J4gE,"","North Campus",Gammage,"W", 10/04/2025 10:00:00 AM,"(UTC-07:00) Arizona",,,3772228,3721089.2,3856181,
PNTM9M2jMkKm3GLHpLiq3J4gE,"","North Campus",Gammage,"W", 10/04/2025 10:15:00 AM,"(UTC-07:00) Arizona",,,3838460.5,3798518.2,3878402.8,
PNTM9M2jMkKm3GLHpLiq3J4gE,"","North Campus",Gammage,"W", 10/04/2025 10:30:00 AM,"(UTC-07:00) Arizona",,,3801166.266666667,3767094.5,3836779.5,
PNTM9M2jMkKm3GLHpLiq3J4gE,"","North Campus",Gammage,"W", 10/04/2025 10:45:00 AM,"(UTC-07:00) Arizona",,,3806622.1,3795483.2,3817761,
PNTM9M2jMkKm3GLHpLiq3J4gE,"","North Campus",Gammage,"W", 10/04/2025 11:00:00 AM,"(UTC-07:00) Arizona",,,3768693.9,3745527,3791860.8,
PNTM9M2jMkKm3GLHpLiq3J4gE,"","North Campus",Gammage,"W", 10/04/2025 11:15:00 AM,"(UTC-07:00) Arizona",,,3856070.1,3828238.2,3883902,
PNTM9M2jMkKm3GLHpLiq3J4gE,"","North Campus",Gammage,"W", 10/04/2025 11:30:00 AM,"(UTC-07:00) Arizona",,,3863450.9,3862643.8,3864258,
PNTM9M2jMkKm3GLHpLiq3J4gE,"","North Campus",Gammage,"W", 10/04/2025 11:45:00 AM,"(UTC-07:00) Arizona",,,3880592.7,3839375.2,3921810.2,
PNTM9M2jMkKm3GLHpLiq3J4gE,"","North Campus",Gammage,"W", 10/04/2025 12:00:00 PM,"(UTC-07:00) Arizona",,,3836412.75,3759337.5,3913488,
PNTM9M2jMkKm3GLHpLiq3J4gE,"","North Campus",Gammage,"W", 10/04/2025 12:15:00 PM,"(UTC-07:00) Arizona",,,3857697.2,3857697.2,3857697.2,
PNTM9M2jMkKm3GLHpLiq3J4gE,"","North Campus",Gammage,"W", 10/04/2025 12:30:00 PM,"(UTC-07:00) Arizona",,,3882574.6,3870943,3894206.2,
PNTM9M2jMkKm3GLHpLiq3J4gE,"","North Campus",Gammage,"W", 10/04/2025 12:45:00 PM,"(UTC-07:00) Arizona",,,3888865.65,3879173.8,3898557.5,
PNTM9M2jMkKm3GLHpLiq3J4gE,"","North Campus",Gammage,"W", 10/04/2025 01:00:00 PM,"(UTC-07:00) Arizona",,,3903896.5,3886766.5,3921026.5,
PNTM9M2jMkKm3GLHpLiq3J4gE,"","North Campus",Gammage,"W", 10/04/2025 01:15:00 PM,"(UTC-07:00) Arizona",,,3957840.7,3934138.2,3981543.2,
PNTM9M2jMkKm3GLHpLiq3J4gE,"","North Campus",Gammage,"W", 10/04/2025 01:30:00 PM,"(UTC-07:00) Arizona",,,4040355,4040355,4040355,
PNTM9M2jMkKm3GLHpLiq3J4gE,"","North Campus",Gammage,"W", 10/04/2025 01:45:00 PM,"(UTC-07:00) Arizona",,,3919887.85,3908447.5,3931328.2,
PNTM9M2jMkKm3GLHpLiq3J4gE,"","North Campus",Gammage,"W", 10/04/2025 02:00:00 PM,"(UTC-07:00) Arizona",,,3955555.15,3924134.8,3986975.5,
PNTM9M2jMkKm3GLHpLiq3J4gE,"","North Campus",Gammage,"W", 10/04/2025 02:15:00 PM,"(UTC-07:00) Arizona",,,3995188.5,3995188.5,3995188.5,
PNTM9M2jMkKm3GLHpLiq3J4gE,"","North Campus",Gammage,"W", 10/04/2025 02:30:00 PM,"(UTC-07:00) Arizona",,,4012262.6999999997,3997121.5,4033413.8,
PNTM9M2jMkKm3GLHpLiq3J4gE,"","North Campus",Gammage,"W", 10/04/2025 02:45:00 PM,"(UTC-07:00) Arizona",,,4011781.2,4011781.2,4011781.2,
PNTM9M2jMkKm3GLHpLiq3J4gE,"","North Campus",Gammage,"W", 10/04/2025 03:00:00 PM,"(UTC-07:00) Arizona",,,4083402,4074127,4092677,
PNTM9M2jMkKm3GLHpLiq3J4gE,"","North Campus",Gammage,"W", 10/04/2025 03:15:00 PM,"(UTC-07:00) Arizona",,,4090209.2,4090209.2,4090209.2,
PNTM9M2jMkKm3GLHpLiq3J4gE,"","North Campus",Gammage,"W", 10/04/2025 03:30:00 PM,"(UTC-07:00) Arizona",,,4159643.4,4131417,4187869.8,
PNTM9M2jMkKm3GLHpLiq3J4gE,"","North Campus",Gammage,"W", 10/04/2025 03:45:00 PM,"(UTC-07:00) Arizona",,,4156929.2,4156929.2,4156929.2,
PNTM9M2jMkKm3GLHpLiq3J4gE,"","North Campus",Gammage,"W", 10/04/2025 04:00:00 PM,"(UTC-07:00) Arizona",,,4166837,4166837,4166837,
PNTM9M2jMkKm3GLHpLiq3J4gE,"","North Campus",Gammage,"W", 10/04/2025 04:15:00 PM,"(UTC-07:00) Arizona",,,4208512.5,4208512.5,4208512.5,
PNTM9M2jMkKm3GLHpLiq3J4gE,"","North Campus",Gammage,"W", 10/04/2025 04:30:00 PM,"(UTC-07:00) Arizona",,,4222396.5,4222396.5,4222396.5,
PNTM9M2jMkKm3GLHpLiq3J4gE,"","North Campus",Gammage,"W", 10/04/2025 04:45:00 PM,"(UTC-07:00) Arizona",,,4263316.5,4230182,4296451,
PNTM9M2jMkKm3GLHpLiq3J4gE,"","North Campus",Gammage,"W", 10/04/2025 05:00:00 PM,"(UTC-07:00) Arizona",,,4279433,4279433,4279433,
PNTM9M2jMkKm3GLHpLiq3J4gE,"","North Campus",Gammage,"W", 10/04/2025 05:15:00 PM,"(UTC-07:00) Arizona",,,4287440,4287440,4287440,
PNTM9M2jMkKm3GLHpLiq3J4gE,"","North Campus",Gammage,"W", 10/04/2025 05:30:00 PM,"(UTC-07:00) Arizona",,,4271917.25,4254863,4288971.5,
PNTM9M2jMkKm3GLHpLiq3J4gE,"","North Campus",Gammage,"W", 10/04/2025 05:45:00 PM,"(UTC-07:00) Arizona",,,4221042.5,4221042.5,4221042.5,
PNTM9M2jMkKm3GLHpLiq3J4gE,"","North Campus",Gammage,"W", 10/04/2025 06:00:00 PM,"(UTC-07:00) Arizona",,,4191598.5,4191598.5,4191598.5,
PNTM9M2jMkKm3GLHpLiq3J4gE,"","North Campus",Gammage,"W", 10/04/2025 06:15:00 PM,"(UTC-07:00) Arizona",,,4233999,4202811.5,4265186.5,
PNTM9M2jMkKm3GLHpLiq3J4gE,"","North Campus",Gammage,"W", 10/04/2025 06:30:00 PM,"(UTC-07:00) Arizona",,,4232357.5,4232357.5,4232357.5,
PNTM9M2jMkKm3GLHpLiq3J4gE,"","North Campus",Gammage,"W", 10/04/2025 06:45:00 PM,"(UTC-07:00) Arizona",,,4287124.5,4287124.5,4287124.5,
PNTM9M2jMkKm3GLHpLiq3J4gE,"","North Campus",Gammage,"W", 10/04/2025 07:00:00 PM,"(UTC-07:00) Arizona",,,4031604.5,4031604.5,4031604.5,
PNTM9M2jMkKm3GLHpLiq3J4gE,"","North Campus",Gammage,"W", 10/04/2025 07:15:00 PM,"(UTC-07:00) Arizona",,,4054542.6,4049146,4059939.2,
PNTM9M2jMkKm3GLHpLiq3J4gE,"","North Campus",Gammage,"W", 10/04/2025 07:30:00 PM,"(UTC-07:00) Arizona",,,3996581.5,3996581.5,3996581.5,
PNTM9M2jMkKm3GLHpLiq3J4gE,"","North Campus",Gammage,"W", 10/04/2025 07:45:00 PM,"(UTC-07:00) Arizona",,,4034879.2,4034879.2,4034879.2,
PNTM9M2jMkKm3GLHpLiq3J4gE,"","North Campus",Gammage,"W", 10/04/2025 08:00:00 PM,"(UTC-07:00) Arizona",,,4062433.8,4062433.8,4062433.8,
PNTM9M2jMkKm3GLHpLiq3J4gE,"","North Campus",Gammage,"W", 10/04/2025 08:15:00 PM,"(UTC-07:00) Arizona",,,3983972.8,3983972.8,3983972.8,
PNTM9M2jMkKm3GLHpLiq3J4gE,"","North Campus",Gammage,"W", 10/04/2025 08:30:00 PM,"(UTC-07:00) Arizona",,,3943254,3942566.2,3943941.8,
PNTM9M2jMkKm3GLHpLiq3J4gE,"","North Campus",Gammage,"W", 10/04/2025 08:45:00 PM,"(UTC-07:00) Arizona",,,3880714.5,3880714.5,3880714.5,
PNTM9M2jMkKm3GLHpLiq3J4gE,"","North Campus",Gammage,"W", 10/04/2025 09:00:00 PM,"(UTC-07:00) Arizona",,,3824017.2,3824017.2,3824017.2,
PNTM9M2jMkKm3GLHpLiq3J4gE,"","North Campus",Gammage,"W", 10/04/2025 09:15:00 PM,"(UTC-07:00) Arizona",,,3754124.8,3754124.8,3754124.8,
PNTM9M2jMkKm3GLHpLiq3J4gE,"","North Campus",Gammage,"W", 10/04/2025 09:30:00 PM,"(UTC-07:00) Arizona",,,3734467.15,3706552.5,3762381.8,
PNTM9M2jMkKm3GLHpLiq3J4gE,"","North Campus",Gammage,"W", 10/04/2025 09:45:00 PM,"(UTC-07:00) Arizona",,,3715515.5,3715515.5,3715515.5,
PNTM9M2jMkKm3GLHpLiq3J4gE,"","North Campus",Gammage,"W", 10/04/2025 10:00:00 PM,"(UTC-07:00) Arizona",,,3700689.2,3700689.2,3700689.2,
PNTM9M2jMkKm3GLHpLiq3J4gE,"","North Campus",Gammage,"W", 10/04/2025 10:15:00 PM,"(UTC-07:00) Arizona",,,3676747,3668438.5,3685055.5,
PNTM9M2jMkKm3GLHpLiq3J4gE,"","North Campus",Gammage,"W", 10/04/2025 10:30:00 PM,"(UTC-07:00) Arizona",,,3628079,3628079,3628079,
PNTM9M2jMkKm3GLHpLiq3J4gE,"","North Campus",Gammage,"W", 10/04/2025 10:45:00 PM,"(UTC-07:00) Arizona",,,3603252.2,3603252.2,3603252.2,
PNTM9M2jMkKm3GLHpLiq3J4gE,"","North Campus",Gammage,"W", 10/04/2025 11:00:00 PM,"(UTC-07:00) Arizona",,,3607565.2,3605534.2,3609596.2,
PNTM9M2jMkKm3GLHpLiq3J4gE,"","North Campus",Gammage,"W", 10/04/2025 11:15:00 PM,"(UTC-07:00) Arizona",,,3569066.5,3569066.5,3569066.5,
PNTM9M2jMkKm3GLHpLiq3J4gE,"","North Campus",Gammage,"W", 10/04/2025 11:30:00 PM,"(UTC-07:00) Arizona",,,3567197.75,3557803.5,3576592,
PNTM9M2jMkKm3GLHpLiq3J4gE,"","North Campus",Gammage,"W", 10/04/2025 11:45:00 PM,"(UTC-07:00) Arizona",,,3548654.2,3548654.2,3548654.2,
PNTM9M2jMkKm3GLHpLiq3J4gE,"","North Campus",Gammage,"W", 10/05/2025 12:00:00 AM,"(UTC-07:00) Arizona",,,3492730,3492730,3492730,
PNTM9M2jMkKm3GLHpLiq3J4gE,"","North Campus",Gammage,"W", 10/05/2025 12:15:00 AM,"(UTC-07:00) Arizona",,,3475890.5,3475890.5,3475890.5,
PNTM9M2jMkKm3GLHpLiq3J4gE,"","North Campus",Gammage,"W", 10/05/2025 12:30:00 AM,"(UTC-07:00) Arizona",,,3437807.5,3418276,3457339,
PNTM9M2jMkKm3GLHpLiq3J4gE,"","North Campus",Gammage,"W", 10/05/2025 12:45:00 AM,"(UTC-07:00) Arizona",,,3415377.8,3415377.8,3415377.8,
PNTM9M2jMkKm3GLHpLiq3J4gE,"","North Campus",Gammage,"W", 10/05/2025 01:00:00 AM,"(UTC-07:00) Arizona",,,3383961.5,3383961.5,3383961.5,
PNTM9M2jMkKm3GLHpLiq3J4gE,"","North Campus",Gammage,"W", 10/05/2025 01:15:00 AM,"(UTC-07:00) Arizona",,,3407595.2,3407595.2,3407595.2,
PNTM9M2jMkKm3GLHpLiq3J4gE,"","North Campus",Gammage,"W", 10/05/2025 01:30:00 AM,"(UTC-07:00) Arizona",,,3364187.7,3342796.2,3385579.2,
PNTM9M2jMkKm3GLHpLiq3J4gE,"","North Campus",Gammage,"W", 10/05/2025 01:45:00 AM,"(UTC-07:00) Arizona",,,3352290.2,3352290.2,3352290.2,
PNTM9M2jMkKm3GLHpLiq3J4gE,"","North Campus",Gammage,"W", 10/05/2025 02:00:00 AM,"(UTC-07:00) Arizona",,,3355850.85,3350736.5,3360965.2,
PNTM9M2jMkKm3GLHpLiq3J4gE,"","North Campus",Gammage,"W", 10/05/2025 02:15:00 AM,"(UTC-07:00) Arizona",,,3346510.5,3346510.5,3346510.5,
PNTM9M2jMkKm3GLHpLiq3J4gE,"","North Campus",Gammage,"W", 10/05/2025 02:30:00 AM,"(UTC-07:00) Arizona",,,3380053.2,3380053.2,3380053.2,
PNTM9M2jMkKm3GLHpLiq3J4gE,"","North Campus",Gammage,"W", 10/05/2025 02:45:00 AM,"(UTC-07:00) Arizona",,,3315436.5,3315436.5,3315436.5,
PNTM9M2jMkKm3GLHpLiq3J4gE,"","North Campus",Gammage,"W", 10/05/2025 03:00:00 AM,"(UTC-07:00) Arizona",,,3326339.15,3303823.5,3348854.8,
PNTM9M2jMkKm3GLHpLiq3J4gE,"","North Campus",Gammage,"W", 10/05/2025 03:15:00 AM,"(UTC-07:00) Arizona",,,3320235.5,3320235.5,3320235.5,
PNTM9M2jMkKm3GLHpLiq3J4gE,"","North Campus",Gammage,"W", 10/05/2025 03:30:00 AM,"(UTC-07:00) Arizona",,,3304743.5,3304743.5,3304743.5,
PNTM9M2jMkKm3GLHpLiq3J4gE,"","North Campus",Gammage,"W", 10/05/2025 03:45:00 AM,"(UTC-07:00) Arizona",,,3307961.8,3307961.8,3307961.8,
PNTM9M2jMkKm3GLHpLiq3J4gE,"","North Campus",Gammage,"W", 10/05/2025 04:00:00 AM,"(UTC-07:00) Arizona",,,3293030.4,3289746,3296314.8,
PNTM9M2jMkKm3GLHpLiq3J4gE,"","North Campus",Gammage,"W", 10/05/2025 04:15:00 AM,"(UTC-07:00) Arizona",,,3309857.2,3309857.2,3309857.2,
PNTM9M2jMkKm3GLHpLiq3J4gE,"","North Campus",Gammage,"W", 10/05/2025 04:30:00 AM,"(UTC-07:00) Arizona",,,3270343.9,3262818.8,3277869,
PNTM9M2jMkKm3GLHpLiq3J4gE,"","North Campus",Gammage,"W", 10/05/2025 04:45:00 AM,"(UTC-07:00) Arizona",,,3298179.5,3298179.5,3298179.5,
PNTM9M2jMkKm3GLHpLiq3J4gE,"","North Campus",Gammage,"W", 10/05/2025 05:00:00 AM,"(UTC-07:00) Arizona",,,3342826.5,3342826.5,3342826.5,
PNTM9M2jMkKm3GLHpLiq3J4gE,"","North Campus",Gammage,"W", 10/05/2025 05:15:00 AM,"(UTC-07:00) Arizona",,,3323534.8,3323534.8,3323534.8,
PNTM9M2jMkKm3GLHpLiq3J4gE,"","North Campus",Gammage,"W", 10/05/2025 05:30:00 AM,"(UTC-07:00) Arizona",,,3280556.5,3272677,3288436,
PNTM9M2jMkKm3GLHpLiq3J4gE,"","North Campus",Gammage,"W", 10/05/2025 05:45:00 AM,"(UTC-07:00) Arizona",,,3360514.5,3360514.5,3360514.5,
PNTM9M2jMkKm3GLHpLiq3J4gE,"","North Campus",Gammage,"W", 10/05/2025 06:00:00 AM,"(UTC-07:00) Arizona",,,3396547.2,3396547.2,3396547.2,
PNTM9M2jMkKm3GLHpLiq3J4gE,"","North Campus",Gammage,"W", 10/05/2025 06:15:00 AM,"(UTC-07:00) Arizona",,,3368487.4,3356805,3380169.8,
PNTM9M2jMkKm3GLHpLiq3J4gE,"","North Campus",Gammage,"W", 10/05/2025 06:30:00 AM,"(UTC-07:00) Arizona",,,3394957.5,3394957.5,3394957.5,
PNTM9M2jMkKm3GLHpLiq3J4gE,"","North Campus",Gammage,"W", 10/05/2025 06:45:00 AM,"(UTC-07:00) Arizona",,,3388356.25,3382068,3394644.5,
PNTM9M2jMkKm3GLHpLiq3J4gE,"","North Campus",Gammage,"W", 10/05/2025 07:00:00 AM,"(UTC-07:00) Arizona",,,3340115.5,3340115.5,3340115.5,
PNTM9M2jMkKm3GLHpLiq3J4gE,"","North Campus",Gammage,"W", 10/05/2025 07:15:00 AM,"(UTC-07:00) Arizona",,,3314493,3314493,3314493,
PNTM9M2jMkKm3GLHpLiq3J4gE,"","North Campus",Gammage,"W", 10/05/2025 07:30:00 AM,"(UTC-07:00) Arizona",,,3337791.75,3321061,3354522.5,
PNTM9M2jMkKm3GLHpLiq3J4gE,"","North Campus",Gammage,"W", 10/05/2025 07:45:00 AM,"(UTC-07:00) Arizona",,,3221576.2,3221576.2,3221576.2,
PNTM9M2jMkKm3GLHpLiq3J4gE,"","North Campus",Gammage,"W", 10/05/2025 08:00:00 AM,"(UTC-07:00) Arizona",,,3367736.15,3340074.8,3395397.5,
PNTM9M2jMkKm3GLHpLiq3J4gE,"","North Campus",Gammage,"W", 10/05/2025 08:15:00 AM,"(UTC-07:00) Arizona",,,3414010.8,3414010.8,3414010.8,
PNTM9M2jMkKm3GLHpLiq3J4gE,"","North Campus",Gammage,"W", 10/05/2025 08:30:00 AM,"(UTC-07:00) Arizona",,,3519897.2,3519897.2,3519897.2,
PNTM9M2jMkKm3GLHpLiq3J4gE,"","North Campus",Gammage,"W", 10/05/2025 08:45:00 AM,"(UTC-07:00) Arizona",,,3404519.1,3397945.2,3411093,
PNTM9M2jMkKm3GLHpLiq3J4gE,"","North Campus",Gammage,"W", 10/05/2025 09:00:00 AM,"(UTC-07:00) Arizona",,,3402153.5,3402153.5,3402153.5,
PNTM9M2jMkKm3GLHpLiq3J4gE,"","North Campus",Gammage,"W", 10/05/2025 09:15:00 AM,"(UTC-07:00) Arizona",,,3548898.2,3548898.2,3548898.2,
PNTM9M2jMkKm3GLHpLiq3J4gE,"","North Campus",Gammage,"W", 10/05/2025 09:30:00 AM,"(UTC-07:00) Arizona",,,3518329.85,3514363.2,3522296.5,
PNTM9M2jMkKm3GLHpLiq3J4gE,"","North Campus",Gammage,"W", 10/05/2025 09:45:00 AM,"(UTC-07:00) Arizona",,,3465885.2,3465885.2,3465885.2,
PNTM9M2jMkKm3GLHpLiq3J4gE,"","North Campus",Gammage,"W", 10/05/2025 10:00:00 AM,"(UTC-07:00) Arizona",,,3605143.5,3605143.5,3605143.5,
PNTM9M2jMkKm3GLHpLiq3J4gE,"","North Campus",Gammage,"W", 10/05/2025 10:15:00 AM,"(UTC-07:00) Arizona",,,3515290.2,3515290.2,3515290.2,
PNTM9M2jMkKm3GLHpLiq3J4gE,"","North Campus",Gammage,"W", 10/05/2025 10:30:00 AM,"(UTC-07:00) Arizona",,,3565839.5,3565839.5,3565839.5,
PNTM9M2jMkKm3GLHpLiq3J4gE,"","North Campus",Gammage,"W", 10/05/2025 10:45:00 AM,"(UTC-07:00) Arizona",,,3610918,3610918,3610918,
PNTM9M2jMkKm3GLHpLiq3J4gE,"","North Campus",Gammage,"W", 10/05/2025 11:00:00 AM,"(UTC-07:00) Arizona",,,3622794.75,3605369,3640220.5,
PNTM9M2jMkKm3GLHpLiq3J4gE,"","North Campus",Gammage,"W", 10/05/2025 11:15:00 AM,"(UTC-07:00) Arizona",,,3623959.5,3623959.5,3623959.5,
PNTM9M2jMkKm3GLHpLiq3J4gE,"","North Campus",Gammage,"W", 10/05/2025 11:30:00 AM,"(UTC-07:00) Arizona",,,3647085.6,3598655,3695516.2,
PNTM9M2jMkKm3GLHpLiq3J4gE,"","North Campus",Gammage,"W", 10/05/2025 11:45:00 AM,"(UTC-07:00) Arizona",,,3754228.8,3754228.8,3754228.8,
PNTM9M2jMkKm3GLHpLiq3J4gE,"","North Campus",Gammage,"W", 10/05/2025 12:00:00 PM,"(UTC-07:00) Arizona",,,3678124.8,3678124.8,3678124.8,
PNTM9M2jMkKm3GLHpLiq3J4gE,"","North Campus",Gammage,"W", 10/05/2025 12:15:00 PM,"(UTC-07:00) Arizona",,,3778242.6,3737117.2,3819368,
PNTM9M2jMkKm3GLHpLiq3J4gE,"","North Campus",Gammage,"W", 10/05/2025 12:30:00 PM,"(UTC-07:00) Arizona",,,3819071.9,3793426,3844717.8,
PNTM9M2jMkKm3GLHpLiq3J4gE,"","North Campus",Gammage,"W", 10/05/2025 12:45:00 PM,"(UTC-07:00) Arizona",,,3886418.2,3886418.2,3886418.2,
PNTM9M2jMkKm3GLHpLiq3J4gE,"","North Campus",Gammage,"W", 10/05/2025 01:00:00 PM,"(UTC-07:00) Arizona",,,3774717.8,3774717.8,3774717.8,
PNTM9M2jMkKm3GLHpLiq3J4gE,"","North Campus",Gammage,"W", 10/05/2025 01:15:00 PM,"(UTC-07:00) Arizona",,,3814805,3811656.8,3817953.2,
PNTM9M2jMkKm3GLHpLiq3J4gE,"","North Campus",Gammage,"W", 10/05/2025 01:30:00 PM,"(UTC-07:00) Arizona",,,3894179.8,3894179.8,3894179.8,
PNTM9M2jMkKm3GLHpLiq3J4gE,"","North Campus",Gammage,"W", 10/05/2025 01:45:00 PM,"(UTC-07:00) Arizona",,,3927051,3913574.2,3940527.8,
PNTM9M2jMkKm3GLHpLiq3J4gE,"","North Campus",Gammage,"W", 10/05/2025 02:00:00 PM,"(UTC-07:00) Arizona",,,3990672.8,3990672.8,3990672.8,
PNTM9M2jMkKm3GLHpLiq3J4gE,"","North Campus",Gammage,"W", 10/05/2025 02:15:00 PM,"(UTC-07:00) Arizona",,,3974446.5,3974446.5,3974446.5,
PNTM9M2jMkKm3GLHpLiq3J4gE,"","North Campus",Gammage,"W", 10/05/2025 02:30:00 PM,"(UTC-07:00) Arizona",,,4041472.75,4041292.5,4041653,
PNTM9M2jMkKm3GLHpLiq3J4gE,"","North Campus",Gammage,"W", 10/05/2025 02:45:00 PM,"(UTC-07:00) Arizona",,,4075554.8,4075554.8,4075554.8,
PNTM9M2jMkKm3GLHpLiq3J4gE,"","North Campus",Gammage,"W", 10/05/2025 03:00:00 PM,"(UTC-07:00) Arizona",,,4062292.85,4032500.2,4092085.5,
PNTM9M2jMkKm3GLHpLiq3J4gE,"","North Campus",Gammage,"W", 10/05/2025 03:15:00 PM,"(UTC-07:00) Arizona",,,4100096.8,4100096.8,4100096.8,
PNTM9M2jMkKm3GLHpLiq3J4gE,"","North Campus",Gammage,"W", 10/05/2025 03:30:00 PM,"(UTC-07:00) Arizona",,,4070174.5,4070174.5,4070174.5,
PNTM9M2jMkKm3GLHpLiq3J4gE,"","North Campus",Gammage,"W", 10/05/2025 03:45:00 PM,"(UTC-07:00) Arizona",,,4086739,4086739,4086739,
PNTM9M2jMkKm3GLHpLiq3J4gE,"","North Campus",Gammage,"W", 10/05/2025 04:00:00 PM,"(UTC-07:00) Arizona",,,4134651.85,4124781.5,4144522.2,
PNTM9M2jMkKm3GLHpLiq3J4gE,"","North Campus",Gammage,"W", 10/05/2025 04:15:00 PM,"(UTC-07:00) Arizona",,,4161704.5,4161704.5,4161704.5,
PNTM9M2jMkKm3GLHpLiq3J4gE,"","North Campus",Gammage,"W", 10/05/2025 04:30:00 PM,"(UTC-07:00) Arizona",,,4180576.5,4180576.5,4180576.5,
PNTM9M2jMkKm3GLHpLiq3J4gE,"","North Campus",Gammage,"W", 10/05/2025 04:45:00 PM,"(UTC-07:00) Arizona",,,4232102.5,4202165,4262040,
PNTM9M2jMkKm3GLHpLiq3J4gE,"","North Campus",Gammage,"W", 10/05/2025 05:00:00 PM,"(UTC-07:00) Arizona",,,4211209.5,4211209.5,4211209.5,
PNTM9M2jMkKm3GLHpLiq3J4gE,"","North Campus",Gammage,"W", 10/05/2025 05:15:00 PM,"(UTC-07:00) Arizona",,,4233520.25,4206958,4260082.5,
PNTM9M2jMkKm3GLHpLiq3J4gE,"","North Campus",Gammage,"W", 10/05/2025 05:30:00 PM,"(UTC-07:00) Arizona",,,4246134,4246134,4246134,
PNTM9M2jMkKm3GLHpLiq3J4gE,"","North Campus",Gammage,"W", 10/05/2025 05:45:00 PM,"(UTC-07:00) Arizona",,,4269609.25,4254385,4284833.5,
PNTM9M2jMkKm3GLHpLiq3J4gE,"","North Campus",Gammage,"W", 10/05/2025 06:00:00 PM,"(UTC-07:00) Arizona",,,4235819.5,4235819.5,4235819.5,
PNTM9M2jMkKm3GLHpLiq3J4gE,"","North Campus",Gammage,"W", 10/05/2025 06:15:00 PM,"(UTC-07:00) Arizona",,,4236159,4235014,4237304,
PNTM9M2jMkKm3GLHpLiq3J4gE,"","North Campus",Gammage,"W", 10/05/2025 06:30:00 PM,"(UTC-07:00) Arizona",,,4226533,4226533,4226533,
PNTM9M2jMkKm3GLHpLiq3J4gE,"","North Campus",Gammage,"W", 10/05/2025 06:45:00 PM,"(UTC-07:00) Arizona",,,4196174.25,4156353,4235995.5,
PNTM9M2jMkKm3GLHpLiq3J4gE,"","North Campus",Gammage,"W", 10/05/2025 07:15:00 PM,"(UTC-07:00) Arizona",,,4041859.65,4038296.8,4045422.5,
PNTM9M2jMkKm3GLHpLiq3J4gE,"","North Campus",Gammage,"W", 10/05/2025 07:30:00 PM,"(UTC-07:00) Arizona",,,4100857.8,4100857.8,4100857.8,
PNTM9M2jMkKm3GLHpLiq3J4gE,"","North Campus",Gammage,"W", 10/05/2025 07:45:00 PM,"(UTC-07:00) Arizona",,,4045176.5,4016106.8,4074246.2,
PNTM9M2jMkKm3GLHpLiq3J4gE,"","North Campus",Gammage,"W", 10/05/2025 08:00:00 PM,"(UTC-07:00) Arizona",,,3920115.5,3920115.5,3920115.5,
PNTM9M2jMkKm3GLHpLiq3J4gE,"","North Campus",Gammage,"W", 10/05/2025 08:15:00 PM,"(UTC-07:00) Arizona",,,3912969.2,3912969.2,3912969.2,
PNTM9M2jMkKm3GLHpLiq3J4gE,"","North Campus",Gammage,"W", 10/05/2025 08:30:00 PM,"(UTC-07:00) Arizona",,,3884501.1,3876518,3892484.2,
PNTM9M2jMkKm3GLHpLiq3J4gE,"","North Campus",Gammage,"W", 10/05/2025 08:45:00 PM,"(UTC-07:00) Arizona",,,3893098.5,3893098.5,3893098.5,
PNTM9M2jMkKm3GLHpLiq3J4gE,"","North Campus",Gammage,"W", 10/05/2025 09:00:00 PM,"(UTC-07:00) Arizona",,,3850169,3831845.8,3868492.2,
PNTM9M2jMkKm3GLHpLiq3J4gE,"","North Campus",Gammage,"W", 10/05/2025 09:15:00 PM,"(UTC-07:00) Arizona",,,3838679.5,3838679.5,3838679.5,
PNTM9M2jMkKm3GLHpLiq3J4gE,"","North Campus",Gammage,"W", 10/05/2025 09:30:00 PM,"(UTC-07:00) Arizona",,,3816189.4,3768896,3863482.8,
PNTM9M2jMkKm3GLHpLiq3J4gE,"","North Campus",Gammage,"W", 10/05/2025 09:45:00 PM,"(UTC-07:00) Arizona",,,3766737.2,3766737.2,3766737.2,
PNTM9M2jMkKm3GLHpLiq3J4gE,"","North Campus",Gammage,"W", 10/05/2025 10:00:00 PM,"(UTC-07:00) Arizona",,,3754870.4,3734579,3775161.8,
PNTM9M2jMkKm3GLHpLiq3J4gE,"","North Campus",Gammage,"W", 10/05/2025 10:15:00 PM,"(UTC-07:00) Arizona",,,3676393.5,3676393.5,3676393.5,
PNTM9M2jMkKm3GLHpLiq3J4gE,"","North Campus",Gammage,"W", 10/05/2025 10:30:00 PM,"(UTC-07:00) Arizona",,,3669245,3669245,3669245,
PNTM9M2jMkKm3GLHpLiq3J4gE,"","North Campus",Gammage,"W", 10/05/2025 10:45:00 PM,"(UTC-07:00) Arizona",,,3658259.5,3619556.2,3696962.8,
PNTM9M2jMkKm3GLHpLiq3J4gE,"","North Campus",Gammage,"W", 10/05/2025 11:00:00 PM,"(UTC-07:00) Arizona",,,3629501.8,3629501.8,3629501.8,
PNTM9M2jMkKm3GLHpLiq3J4gE,"","North Campus",Gammage,"W", 10/05/2025 11:30:00 PM,"(UTC-07:00) Arizona",,,3554540.2,3537891.2,3571189.2,
PNTM9M2jMkKm3GLHpLiq3J4gE,"","North Campus",Gammage,"W", 10/05/2025 11:45:00 PM,"(UTC-07:00) Arizona",,,3563467,3563467,3563467,
PNTM9M2jMkKm3GLHpLiq3J4gE,"","North Campus",Gammage,"W", 10/06/2025 12:00:00 AM,"(UTC-07:00) Arizona",,,3558300,3558300,3558300,
PNTM9M2jMkKm3GLHpLiq3J4gE,"","North Campus",Gammage,"W", 10/06/2025 12:15:00 AM,"(UTC-07:00) Arizona",,,3477745.75,3466283.5,3489208,
PNTM9M2jMkKm3GLHpLiq3J4gE,"","North Campus",Gammage,"W", 10/06/2025 12:30:00 AM,"(UTC-07:00) Arizona",,,3506459.5,3506459.5,3506459.5,
PNTM9M2jMkKm3GLHpLiq3J4gE,"","North Campus",Gammage,"W", 10/06/2025 12:45:00 AM,"(UTC-07:00) Arizona",,,3415095.2,3415095.2,3415095.2,
PNTM9M2jMkKm3GLHpLiq3J4gE,"","North Campus",Gammage,"W", 10/06/2025 01:00:00 AM,"(UTC-07:00) Arizona",,,3448723.4,3448576.8,3448870,
PNTM9M2jMkKm3GLHpLiq3J4gE,"","North Campus",Gammage,"W", 10/06/2025 01:15:00 AM,"(UTC-07:00) Arizona",,,3400965.6,3389305,3412626.2,
PNTM9M2jMkKm3GLHpLiq3J4gE,"","North Campus",Gammage,"W", 10/06/2025 01:30:00 AM,"(UTC-07:00) Arizona",,,3334996,3334996,3334996,
PNTM9M2jMkKm3GLHpLiq3J4gE,"","North Campus",Gammage,"W", 10/06/2025 01:45:00 AM,"(UTC-07:00) Arizona",,,3299541.2,3299541.2,3299541.2,
PNTM9M2jMkKm3GLHpLiq3J4gE,"","North Campus",Gammage,"W", 10/06/2025 02:00:00 AM,"(UTC-07:00) Arizona",,,3332410.5,3308718.8,3356102.2,
PNTM9M2jMkKm3GLHpLiq3J4gE,"","North Campus",Gammage,"W", 10/06/2025 02:15:00 AM,"(UTC-07:00) Arizona",,,3334681.2,3334681.2,3334681.2,
PNTM9M2jMkKm3GLHpLiq3J4gE,"","North Campus",Gammage,"W", 10/06/2025 02:30:00 AM,"(UTC-07:00) Arizona",,,3318225.9,3306255,3330196.8,
PNTM9M2jMkKm3GLHpLiq3J4gE,"","North Campus",Gammage,"W", 10/06/2025 02:45:00 AM,"(UTC-07:00) Arizona",,,3333810.35,3333354.2,3334266.5,
PNTM9M2jMkKm3GLHpLiq3J4gE,"","North Campus",Gammage,"W", 10/06/2025 03:00:00 AM,"(UTC-07:00) Arizona",,,3401557.8,3401557.8,3401557.8,
PNTM9M2jMkKm3GLHpLiq3J4gE,"","North Campus",Gammage,"W", 10/06/2025 03:15:00 AM,"(UTC-07:00) Arizona",,,3371746.5,3357400.2,3397333.5,
PNTM9M2jMkKm3GLHpLiq3J4gE,"","North Campus",Gammage,"W", 10/06/2025 03:30:00 AM,"(UTC-07:00) Arizona",,,3410081.25,3390275,3429887.5,
PNTM9M2jMkKm3GLHpLiq3J4gE,"","North Campus",Gammage,"W", 10/06/2025 03:45:00 AM,"(UTC-07:00) Arizona",,,3380482.8,3380482.8,3380482.8,
PNTM9M2jMkKm3GLHpLiq3J4gE,"","North Campus",Gammage,"W", 10/06/2025 04:00:00 AM,"(UTC-07:00) Arizona",,,3408186.7999999993,3369212.8,3436804.8,
PNTM9M2jMkKm3GLHpLiq3J4gE,"","North Campus",Gammage,"W", 10/06/2025 04:15:00 AM,"(UTC-07:00) Arizona",,,3431298.2,3431298.2,3431298.2,
PNTM9M2jMkKm3GLHpLiq3J4gE,"","North Campus",Gammage,"W", 10/06/2025 04:30:00 AM,"(UTC-07:00) Arizona",,,3495517.9,3460768.8,3530267,
PNTM9M2jMkKm3GLHpLiq3J4gE,"","North Campus",Gammage,"W", 10/06/2025 04:45:00 AM,"(UTC-07:00) Arizona",,,3530985.75,3523914.5,3538057,
PNTM9M2jMkKm3GLHpLiq3J4gE,"","North Campus",Gammage,"W", 10/06/2025 05:00:00 AM,"(UTC-07:00) Arizona",,,3560591.9,3541194.8,3579989,
PNTM9M2jMkKm3GLHpLiq3J4gE,"","North Campus",Gammage,"W", 10/06/2025 05:15:00 AM,"(UTC-07:00) Arizona",,,3561382.85,3556725.5,3566040.2,
PNTM9M2jMkKm3GLHpLiq3J4gE,"","North Campus",Gammage,"W", 10/06/2025 05:30:00 AM,"(UTC-07:00) Arizona",,,3548238.5,3548238.5,3548238.5,
PNTM9M2jMkKm3GLHpLiq3J4gE,"","North Campus",Gammage,"W", 10/06/2025 05:45:00 AM,"(UTC-07:00) Arizona",,,3644615.5,3596898.2,3692332.8,
PNTM9M2jMkKm3GLHpLiq3J4gE,"","North Campus",Gammage,"W", 10/06/2025 06:00:00 AM,"(UTC-07:00) Arizona",,,3771548.5,3771548.5,3771548.5,
PNTM9M2jMkKm3GLHpLiq3J4gE,"","North Campus",Gammage,"W", 10/06/2025 06:15:00 AM,"(UTC-07:00) Arizona",,,3766854.8,3748772.8,3784936.8,
PNTM9M2jMkKm3GLHpLiq3J4gE,"","North Campus",Gammage,"W", 10/06/2025 06:30:00 AM,"(UTC-07:00) Arizona",,,3783610.033333333,3779357.8,3790186.8,
PNTM9M2jMkKm3GLHpLiq3J4gE,"","North Campus",Gammage,"W", 10/06/2025 06:45:00 AM,"(UTC-07:00) Arizona",,,3815772.5,3809501,3822044,
PNTM9M2jMkKm3GLHpLiq3J4gE,"","North Campus",Gammage,"W", 10/06/2025 07:00:00 AM,"(UTC-07:00) Arizona",,,3887320.2,3887320.2,3887320.2,
PNTM9M2jMkKm3GLHpLiq3J4gE,"","North Campus",Gammage,"W", 10/06/2025 07:15:00 AM,"(UTC-07:00) Arizona",,,3961977.7,3925194.2,3998761.2,
PNTM9M2jMkKm3GLHpLiq3J4gE,"","North Campus",Gammage,"W", 10/06/2025 07:30:00 AM,"(UTC-07:00) Arizona",,,4000639.6,3996031.2,4005248,
PNTM9M2jMkKm3GLHpLiq3J4gE,"","North Campus",Gammage,"W", 10/06/2025 07:45:00 AM,"(UTC-07:00) Arizona",,,4118212.6,4089054.2,4147371,
PNTM9M2jMkKm3GLHpLiq3J4gE,"","North Campus",Gammage,"W", 10/06/2025 08:00:00 AM,"(UTC-07:00) Arizona",,,4235329,4235329,4235329,
PNTM9M2jMkKm3GLHpLiq3J4gE,"","North Campus",Gammage,"W", 10/06/2025 08:15:00 AM,"(UTC-07:00) Arizona",,,4239958.5,4239958.5,4239958.5,
PNTM9M2jMkKm3GLHpLiq3J4gE,"","North Campus",Gammage,"W", 10/06/2025 08:30:00 AM,"(UTC-07:00) Arizona",,,4397012.25,4381779.5,4412245,
PNTM9M2jMkKm3GLHpLiq3J4gE,"","North Campus",Gammage,"W", 10/06/2025 08:45:00 AM,"(UTC-07:00) Arizona",,,4495541.5,4404364,4586719,
PNTM9M2jMkKm3GLHpLiq3J4gE,"","North Campus",Gammage,"W", 10/06/2025 09:00:00 AM,"(UTC-07:00) Arizona",,,4562923,4562923,4562923,
PNTM9M2jMkKm3GLHpLiq3J4gE,"","North Campus",Gammage,"W", 10/06/2025 09:15:00 AM,"(UTC-07:00) Arizona",,,4477124.5,4399149,4549698.5,
PNTM9M2jMkKm3GLHpLiq3J4gE,"","North Campus",Gammage,"W", 10/06/2025 09:30:00 AM,"(UTC-07:00) Arizona",,,4452854.5,4452854.5,4452854.5,
PNTM9M2jMkKm3GLHpLiq3J4gE,"","North Campus",Gammage,"W", 10/06/2025 09:45:00 AM,"(UTC-07:00) Arizona",,,4555273.75,4536844.5,4573703,
PNTM9M2jMkKm3GLHpLiq3J4gE,"","North Campus",Gammage,"W", 10/06/2025 10:00:00 AM,"(UTC-07:00) Arizona",,,4584570.5,4553465.5,4615675.5,
PNTM9M2jMkKm3GLHpLiq3J4gE,"","North Campus",Gammage,"W", 10/06/2025 10:15:00 AM,"(UTC-07:00) Arizona",,,4724120.5,4629211,4819030,
PNTM9M2jMkKm3GLHpLiq3J4gE,"","North Campus",Gammage,"W", 10/06/2025 10:30:00 AM,"(UTC-07:00) Arizona",,,4698290.25,4696524,4700056.5,
PNTM9M2jMkKm3GLHpLiq3J4gE,"","North Campus",Gammage,"W", 10/06/2025 10:45:00 AM,"(UTC-07:00) Arizona",,,4773713.5,4698256,4849171,
PNTM9M2jMkKm3GLHpLiq3J4gE,"","North Campus",Gammage,"W", 10/06/2025 11:00:00 AM,"(UTC-07:00) Arizona",,,4788474.5,4769724.5,4807224.5,
PNTM9M2jMkKm3GLHpLiq3J4gE,"","North Campus",Gammage,"W", 10/06/2025 11:15:00 AM,"(UTC-07:00) Arizona",,,4803100.75,4787238,4818963.5,
PNTM9M2jMkKm3GLHpLiq3J4gE,"","North Campus",Gammage,"W", 10/06/2025 11:30:00 AM,"(UTC-07:00) Arizona",,,4777173,4773191.5,4783026.5,
PNTM9M2jMkKm3GLHpLiq3J4gE,"","North Campus",Gammage,"W", 10/06/2025 11:45:00 AM,"(UTC-07:00) Arizona",,,4818228.5,4818228.5,4818228.5,
PNTM9M2jMkKm3GLHpLiq3J4gE,"","North Campus",Gammage,"W", 10/06/2025 12:00:00 PM,"(UTC-07:00) Arizona",,,4948558.75,4889826.5,5007291,
PNTM9M2jMkKm3GLHpLiq3J4gE,"","North Campus",Gammage,"W", 10/06/2025 12:15:00 PM,"(UTC-07:00) Arizona",,,4884226.25,4883777.5,4884675,
PNTM9M2jMkKm3GLHpLiq3J4gE,"","North Campus",Gammage,"W", 10/06/2025 12:30:00 PM,"(UTC-07:00) Arizona",,,4947690.5,4947690.5,4947690.5,
PNTM9M2jMkKm3GLHpLiq3J4gE,"","North Campus",Gammage,"W", 10/06/2025 12:45:00 PM,"(UTC-07:00) Arizona",,,4938208,4938208,4938208,
PNTM9M2jMkKm3GLHpLiq3J4gE,"","North Campus",Gammage,"W", 10/06/2025 01:00:00 PM,"(UTC-07:00) Arizona",,,4923653.75,4897653,4949654.5,
PNTM9M2jMkKm3GLHpLiq3J4gE,"","North Campus",Gammage,"W", 10/06/2025 01:15:00 PM,"(UTC-07:00) Arizona",,,4935341.75,4891738.5,4978945,
PNTM9M2jMkKm3GLHpLiq3J4gE,"","North Campus",Gammage,"W", 10/06/2025 01:30:00 PM,"(UTC-07:00) Arizona",,,4991997.25,4940313.5,5043681,
PNTM9M2jMkKm3GLHpLiq3J4gE,"","North Campus",Gammage,"W", 10/06/2025 01:45:00 PM,"(UTC-07:00) Arizona",,,5059649,5059649,5059649,
PNTM9M2jMkKm3GLHpLiq3J4gE,"","North Campus",Gammage,"W", 10/06/2025 02:00:00 PM,"(UTC-07:00) Arizona",,,4992680.5,4983058.5,5002302.5,
PNTM9M2jMkKm3GLHpLiq3J4gE,"","North Campus",Gammage,"W", 10/06/2025 02:15:00 PM,"(UTC-07:00) Arizona",,,4957612.75,4890947.5,5024278,
PNTM9M2jMkKm3GLHpLiq3J4gE,"","North Campus",Gammage,"W", 10/06/2025 02:30:00 PM,"(UTC-07:00) Arizona",,,5020464.75,4967022.5,5073907,
PNTM9M2jMkKm3GLHpLiq3J4gE,"","North Campus",Gammage,"W", 10/06/2025 02:45:00 PM,"(UTC-07:00) Arizona",,,5012210,4934519,5089901,
PNTM9M2jMkKm3GLHpLiq3J4gE,"","North Campus",Gammage,"W", 10/06/2025 03:00:00 PM,"(UTC-07:00) Arizona",,,4974787.25,4955443.5,4994131,
PNTM9M2jMkKm3GLHpLiq3J4gE,"","North Campus",Gammage,"W", 10/06/2025 03:15:00 PM,"(UTC-07:00) Arizona",,,5015934.75,4996498,5035371.5,
PNTM9M2jMkKm3GLHpLiq3J4gE,"","North Campus",Gammage,"W", 10/06/2025 03:30:00 PM,"(UTC-07:00) Arizona",,,5045630.5,5045630.5,5045630.5,
PNTM9M2jMkKm3GLHpLiq3J4gE,"","North Campus",Gammage,"W", 10/06/2025 03:45:00 PM,"(UTC-07:00) Arizona",,,5130201.5,5123480,5136923,
PNTM9M2jMkKm3GLHpLiq3J4gE,"","North Campus",Gammage,"W", 10/06/2025 04:00:00 PM,"(UTC-07:00) Arizona",,,5103546.25,5063642,5143450.5,
PNTM9M2jMkKm3GLHpLiq3J4gE,"","North Campus",Gammage,"W", 10/06/2025 04:15:00 PM,"(UTC-07:00) Arizona",,,5111826.5,5111826.5,5111826.5,
PNTM9M2jMkKm3GLHpLiq3J4gE,"","North Campus",Gammage,"W", 10/06/2025 04:30:00 PM,"(UTC-07:00) Arizona",,,5105330.666666667,5061211,5147537.5,
PNTM9M2jMkKm3GLHpLiq3J4gE,"","North Campus",Gammage,"W", 10/06/2025 04:45:00 PM,"(UTC-07:00) Arizona",,,5169520.25,5122259,5216781.5,
PNTM9M2jMkKm3GLHpLiq3J4gE,"","North Campus",Gammage,"W", 10/06/2025 05:00:00 PM,"(UTC-07:00) Arizona",,,5046118.75,5037599,5054638.5,
PNTM9M2jMkKm3GLHpLiq3J4gE,"","North Campus",Gammage,"W", 10/06/2025 05:15:00 PM,"(UTC-07:00) Arizona",,,5020552.75,5018424,5022681.5,
PNTM9M2jMkKm3GLHpLiq3J4gE,"","North Campus",Gammage,"W", 10/06/2025 05:30:00 PM,"(UTC-07:00) Arizona",,,5009608.5,5009608.5,5009608.5,
PNTM9M2jMkKm3GLHpLiq3J4gE,"","North Campus",Gammage,"W", 10/06/2025 05:45:00 PM,"(UTC-07:00) Arizona",,,4952815,4931785.5,4973844.5,
PNTM9M2jMkKm3GLHpLiq3J4gE,"","North Campus",Gammage,"W", 10/06/2025 06:00:00 PM,"(UTC-07:00) Arizona",,,4759243.5,4714230,4804257,
PNTM9M2jMkKm3GLHpLiq3J4gE,"","North Campus",Gammage,"W", 10/06/2025 06:15:00 PM,"(UTC-07:00) Arizona",,,4806090.5,4806090.5,4806090.5,
PNTM9M2jMkKm3GLHpLiq3J4gE,"","North Campus",Gammage,"W", 10/06/2025 06:30:00 PM,"(UTC-07:00) Arizona",,,4772131,4752665.5,4791596.5,
PNTM9M2jMkKm3GLHpLiq3J4gE,"","North Campus",Gammage,"W", 10/06/2025 06:45:00 PM,"(UTC-07:00) Arizona",,,4759197.75,4748715.5,4769680,
PNTM9M2jMkKm3GLHpLiq3J4gE,"","North Campus",Gammage,"W", 10/06/2025 07:00:00 PM,"(UTC-07:00) Arizona",,,4558625.75,4539266.5,4577985,
PNTM9M2jMkKm3GLHpLiq3J4gE,"","North Campus",Gammage,"W", 10/06/2025 07:15:00 PM,"(UTC-07:00) Arizona",,,4563217.5,4563217.5,4563217.5,
PNTM9M2jMkKm3GLHpLiq3J4gE,"","North Campus",Gammage,"W", 10/06/2025 07:30:00 PM,"(UTC-07:00) Arizona",,,4483191,4453991,4512391,
PNTM9M2jMkKm3GLHpLiq3J4gE,"","North Campus",Gammage,"W", 10/06/2025 07:45:00 PM,"(UTC-07:00) Arizona",,,4526724.5,4526724.5,4526724.5,
PNTM9M2jMkKm3GLHpLiq3J4gE,"","North Campus",Gammage,"W", 10/06/2025 08:00:00 PM,"(UTC-07:00) Arizona",,,4359464.833333333,4330595.5,4409231.5,
PNTM9M2jMkKm3GLHpLiq3J4gE,"","North Campus",Gammage,"W", 10/06/2025 08:15:00 PM,"(UTC-07:00) Arizona",,,4305202.5,4305202.5,4305202.5,
PNTM9M2jMkKm3GLHpLiq3J4gE,"","North Campus",Gammage,"W", 10/06/2025 08:30:00 PM,"(UTC-07:00) Arizona",,,4249220.5,4203625,4294816,
PNTM9M2jMkKm3GLHpLiq3J4gE,"","North Campus",Gammage,"W", 10/06/2025 08:45:00 PM,"(UTC-07:00) Arizona",,,4196452.5,4196452.5,4196452.5,
PNTM9M2jMkKm3GLHpLiq3J4gE,"","North Campus",Gammage,"W", 10/06/2025 09:00:00 PM,"(UTC-07:00) Arizona",,,4153959.1,4146848.2,4161070,
PNTM9M2jMkKm3GLHpLiq3J4gE,"","North Campus",Gammage,"W", 10/06/2025 09:15:00 PM,"(UTC-07:00) Arizona",,,4161739.0666666664,4109365,4212064,
PNTM9M2jMkKm3GLHpLiq3J4gE,"","North Campus",Gammage,"W", 10/06/2025 09:30:00 PM,"(UTC-07:00) Arizona",,,4159316.5,4159316.5,4159316.5,
PNTM9M2jMkKm3GLHpLiq3J4gE,"","North Campus",Gammage,"W", 10/06/2025 09:45:00 PM,"(UTC-07:00) Arizona",,,4131971.2,4121918.2,4142024.2,
PNTM9M2jMkKm3GLHpLiq3J4gE,"","North Campus",Gammage,"W", 10/06/2025 10:15:00 PM,"(UTC-07:00) Arizona",,,3888562.5,3877147,3899978,
PNTM9M2jMkKm3GLHpLiq3J4gE,"","North Campus",Gammage,"W", 10/06/2025 10:30:00 PM,"(UTC-07:00) Arizona",,,3886337,3886337,3886337,
PNTM9M2jMkKm3GLHpLiq3J4gE,"","North Campus",Gammage,"W", 10/06/2025 10:45:00 PM,"(UTC-07:00) Arizona",,,3767771.15,3701172.8,3834369.5,
PNTM9M2jMkKm3GLHpLiq3J4gE,"","North Campus",Gammage,"W", 10/06/2025 11:00:00 PM,"(UTC-07:00) Arizona",,,3644144,3644144,3644144,
PNTM9M2jMkKm3GLHpLiq3J4gE,"","North Campus",Gammage,"W", 10/06/2025 11:15:00 PM,"(UTC-07:00) Arizona",,,3658530.85,3656523.2,3660538.5,
PNTM9M2jMkKm3GLHpLiq3J4gE,"","North Campus",Gammage,"W", 10/06/2025 11:30:00 PM,"(UTC-07:00) Arizona",,,3642299,3642299,3642299,
PNTM9M2jMkKm3GLHpLiq3J4gE,"","North Campus",Gammage,"W", 10/06/2025 11:45:00 PM,"(UTC-07:00) Arizona",,,3576748,3576748,3576748,
PNTM9M2jMkKm3GLHpLiq3J4gE,"","North Campus",Gammage,"W", 10/07/2025 12:00:00 AM,"(UTC-07:00) Arizona",,,3589129.1,3586287.8,3591251,
PNTM9M2jMkKm3GLHpLiq3J4gE,"","North Campus",Gammage,"W", 10/07/2025 12:15:00 AM,"(UTC-07:00) Arizona",,,3515403.3,3504147.8,3526658.8,
PNTM9M2jMkKm3GLHpLiq3J4gE,"","North Campus",Gammage,"W", 10/07/2025 12:30:00 AM,"(UTC-07:00) Arizona",,,3498546,3498546,3498546,
PNTM9M2jMkKm3GLHpLiq3J4gE,"","North Campus",Gammage,"W", 10/07/2025 12:45:00 AM,"(UTC-07:00) Arizona",,,3493116.75,3488891.5,3497342,
PNTM9M2jMkKm3GLHpLiq3J4gE,"","North Campus",Gammage,"W", 10/07/2025 01:00:00 AM,"(UTC-07:00) Arizona",,,3473352.5,3473352.5,3473352.5,
PNTM9M2jMkKm3GLHpLiq3J4gE,"","North Campus",Gammage,"W", 10/07/2025 01:15:00 AM,"(UTC-07:00) Arizona",,,3426249.5,3415662.5,3436836.5,
PNTM9M2jMkKm3GLHpLiq3J4gE,"","North Campus",Gammage,"W", 10/07/2025 01:30:00 AM,"(UTC-07:00) Arizona",,,3412678.35,3411130.5,3414226.2,
PNTM9M2jMkKm3GLHpLiq3J4gE,"","North Campus",Gammage,"W", 10/07/2025 01:45:00 AM,"(UTC-07:00) Arizona",,,3368705.7,3355776.2,3381635.2,
PNTM9M2jMkKm3GLHpLiq3J4gE,"","North Campus",Gammage,"W", 10/07/2025 02:00:00 AM,"(UTC-07:00) Arizona",,,3376428.15,3376418.8,3376437.5,
PNTM9M2jMkKm3GLHpLiq3J4gE,"","North Campus",Gammage,"W", 10/07/2025 02:15:00 AM,"(UTC-07:00) Arizona",,,3368199.4,3354896.2,3383725.2,
PNTM9M2jMkKm3GLHpLiq3J4gE,"","North Campus",Gammage,"W", 10/07/2025 02:30:00 AM,"(UTC-07:00) Arizona",,,3375155.1666666665,3357266.8,3395641.5,
PNTM9M2jMkKm3GLHpLiq3J4gE,"","North Campus",Gammage,"W", 10/07/2025 02:45:00 AM,"(UTC-07:00) Arizona",,,3416926.2,3416926.2,3416926.2,
PNTM9M2jMkKm3GLHpLiq3J4gE,"","North Campus",Gammage,"W", 10/07/2025 03:00:00 AM,"(UTC-07:00) Arizona",,,3403360.9,3401001,3405720.8,
PNTM9M2jMkKm3GLHpLiq3J4gE,"","North Campus",Gammage,"W", 10/07/2025 03:15:00 AM,"(UTC-07:00) Arizona",,,3415337.4,3409729,3420945.8,
PNTM9M2jMkKm3GLHpLiq3J4gE,"","North Campus",Gammage,"W", 10/07/2025 03:30:00 AM,"(UTC-07:00) Arizona",,,3378592.8,3378592.8,3378592.8,
PNTM9M2jMkKm3GLHpLiq3J4gE,"","North Campus",Gammage,"W", 10/07/2025 03:45:00 AM,"(UTC-07:00) Arizona",,,3436220.9,3418242,3454199.8,
PNTM9M2jMkKm3GLHpLiq3J4gE,"","North Campus",Gammage,"W", 10/07/2025 04:00:00 AM,"(UTC-07:00) Arizona",,,3457396.15,3453226.5,3461565.8,
PNTM9M2jMkKm3GLHpLiq3J4gE,"","North Campus",Gammage,"W", 10/07/2025 04:15:00 AM,"(UTC-07:00) Arizona",,,3505629.75,3469125.5,3542134,
PNTM9M2jMkKm3GLHpLiq3J4gE,"","North Campus",Gammage,"W", 10/07/2025 04:30:00 AM,"(UTC-07:00) Arizona",,,3548715.75,3513537.5,3583894,
PNTM9M2jMkKm3GLHpLiq3J4gE,"","North Campus",Gammage,"W", 10/07/2025 04:45:00 AM,"(UTC-07:00) Arizona",,,3589345,3557086.8,3621603.2,
PNTM9M2jMkKm3GLHpLiq3J4gE,"","North Campus",Gammage,"W", 10/07/2025 05:00:00 AM,"(UTC-07:00) Arizona",,,3606804.35,3594408.2,3619200.5,
PNTM9M2jMkKm3GLHpLiq3J4gE,"","North Campus",Gammage,"W", 10/07/2025 05:15:00 AM,"(UTC-07:00) Arizona",,,3614940,3592171.5,3637708.5,
PNTM9M2jMkKm3GLHpLiq3J4gE,"","North Campus",Gammage,"W", 10/07/2025 05:30:00 AM,"(UTC-07:00) Arizona",,,3599114.75,3591260,3606969.5,
PNTM9M2jMkKm3GLHpLiq3J4gE,"","North Campus",Gammage,"W", 10/07/2025 05:45:00 AM,"(UTC-07:00) Arizona",,,3648993.6666666665,3637675.5,3654850,
PNTM9M2jMkKm3GLHpLiq3J4gE,"","North Campus",Gammage,"W", 10/07/2025 06:00:00 AM,"(UTC-07:00) Arizona",,,3774689,3774689,3774689,
PNTM9M2jMkKm3GLHpLiq3J4gE,"","North Campus",Gammage,"W", 10/07/2025 06:15:00 AM,"(UTC-07:00) Arizona",,,3802934.85,3794209.5,3811660.2,
PNTM9M2jMkKm3GLHpLiq3J4gE,"","North Campus",Gammage,"W", 10/07/2025 06:30:00 AM,"(UTC-07:00) Arizona",,,3842437.4333333336,3801120.8,3886454,
PNTM9M2jMkKm3GLHpLiq3J4gE,"","North Campus",Gammage,"W", 10/07/2025 06:45:00 AM,"(UTC-07:00) Arizona",,,3828325.5,3828325.5,3828325.5,
PNTM9M2jMkKm3GLHpLiq3J4gE,"","North Campus",Gammage,"W", 10/07/2025 07:00:00 AM,"(UTC-07:00) Arizona",,,4041166.15,4027646.5,4054685.8,
PNTM9M2jMkKm3GLHpLiq3J4gE,"","North Campus",Gammage,"W", 10/07/2025 07:15:00 AM,"(UTC-07:00) Arizona",,,4094490.5,4072021.2,4116959.8,
PNTM9M2jMkKm3GLHpLiq3J4gE,"","North Campus",Gammage,"W", 10/07/2025 07:30:00 AM,"(UTC-07:00) Arizona",,,4096413.8,4096413.8,4096413.8,
PNTM9M2jMkKm3GLHpLiq3J4gE,"","North Campus",Gammage,"W", 10/07/2025 07:45:00 AM,"(UTC-07:00) Arizona",,,4208947.35,4161598.2,4256296.5,
PNTM9M2jMkKm3GLHpLiq3J4gE,"","North Campus",Gammage,"W", 10/07/2025 08:00:00 AM,"(UTC-07:00) Arizona",,,4348127.5,4300843,4395412,
PNTM9M2jMkKm3GLHpLiq3J4gE,"","North Campus",Gammage,"W", 10/07/2025 08:15:00 AM,"(UTC-07:00) Arizona",,,4346574,4329546.5,4363601.5,
PNTM9M2jMkKm3GLHpLiq3J4gE,"","North Campus",Gammage,"W", 10/07/2025 08:30:00 AM,"(UTC-07:00) Arizona",,,4352254,4352254,4352254,
PNTM9M2jMkKm3GLHpLiq3J4gE,"","North Campus",Gammage,"W", 10/07/2025 08:45:00 AM,"(UTC-07:00) Arizona",,,4523313.75,4445424,4601203.5,
PNTM9M2jMkKm3GLHpLiq3J4gE,"","North Campus",Gammage,"W", 10/07/2025 09:00:00 AM,"(UTC-07:00) Arizona",,,4646421,4646421,4646421,
PNTM9M2jMkKm3GLHpLiq3J4gE,"","North Campus",Gammage,"W", 10/07/2025 09:15:00 AM,"(UTC-07:00) Arizona",,,4613916.25,4536930.5,4690902,
PNTM9M2jMkKm3GLHpLiq3J4gE,"","North Campus",Gammage,"W", 10/07/2025 09:30:00 AM,"(UTC-07:00) Arizona",,,4589233.75,4582771,4595696.5,
PNTM9M2jMkKm3GLHpLiq3J4gE,"","North Campus",Gammage,"W", 10/07/2025 09:45:00 AM,"(UTC-07:00) Arizona",,,4615922,4615922,4615922,
PNTM9M2jMkKm3GLHpLiq3J4gE,"","North Campus",Gammage,"W", 10/07/2025 10:00:00 AM,"(UTC-07:00) Arizona",,,4742494.25,4688145.5,4796843,
PNTM9M2jMkKm3GLHpLiq3J4gE,"","North Campus",Gammage,"W", 10/07/2025 10:15:00 AM,"(UTC-07:00) Arizona",,,4668514.5,4668514.5,4668514.5,
PNTM9M2jMkKm3GLHpLiq3J4gE,"","North Campus",Gammage,"W", 10/07/2025 10:30:00 AM,"(UTC-07:00) Arizona",,,4730048,4730048,4730048,
PNTM9M2jMkKm3GLHpLiq3J4gE,"","North Campus",Gammage,"W", 10/07/2025 10:45:00 AM,"(UTC-07:00) Arizona",,,4900166.5,4900166.5,4900166.5,
PNTM9M2jMkKm3GLHpLiq3J4gE,"","North Campus",Gammage,"W", 10/07/2025 11:00:00 AM,"(UTC-07:00) Arizona",,,4881616.25,4827140.5,4936092,
PNTM9M2jMkKm3GLHpLiq3J4gE,"","North Campus",Gammage,"W", 10/07/2025 11:15:00 AM,"(UTC-07:00) Arizona",,,4927900.75,4922332,4933469.5,
PNTM9M2jMkKm3GLHpLiq3J4gE,"","North Campus",Gammage,"W", 10/07/2025 11:30:00 AM,"(UTC-07:00) Arizona",,,4930530,4930530,4930530,
PNTM9M2jMkKm3GLHpLiq3J4gE,"","North Campus",Gammage,"W", 10/07/2025 11:45:00 AM,"(UTC-07:00) Arizona",,,4943969.5,4943969.5,4943969.5,
PNTM9M2jMkKm3GLHpLiq3J4gE,"","North Campus",Gammage,"W", 10/07/2025 12:00:00 PM,"(UTC-07:00) Arizona",,,5012110,5002406,5021814,
PNTM9M2jMkKm3GLHpLiq3J4gE,"","North Campus",Gammage,"W", 10/07/2025 12:15:00 PM,"(UTC-07:00) Arizona",,,4941857,4941857,4941857,
PNTM9M2jMkKm3GLHpLiq3J4gE,"","North Campus",Gammage,"W", 10/07/2025 12:30:00 PM,"(UTC-07:00) Arizona",,,4943038.5,4943038.5,4943038.5,
PNTM9M2jMkKm3GLHpLiq3J4gE,"","North Campus",Gammage,"W", 10/07/2025 12:45:00 PM,"(UTC-07:00) Arizona",,,5009194.5,5009194.5,5009194.5,
PNTM9M2jMkKm3GLHpLiq3J4gE,"","North Campus",Gammage,"W", 10/07/2025 01:00:00 PM,"(UTC-07:00) Arizona",,,4969548,4949618.5,4989477.5,
PNTM9M2jMkKm3GLHpLiq3J4gE,"","North Campus",Gammage,"W", 10/07/2025 01:15:00 PM,"(UTC-07:00) Arizona",,,4952908.5,4952908.5,4952908.5,
PNTM9M2jMkKm3GLHpLiq3J4gE,"","North Campus",Gammage,"W", 10/07/2025 01:30:00 PM,"(UTC-07:00) Arizona",,,5019132.25,5017139.5,5021125,
PNTM9M2jMkKm3GLHpLiq3J4gE,"","North Campus",Gammage,"W", 10/07/2025 01:45:00 PM,"(UTC-07:00) Arizona",,,5191663.5,5191663.5,5191663.5,
PNTM9M2jMkKm3GLHpLiq3J4gE,"","North Campus",Gammage,"W", 10/07/2025 02:00:00 PM,"(UTC-07:00) Arizona",,,5113907,5099185,5128629,
PNTM9M2jMkKm3GLHpLiq3J4gE,"","North Campus",Gammage,"W", 10/07/2025 02:15:00 PM,"(UTC-07:00) Arizona",,,5196534.5,5196534.5,5196534.5,
PNTM9M2jMkKm3GLHpLiq3J4gE,"","North Campus",Gammage,"W", 10/07/2025 02:30:00 PM,"(UTC-07:00) Arizona",,,5148837.25,5127955,5169719.5,
PNTM9M2jMkKm3GLHpLiq3J4gE,"","North Campus",Gammage,"W", 10/07/2025 02:45:00 PM,"(UTC-07:00) Arizona",,,5190844.75,5071121.5,5310568,
PNTM9M2jMkKm3GLHpLiq3J4gE,"","North Campus",Gammage,"W", 10/07/2025 03:00:00 PM,"(UTC-07:00) Arizona",,,5112115.5,5072654.5,5151576.5,
PNTM9M2jMkKm3GLHpLiq3J4gE,"","North Campus",Gammage,"W", 10/07/2025 03:15:00 PM,"(UTC-07:00) Arizona",,,5208653.75,5181758.5,5235549,
PNTM9M2jMkKm3GLHpLiq3J4gE,"","North Campus",Gammage,"W", 10/07/2025 03:30:00 PM,"(UTC-07:00) Arizona",,,5163819.166666667,5141057,5175682,
PNTM9M2jMkKm3GLHpLiq3J4gE,"","North Campus",Gammage,"W", 10/07/2025 03:45:00 PM,"(UTC-07:00) Arizona",,,5158845.25,5152609.5,5165081,
PNTM9M2jMkKm3GLHpLiq3J4gE,"","North Campus",Gammage,"W", 10/07/2025 04:00:00 PM,"(UTC-07:00) Arizona",,,5243684,5243684,5243684,
PNTM9M2jMkKm3GLHpLiq3J4gE,"","North Campus",Gammage,"W", 10/07/2025 04:15:00 PM,"(UTC-07:00) Arizona",,,5141220.5,5141220.5,5141220.5,
PNTM9M2jMkKm3GLHpLiq3J4gE,"","North Campus",Gammage,"W", 10/07/2025 04:30:00 PM,"(UTC-07:00) Arizona",,,5249156.25,5248739,5249573.5,
PNTM9M2jMkKm3GLHpLiq3J4gE,"","North Campus",Gammage,"W", 10/07/2025 04:45:00 PM,"(UTC-07:00) Arizona",,,5236201.75,5229614,5242789.5,
PNTM9M2jMkKm3GLHpLiq3J4gE,"","North Campus",Gammage,"W", 10/07/2025 05:00:00 PM,"(UTC-07:00) Arizona",,,5102651,5102651,5102651,
PNTM9M2jMkKm3GLHpLiq3J4gE,"","North Campus",Gammage,"W", 10/07/2025 05:15:00 PM,"(UTC-07:00) Arizona",,,5170388,5170388,5170388,
PNTM9M2jMkKm3GLHpLiq3J4gE,"","North Campus",Gammage,"W", 10/07/2025 05:30:00 PM,"(UTC-07:00) Arizona",,,5165382.75,5151154,5179611.5,
PNTM9M2jMkKm3GLHpLiq3J4gE,"","North Campus",Gammage,"W", 10/07/2025 05:45:00 PM,"(UTC-07:00) Arizona",,,5023120,5023120,5023120,
PNTM9M2jMkKm3GLHpLiq3J4gE,"","North Campus",Gammage,"W", 10/07/2025 06:00:00 PM,"(UTC-07:00) Arizona",,,5034179.75,4981544,5086815.5,
PNTM9M2jMkKm3GLHpLiq3J4gE,"","North Campus",Gammage,"W", 10/07/2025 06:15:00 PM,"(UTC-07:00) Arizona",,,5009599.5,5009599.5,5009599.5,
PNTM9M2jMkKm3GLHpLiq3J4gE,"","North Campus",Gammage,"W", 10/07/2025 06:30:00 PM,"(UTC-07:00) Arizona",,,4990908.25,4979289.5,5002527,
PNTM9M2jMkKm3GLHpLiq3J4gE,"","North Campus",Gammage,"W", 10/07/2025 06:45:00 PM,"(UTC-07:00) Arizona",,,4935127,4935127,4935127,
PNTM9M2jMkKm3GLHpLiq3J4gE,"","North Campus",Gammage,"W", 10/07/2025 07:00:00 PM,"(UTC-07:00) Arizona",,,4808551,4808551,4808551,
PNTM9M2jMkKm3GLHpLiq3J4gE,"","North Campus",Gammage,"W", 10/07/2025 07:15:00 PM,"(UTC-07:00) Arizona",,,4663008,4663008,4663008,
PNTM9M2jMkKm3GLHpLiq3J4gE,"","North Campus",Gammage,"W", 10/07/2025 07:30:00 PM,"(UTC-07:00) Arizona",,,4550479.75,4544644.5,4556315,
PNTM9M2jMkKm3GLHpLiq3J4gE,"","North Campus",Gammage,"W", 10/07/2025 07:45:00 PM,"(UTC-07:00) Arizona",,,4488348.5,4418271,4558426,
PNTM9M2jMkKm3GLHpLiq3J4gE,"","North Campus",Gammage,"W", 10/07/2025 08:00:00 PM,"(UTC-07:00) Arizona",,,4405813.5,4405813.5,4405813.5,
PNTM9M2jMkKm3GLHpLiq3J4gE,"","North Campus",Gammage,"W", 10/07/2025 08:15:00 PM,"(UTC-07:00) Arizona",,,4317703,4300248.5,4335157.5,
PNTM9M2jMkKm3GLHpLiq3J4gE,"","North Campus",Gammage,"W", 10/07/2025 08:30:00 PM,"(UTC-07:00) Arizona",,,4243532,4243532,4243532,
PNTM9M2jMkKm3GLHpLiq3J4gE,"","North Campus",Gammage,"W", 10/07/2025 08:45:00 PM,"(UTC-07:00) Arizona",,,4235123,4212791,4257455,
PNTM9M2jMkKm3GLHpLiq3J4gE,"","North Campus",Gammage,"W", 10/07/2025 09:00:00 PM,"(UTC-07:00) Arizona",,,4140058.8,4140058.8,4140058.8,
PNTM9M2jMkKm3GLHpLiq3J4gE,"","North Campus",Gammage,"W", 10/07/2025 09:15:00 PM,"(UTC-07:00) Arizona",,,4142336,4096651.5,4188020.5,
PNTM9M2jMkKm3GLHpLiq3J4gE,"","North Campus",Gammage,"W", 10/07/2025 09:30:00 PM,"(UTC-07:00) Arizona",,,4016152.5,4016152.5,4016152.5,
PNTM9M2jMkKm3GLHpLiq3J4gE,"","North Campus",Gammage,"W", 10/07/2025 09:45:00 PM,"(UTC-07:00) Arizona",,,4065206,4061576.5,4068835.5,
PNTM9M2jMkKm3GLHpLiq3J4gE,"","North Campus",Gammage,"W", 10/07/2025 10:00:00 PM,"(UTC-07:00) Arizona",,,3952505,3952505,3952505,
PNTM9M2jMkKm3GLHpLiq3J4gE,"","North Campus",Gammage,"W", 10/07/2025 10:15:00 PM,"(UTC-07:00) Arizona",,,3895415.8,3895415.8,3895415.8,
PNTM9M2jMkKm3GLHpLiq3J4gE,"","North Campus",Gammage,"W", 10/07/2025 10:30:00 PM,"(UTC-07:00) Arizona",,,3863656.75,3842218.5,3885095,
PNTM9M2jMkKm3GLHpLiq3J4gE,"","North Campus",Gammage,"W", 10/07/2025 10:45:00 PM,"(UTC-07:00) Arizona",,,3871970.5,3871970.5,3871970.5,
PNTM9M2jMkKm3GLHpLiq3J4gE,"","North Campus",Gammage,"W", 10/07/2025 11:00:00 PM,"(UTC-07:00) Arizona",,,3705807.8,3705807.8,3705807.8,
PNTM9M2jMkKm3GLHpLiq3J4gE,"","North Campus",Gammage,"W", 10/07/2025 11:15:00 PM,"(UTC-07:00) Arizona",,,3629248,3601627,3656869,
PNTM9M2jMkKm3GLHpLiq3J4gE,"","North Campus",Gammage,"W", 10/07/2025 11:30:00 PM,"(UTC-07:00) Arizona",,,3654925.8,3654925.8,3654925.8,
