ExternalPointID,Tags,Parent Equipment Name,Site Name,FrequencyUnit,Time,Timezone,OnCount,OffCount,Average,Minimum,Maximum,Sum,State
PNTM9M2jMkKm3GLHpLiq3J4gE,"","North Campus",Gammage,"W", 09/09/2025 12:00:00 AM,"(UTC-07:00) Arizona",,,3729536.5666666664,3712903.2,3742787,
PNTM9M2jMkKm3GLHpLiq3J4gE,"","North Campus",Gammage,"W", 09/09/2025 12:15:00 AM,"(UTC-07:00) Arizona",,,3688278.766666667,3656735.8,3721283.5,
PNTM9M2jMkKm3GLHpLiq3J4gE,"","North Campus",Gammage,"W", 09/09/2025 12:30:00 AM,"(UTC-07:00) Arizona",,,3685126.233333333,3674087,3697579.2,
PNTM9M2jMkKm3GLHpLiq3J4gE,"","North Campus",Gammage,"W", 09/09/2025 12:45:00 AM,"(UTC-07:00) Arizona",,,3637976.9333333336,3614074,3657581,
PNTM9M2jMkKm3GLHpLiq3J4gE,"","North Campus",Gammage,"W", 09/09/2025 01:00:00 AM,"(UTC-07:00) Arizona",,,3637305,3604759,3676320.8,
PNTM9M2jMkKm3GLHpLiq3J4gE,"","North Campus",Gammage,"W", 09/09/2025 01:15:00 AM,"(UTC-07:00) Arizona",,,3512856.8333333335,3506881.8,3521120.2,
PNTM9M2jMkKm3GLHpLiq3J4gE,"","North Campus",Gammage,"W", 09/09/2025 01:30:00 AM,"(UTC-07:00) Arizona",,,3505588.6,3480657.5,3521984.5,
PNTM9M2jMkKm3GLHpLiq3J4gE,"","North Campus",Gammage,"W", 09/09/2025 01:45:00 AM,"(UTC-07:00) Arizona",,,3461376.533333333,3405544.8,3495080.8,
PNTM9M2jMkKm3GLHpLiq3J4gE,"","North Campus",Gammage,"W", 09/09/2025 02:00:00 AM,"(UTC-07:00) Arizona",,,3454823,3430205.5,3479440.5,
PNTM9M2jMkKm3GLHpLiq3J4gE,"","North Campus",Gammage,"W", 09/09/2025 02:15:00 AM,"(UTC-07:00) Arizona",,,3453114.925,3442335.5,3470978.2,
PNTM9M2jMkKm3GLHpLiq3J4gE,"","North Campus",Gammage,"W", 09/09/2025 02:30:00 AM,"(UTC-07:00) Arizona",,,3424920.35,3410429.5,3439411.2,
PNTM9M2jMkKm3GLHpLiq3J4gE,"","North Campus",Gammage,"W", 09/09/2025 02:45:00 AM,"(UTC-07:00) Arizona",,,3422667.4,3407093.8,3442451.2,
PNTM9M2jMkKm3GLHpLiq3J4gE,"","North Campus",Gammage,"W", 09/09/2025 03:00:00 AM,"(UTC-07:00) Arizona",,,3412995.3666666667,3381827.5,3439753.8,
PNTM9M2jMkKm3GLHpLiq3J4gE,"","North Campus",Gammage,"W", 09/09/2025 03:15:00 AM,"(UTC-07:00) Arizona",,,3426267.033333333,3385770.5,3461218.8,
PNTM9M2jMkKm3GLHpLiq3J4gE,"","North Campus",Gammage,"W", 09/09/2025 03:30:00 AM,"(UTC-07:00) Arizona",,,3488445,3411497.5,3563815,
PNTM9M2jMkKm3GLHpLiq3J4gE,"","North Campus",Gammage,"W", 09/09/2025 03:45:00 AM,"(UTC-07:00) Arizona",,,3512263,3503139.5,3521386.5,
PNTM9M2jMkKm3GLHpLiq3J4gE,"","North Campus",Gammage,"W", 09/09/2025 04:00:00 AM,"(UTC-07:00) Arizona",,,3542372.733333333,3523423.2,3561625.5,
PNTM9M2jMkKm3GLHpLiq3J4gE,"","North Campus",Gammage,"W", 09/09/2025 04:15:00 AM,"(UTC-07:00) Arizona",,,3585199.85,3557168.2,3615845.2,
PNTM9M2jMkKm3GLHpLiq3J4gE,"","North Campus",Gammage,"W", 09/09/2025 04:30:00 AM,"(UTC-07:00) Arizona",,,3598314.6333333333,3585135.2,3608492.2,
PNTM9M2jMkKm3GLHpLiq3J4gE,"","North Campus",Gammage,"W", 09/09/2025 04:45:00 AM,"(UTC-07:00) Arizona",,,3631407.6,3615732.2,3647083,
PNTM9M2jMkKm3GLHpLiq3J4gE,"","North Campus",Gammage,"W", 09/09/2025 05:00:00 AM,"(UTC-07:00) Arizona",,,3677607.4333333336,3642720.8,3722251,
PNTM9M2jMkKm3GLHpLiq3J4gE,"","North Campus",Gammage,"W", 09/09/2025 05:15:00 AM,"(UTC-07:00) Arizona",,,3659471.3666666667,3657195.5,3660756.8,
PNTM9M2jMkKm3GLHpLiq3J4gE,"","North Campus",Gammage,"W", 09/09/2025 05:30:00 AM,"(UTC-07:00) Arizona",,,3677415.4333333336,3649492,3710339.5,
PNTM9M2jMkKm3GLHpLiq3J4gE,"","North Campus",Gammage,"W", 09/09/2025 05:45:00 AM,"(UTC-07:00) Arizona",,,3736500,3705254.5,3757167.5,
PNTM9M2jMkKm3GLHpLiq3J4gE,"","North Campus",Gammage,"W", 09/09/2025 06:00:00 AM,"(UTC-07:00) Arizona",,,3784415.25,3775776,3793054.5,
PNTM9M2jMkKm3GLHpLiq3J4gE,"","North Campus",Gammage,"W", 09/09/2025 06:15:00 AM,"(UTC-07:00) Arizona",,,3765406.3333333335,3751756,3776217.2,
PNTM9M2jMkKm3GLHpLiq3J4gE,"","North Campus",Gammage,"W", 09/09/2025 06:30:00 AM,"(UTC-07:00) Arizona",,,3794337.4,3755184,3828919,
PNTM9M2jMkKm3GLHpLiq3J4gE,"","North Campus",Gammage,"W", 09/09/2025 06:45:00 AM,"(UTC-07:00) Arizona",,,3856341.5,3783971.8,3928711.2,
PNTM9M2jMkKm3GLHpLiq3J4gE,"","North Campus",Gammage,"W", 09/09/2025 07:00:00 AM,"(UTC-07:00) Arizona",,,4000679.525,3965611.8,4069229.5,
PNTM9M2jMkKm3GLHpLiq3J4gE,"","North Campus",Gammage,"W", 09/09/2025 07:15:00 AM,"(UTC-07:00) Arizona",,,4004306.7,3994213.2,4014400.2,
PNTM9M2jMkKm3GLHpLiq3J4gE,"","North Campus",Gammage,"W", 09/09/2025 07:30:00 AM,"(UTC-07:00) Arizona",,,4114310.733333333,4085582.2,4138088.5,
PNTM9M2jMkKm3GLHpLiq3J4gE,"","North Campus",Gammage,"W", 09/09/2025 07:45:00 AM,"(UTC-07:00) Arizona",,,4317127.175,4185268.2,4506954.5,
PNTM9M2jMkKm3GLHpLiq3J4gE,"","North Campus",Gammage,"W", 09/09/2025 08:00:00 AM,"(UTC-07:00) Arizona",,,4667758.166666667,4582988,4735675,
PNTM9M2jMkKm3GLHpLiq3J4gE,"","North Campus",Gammage,"W", 09/09/2025 08:15:00 AM,"(UTC-07:00) Arizona",,,4726345.25,4705838,4746852.5,
PNTM9M2jMkKm3GLHpLiq3J4gE,"","North Campus",Gammage,"W", 09/09/2025 08:30:00 AM,"(UTC-07:00) Arizona",,,4812501.5,4740054.5,4884948.5,
PNTM9M2jMkKm3GLHpLiq3J4gE,"","North Campus",Gammage,"W", 09/09/2025 08:45:00 AM,"(UTC-07:00) Arizona",,,4808226.75,4800690.5,4815763,
PNTM9M2jMkKm3GLHpLiq3J4gE,"","North Campus",Gammage,"W", 09/09/2025 09:00:00 AM,"(UTC-07:00) Arizona",,,4855453,4804695.5,4933655,
PNTM9M2jMkKm3GLHpLiq3J4gE,"","North Campus",Gammage,"W", 09/09/2025 09:15:00 AM,"(UTC-07:00) Arizona",,,4903716.875,4863591.5,4929628.5,
PNTM9M2jMkKm3GLHpLiq3J4gE,"","North Campus",Gammage,"W", 09/09/2025 09:30:00 AM,"(UTC-07:00) Arizona",,,4938766.666666667,4890287,5033143.5,
PNTM9M2jMkKm3GLHpLiq3J4gE,"","North Campus",Gammage,"W", 09/09/2025 09:45:00 AM,"(UTC-07:00) Arizona",,,4868663.75,4784692,4952635.5,
PNTM9M2jMkKm3GLHpLiq3J4gE,"","North Campus",Gammage,"W", 09/09/2025 10:00:00 AM,"(UTC-07:00) Arizona",,,5086846.166666667,4932145.5,5229909,
PNTM9M2jMkKm3GLHpLiq3J4gE,"","North Campus",Gammage,"W", 09/09/2025 10:15:00 AM,"(UTC-07:00) Arizona",,,5054882.5,5054882.5,5054882.5,
PNTM9M2jMkKm3GLHpLiq3J4gE,"","North Campus",Gammage,"W", 09/09/2025 10:30:00 AM,"(UTC-07:00) Arizona",,,5158149,5093779,5234003,
PNTM9M2jMkKm3GLHpLiq3J4gE,"","North Campus",Gammage,"W", 09/09/2025 10:45:00 AM,"(UTC-07:00) Arizona",,,5172627.75,5166440.5,5178815,
PNTM9M2jMkKm3GLHpLiq3J4gE,"","North Campus",Gammage,"W", 09/09/2025 11:00:00 AM,"(UTC-07:00) Arizona",,,5252100.333333333,5171701.5,5324708,
PNTM9M2jMkKm3GLHpLiq3J4gE,"","North Campus",Gammage,"W", 09/09/2025 11:15:00 AM,"(UTC-07:00) Arizona",,,5259561.5,5175824,5343299,
PNTM9M2jMkKm3GLHpLiq3J4gE,"","North Campus",Gammage,"W", 09/09/2025 11:30:00 AM,"(UTC-07:00) Arizona",,,5157391,5133123.5,5199742,
PNTM9M2jMkKm3GLHpLiq3J4gE,"","North Campus",Gammage,"W", 09/09/2025 11:45:00 AM,"(UTC-07:00) Arizona",,,5298382.5,5232729,5407626,
PNTM9M2jMkKm3GLHpLiq3J4gE,"","North Campus",Gammage,"W", 09/09/2025 12:00:00 PM,"(UTC-07:00) Arizona",,,5249033.833333333,5131633.5,5382161.5,
PNTM9M2jMkKm3GLHpLiq3J4gE,"","North Campus",Gammage,"W", 09/09/2025 12:15:00 PM,"(UTC-07:00) Arizona",,,5264983,5162827.5,5367138.5,
PNTM9M2jMkKm3GLHpLiq3J4gE,"","North Campus",Gammage,"W", 09/09/2025 12:30:00 PM,"(UTC-07:00) Arizona",,,5412477.125,5163409.5,5609544,
PNTM9M2jMkKm3GLHpLiq3J4gE,"","North Campus",Gammage,"W", 09/09/2025 12:45:00 PM,"(UTC-07:00) Arizona",,,5333890.5,5305745.5,5362035.5,
PNTM9M2jMkKm3GLHpLiq3J4gE,"","North Campus",Gammage,"W", 09/09/2025 01:00:00 PM,"(UTC-07:00) Arizona",,,5315851.833333333,5191290,5438875,
PNTM9M2jMkKm3GLHpLiq3J4gE,"","North Campus",Gammage,"W", 09/09/2025 01:15:00 PM,"(UTC-07:00) Arizona",,,5226689.166666667,5036122,5493154,
PNTM9M2jMkKm3GLHpLiq3J4gE,"","North Campus",Gammage,"W", 09/09/2025 01:30:00 PM,"(UTC-07:00) Arizona",,,5273412,5129534.5,5375666,
PNTM9M2jMkKm3GLHpLiq3J4gE,"","North Campus",Gammage,"W", 09/09/2025 01:45:00 PM,"(UTC-07:00) Arizona",,,5245723.5,5214152,5272954.5,
PNTM9M2jMkKm3GLHpLiq3J4gE,"","North Campus",Gammage,"W", 09/09/2025 02:00:00 PM,"(UTC-07:00) Arizona",,,5390415,5305601,5440994.5,
PNTM9M2jMkKm3GLHpLiq3J4gE,"","North Campus",Gammage,"W", 09/09/2025 02:15:00 PM,"(UTC-07:00) Arizona",,,5578861.5,5513030.5,5644692.5,
PNTM9M2jMkKm3GLHpLiq3J4gE,"","North Campus",Gammage,"W", 09/09/2025 02:30:00 PM,"(UTC-07:00) Arizona",,,5354026.333333333,5201896.5,5587638.5,
PNTM9M2jMkKm3GLHpLiq3J4gE,"","North Campus",Gammage,"W", 09/09/2025 02:45:00 PM,"(UTC-07:00) Arizona",,,5501209.5,5332748.5,5588157,
PNTM9M2jMkKm3GLHpLiq3J4gE,"","North Campus",Gammage,"W", 09/09/2025 03:00:00 PM,"(UTC-07:00) Arizona",,,5449926.25,5284935.5,5614917,
PNTM9M2jMkKm3GLHpLiq3J4gE,"","North Campus",Gammage,"W", 09/09/2025 03:15:00 PM,"(UTC-07:00) Arizona",,,5504185.5,5434498.5,5575976.5,
PNTM9M2jMkKm3GLHpLiq3J4gE,"","North Campus",Gammage,"W", 09/09/2025 03:30:00 PM,"(UTC-07:00) Arizona",,,5527307.5,5411629,5670014.5,
PNTM9M2jMkKm3GLHpLiq3J4gE,"","North Campus",Gammage,"W", 09/09/2025 03:45:00 PM,"(UTC-07:00) Arizona",,,5704788.166666667,5649489.5,5743943,
PNTM9M2jMkKm3GLHpLiq3J4gE,"","North Campus",Gammage,"W", 09/09/2025 04:00:00 PM,"(UTC-07:00) Arizona",,,5473061.5,5471510.5,5474612.5,
PNTM9M2jMkKm3GLHpLiq3J4gE,"","North Campus",Gammage,"W", 09/09/2025 04:15:00 PM,"(UTC-07:00) Arizona",,,5502047.75,5489371.5,5514724,
PNTM9M2jMkKm3GLHpLiq3J4gE,"","North Campus",Gammage,"W", 09/09/2025 04:30:00 PM,"(UTC-07:00) Arizona",,,5551588.5,5551588.5,5551588.5,
PNTM9M2jMkKm3GLHpLiq3J4gE,"","North Campus",Gammage,"W", 09/09/2025 04:45:00 PM,"(UTC-07:00) Arizona",,,5576958.5,5513774.5,5631092,
PNTM9M2jMkKm3GLHpLiq3J4gE,"","North Campus",Gammage,"W", 09/09/2025 05:00:00 PM,"(UTC-07:00) Arizona",,,5545985,5517736,5586084.5,
PNTM9M2jMkKm3GLHpLiq3J4gE,"","North Campus",Gammage,"W", 09/09/2025 05:15:00 PM,"(UTC-07:00) Arizona",,,5497952.375,5464012.5,5526323,
PNTM9M2jMkKm3GLHpLiq3J4gE,"","North Campus",Gammage,"W", 09/09/2025 05:30:00 PM,"(UTC-07:00) Arizona",,,5458135.833333333,5357656,5544047,
PNTM9M2jMkKm3GLHpLiq3J4gE,"","North Campus",Gammage,"W", 09/09/2025 05:45:00 PM,"(UTC-07:00) Arizona",,,5379355.833333333,5343177.5,5409118,
PNTM9M2jMkKm3GLHpLiq3J4gE,"","North Campus",Gammage,"W", 09/09/2025 06:00:00 PM,"(UTC-07:00) Arizona",,,5222496,5204561.5,5247013,
PNTM9M2jMkKm3GLHpLiq3J4gE,"","North Campus",Gammage,"W", 09/09/2025 06:15:00 PM,"(UTC-07:00) Arizona",,,5136762.666666667,5095226.5,5179571.5,
PNTM9M2jMkKm3GLHpLiq3J4gE,"","North Campus",Gammage,"W", 09/09/2025 06:30:00 PM,"(UTC-07:00) Arizona",,,5073694.5,5067261,5079557,
PNTM9M2jMkKm3GLHpLiq3J4gE,"","North Campus",Gammage,"W", 09/09/2025 06:45:00 PM,"(UTC-07:00) Arizona",,,5034132.75,5016984.5,5051281,
PNTM9M2jMkKm3GLHpLiq3J4gE,"","North Campus",Gammage,"W", 09/09/2025 07:00:00 PM,"(UTC-07:00) Arizona",,,4992776.833333333,4892041.5,5080652,
PNTM9M2jMkKm3GLHpLiq3J4gE,"","North Campus",Gammage,"W", 09/09/2025 07:15:00 PM,"(UTC-07:00) Arizona",,,4882912.833333333,4817112,4947330.5,
PNTM9M2jMkKm3GLHpLiq3J4gE,"","North Campus",Gammage,"W", 09/09/2025 07:30:00 PM,"(UTC-07:00) Arizona",,,4849892.833333333,4786256.5,4926684.5,
PNTM9M2jMkKm3GLHpLiq3J4gE,"","North Campus",Gammage,"W", 09/09/2025 07:45:00 PM,"(UTC-07:00) Arizona",,,4707296.666666667,4678447,4741754,
PNTM9M2jMkKm3GLHpLiq3J4gE,"","North Campus",Gammage,"W", 09/09/2025 08:00:00 PM,"(UTC-07:00) Arizona",,,4698813.75,4686802,4710825.5,
PNTM9M2jMkKm3GLHpLiq3J4gE,"","North Campus",Gammage,"W", 09/09/2025 08:15:00 PM,"(UTC-07:00) Arizona",,,4647545.375,4626260,4683852.5,
PNTM9M2jMkKm3GLHpLiq3J4gE,"","North Campus",Gammage,"W", 09/09/2025 08:30:00 PM,"(UTC-07:00) Arizona",,,4512080.5,4448689,4592344.5,
PNTM9M2jMkKm3GLHpLiq3J4gE,"","North Campus",Gammage,"W", 09/09/2025 08:45:00 PM,"(UTC-07:00) Arizona",,,4463070.5,4451395.5,4474745.5,
PNTM9M2jMkKm3GLHpLiq3J4gE,"","North Campus",Gammage,"W", 09/09/2025 09:00:00 PM,"(UTC-07:00) Arizona",,,4437110.833333333,4414497,4456580.5,
PNTM9M2jMkKm3GLHpLiq3J4gE,"","North Campus",Gammage,"W", 09/09/2025 09:15:00 PM,"(UTC-07:00) Arizona",,,4418863.833333333,4398770,4451601.5,
PNTM9M2jMkKm3GLHpLiq3J4gE,"","North Campus",Gammage,"W", 09/09/2025 09:30:00 PM,"(UTC-07:00) Arizona",,,4435147,4435147,4435147,
PNTM9M2jMkKm3GLHpLiq3J4gE,"","North Campus",Gammage,"W", 09/09/2025 09:45:00 PM,"(UTC-07:00) Arizona",,,4278555.166666667,4224265.5,4365013,
PNTM9M2jMkKm3GLHpLiq3J4gE,"","North Campus",Gammage,"W", 09/09/2025 10:00:00 PM,"(UTC-07:00) Arizona",,,4175865.8,4171894.8,4179836.8,
PNTM9M2jMkKm3GLHpLiq3J4gE,"","North Campus",Gammage,"W", 09/09/2025 10:15:00 PM,"(UTC-07:00) Arizona",,,4172772.5,4164328,4186090,
PNTM9M2jMkKm3GLHpLiq3J4gE,"","North Campus",Gammage,"W", 09/09/2025 10:30:00 PM,"(UTC-07:00) Arizona",,,4119905.2,4119905.2,4119905.2,
PNTM9M2jMkKm3GLHpLiq3J4gE,"","North Campus",Gammage,"W", 09/09/2025 10:45:00 PM,"(UTC-07:00) Arizona",,,4040914.55,4000231,4081778.2,
PNTM9M2jMkKm3GLHpLiq3J4gE,"","North Campus",Gammage,"W", 09/09/2025 11:00:00 PM,"(UTC-07:00) Arizona",,,3859663.233333333,3835377.2,3886917.5,
PNTM9M2jMkKm3GLHpLiq3J4gE,"","North Campus",Gammage,"W", 09/09/2025 11:15:00 PM,"(UTC-07:00) Arizona",,,3860532,3858043.5,3863020.5,
PNTM9M2jMkKm3GLHpLiq3J4gE,"","North Campus",Gammage,"W", 09/09/2025 11:30:00 PM,"(UTC-07:00) Arizona",,,3847439.1500000004,3816610.8,3909841.8,
PNTM9M2jMkKm3GLHpLiq3J4gE,"","North Campus",Gammage,"W", 09/09/2025 11:45:00 PM,"(UTC-07:00) Arizona",,,3798110.9,3771795,3821656.2,
PNTM9M2jMkKm3GLHpLiq3J4gE,"","North Campus",Gammage,"W", 09/10/2025 12:00:00 AM,"(UTC-07:00) Arizona",,,3754003.1,3722456.2,3785550,
PNTM9M2jMkKm3GLHpLiq3J4gE,"","North Campus",Gammage,"W", 09/10/2025 12:15:00 AM,"(UTC-07:00) Arizona",,,3714260.5666666664,3705367.5,3721166,
PNTM9M2jMkKm3GLHpLiq3J4gE,"","North Campus",Gammage,"W", 09/10/2025 12:30:00 AM,"(UTC-07:00) Arizona",,,3689741.4333333336,3661126,3728206.5,
PNTM9M2jMkKm3GLHpLiq3J4gE,"","North Campus",Gammage,"W", 09/10/2025 12:45:00 AM,"(UTC-07:00) Arizona",,,3652345.8,3615358.5,3678008.2,
PNTM9M2jMkKm3GLHpLiq3J4gE,"","North Campus",Gammage,"W", 09/10/2025 01:00:00 AM,"(UTC-07:00) Arizona",,,3670130.8,3670130.8,3670130.8,
PNTM9M2jMkKm3GLHpLiq3J4gE,"","North Campus",Gammage,"W", 09/10/2025 01:15:00 AM,"(UTC-07:00) Arizona",,,3582737.4,3555712.5,3627457.2,
PNTM9M2jMkKm3GLHpLiq3J4gE,"","North Campus",Gammage,"W", 09/10/2025 01:30:00 AM,"(UTC-07:00) Arizona",,,3501947.5,3482873.8,3521021.2,
PNTM9M2jMkKm3GLHpLiq3J4gE,"","North Campus",Gammage,"W", 09/10/2025 01:45:00 AM,"(UTC-07:00) Arizona",,,3480379.85,3458599.2,3502160.5,
PNTM9M2jMkKm3GLHpLiq3J4gE,"","North Campus",Gammage,"W", 09/10/2025 02:00:00 AM,"(UTC-07:00) Arizona",,,3434947.9,3430649.5,3439317.2,
PNTM9M2jMkKm3GLHpLiq3J4gE,"","North Campus",Gammage,"W", 09/10/2025 02:15:00 AM,"(UTC-07:00) Arizona",,,3413576.625,3401968,3421386.8,
PNTM9M2jMkKm3GLHpLiq3J4gE,"","North Campus",Gammage,"W", 09/10/2025 02:30:00 AM,"(UTC-07:00) Arizona",,,3416075.9,3405607.8,3426544,
PNTM9M2jMkKm3GLHpLiq3J4gE,"","North Campus",Gammage,"W", 09/10/2025 02:45:00 AM,"(UTC-07:00) Arizona",,,3434136.5,3397734.5,3452821.5,
PNTM9M2jMkKm3GLHpLiq3J4gE,"","North Campus",Gammage,"W", 09/10/2025 03:00:00 AM,"(UTC-07:00) Arizona",,,3447301.6666666665,3406549,3492933.5,
PNTM9M2jMkKm3GLHpLiq3J4gE,"","North Campus",Gammage,"W", 09/10/2025 03:15:00 AM,"(UTC-07:00) Arizona",,,3404046.6666666665,3382753.5,3420268.5,
PNTM9M2jMkKm3GLHpLiq3J4gE,"","North Campus",Gammage,"W", 09/10/2025 03:30:00 AM,"(UTC-07:00) Arizona",,,3448388.266666667,3427109.5,3468343.8,
PNTM9M2jMkKm3GLHpLiq3J4gE,"","North Campus",Gammage,"W", 09/10/2025 03:45:00 AM,"(UTC-07:00) Arizona",,,3483186.4333333336,3472441,3490270.8,
PNTM9M2jMkKm3GLHpLiq3J4gE,"","North Campus",Gammage,"W", 09/10/2025 04:00:00 AM,"(UTC-07:00) Arizona",,,3492064.4,3470215.2,3523538.5,
PNTM9M2jMkKm3GLHpLiq3J4gE,"","North Campus",Gammage,"W", 09/10/2025 04:15:00 AM,"(UTC-07:00) Arizona",,,3569107.6666666665,3538638,3595241.8,
PNTM9M2jMkKm3GLHpLiq3J4gE,"","North Campus",Gammage,"W", 09/10/2025 04:30:00 AM,"(UTC-07:00) Arizona",,,3591394.766666667,3552110.8,3627504.5,
PNTM9M2jMkKm3GLHpLiq3J4gE,"","North Campus",Gammage,"W", 09/10/2025 04:45:00 AM,"(UTC-07:00) Arizona",,,3590619.6999999997,3574764.5,3604696.8,
PNTM9M2jMkKm3GLHpLiq3J4gE,"","North Campus",Gammage,"W", 09/10/2025 05:00:00 AM,"(UTC-07:00) Arizona",,,3604704.1,3573888.8,3627785.5,
PNTM9M2jMkKm3GLHpLiq3J4gE,"","North Campus",Gammage,"W", 09/10/2025 05:15:00 AM,"(UTC-07:00) Arizona",,,3610446.5666666664,3587521,3641619.5,
PNTM9M2jMkKm3GLHpLiq3J4gE,"","North Campus",Gammage,"W", 09/10/2025 05:30:00 AM,"(UTC-07:00) Arizona",,,3631317.5,3616011.5,3655731.5,
PNTM9M2jMkKm3GLHpLiq3J4gE,"","North Campus",Gammage,"W", 09/10/2025 05:45:00 AM,"(UTC-07:00) Arizona",,,3660105.6333333333,3612498.2,3704443.2,
PNTM9M2jMkKm3GLHpLiq3J4gE,"","North Campus",Gammage,"W", 09/10/2025 06:00:00 AM,"(UTC-07:00) Arizona",,,3742308.266666667,3730473.8,3759545.2,
PNTM9M2jMkKm3GLHpLiq3J4gE,"","North Campus",Gammage,"W", 09/10/2025 06:15:00 AM,"(UTC-07:00) Arizona",,,3719539.1999999997,3716474.8,3722097.8,
PNTM9M2jMkKm3GLHpLiq3J4gE,"","North Campus",Gammage,"W", 09/10/2025 06:30:00 AM,"(UTC-07:00) Arizona",,,3709930.8333333335,3679811.5,3740370.8,
PNTM9M2jMkKm3GLHpLiq3J4gE,"","North Campus",Gammage,"W", 09/10/2025 06:45:00 AM,"(UTC-07:00) Arizona",,,3785669.1,3728300,3823512.8,
PNTM9M2jMkKm3GLHpLiq3J4gE,"","North Campus",Gammage,"W", 09/10/2025 07:00:00 AM,"(UTC-07:00) Arizona",,,3890998.1666666665,3882638,3901441,
PNTM9M2jMkKm3GLHpLiq3J4gE,"","North Campus",Gammage,"W", 09/10/2025 07:15:00 AM,"(UTC-07:00) Arizona",,,4000781.9333333336,3900118.8,4063545.8,
PNTM9M2jMkKm3GLHpLiq3J4gE,"","North Campus",Gammage,"W", 09/10/2025 07:30:00 AM,"(UTC-07:00) Arizona",,,4092070.25,4074636,4109504.5,
PNTM9M2jMkKm3GLHpLiq3J4gE,"","North Campus",Gammage,"W", 09/10/2025 07:45:00 AM,"(UTC-07:00) Arizona",,,4266016.399999999,4106255.2,4362946.5,
PNTM9M2jMkKm3GLHpLiq3J4gE,"","North Campus",Gammage,"W", 09/10/2025 08:00:00 AM,"(UTC-07:00) Arizona",,,4395864.75,4367173,4424556.5,
PNTM9M2jMkKm3GLHpLiq3J4gE,"","North Campus",Gammage,"W", 09/10/2025 08:15:00 AM,"(UTC-07:00) Arizona",,,4587959,4574964,4600954,
PNTM9M2jMkKm3GLHpLiq3J4gE,"","North Campus",Gammage,"W", 09/10/2025 08:30:00 AM,"(UTC-07:00) Arizona",,,4726750.5,4656837,4796664,
PNTM9M2jMkKm3GLHpLiq3J4gE,"","North Campus",Gammage,"W", 09/10/2025 08:45:00 AM,"(UTC-07:00) Arizona",,,4683863,4604364,4806734,
PNTM9M2jMkKm3GLHpLiq3J4gE,"","North Campus",Gammage,"W", 09/10/2025 09:00:00 AM,"(UTC-07:00) Arizona",,,4768850.25,4756141.5,4781559,
PNTM9M2jMkKm3GLHpLiq3J4gE,"","North Campus",Gammage,"W", 09/10/2025 09:15:00 AM,"(UTC-07:00) Arizona",,,4832825.375,4815061.5,4845452.5,
PNTM9M2jMkKm3GLHpLiq3J4gE,"","North Campus",Gammage,"W", 09/10/2025 09:30:00 AM,"(UTC-07:00) Arizona",,,4858086.75,4831329.5,4884844,
PNTM9M2jMkKm3GLHpLiq3J4gE,"","North Campus",Gammage,"W", 09/10/2025 09:45:00 AM,"(UTC-07:00) Arizona",,,4914862.166666667,4839818.5,5064417,
PNTM9M2jMkKm3GLHpLiq3J4gE,"","North Campus",Gammage,"W", 09/10/2025 10:00:00 AM,"(UTC-07:00) Arizona",,,4839771.666666667,4739665.5,5015867,
PNTM9M2jMkKm3GLHpLiq3J4gE,"","North Campus",Gammage,"W", 09/10/2025 10:15:00 AM,"(UTC-07:00) Arizona",,,4900230,4837666,4935061,
PNTM9M2jMkKm3GLHpLiq3J4gE,"","North Campus",Gammage,"W", 09/10/2025 10:30:00 AM,"(UTC-07:00) Arizona",,,5057350.5,4971452.5,5101039.5,
PNTM9M2jMkKm3GLHpLiq3J4gE,"","North Campus",Gammage,"W", 09/10/2025 10:45:00 AM,"(UTC-07:00) Arizona",,,5161986.333333333,5095330.5,5253470,
PNTM9M2jMkKm3GLHpLiq3J4gE,"","North Campus",Gammage,"W", 09/10/2025 11:00:00 AM,"(UTC-07:00) Arizona",,,5158988.75,5111015.5,5206962,
PNTM9M2jMkKm3GLHpLiq3J4gE,"","North Campus",Gammage,"W", 09/10/2025 11:15:00 AM,"(UTC-07:00) Arizona",,,5212420.5,5131423,5285821.5,
PNTM9M2jMkKm3GLHpLiq3J4gE,"","North Campus",Gammage,"W", 09/10/2025 11:30:00 AM,"(UTC-07:00) Arizona",,,5097728,5007869,5179677,
PNTM9M2jMkKm3GLHpLiq3J4gE,"","North Campus",Gammage,"W", 09/10/2025 11:45:00 AM,"(UTC-07:00) Arizona",,,5031291.833333333,4971894.5,5067200,
PNTM9M2jMkKm3GLHpLiq3J4gE,"","North Campus",Gammage,"W", 09/10/2025 12:00:00 PM,"(UTC-07:00) Arizona",,,5144474.25,4978229.5,5439499.5,
PNTM9M2jMkKm3GLHpLiq3J4gE,"","North Campus",Gammage,"W", 09/10/2025 12:15:00 PM,"(UTC-07:00) Arizona",,,5223846.25,5187091.5,5260601,
PNTM9M2jMkKm3GLHpLiq3J4gE,"","North Campus",Gammage,"W", 09/10/2025 12:30:00 PM,"(UTC-07:00) Arizona",,,5189934.833333333,5112858.5,5251584.5,
PNTM9M2jMkKm3GLHpLiq3J4gE,"","North Campus",Gammage,"W", 09/10/2025 12:45:00 PM,"(UTC-07:00) Arizona",,,5330475,5116402.5,5499119,
PNTM9M2jMkKm3GLHpLiq3J4gE,"","North Campus",Gammage,"W", 09/10/2025 01:00:00 PM,"(UTC-07:00) Arizona",,,5216016.75,5030081,5436193,
PNTM9M2jMkKm3GLHpLiq3J4gE,"","North Campus",Gammage,"W", 09/10/2025 01:15:00 PM,"(UTC-07:00) Arizona",,,5265046.75,5047412,5482681.5,
PNTM9M2jMkKm3GLHpLiq3J4gE,"","North Campus",Gammage,"W", 09/10/2025 01:30:00 PM,"(UTC-07:00) Arizona",,,5244686.5,5100201.5,5449325,
PNTM9M2jMkKm3GLHpLiq3J4gE,"","North Campus",Gammage,"W", 09/10/2025 01:45:00 PM,"(UTC-07:00) Arizona",,,5484005,5404957.5,5569708.5,
PNTM9M2jMkKm3GLHpLiq3J4gE,"","North Campus",Gammage,"W", 09/10/2025 02:00:00 PM,"(UTC-07:00) Arizona",,,5137175,5096103,5178247,
PNTM9M2jMkKm3GLHpLiq3J4gE,"","North Campus",Gammage,"W", 09/10/2025 02:15:00 PM,"(UTC-07:00) Arizona",,,5299533.25,5137589,5461477.5,
PNTM9M2jMkKm3GLHpLiq3J4gE,"","North Campus",Gammage,"W", 09/10/2025 02:30:00 PM,"(UTC-07:00) Arizona",,,5439734,5419987.5,5459480.5,
PNTM9M2jMkKm3GLHpLiq3J4gE,"","North Campus",Gammage,"W", 09/10/2025 02:45:00 PM,"(UTC-07:00) Arizona",,,5322522.666666667,5205065.5,5395024,
PNTM9M2jMkKm3GLHpLiq3J4gE,"","North Campus",Gammage,"W", 09/10/2025 03:00:00 PM,"(UTC-07:00) Arizona",,,5304400.833333333,5204508,5426277,
PNTM9M2jMkKm3GLHpLiq3J4gE,"","North Campus",Gammage,"W", 09/10/2025 03:15:00 PM,"(UTC-07:00) Arizona",,,5286243,5232018,5340468,
PNTM9M2jMkKm3GLHpLiq3J4gE,"","North Campus",Gammage,"W", 09/10/2025 03:30:00 PM,"(UTC-07:00) Arizona",,,5216621,5185635,5234278.5,
PNTM9M2jMkKm3GLHpLiq3J4gE,"","North Campus",Gammage,"W", 09/10/2025 03:45:00 PM,"(UTC-07:00) Arizona",,,5276890.166666667,5245647.5,5297876,
PNTM9M2jMkKm3GLHpLiq3J4gE,"","North Campus",Gammage,"W", 09/10/2025 04:00:00 PM,"(UTC-07:00) Arizona",,,5380910.666666667,5267534.5,5458017.5,
PNTM9M2jMkKm3GLHpLiq3J4gE,"","North Campus",Gammage,"W", 09/10/2025 04:15:00 PM,"(UTC-07:00) Arizona",,,5396792.75,5382791,5410794.5,
PNTM9M2jMkKm3GLHpLiq3J4gE,"","North Campus",Gammage,"W", 09/10/2025 04:30:00 PM,"(UTC-07:00) Arizona",,,5345146.666666667,5300271,5420691.5,
PNTM9M2jMkKm3GLHpLiq3J4gE,"","North Campus",Gammage,"W", 09/10/2025 04:45:00 PM,"(UTC-07:00) Arizona",,,5410669.166666667,5346749,5533095.5,
PNTM9M2jMkKm3GLHpLiq3J4gE,"","North Campus",Gammage,"W", 09/10/2025 05:00:00 PM,"(UTC-07:00) Arizona",,,5307731,5283954,5331508,
PNTM9M2jMkKm3GLHpLiq3J4gE,"","North Campus",Gammage,"W", 09/10/2025 05:15:00 PM,"(UTC-07:00) Arizona",,,5204653,5151490,5257816,
PNTM9M2jMkKm3GLHpLiq3J4gE,"","North Campus",Gammage,"W", 09/10/2025 05:30:00 PM,"(UTC-07:00) Arizona",,,5270158.666666667,5248521.5,5286333.5,
PNTM9M2jMkKm3GLHpLiq3J4gE,"","North Campus",Gammage,"W", 09/10/2025 05:45:00 PM,"(UTC-07:00) Arizona",,,5178562.833333333,5102332,5257274.5,
PNTM9M2jMkKm3GLHpLiq3J4gE,"","North Campus",Gammage,"W", 09/10/2025 06:00:00 PM,"(UTC-07:00) Arizona",,,5080955.333333333,5014783,5168263,
PNTM9M2jMkKm3GLHpLiq3J4gE,"","North Campus",Gammage,"W", 09/10/2025 06:15:00 PM,"(UTC-07:00) Arizona",,,5024216.333333333,4983566.5,5052314.5,
PNTM9M2jMkKm3GLHpLiq3J4gE,"","North Campus",Gammage,"W", 09/10/2025 06:30:00 PM,"(UTC-07:00) Arizona",,,4982898.25,4974670.5,4991126,
PNTM9M2jMkKm3GLHpLiq3J4gE,"","North Campus",Gammage,"W", 09/10/2025 06:45:00 PM,"(UTC-07:00) Arizona",,,4921262.5,4866879,4975083.5,
PNTM9M2jMkKm3GLHpLiq3J4gE,"","North Campus",Gammage,"W", 09/10/2025 07:00:00 PM,"(UTC-07:00) Arizona",,,4856199.333333333,4794125.5,4945164,
PNTM9M2jMkKm3GLHpLiq3J4gE,"","North Campus",Gammage,"W", 09/10/2025 07:15:00 PM,"(UTC-07:00) Arizona",,,4811349.833333333,4784083.5,4848464.5,
PNTM9M2jMkKm3GLHpLiq3J4gE,"","North Campus",Gammage,"W", 09/10/2025 07:30:00 PM,"(UTC-07:00) Arizona",,,4797784.333333333,4756144,4834550,
PNTM9M2jMkKm3GLHpLiq3J4gE,"","North Campus",Gammage,"W", 09/10/2025 07:45:00 PM,"(UTC-07:00) Arizona",,,4684075,4640077.5,4727266.5,
PNTM9M2jMkKm3GLHpLiq3J4gE,"","North Campus",Gammage,"W", 09/10/2025 08:00:00 PM,"(UTC-07:00) Arizona",,,4513811.25,4492757,4534865.5,
PNTM9M2jMkKm3GLHpLiq3J4gE,"","North Campus",Gammage,"W", 09/10/2025 08:15:00 PM,"(UTC-07:00) Arizona",,,4578563.5,4558314.5,4604410,
PNTM9M2jMkKm3GLHpLiq3J4gE,"","North Campus",Gammage,"W", 09/10/2025 08:30:00 PM,"(UTC-07:00) Arizona",,,4612974.666666667,4598472,4628580,
PNTM9M2jMkKm3GLHpLiq3J4gE,"","North Campus",Gammage,"W", 09/10/2025 08:45:00 PM,"(UTC-07:00) Arizona",,,4560738.666666667,4550717,4572968,
PNTM9M2jMkKm3GLHpLiq3J4gE,"","North Campus",Gammage,"W", 09/10/2025 09:00:00 PM,"(UTC-07:00) Arizona",,,4516416.5,4501774.5,4524579,
PNTM9M2jMkKm3GLHpLiq3J4gE,"","North Campus",Gammage,"W", 09/10/2025 09:15:00 PM,"(UTC-07:00) Arizona",,,4475606.5,4455832,4487989,
PNTM9M2jMkKm3GLHpLiq3J4gE,"","North Campus",Gammage,"W", 09/10/2025 09:30:00 PM,"(UTC-07:00) Arizona",,,4421423.5,4407243,4444676.5,
PNTM9M2jMkKm3GLHpLiq3J4gE,"","North Campus",Gammage,"W", 09/10/2025 09:45:00 PM,"(UTC-07:00) Arizona",,,4354544.666666667,4315799,4399380.5,
PNTM9M2jMkKm3GLHpLiq3J4gE,"","North Campus",Gammage,"W", 09/10/2025 10:00:00 PM,"(UTC-07:00) Arizona",,,4237337,4203231.5,4274102,
PNTM9M2jMkKm3GLHpLiq3J4gE,"","North Campus",Gammage,"W", 09/10/2025 10:15:00 PM,"(UTC-07:00) Arizona",,,4221473.9,4191016.8,4251931,
PNTM9M2jMkKm3GLHpLiq3J4gE,"","North Campus",Gammage,"W", 09/10/2025 10:30:00 PM,"(UTC-07:00) Arizona",,,4127857.0999999996,4055644.8,4192669.2,
PNTM9M2jMkKm3GLHpLiq3J4gE,"","North Campus",Gammage,"W", 09/10/2025 10:45:00 PM,"(UTC-07:00) Arizona",,,4015255.65,3946286.5,4084224.8,
PNTM9M2jMkKm3GLHpLiq3J4gE,"","North Campus",Gammage,"W", 09/10/2025 11:00:00 PM,"(UTC-07:00) Arizona",,,3831040.4,3807857.2,3869035.8,
PNTM9M2jMkKm3GLHpLiq3J4gE,"","North Campus",Gammage,"W", 09/10/2025 11:15:00 PM,"(UTC-07:00) Arizona",,,3793990.5,3786711,3801270,
PNTM9M2jMkKm3GLHpLiq3J4gE,"","North Campus",Gammage,"W", 09/10/2025 11:30:00 PM,"(UTC-07:00) Arizona",,,3813489.0666666664,3771835.5,3855017.5,
PNTM9M2jMkKm3GLHpLiq3J4gE,"","North Campus",Gammage,"W", 09/10/2025 11:45:00 PM,"(UTC-07:00) Arizona",,,3765342.033333333,3751205.8,3778967.5,
PNTM9M2jMkKm3GLHpLiq3J4gE,"","North Campus",Gammage,"W", 09/11/2025 12:00:00 AM,"(UTC-07:00) Arizona",,,3725428.5,3720075.8,3730781.2,
PNTM9M2jMkKm3GLHpLiq3J4gE,"","North Campus",Gammage,"W", 09/11/2025 12:15:00 AM,"(UTC-07:00) Arizona",,,3657497.8333333335,3643255.5,3684478.8,
PNTM9M2jMkKm3GLHpLiq3J4gE,"","North Campus",Gammage,"W", 09/11/2025 12:30:00 AM,"(UTC-07:00) Arizona",,,3634189.466666667,3617737,3647880.2,
PNTM9M2jMkKm3GLHpLiq3J4gE,"","North Campus",Gammage,"W", 09/11/2025 12:45:00 AM,"(UTC-07:00) Arizona",,,3639339.25,3636608.5,3642070,
PNTM9M2jMkKm3GLHpLiq3J4gE,"","North Campus",Gammage,"W", 09/11/2025 01:00:00 AM,"(UTC-07:00) Arizona",,,3600994.9,3596897.8,3605092,
PNTM9M2jMkKm3GLHpLiq3J4gE,"","North Campus",Gammage,"W", 09/11/2025 01:15:00 AM,"(UTC-07:00) Arizona",,,3530345.225,3471105,3620610.5,
PNTM9M2jMkKm3GLHpLiq3J4gE,"","North Campus",Gammage,"W", 09/11/2025 01:30:00 AM,"(UTC-07:00) Arizona",,,3492209.133333333,3478820.8,3499412.8,
PNTM9M2jMkKm3GLHpLiq3J4gE,"","North Campus",Gammage,"W", 09/11/2025 01:45:00 AM,"(UTC-07:00) Arizona",,,3439012.966666667,3410447.2,3489117.5,
PNTM9M2jMkKm3GLHpLiq3J4gE,"","North Campus",Gammage,"W", 09/11/2025 02:00:00 AM,"(UTC-07:00) Arizona",,,3394140,3363473.8,3424806.2,
PNTM9M2jMkKm3GLHpLiq3J4gE,"","North Campus",Gammage,"W", 09/11/2025 02:15:00 AM,"(UTC-07:00) Arizona",,,3395144.9,3387429,3402860.8,
PNTM9M2jMkKm3GLHpLiq3J4gE,"","North Campus",Gammage,"W", 09/11/2025 02:30:00 AM,"(UTC-07:00) Arizona",,,3381228.8,3376129.8,3386327.8,
PNTM9M2jMkKm3GLHpLiq3J4gE,"","North Campus",Gammage,"W", 09/11/2025 02:45:00 AM,"(UTC-07:00) Arizona",,,3384692.466666667,3355677,3412177.2,
PNTM9M2jMkKm3GLHpLiq3J4gE,"","North Campus",Gammage,"W", 09/11/2025 03:00:00 AM,"(UTC-07:00) Arizona",,,3355622.733333333,3337909.2,3370534.8,
PNTM9M2jMkKm3GLHpLiq3J4gE,"","North Campus",Gammage,"W", 09/11/2025 03:15:00 AM,"(UTC-07:00) Arizona",,,3428948.5,3397190.5,3460706.5,
PNTM9M2jMkKm3GLHpLiq3J4gE,"","North Campus",Gammage,"W", 09/11/2025 03:30:00 AM,"(UTC-07:00) Arizona",,,3414276.4333333336,3378357,3468158.5,
PNTM9M2jMkKm3GLHpLiq3J4gE,"","North Campus",Gammage,"W", 09/11/2025 03:45:00 AM,"(UTC-07:00) Arizona",,,3502291.5666666664,3457724.2,3580748.5,
PNTM9M2jMkKm3GLHpLiq3J4gE,"","North Campus",Gammage,"W", 09/11/2025 04:00:00 AM,"(UTC-07:00) Arizona",,,3472218,3467242.5,3481135,
PNTM9M2jMkKm3GLHpLiq3J4gE,"","North Campus",Gammage,"W", 09/11/2025 04:15:00 AM,"(UTC-07:00) Arizona",,,3469522.8,3462737.8,3476307.8,
PNTM9M2jMkKm3GLHpLiq3J4gE,"","North Campus",Gammage,"W", 09/11/2025 04:30:00 AM,"(UTC-07:00) Arizona",,,3518003.3666666667,3484853.8,3540941.5,
PNTM9M2jMkKm3GLHpLiq3J4gE,"","North Campus",Gammage,"W", 09/11/2025 04:45:00 AM,"(UTC-07:00) Arizona",,,3551265.3333333335,3530393,3588899.2,
PNTM9M2jMkKm3GLHpLiq3J4gE,"","North Campus",Gammage,"W", 09/11/2025 05:00:00 AM,"(UTC-07:00) Arizona",,,3539828.8333333335,3518280,3571254,
PNTM9M2jMkKm3GLHpLiq3J4gE,"","North Campus",Gammage,"W", 09/11/2025 05:15:00 AM,"(UTC-07:00) Arizona",,,3520422.5,3520422.5,3520422.5,
PNTM9M2jMkKm3GLHpLiq3J4gE,"","North Campus",Gammage,"W", 09/11/2025 05:30:00 AM,"(UTC-07:00) Arizona",,,3604328.1,3591012.8,3617983.5,
PNTM9M2jMkKm3GLHpLiq3J4gE,"","North Campus",Gammage,"W", 09/11/2025 05:45:00 AM,"(UTC-07:00) Arizona",,,3668820.25,3610602,3727038.5,
PNTM9M2jMkKm3GLHpLiq3J4gE,"","North Campus",Gammage,"W", 09/11/2025 06:00:00 AM,"(UTC-07:00) Arizona",,,3740291.75,3725674.5,3769216.8,
PNTM9M2jMkKm3GLHpLiq3J4gE,"","North Campus",Gammage,"W", 09/11/2025 06:15:00 AM,"(UTC-07:00) Arizona",,,3703522.7,3697064.2,3709981.2,
PNTM9M2jMkKm3GLHpLiq3J4gE,"","North Campus",Gammage,"W", 09/11/2025 06:30:00 AM,"(UTC-07:00) Arizona",,,3772952.5,3743305,3809665.2,
PNTM9M2jMkKm3GLHpLiq3J4gE,"","North Campus",Gammage,"W", 09/11/2025 06:45:00 AM,"(UTC-07:00) Arizona",,,3835892.3333333335,3778760.8,3876252.2,
PNTM9M2jMkKm3GLHpLiq3J4gE,"","North Campus",Gammage,"W", 09/11/2025 07:00:00 AM,"(UTC-07:00) Arizona",,,3873060.2,3841098.2,3905022.2,
PNTM9M2jMkKm3GLHpLiq3J4gE,"","North Campus",Gammage,"W", 09/11/2025 07:15:00 AM,"(UTC-07:00) Arizona",,,3895957.266666667,3879905.8,3921020.2,
PNTM9M2jMkKm3GLHpLiq3J4gE,"","North Campus",Gammage,"W", 09/11/2025 07:30:00 AM,"(UTC-07:00) Arizona",,,4001312.233333333,3987771.2,4023177,
PNTM9M2jMkKm3GLHpLiq3J4gE,"","North Campus",Gammage,"W", 09/11/2025 07:45:00 AM,"(UTC-07:00) Arizona",,,4255596.5,4255596.5,4255596.5,
PNTM9M2jMkKm3GLHpLiq3J4gE,"","North Campus",Gammage,"W", 09/11/2025 08:00:00 AM,"(UTC-07:00) Arizona",,,4211849,4195793.5,4227904.5,
PNTM9M2jMkKm3GLHpLiq3J4gE,"","North Campus",Gammage,"W", 09/11/2025 08:15:00 AM,"(UTC-07:00) Arizona",,,4349503.25,4331251,4367755.5,
PNTM9M2jMkKm3GLHpLiq3J4gE,"","North Campus",Gammage,"W", 09/11/2025 08:30:00 AM,"(UTC-07:00) Arizona",,,4477223.833333333,4444372.5,4533052,
PNTM9M2jMkKm3GLHpLiq3J4gE,"","North Campus",Gammage,"W", 09/11/2025 08:45:00 AM,"(UTC-07:00) Arizona",,,4550865.166666667,4485362,4665577,
PNTM9M2jMkKm3GLHpLiq3J4gE,"","North Campus",Gammage,"W", 09/11/2025 09:00:00 AM,"(UTC-07:00) Arizona",,,4651801.5,4617725.5,4685877.5,
PNTM9M2jMkKm3GLHpLiq3J4gE,"","North Campus",Gammage,"W", 09/11/2025 09:15:00 AM,"(UTC-07:00) Arizona",,,4831548.5,4752383.5,4910713.5,
PNTM9M2jMkKm3GLHpLiq3J4gE,"","North Campus",Gammage,"W", 09/11/2025 09:30:00 AM,"(UTC-07:00) Arizona",,,4752766,4740111,4761343,
PNTM9M2jMkKm3GLHpLiq3J4gE,"","North Campus",Gammage,"W", 09/11/2025 09:45:00 AM,"(UTC-07:00) Arizona",,,4867835,4844477.5,4891192.5,
PNTM9M2jMkKm3GLHpLiq3J4gE,"","North Campus",Gammage,"W", 09/11/2025 10:00:00 AM,"(UTC-07:00) Arizona",,,4842417,4842417,4842417,
PNTM9M2jMkKm3GLHpLiq3J4gE,"","North Campus",Gammage,"W", 09/11/2025 10:15:00 AM,"(UTC-07:00) Arizona",,,4959691.166666667,4805635.5,5038302.5,
PNTM9M2jMkKm3GLHpLiq3J4gE,"","North Campus",Gammage,"W", 09/11/2025 10:30:00 AM,"(UTC-07:00) Arizona",,,5010297.25,4887275,5133319.5,
PNTM9M2jMkKm3GLHpLiq3J4gE,"","North Campus",Gammage,"W", 09/11/2025 10:45:00 AM,"(UTC-07:00) Arizona",,,5127600.25,4905485.5,5349715,
PNTM9M2jMkKm3GLHpLiq3J4gE,"","North Campus",Gammage,"W", 09/11/2025 11:00:00 AM,"(UTC-07:00) Arizona",,,5084515.833333333,4992170.5,5207255,
PNTM9M2jMkKm3GLHpLiq3J4gE,"","North Campus",Gammage,"W", 09/11/2025 11:15:00 AM,"(UTC-07:00) Arizona",,,4881066.5,4822483.5,4939649.5,
PNTM9M2jMkKm3GLHpLiq3J4gE,"","North Campus",Gammage,"W", 09/11/2025 11:30:00 AM,"(UTC-07:00) Arizona",,,4958015,4932085.5,4991808.5,
PNTM9M2jMkKm3GLHpLiq3J4gE,"","North Campus",Gammage,"W", 09/11/2025 11:45:00 AM,"(UTC-07:00) Arizona",,,4971889.5,4953743,4990036,
PNTM9M2jMkKm3GLHpLiq3J4gE,"","North Campus",Gammage,"W", 09/11/2025 12:00:00 PM,"(UTC-07:00) Arizona",,,5087514.833333333,5010557,5153808,
PNTM9M2jMkKm3GLHpLiq3J4gE,"","North Campus",Gammage,"W", 09/11/2025 12:15:00 PM,"(UTC-07:00) Arizona",,,5115687.5,5104345.5,5127029.5,
PNTM9M2jMkKm3GLHpLiq3J4gE,"","North Campus",Gammage,"W", 09/11/2025 12:30:00 PM,"(UTC-07:00) Arizona",,,5126798.666666667,5067759,5218128,
PNTM9M2jMkKm3GLHpLiq3J4gE,"","North Campus",Gammage,"W", 09/11/2025 12:45:00 PM,"(UTC-07:00) Arizona",,,5080234.5,5063183,5097286,
PNTM9M2jMkKm3GLHpLiq3J4gE,"","North Campus",Gammage,"W", 09/11/2025 01:00:00 PM,"(UTC-07:00) Arizona",,,5076187.75,5069028.5,5081528,
PNTM9M2jMkKm3GLHpLiq3J4gE,"","North Campus",Gammage,"W", 09/11/2025 01:15:00 PM,"(UTC-07:00) Arizona",,,5128745,5128745,5128745,
PNTM9M2jMkKm3GLHpLiq3J4gE,"","North Campus",Gammage,"W", 09/11/2025 01:30:00 PM,"(UTC-07:00) Arizona",,,5102980.375,5042525,5239343.5,
PNTM9M2jMkKm3GLHpLiq3J4gE,"","North Campus",Gammage,"W", 09/11/2025 01:45:00 PM,"(UTC-07:00) Arizona",,,5457045.833333333,5429060.5,5491589,
PNTM9M2jMkKm3GLHpLiq3J4gE,"","North Campus",Gammage,"W", 09/11/2025 02:00:00 PM,"(UTC-07:00) Arizona",,,5263550.833333333,5146342.5,5443011,
PNTM9M2jMkKm3GLHpLiq3J4gE,"","North Campus",Gammage,"W", 09/11/2025 02:15:00 PM,"(UTC-07:00) Arizona",,,5277213,5124904,5429522,
PNTM9M2jMkKm3GLHpLiq3J4gE,"","North Campus",Gammage,"W", 09/11/2025 02:30:00 PM,"(UTC-07:00) Arizona",,,5167568.75,5164432.5,5170705,
PNTM9M2jMkKm3GLHpLiq3J4gE,"","North Campus",Gammage,"W", 09/11/2025 02:45:00 PM,"(UTC-07:00) Arizona",,,5255818.5,5230645.5,5275008,
PNTM9M2jMkKm3GLHpLiq3J4gE,"","North Campus",Gammage,"W", 09/11/2025 03:00:00 PM,"(UTC-07:00) Arizona",,,5457090.666666667,5434801,5475809.5,
PNTM9M2jMkKm3GLHpLiq3J4gE,"","North Campus",Gammage,"W", 09/11/2025 03:15:00 PM,"(UTC-07:00) Arizona",,,5445026.25,5404538,5485514.5,
PNTM9M2jMkKm3GLHpLiq3J4gE,"","North Campus",Gammage,"W", 09/11/2025 03:30:00 PM,"(UTC-07:00) Arizona",,,5498970.75,5370167.5,5649909,
PNTM9M2jMkKm3GLHpLiq3J4gE,"","North Campus",Gammage,"W", 09/11/2025 03:45:00 PM,"(UTC-07:00) Arizona",,,5316372.25,5271560.5,5361184,
PNTM9M2jMkKm3GLHpLiq3J4gE,"","North Campus",Gammage,"W", 09/11/2025 04:00:00 PM,"(UTC-07:00) Arizona",,,5332675.666666667,5278353.5,5396653,
PNTM9M2jMkKm3GLHpLiq3J4gE,"","North Campus",Gammage,"W", 09/11/2025 04:15:00 PM,"(UTC-07:00) Arizona",,,5277734.5,5236948,5356747,
PNTM9M2jMkKm3GLHpLiq3J4gE,"","North Campus",Gammage,"W", 09/11/2025 04:30:00 PM,"(UTC-07:00) Arizona",,,5384474,5365828.5,5403119.5,
PNTM9M2jMkKm3GLHpLiq3J4gE,"","North Campus",Gammage,"W", 09/11/2025 04:45:00 PM,"(UTC-07:00) Arizona",,,5315515.666666667,5276059.5,5380006,
PNTM9M2jMkKm3GLHpLiq3J4gE,"","North Campus",Gammage,"W", 09/11/2025 05:00:00 PM,"(UTC-07:00) Arizona",,,5311449.166666667,5238870.5,5409440.5,
PNTM9M2jMkKm3GLHpLiq3J4gE,"","North Campus",Gammage,"W", 09/11/2025 05:15:00 PM,"(UTC-07:00) Arizona",,,5273629.5,5263434.5,5291930,
PNTM9M2jMkKm3GLHpLiq3J4gE,"","North Campus",Gammage,"W", 09/11/2025 05:30:00 PM,"(UTC-07:00) Arizona",,,5207254.833333333,5197025.5,5213360,
PNTM9M2jMkKm3GLHpLiq3J4gE,"","North Campus",Gammage,"W", 09/11/2025 05:45:00 PM,"(UTC-07:00) Arizona",,,5104194,5090384.5,5118003.5,
PNTM9M2jMkKm3GLHpLiq3J4gE,"","North Campus",Gammage,"W", 09/11/2025 06:00:00 PM,"(UTC-07:00) Arizona",,,5106269.625,5088285.5,5144196,
PNTM9M2jMkKm3GLHpLiq3J4gE,"","North Campus",Gammage,"W", 09/11/2025 06:15:00 PM,"(UTC-07:00) Arizona",,,5065149.833333333,5032559.5,5088754,
PNTM9M2jMkKm3GLHpLiq3J4gE,"","North Campus",Gammage,"W", 09/11/2025 06:30:00 PM,"(UTC-07:00) Arizona",,,5114843.75,5040282,5189405.5,
PNTM9M2jMkKm3GLHpLiq3J4gE,"","North Campus",Gammage,"W", 09/11/2025 06:45:00 PM,"(UTC-07:00) Arizona",,,4957513.833333333,4904095,5019103.5,
PNTM9M2jMkKm3GLHpLiq3J4gE,"","North Campus",Gammage,"W", 09/11/2025 07:00:00 PM,"(UTC-07:00) Arizona",,,4774320.333333333,4768205.5,4783199,
PNTM9M2jMkKm3GLHpLiq3J4gE,"","North Campus",Gammage,"W", 09/11/2025 07:15:00 PM,"(UTC-07:00) Arizona",,,4776143.833333333,4725717,4812002.5,
PNTM9M2jMkKm3GLHpLiq3J4gE,"","North Campus",Gammage,"W", 09/11/2025 07:30:00 PM,"(UTC-07:00) Arizona",,,4684967,4647129,4754845,
PNTM9M2jMkKm3GLHpLiq3J4gE,"","North Campus",Gammage,"W", 09/11/2025 07:45:00 PM,"(UTC-07:00) Arizona",,,4633138,4604529.5,4661746.5,
PNTM9M2jMkKm3GLHpLiq3J4gE,"","North Campus",Gammage,"W", 09/11/2025 08:00:00 PM,"(UTC-07:00) Arizona",,,4482733.666666667,4435634.5,4570077,
PNTM9M2jMkKm3GLHpLiq3J4gE,"","North Campus",Gammage,"W", 09/11/2025 08:15:00 PM,"(UTC-07:00) Arizona",,,4424233,4361110.5,4458704,
PNTM9M2jMkKm3GLHpLiq3J4gE,"","North Campus",Gammage,"W", 09/11/2025 08:30:00 PM,"(UTC-07:00) Arizona",,,4451419.75,4442684.5,4460155,
PNTM9M2jMkKm3GLHpLiq3J4gE,"","North Campus",Gammage,"W", 09/11/2025 08:45:00 PM,"(UTC-07:00) Arizona",,,4440679.375,4400569,4487301.5,
PNTM9M2jMkKm3GLHpLiq3J4gE,"","North Campus",Gammage,"W", 09/11/2025 09:00:00 PM,"(UTC-07:00) Arizona",,,4396194,4365506.5,4426881.5,
PNTM9M2jMkKm3GLHpLiq3J4gE,"","North Campus",Gammage,"W", 09/11/2025 09:15:00 PM,"(UTC-07:00) Arizona",,,4316268.5,4294613,4357583,
PNTM9M2jMkKm3GLHpLiq3J4gE,"","North Campus",Gammage,"W", 09/11/2025 09:30:00 PM,"(UTC-07:00) Arizona",,,4291799.166666667,4289129.5,4296247.5,
PNTM9M2jMkKm3GLHpLiq3J4gE,"","North Campus",Gammage,"W", 09/11/2025 09:45:00 PM,"(UTC-07:00) Arizona",,,4258577.1,4190158.2,4326996,
PNTM9M2jMkKm3GLHpLiq3J4gE,"","North Campus",Gammage,"W", 09/11/2025 10:00:00 PM,"(UTC-07:00) Arizona",,,4145321.9333333336,4113558.5,4173688.8,
PNTM9M2jMkKm3GLHpLiq3J4gE,"","North Campus",Gammage,"W", 09/11/2025 10:15:00 PM,"(UTC-07:00) Arizona",,,4066823.4333333336,4033659.8,4127857,
PNTM9M2jMkKm3GLHpLiq3J4gE,"","North Campus",Gammage,"W", 09/11/2025 10:30:00 PM,"(UTC-07:00) Arizona",,,4001705.233333333,3991752.5,4021511.2,
PNTM9M2jMkKm3GLHpLiq3J4gE,"","North Campus",Gammage,"W", 09/11/2025 10:45:00 PM,"(UTC-07:00) Arizona",,,3863624.5,3752956.5,4026646.2,
PNTM9M2jMkKm3GLHpLiq3J4gE,"","North Campus",Gammage,"W", 09/11/2025 11:00:00 PM,"(UTC-07:00) Arizona",,,3742511.0666666664,3707057.5,3762337.5,
PNTM9M2jMkKm3GLHpLiq3J4gE,"","North Campus",Gammage,"W", 09/11/2025 11:15:00 PM,"(UTC-07:00) Arizona",,,3715592.2,3715592.2,3715592.2,
PNTM9M2jMkKm3GLHpLiq3J4gE,"","North Campus",Gammage,"W", 09/11/2025 11:30:00 PM,"(UTC-07:00) Arizona",,,3695205.3333333335,3653720.2,3735800.8,
PNTM9M2jMkKm3GLHpLiq3J4gE,"","North Campus",Gammage,"W", 09/11/2025 11:45:00 PM,"(UTC-07:00) Arizona",,,3661812.625,3630990,3719729.8,
PNTM9M2jMkKm3GLHpLiq3J4gE,"","North Campus",Gammage,"W", 09/12/2025 12:00:00 AM,"(UTC-07:00) Arizona",,,3605012.65,3601795.8,3608229.5,
PNTM9M2jMkKm3GLHpLiq3J4gE,"","North Campus",Gammage,"W", 09/12/2025 12:15:00 AM,"(UTC-07:00) Arizona",,,3623337.0250000004,3618922.2,3627389.5,
PNTM9M2jMkKm3GLHpLiq3J4gE,"","North Campus",Gammage,"W", 09/12/2025 12:30:00 AM,"(UTC-07:00) Arizona",,,3570841,3560832.5,3580849.5,
PNTM9M2jMkKm3GLHpLiq3J4gE,"","North Campus",Gammage,"W", 09/12/2025 12:45:00 AM,"(UTC-07:00) Arizona",,,3553783.866666667,3545374.2,3559387.2,
PNTM9M2jMkKm3GLHpLiq3J4gE,"","North Campus",Gammage,"W", 09/12/2025 01:00:00 AM,"(UTC-07:00) Arizona",,,3570471.0666666664,3548432.5,3583692.5,
PNTM9M2jMkKm3GLHpLiq3J4gE,"","North Campus",Gammage,"W", 09/12/2025 01:15:00 AM,"(UTC-07:00) Arizona",,,3515416.1333333333,3466152.2,3580226,
PNTM9M2jMkKm3GLHpLiq3J4gE,"","North Campus",Gammage,"W", 09/12/2025 01:30:00 AM,"(UTC-07:00) Arizona",,,3447886.9,3432698.5,3466391.2,
PNTM9M2jMkKm3GLHpLiq3J4gE,"","North Campus",Gammage,"W", 09/12/2025 01:45:00 AM,"(UTC-07:00) Arizona",,,3388767.966666667,3373392.2,3416131.5,
PNTM9M2jMkKm3GLHpLiq3J4gE,"","North Campus",Gammage,"W", 09/12/2025 02:00:00 AM,"(UTC-07:00) Arizona",,,3385752.8333333335,3373983.5,3400165.5,
PNTM9M2jMkKm3GLHpLiq3J4gE,"","North Campus",Gammage,"W", 09/12/2025 02:15:00 AM,"(UTC-07:00) Arizona",,,3385259.15,3376778.5,3393739.8,
PNTM9M2jMkKm3GLHpLiq3J4gE,"","North Campus",Gammage,"W", 09/12/2025 02:30:00 AM,"(UTC-07:00) Arizona",,,3377829.6666666665,3361267.5,3398479.5,
PNTM9M2jMkKm3GLHpLiq3J4gE,"","North Campus",Gammage,"W", 09/12/2025 02:45:00 AM,"(UTC-07:00) Arizona",,,3376947.8333333335,3355274.2,3397124.8,
PNTM9M2jMkKm3GLHpLiq3J4gE,"","North Campus",Gammage,"W", 09/12/2025 03:00:00 AM,"(UTC-07:00) Arizona",,,3365522.233333333,3336917.2,3400717,
PNTM9M2jMkKm3GLHpLiq3J4gE,"","North Campus",Gammage,"W", 09/12/2025 03:15:00 AM,"(UTC-07:00) Arizona",,,3376775.1999999997,3349811.8,3413888.8,
PNTM9M2jMkKm3GLHpLiq3J4gE,"","North Campus",Gammage,"W", 09/12/2025 03:30:00 AM,"(UTC-07:00) Arizona",,,3342267.15,3320774.8,3363759.5,
PNTM9M2jMkKm3GLHpLiq3J4gE,"","North Campus",Gammage,"W", 09/12/2025 03:45:00 AM,"(UTC-07:00) Arizona",,,3423136.25,3395305,3450967.5,
PNTM9M2jMkKm3GLHpLiq3J4gE,"","North Campus",Gammage,"W", 09/12/2025 04:00:00 AM,"(UTC-07:00) Arizona",,,3458066.6333333333,3450940.5,3469361.2,
PNTM9M2jMkKm3GLHpLiq3J4gE,"","North Campus",Gammage,"W", 09/12/2025 04:15:00 AM,"(UTC-07:00) Arizona",,,3462933.1666666665,3446505.2,3479276.5,
PNTM9M2jMkKm3GLHpLiq3J4gE,"","North Campus",Gammage,"W", 09/12/2025 04:30:00 AM,"(UTC-07:00) Arizona",,,3512081.0666666664,3479898.8,3547544.2,
PNTM9M2jMkKm3GLHpLiq3J4gE,"","North Campus",Gammage,"W", 09/12/2025 04:45:00 AM,"(UTC-07:00) Arizona",,,3509899.6666666665,3493214,3528234,
PNTM9M2jMkKm3GLHpLiq3J4gE,"","North Campus",Gammage,"W", 09/12/2025 05:00:00 AM,"(UTC-07:00) Arizona",,,3524277.5666666664,3499756,3553304.2,
PNTM9M2jMkKm3GLHpLiq3J4gE,"","North Campus",Gammage,"W", 09/12/2025 05:15:00 AM,"(UTC-07:00) Arizona",,,3551516.733333333,3534611.5,3567999.2,
PNTM9M2jMkKm3GLHpLiq3J4gE,"","North Campus",Gammage,"W", 09/12/2025 05:30:00 AM,"(UTC-07:00) Arizona",,,3561365.75,3531679.5,3591052,
PNTM9M2jMkKm3GLHpLiq3J4gE,"","North Campus",Gammage,"W", 09/12/2025 05:45:00 AM,"(UTC-07:00) Arizona",,,3633621.35,3584438.2,3682804.5,
PNTM9M2jMkKm3GLHpLiq3J4gE,"","North Campus",Gammage,"W", 09/12/2025 06:00:00 AM,"(UTC-07:00) Arizona",,,3711763.35,3676628.5,3746898.2,
PNTM9M2jMkKm3GLHpLiq3J4gE,"","North Campus",Gammage,"W", 09/12/2025 06:15:00 AM,"(UTC-07:00) Arizona",,,3698353.2,3678549.5,3716597,
PNTM9M2jMkKm3GLHpLiq3J4gE,"","North Campus",Gammage,"W", 09/12/2025 06:30:00 AM,"(UTC-07:00) Arizona",,,3671219.5,3649411,3695001.5,
PNTM9M2jMkKm3GLHpLiq3J4gE,"","North Campus",Gammage,"W", 09/12/2025 06:45:00 AM,"(UTC-07:00) Arizona",,,3799761.85,3733885.5,3865638.2,
PNTM9M2jMkKm3GLHpLiq3J4gE,"","North Campus",Gammage,"W", 09/12/2025 07:00:00 AM,"(UTC-07:00) Arizona",,,3859797.0666666664,3824378.8,3884796.2,
PNTM9M2jMkKm3GLHpLiq3J4gE,"","North Campus",Gammage,"W", 09/12/2025 07:15:00 AM,"(UTC-07:00) Arizona",,,3913947.7750000004,3851358,3963457.8,
PNTM9M2jMkKm3GLHpLiq3J4gE,"","North Campus",Gammage,"W", 09/12/2025 07:30:00 AM,"(UTC-07:00) Arizona",,,3905477.5,3883799.5,3927155.5,
PNTM9M2jMkKm3GLHpLiq3J4gE,"","North Campus",Gammage,"W", 09/12/2025 07:45:00 AM,"(UTC-07:00) Arizona",,,4037817.5999999996,3997202.2,4082144.2,
PNTM9M2jMkKm3GLHpLiq3J4gE,"","North Campus",Gammage,"W", 09/12/2025 08:00:00 AM,"(UTC-07:00) Arizona",,,4227152.433333334,4153844.8,4275755,
PNTM9M2jMkKm3GLHpLiq3J4gE,"","North Campus",Gammage,"W", 09/12/2025 08:15:00 AM,"(UTC-07:00) Arizona",,,4417880.75,4341054.5,4494707,
PNTM9M2jMkKm3GLHpLiq3J4gE,"","North Campus",Gammage,"W", 09/12/2025 08:30:00 AM,"(UTC-07:00) Arizona",,,4437800.5,4407920,4490366.5,
PNTM9M2jMkKm3GLHpLiq3J4gE,"","North Campus",Gammage,"W", 09/12/2025 08:45:00 AM,"(UTC-07:00) Arizona",,,4547852.166666667,4527820,4575008.5,
PNTM9M2jMkKm3GLHpLiq3J4gE,"","North Campus",Gammage,"W", 09/12/2025 09:00:00 AM,"(UTC-07:00) Arizona",,,4634025,4566327.5,4669437,
PNTM9M2jMkKm3GLHpLiq3J4gE,"","North Campus",Gammage,"W", 09/12/2025 09:15:00 AM,"(UTC-07:00) Arizona",,,4569228.25,4553257,4585199.5,
PNTM9M2jMkKm3GLHpLiq3J4gE,"","North Campus",Gammage,"W", 09/12/2025 09:30:00 AM,"(UTC-07:00) Arizona",,,4575534.5,4532739,4618367,
PNTM9M2jMkKm3GLHpLiq3J4gE,"","North Campus",Gammage,"W", 09/12/2025 09:45:00 AM,"(UTC-07:00) Arizona",,,4702623.5,4681376,4723871,
PNTM9M2jMkKm3GLHpLiq3J4gE,"","North Campus",Gammage,"W", 09/12/2025 10:00:00 AM,"(UTC-07:00) Arizona",,,4773888.666666667,4746533,4811872,
PNTM9M2jMkKm3GLHpLiq3J4gE,"","North Campus",Gammage,"W", 09/12/2025 10:15:00 AM,"(UTC-07:00) Arizona",,,4777048.75,4681779.5,4850295,
PNTM9M2jMkKm3GLHpLiq3J4gE,"","North Campus",Gammage,"W", 09/12/2025 10:30:00 AM,"(UTC-07:00) Arizona",,,4730857.25,4726202,4735512.5,
PNTM9M2jMkKm3GLHpLiq3J4gE,"","North Campus",Gammage,"W", 09/12/2025 10:45:00 AM,"(UTC-07:00) Arizona",,,4858098.166666667,4814774,4938241,
PNTM9M2jMkKm3GLHpLiq3J4gE,"","North Campus",Gammage,"W", 09/12/2025 11:00:00 AM,"(UTC-07:00) Arizona",,,4874709,4831250.5,4918167.5,
PNTM9M2jMkKm3GLHpLiq3J4gE,"","North Campus",Gammage,"W", 09/12/2025 11:15:00 AM,"(UTC-07:00) Arizona",,,4873055.75,4850460.5,4895651,
PNTM9M2jMkKm3GLHpLiq3J4gE,"","North Campus",Gammage,"W", 09/12/2025 11:30:00 AM,"(UTC-07:00) Arizona",,,4794212.333333333,4743436.5,4830911,
PNTM9M2jMkKm3GLHpLiq3J4gE,"","North Campus",Gammage,"W", 09/12/2025 11:45:00 AM,"(UTC-07:00) Arizona",,,4874305,4818277.5,4930332.5,
PNTM9M2jMkKm3GLHpLiq3J4gE,"","North Campus",Gammage,"W", 09/12/2025 12:00:00 PM,"(UTC-07:00) Arizona",,,4732112,4673117.5,4791106.5,
PNTM9M2jMkKm3GLHpLiq3J4gE,"","North Campus",Gammage,"W", 09/12/2025 12:15:00 PM,"(UTC-07:00) Arizona",,,5063368.166666667,4869122.5,5315571,
PNTM9M2jMkKm3GLHpLiq3J4gE,"","North Campus",Gammage,"W", 09/12/2025 12:30:00 PM,"(UTC-07:00) Arizona",,,4830807.75,4826833.5,4834782,
PNTM9M2jMkKm3GLHpLiq3J4gE,"","North Campus",Gammage,"W", 09/12/2025 12:45:00 PM,"(UTC-07:00) Arizona",,,4974980.333333333,4825016,5259046.5,
PNTM9M2jMkKm3GLHpLiq3J4gE,"","North Campus",Gammage,"W", 09/12/2025 01:00:00 PM,"(UTC-07:00) Arizona",,,5114251.5,4905140,5226977,
PNTM9M2jMkKm3GLHpLiq3J4gE,"","North Campus",Gammage,"W", 09/12/2025 01:15:00 PM,"(UTC-07:00) Arizona",,,5050661.25,4876883.5,5224439,
PNTM9M2jMkKm3GLHpLiq3J4gE,"","North Campus",Gammage,"W", 09/12/2025 01:30:00 PM,"(UTC-07:00) Arizona",,,4992160.666666667,4851191.5,5263601.5,
PNTM9M2jMkKm3GLHpLiq3J4gE,"","North Campus",Gammage,"W", 09/12/2025 01:45:00 PM,"(UTC-07:00) Arizona",,,4895787.5,4859094.5,4946526.5,
PNTM9M2jMkKm3GLHpLiq3J4gE,"","North Campus",Gammage,"W", 09/12/2025 02:00:00 PM,"(UTC-07:00) Arizona",,,4955755.5,4931688.5,4993725,
PNTM9M2jMkKm3GLHpLiq3J4gE,"","North Campus",Gammage,"W", 09/12/2025 02:15:00 PM,"(UTC-07:00) Arizona",,,4952169.666666667,4867405,4997292,
PNTM9M2jMkKm3GLHpLiq3J4gE,"","North Campus",Gammage,"W", 09/12/2025 02:30:00 PM,"(UTC-07:00) Arizona",,,4893292.833333333,4876776.5,4912379,
PNTM9M2jMkKm3GLHpLiq3J4gE,"","North Campus",Gammage,"W", 09/12/2025 02:45:00 PM,"(UTC-07:00) Arizona",,,4885533.833333333,4819968.5,4964465.5,
PNTM9M2jMkKm3GLHpLiq3J4gE,"","North Campus",Gammage,"W", 09/12/2025 03:00:00 PM,"(UTC-07:00) Arizona",,,4915552.333333333,4873632,4941872.5,
PNTM9M2jMkKm3GLHpLiq3J4gE,"","North Campus",Gammage,"W", 09/12/2025 03:15:00 PM,"(UTC-07:00) Arizona",,,4817718.25,4808356,4827080.5,
PNTM9M2jMkKm3GLHpLiq3J4gE,"","North Campus",Gammage,"W", 09/12/2025 03:30:00 PM,"(UTC-07:00) Arizona",,,4835619.875,4770293,4901750.5,
PNTM9M2jMkKm3GLHpLiq3J4gE,"","North Campus",Gammage,"W", 09/12/2025 03:45:00 PM,"(UTC-07:00) Arizona",,,4829121.75,4812637.5,4845606,
PNTM9M2jMkKm3GLHpLiq3J4gE,"","North Campus",Gammage,"W", 09/12/2025 04:00:00 PM,"(UTC-07:00) Arizona",,,4834631,4821066,4848196,
PNTM9M2jMkKm3GLHpLiq3J4gE,"","North Campus",Gammage,"W", 09/12/2025 04:15:00 PM,"(UTC-07:00) Arizona",,,4837526.5,4786390,4896645.5,
PNTM9M2jMkKm3GLHpLiq3J4gE,"","North Campus",Gammage,"W", 09/12/2025 04:30:00 PM,"(UTC-07:00) Arizona",,,4887671.75,4846696.5,4928647,
PNTM9M2jMkKm3GLHpLiq3J4gE,"","North Campus",Gammage,"W", 09/12/2025 04:45:00 PM,"(UTC-07:00) Arizona",,,4878810.166666667,4787712.5,4926333.5,
PNTM9M2jMkKm3GLHpLiq3J4gE,"","North Campus",Gammage,"W", 09/12/2025 05:00:00 PM,"(UTC-07:00) Arizona",,,4710186,4643448,4760773.5,
PNTM9M2jMkKm3GLHpLiq3J4gE,"","North Campus",Gammage,"W", 09/12/2025 05:15:00 PM,"(UTC-07:00) Arizona",,,4705342.5,4690497.5,4718320,
PNTM9M2jMkKm3GLHpLiq3J4gE,"","North Campus",Gammage,"W", 09/12/2025 05:30:00 PM,"(UTC-07:00) Arizona",,,4680677.666666667,4628499,4710856,
PNTM9M2jMkKm3GLHpLiq3J4gE,"","North Campus",Gammage,"W", 09/12/2025 05:45:00 PM,"(UTC-07:00) Arizona",,,4607694.5,4563939.5,4632854.5,
PNTM9M2jMkKm3GLHpLiq3J4gE,"","North Campus",Gammage,"W", 09/12/2025 06:00:00 PM,"(UTC-07:00) Arizona",,,4572747.666666667,4549994,4587013.5,
PNTM9M2jMkKm3GLHpLiq3J4gE,"","North Campus",Gammage,"W", 09/12/2025 06:15:00 PM,"(UTC-07:00) Arizona",,,4554193,4546399,4566120.5,
PNTM9M2jMkKm3GLHpLiq3J4gE,"","North Campus",Gammage,"W", 09/12/2025 06:30:00 PM,"(UTC-07:00) Arizona",,,4559655.333333333,4499022,4598926.5,
PNTM9M2jMkKm3GLHpLiq3J4gE,"","North Campus",Gammage,"W", 09/12/2025 06:45:00 PM,"(UTC-07:00) Arizona",,,4451007.833333333,4426115.5,4475904,
PNTM9M2jMkKm3GLHpLiq3J4gE,"","North Campus",Gammage,"W", 09/12/2025 07:00:00 PM,"(UTC-07:00) Arizona",,,4396501.166666667,4393209.5,4400364.5,
PNTM9M2jMkKm3GLHpLiq3J4gE,"","North Campus",Gammage,"W", 09/12/2025 07:15:00 PM,"(UTC-07:00) Arizona",,,4380180.166666667,4333489,4429935,
PNTM9M2jMkKm3GLHpLiq3J4gE,"","North Campus",Gammage,"W", 09/12/2025 07:30:00 PM,"(UTC-07:00) Arizona",,,4355322.333333333,4324908,4390040,
PNTM9M2jMkKm3GLHpLiq3J4gE,"","North Campus",Gammage,"W", 09/12/2025 07:45:00 PM,"(UTC-07:00) Arizona",,,4274065.5,4250160.5,4286978.5,
PNTM9M2jMkKm3GLHpLiq3J4gE,"","North Campus",Gammage,"W", 09/12/2025 08:00:00 PM,"(UTC-07:00) Arizona",,,4235560.166666667,4221539,4248991.5,
PNTM9M2jMkKm3GLHpLiq3J4gE,"","North Campus",Gammage,"W", 09/12/2025 08:15:00 PM,"(UTC-07:00) Arizona",,,4214624.833333333,4184419,4256006.5,
PNTM9M2jMkKm3GLHpLiq3J4gE,"","North Campus",Gammage,"W", 09/12/2025 08:30:00 PM,"(UTC-07:00) Arizona",,,4160127,4147969,4174847,
PNTM9M2jMkKm3GLHpLiq3J4gE,"","North Campus",Gammage,"W", 09/12/2025 08:45:00 PM,"(UTC-07:00) Arizona",,,4046532.5,3974628.8,4118436.2,
PNTM9M2jMkKm3GLHpLiq3J4gE,"","North Campus",Gammage,"W", 09/12/2025 09:00:00 PM,"(UTC-07:00) Arizona",,,3955296.5666666664,3950922.2,3961709,
PNTM9M2jMkKm3GLHpLiq3J4gE,"","North Campus",Gammage,"W", 09/12/2025 09:15:00 PM,"(UTC-07:00) Arizona",,,3908651.266666667,3871240,3953525,
PNTM9M2jMkKm3GLHpLiq3J4gE,"","North Campus",Gammage,"W", 09/12/2025 09:30:00 PM,"(UTC-07:00) Arizona",,,3842596.0666666664,3812162.8,3882978.2,
PNTM9M2jMkKm3GLHpLiq3J4gE,"","North Campus",Gammage,"W", 09/12/2025 09:45:00 PM,"(UTC-07:00) Arizona",,,3797066.8333333335,3781110,3823417,
PNTM9M2jMkKm3GLHpLiq3J4gE,"","North Campus",Gammage,"W", 09/12/2025 10:00:00 PM,"(UTC-07:00) Arizona",,,3806193.5,3799705.5,3812681.5,
PNTM9M2jMkKm3GLHpLiq3J4gE,"","North Campus",Gammage,"W", 09/12/2025 10:15:00 PM,"(UTC-07:00) Arizona",,,3761928.0250000004,3728020.8,3801869.8,
PNTM9M2jMkKm3GLHpLiq3J4gE,"","North Campus",Gammage,"W", 09/12/2025 10:30:00 PM,"(UTC-07:00) Arizona",,,3731784.15,3704388.8,3759179.5,
PNTM9M2jMkKm3GLHpLiq3J4gE,"","North Campus",Gammage,"W", 09/12/2025 10:45:00 PM,"(UTC-07:00) Arizona",,,3686704.55,3668667.5,3702977,
PNTM9M2jMkKm3GLHpLiq3J4gE,"","North Campus",Gammage,"W", 09/12/2025 11:00:00 PM,"(UTC-07:00) Arizona",,,3642928.4,3604840.5,3665417.2,
PNTM9M2jMkKm3GLHpLiq3J4gE,"","North Campus",Gammage,"W", 09/12/2025 11:15:00 PM,"(UTC-07:00) Arizona",,,3631001.466666667,3608851,3646749.2,
PNTM9M2jMkKm3GLHpLiq3J4gE,"","North Campus",Gammage,"W", 09/12/2025 11:30:00 PM,"(UTC-07:00) Arizona",,,3645617.266666667,3628183.8,3662405.5,
PNTM9M2jMkKm3GLHpLiq3J4gE,"","North Campus",Gammage,"W", 09/12/2025 11:45:00 PM,"(UTC-07:00) Arizona",,,3610226.5,3610226.5,3610226.5,
PNTM9M2jMkKm3GLHpLiq3J4gE,"","North Campus",Gammage,"W", 09/13/2025 12:00:00 AM,"(UTC-07:00) Arizona",,,3558587.25,3525263.5,3595325.5,
PNTM9M2jMkKm3GLHpLiq3J4gE,"","North Campus",Gammage,"W", 09/13/2025 12:15:00 AM,"(UTC-07:00) Arizona",,,3454876.9333333336,3429052.5,3477419.8,
PNTM9M2jMkKm3GLHpLiq3J4gE,"","North Campus",Gammage,"W", 09/13/2025 12:30:00 AM,"(UTC-07:00) Arizona",,,3418116.8333333335,3397041.8,3439241.5,
PNTM9M2jMkKm3GLHpLiq3J4gE,"","North Campus",Gammage,"W", 09/13/2025 12:45:00 AM,"(UTC-07:00) Arizona",,,3376650.65,3354008.8,3399292.5,
PNTM9M2jMkKm3GLHpLiq3J4gE,"","North Campus",Gammage,"W", 09/13/2025 01:00:00 AM,"(UTC-07:00) Arizona",,,3368403.45,3336884.2,3404797.8,
PNTM9M2jMkKm3GLHpLiq3J4gE,"","North Campus",Gammage,"W", 09/13/2025 01:15:00 AM,"(UTC-07:00) Arizona",,,3331512.3,3328346.8,3334677.8,
PNTM9M2jMkKm3GLHpLiq3J4gE,"","North Campus",Gammage,"W", 09/13/2025 01:30:00 AM,"(UTC-07:00) Arizona",,,3360956.9333333336,3356854,3368812,
PNTM9M2jMkKm3GLHpLiq3J4gE,"","North Campus",Gammage,"W", 09/13/2025 01:45:00 AM,"(UTC-07:00) Arizona",,,3322880.1666666665,3304583.5,3347666,
PNTM9M2jMkKm3GLHpLiq3J4gE,"","North Campus",Gammage,"W", 09/13/2025 02:00:00 AM,"(UTC-07:00) Arizona",,,3294638.1666666665,3277646,3303756,
PNTM9M2jMkKm3GLHpLiq3J4gE,"","North Campus",Gammage,"W", 09/13/2025 02:15:00 AM,"(UTC-07:00) Arizona",,,3261333.5,3246134.2,3276532.8,
PNTM9M2jMkKm3GLHpLiq3J4gE,"","North Campus",Gammage,"W", 09/13/2025 02:30:00 AM,"(UTC-07:00) Arizona",,,3283681.8333333335,3279794.5,3290621.8,
PNTM9M2jMkKm3GLHpLiq3J4gE,"","North Campus",Gammage,"W", 09/13/2025 02:45:00 AM,"(UTC-07:00) Arizona",,,3277744.1,3261034,3294454.2,
PNTM9M2jMkKm3GLHpLiq3J4gE,"","North Campus",Gammage,"W", 09/13/2025 03:00:00 AM,"(UTC-07:00) Arizona",,,3292705.075,3279649.8,3302214.2,
PNTM9M2jMkKm3GLHpLiq3J4gE,"","North Campus",Gammage,"W", 09/13/2025 03:15:00 AM,"(UTC-07:00) Arizona",,,3233796.6,3211104,3256489.2,
PNTM9M2jMkKm3GLHpLiq3J4gE,"","North Campus",Gammage,"W", 09/13/2025 03:30:00 AM,"(UTC-07:00) Arizona",,,3244717.15,3209860.8,3279573.5,
PNTM9M2jMkKm3GLHpLiq3J4gE,"","North Campus",Gammage,"W", 09/13/2025 03:45:00 AM,"(UTC-07:00) Arizona",,,3255175.1666666665,3232350,3276904,
PNTM9M2jMkKm3GLHpLiq3J4gE,"","North Campus",Gammage,"W", 09/13/2025 04:00:00 AM,"(UTC-07:00) Arizona",,,3247495.6666666665,3234459.2,3267851,
PNTM9M2jMkKm3GLHpLiq3J4gE,"","North Campus",Gammage,"W", 09/13/2025 04:15:00 AM,"(UTC-07:00) Arizona",,,3294116.5666666664,3273447.2,3312407.5,
PNTM9M2jMkKm3GLHpLiq3J4gE,"","North Campus",Gammage,"W", 09/13/2025 04:30:00 AM,"(UTC-07:00) Arizona",,,3268595.5,3262821.8,3272002.5,
PNTM9M2jMkKm3GLHpLiq3J4gE,"","North Campus",Gammage,"W", 09/13/2025 04:45:00 AM,"(UTC-07:00) Arizona",,,3282743.4333333336,3261151.5,3311737,
PNTM9M2jMkKm3GLHpLiq3J4gE,"","North Campus",Gammage,"W", 09/13/2025 05:00:00 AM,"(UTC-07:00) Arizona",,,3287892.6666666665,3264131.2,3302340.8,
PNTM9M2jMkKm3GLHpLiq3J4gE,"","North Campus",Gammage,"W", 09/13/2025 05:15:00 AM,"(UTC-07:00) Arizona",,,3299734.766666667,3290324,3307538.5,
PNTM9M2jMkKm3GLHpLiq3J4gE,"","North Campus",Gammage,"W", 09/13/2025 05:30:00 AM,"(UTC-07:00) Arizona",,,3329447.8666666667,3313499.8,3348288,
PNTM9M2jMkKm3GLHpLiq3J4gE,"","North Campus",Gammage,"W", 09/13/2025 05:45:00 AM,"(UTC-07:00) Arizona",,,3359519.8499999996,3337111.2,3392646,
PNTM9M2jMkKm3GLHpLiq3J4gE,"","North Campus",Gammage,"W", 09/13/2025 06:00:00 AM,"(UTC-07:00) Arizona",,,3331689.6,3328005.2,3335374,
PNTM9M2jMkKm3GLHpLiq3J4gE,"","North Campus",Gammage,"W", 09/13/2025 06:15:00 AM,"(UTC-07:00) Arizona",,,3331474.35,3328929.5,3334019.2,
PNTM9M2jMkKm3GLHpLiq3J4gE,"","North Campus",Gammage,"W", 09/13/2025 06:30:00 AM,"(UTC-07:00) Arizona",,,3340454.6666666665,3313790.8,3369386,
PNTM9M2jMkKm3GLHpLiq3J4gE,"","North Campus",Gammage,"W", 09/13/2025 06:45:00 AM,"(UTC-07:00) Arizona",,,3332352.733333333,3297255.5,3367511.5,
PNTM9M2jMkKm3GLHpLiq3J4gE,"","North Campus",Gammage,"W", 09/13/2025 07:00:00 AM,"(UTC-07:00) Arizona",,,3331246.6999999997,3308610.5,3351679.8,
PNTM9M2jMkKm3GLHpLiq3J4gE,"","North Campus",Gammage,"W", 09/13/2025 07:15:00 AM,"(UTC-07:00) Arizona",,,3306690.9,3295979,3317402.8,
PNTM9M2jMkKm3GLHpLiq3J4gE,"","North Campus",Gammage,"W", 09/13/2025 07:30:00 AM,"(UTC-07:00) Arizona",,,3295218.6,3285062,3305375.2,
PNTM9M2jMkKm3GLHpLiq3J4gE,"","North Campus",Gammage,"W", 09/13/2025 07:45:00 AM,"(UTC-07:00) Arizona",,,3354360.65,3354244.5,3354476.8,
PNTM9M2jMkKm3GLHpLiq3J4gE,"","North Campus",Gammage,"W", 09/13/2025 08:00:00 AM,"(UTC-07:00) Arizona",,,3326084.825,3301519.5,3351168.5,
PNTM9M2jMkKm3GLHpLiq3J4gE,"","North Campus",Gammage,"W", 09/13/2025 08:15:00 AM,"(UTC-07:00) Arizona",,,3402695.266666667,3305840.8,3451522.5,
PNTM9M2jMkKm3GLHpLiq3J4gE,"","North Campus",Gammage,"W", 09/13/2025 08:30:00 AM,"(UTC-07:00) Arizona",,,3481575.65,3479414.5,3483736.8,
PNTM9M2jMkKm3GLHpLiq3J4gE,"","North Campus",Gammage,"W", 09/13/2025 08:45:00 AM,"(UTC-07:00) Arizona",,,3523851,3513517,3544460.8,
PNTM9M2jMkKm3GLHpLiq3J4gE,"","North Campus",Gammage,"W", 09/13/2025 09:00:00 AM,"(UTC-07:00) Arizona",,,3592358,3591503.2,3593212.8,
PNTM9M2jMkKm3GLHpLiq3J4gE,"","North Campus",Gammage,"W", 09/13/2025 09:15:00 AM,"(UTC-07:00) Arizona",,,3615296.6666666665,3608596.2,3622949.8,
PNTM9M2jMkKm3GLHpLiq3J4gE,"","North Campus",Gammage,"W", 09/13/2025 09:30:00 AM,"(UTC-07:00) Arizona",,,3644084.1666666665,3630996.2,3657075.5,
PNTM9M2jMkKm3GLHpLiq3J4gE,"","North Campus",Gammage,"W", 09/13/2025 09:45:00 AM,"(UTC-07:00) Arizona",,,3677410.733333333,3631679.2,3738981.2,
PNTM9M2jMkKm3GLHpLiq3J4gE,"","North Campus",Gammage,"W", 09/13/2025 10:00:00 AM,"(UTC-07:00) Arizona",,,3713572.15,3707176.5,3719967.8,
PNTM9M2jMkKm3GLHpLiq3J4gE,"","North Campus",Gammage,"W", 09/13/2025 10:15:00 AM,"(UTC-07:00) Arizona",,,3808849.4333333336,3763675.5,3834460,
PNTM9M2jMkKm3GLHpLiq3J4gE,"","North Campus",Gammage,"W", 09/13/2025 10:30:00 AM,"(UTC-07:00) Arizona",,,3879524.5,3861394,3898225.5,
PNTM9M2jMkKm3GLHpLiq3J4gE,"","North Campus",Gammage,"W", 09/13/2025 10:45:00 AM,"(UTC-07:00) Arizona",,,3888365.1666666665,3870081.5,3917004.8,
PNTM9M2jMkKm3GLHpLiq3J4gE,"","North Campus",Gammage,"W", 09/13/2025 11:00:00 AM,"(UTC-07:00) Arizona",,,3881209.1666666665,3823398.2,3925694.5,
PNTM9M2jMkKm3GLHpLiq3J4gE,"","North Campus",Gammage,"W", 09/13/2025 11:15:00 AM,"(UTC-07:00) Arizona",,,3863759.85,3823179.2,3904340.5,
PNTM9M2jMkKm3GLHpLiq3J4gE,"","North Campus",Gammage,"W", 09/13/2025 11:30:00 AM,"(UTC-07:00) Arizona",,,3868264.75,3834260,3902269.5,
PNTM9M2jMkKm3GLHpLiq3J4gE,"","North Campus",Gammage,"W", 09/13/2025 11:45:00 AM,"(UTC-07:00) Arizona",,,3902601.15,3890485.5,3914716.8,
PNTM9M2jMkKm3GLHpLiq3J4gE,"","North Campus",Gammage,"W", 09/13/2025 12:00:00 PM,"(UTC-07:00) Arizona",,,3885177.9333333336,3859509.8,3910042.2,
PNTM9M2jMkKm3GLHpLiq3J4gE,"","North Campus",Gammage,"W", 09/13/2025 12:15:00 PM,"(UTC-07:00) Arizona",,,4015801.6,3995488.2,4036115,
PNTM9M2jMkKm3GLHpLiq3J4gE,"","North Campus",Gammage,"W", 09/13/2025 12:30:00 PM,"(UTC-07:00) Arizona",,,3936670.2,3931094.2,3942246.2,
PNTM9M2jMkKm3GLHpLiq3J4gE,"","North Campus",Gammage,"W", 09/13/2025 12:45:00 PM,"(UTC-07:00) Arizona",,,3990196.9333333336,3973417.5,4004599.5,
PNTM9M2jMkKm3GLHpLiq3J4gE,"","North Campus",Gammage,"W", 09/13/2025 01:00:00 PM,"(UTC-07:00) Arizona",,,3995532.0666666664,3988683.2,3999703.2,
PNTM9M2jMkKm3GLHpLiq3J4gE,"","North Campus",Gammage,"W", 09/13/2025 01:15:00 PM,"(UTC-07:00) Arizona",,,3813617.3333333335,3793538.2,3841622.8,
PNTM9M2jMkKm3GLHpLiq3J4gE,"","North Campus",Gammage,"W", 09/13/2025 01:30:00 PM,"(UTC-07:00) Arizona",,,3924732.5,3876507.5,3991776.5,
PNTM9M2jMkKm3GLHpLiq3J4gE,"","North Campus",Gammage,"W", 09/13/2025 01:45:00 PM,"(UTC-07:00) Arizona",,,4028530,4006695,4050365,
PNTM9M2jMkKm3GLHpLiq3J4gE,"","North Campus",Gammage,"W", 09/13/2025 02:00:00 PM,"(UTC-07:00) Arizona",,,4012785.0250000004,3972750.8,4038983,
PNTM9M2jMkKm3GLHpLiq3J4gE,"","North Campus",Gammage,"W", 09/13/2025 02:15:00 PM,"(UTC-07:00) Arizona",,,4068047.4,4064550,4071544.8,
PNTM9M2jMkKm3GLHpLiq3J4gE,"","North Campus",Gammage,"W", 09/13/2025 02:30:00 PM,"(UTC-07:00) Arizona",,,4082681.7,4022117.5,4145125.5,
PNTM9M2jMkKm3GLHpLiq3J4gE,"","North Campus",Gammage,"W", 09/13/2025 02:45:00 PM,"(UTC-07:00) Arizona",,,4101318.65,4093860.5,4108776.8,
PNTM9M2jMkKm3GLHpLiq3J4gE,"","North Campus",Gammage,"W", 09/13/2025 03:00:00 PM,"(UTC-07:00) Arizona",,,4088753.05,4046113,4108406.5,
PNTM9M2jMkKm3GLHpLiq3J4gE,"","North Campus",Gammage,"W", 09/13/2025 03:15:00 PM,"(UTC-07:00) Arizona",,,4144100.15,4126818.5,4161381.8,
PNTM9M2jMkKm3GLHpLiq3J4gE,"","North Campus",Gammage,"W", 09/13/2025 03:30:00 PM,"(UTC-07:00) Arizona",,,4129987.6,4095213.2,4164762,
PNTM9M2jMkKm3GLHpLiq3J4gE,"","North Campus",Gammage,"W", 09/13/2025 03:45:00 PM,"(UTC-07:00) Arizona",,,4209275.5,4193784.5,4225838.5,
PNTM9M2jMkKm3GLHpLiq3J4gE,"","North Campus",Gammage,"W", 09/13/2025 04:00:00 PM,"(UTC-07:00) Arizona",,,4249227.75,4217556.5,4293723,
PNTM9M2jMkKm3GLHpLiq3J4gE,"","North Campus",Gammage,"W", 09/13/2025 04:15:00 PM,"(UTC-07:00) Arizona",,,4260058.75,4236687.5,4283430,
PNTM9M2jMkKm3GLHpLiq3J4gE,"","North Campus",Gammage,"W", 09/13/2025 04:30:00 PM,"(UTC-07:00) Arizona",,,4314043.75,4309301.5,4318786,
PNTM9M2jMkKm3GLHpLiq3J4gE,"","North Campus",Gammage,"W", 09/13/2025 04:45:00 PM,"(UTC-07:00) Arizona",,,4345289.5,4296190,4396544,
PNTM9M2jMkKm3GLHpLiq3J4gE,"","North Campus",Gammage,"W", 09/13/2025 05:00:00 PM,"(UTC-07:00) Arizona",,,4357032.5,4320094.5,4381279.5,
PNTM9M2jMkKm3GLHpLiq3J4gE,"","North Campus",Gammage,"W", 09/13/2025 05:15:00 PM,"(UTC-07:00) Arizona",,,4329661.833333333,4299228.5,4380366,
PNTM9M2jMkKm3GLHpLiq3J4gE,"","North Campus",Gammage,"W", 09/13/2025 05:30:00 PM,"(UTC-07:00) Arizona",,,4323791.5,4314743,4332840,
PNTM9M2jMkKm3GLHpLiq3J4gE,"","North Campus",Gammage,"W", 09/13/2025 05:45:00 PM,"(UTC-07:00) Arizona",,,4350295,4330113.5,4370476.5,
PNTM9M2jMkKm3GLHpLiq3J4gE,"","North Campus",Gammage,"W", 09/13/2025 06:00:00 PM,"(UTC-07:00) Arizona",,,4266730.833333333,4250531.5,4283860,
PNTM9M2jMkKm3GLHpLiq3J4gE,"","North Campus",Gammage,"W", 09/13/2025 06:15:00 PM,"(UTC-07:00) Arizona",,,4257737.625,4238384,4296231.5,
PNTM9M2jMkKm3GLHpLiq3J4gE,"","North Campus",Gammage,"W", 09/13/2025 06:30:00 PM,"(UTC-07:00) Arizona",,,4279088.25,4270118.5,4288058,
PNTM9M2jMkKm3GLHpLiq3J4gE,"","North Campus",Gammage,"W", 09/13/2025 06:45:00 PM,"(UTC-07:00) Arizona",,,4266175.899999999,4191005.2,4307370,
PNTM9M2jMkKm3GLHpLiq3J4gE,"","North Campus",Gammage,"W", 09/13/2025 07:00:00 PM,"(UTC-07:00) Arizona",,,4151345.6,4141078,4161613.2,
PNTM9M2jMkKm3GLHpLiq3J4gE,"","North Campus",Gammage,"W", 09/13/2025 07:15:00 PM,"(UTC-07:00) Arizona",,,4135428.15,4124042.5,4146813.8,
PNTM9M2jMkKm3GLHpLiq3J4gE,"","North Campus",Gammage,"W", 09/13/2025 07:30:00 PM,"(UTC-07:00) Arizona",,,4107257.966666667,4061984.2,4166293.5,
PNTM9M2jMkKm3GLHpLiq3J4gE,"","North Campus",Gammage,"W", 09/13/2025 07:45:00 PM,"(UTC-07:00) Arizona",,,4018679.1,3962899.5,4069252.8,
PNTM9M2jMkKm3GLHpLiq3J4gE,"","North Campus",Gammage,"W", 09/13/2025 08:00:00 PM,"(UTC-07:00) Arizona",,,3933509.133333333,3916014.8,3948324.8,
PNTM9M2jMkKm3GLHpLiq3J4gE,"","North Campus",Gammage,"W", 09/13/2025 08:15:00 PM,"(UTC-07:00) Arizona",,,3985583.9333333336,3970191.8,3993613,
PNTM9M2jMkKm3GLHpLiq3J4gE,"","North Campus",Gammage,"W", 09/13/2025 08:30:00 PM,"(UTC-07:00) Arizona",,,3929154.1666666665,3901543,3983929.5,
PNTM9M2jMkKm3GLHpLiq3J4gE,"","North Campus",Gammage,"W", 09/13/2025 08:45:00 PM,"(UTC-07:00) Arizona",,,3849907.6666666665,3822928,3864770.8,
PNTM9M2jMkKm3GLHpLiq3J4gE,"","North Campus",Gammage,"W", 09/13/2025 09:00:00 PM,"(UTC-07:00) Arizona",,,3821392,3804055.8,3838728.2,
PNTM9M2jMkKm3GLHpLiq3J4gE,"","North Campus",Gammage,"W", 09/13/2025 09:15:00 PM,"(UTC-07:00) Arizona",,,3753812.733333333,3722746.5,3783938.5,
PNTM9M2jMkKm3GLHpLiq3J4gE,"","North Campus",Gammage,"W", 09/13/2025 09:30:00 PM,"(UTC-07:00) Arizona",,,3771616.2,3771616.2,3771616.2,
PNTM9M2jMkKm3GLHpLiq3J4gE,"","North Campus",Gammage,"W", 09/13/2025 09:45:00 PM,"(UTC-07:00) Arizona",,,3752825.233333333,3737718.5,3760836,
PNTM9M2jMkKm3GLHpLiq3J4gE,"","North Campus",Gammage,"W", 09/13/2025 10:00:00 PM,"(UTC-07:00) Arizona",,,3705446.466666667,3687165,3733181.2,
PNTM9M2jMkKm3GLHpLiq3J4gE,"","North Campus",Gammage,"W", 09/13/2025 10:15:00 PM,"(UTC-07:00) Arizona",,,3706521,3690439.5,3722602.5,
PNTM9M2jMkKm3GLHpLiq3J4gE,"","North Campus",Gammage,"W", 09/13/2025 10:30:00 PM,"(UTC-07:00) Arizona",,,3701994.25,3694506,3709482.5,
PNTM9M2jMkKm3GLHpLiq3J4gE,"","North Campus",Gammage,"W", 09/13/2025 10:45:00 PM,"(UTC-07:00) Arizona",,,3622446.325,3603595.5,3633093,
PNTM9M2jMkKm3GLHpLiq3J4gE,"","North Campus",Gammage,"W", 09/13/2025 11:00:00 PM,"(UTC-07:00) Arizona",,,3588117.6333333333,3556421.2,3613727.2,
PNTM9M2jMkKm3GLHpLiq3J4gE,"","North Campus",Gammage,"W", 09/13/2025 11:15:00 PM,"(UTC-07:00) Arizona",,,3581220.766666667,3546013.5,3627952,
PNTM9M2jMkKm3GLHpLiq3J4gE,"","North Campus",Gammage,"W", 09/13/2025 11:30:00 PM,"(UTC-07:00) Arizona",,,3537999,3525906.8,3560450.2,
PNTM9M2jMkKm3GLHpLiq3J4gE,"","North Campus",Gammage,"W", 09/13/2025 11:45:00 PM,"(UTC-07:00) Arizona",,,3533537.6,3530389.2,3536686,
PNTM9M2jMkKm3GLHpLiq3J4gE,"","North Campus",Gammage,"W", 09/14/2025 12:00:00 AM,"(UTC-07:00) Arizona",,,3509817.675,3449470.8,3553233.2,
PNTM9M2jMkKm3GLHpLiq3J4gE,"","North Campus",Gammage,"W", 09/14/2025 12:15:00 AM,"(UTC-07:00) Arizona",,,3400723.733333333,3374042.2,3435247.8,
PNTM9M2jMkKm3GLHpLiq3J4gE,"","North Campus",Gammage,"W", 09/14/2025 12:30:00 AM,"(UTC-07:00) Arizona",,,3356338.6,3344670,3368007.2,
PNTM9M2jMkKm3GLHpLiq3J4gE,"","North Campus",Gammage,"W", 09/14/2025 12:45:00 AM,"(UTC-07:00) Arizona",,,3357658.8333333335,3340452.8,3369165.5,
PNTM9M2jMkKm3GLHpLiq3J4gE,"","North Campus",Gammage,"W", 09/14/2025 01:00:00 AM,"(UTC-07:00) Arizona",,,3351123.966666667,3316240.5,3376935.2,
PNTM9M2jMkKm3GLHpLiq3J4gE,"","North Campus",Gammage,"W", 09/14/2025 01:15:00 AM,"(UTC-07:00) Arizona",,,3332822.4,3326528,3341303,
PNTM9M2jMkKm3GLHpLiq3J4gE,"","North Campus",Gammage,"W", 09/14/2025 01:30:00 AM,"(UTC-07:00) Arizona",,,3253178.3,3248714.8,3257641.8,
PNTM9M2jMkKm3GLHpLiq3J4gE,"","North Campus",Gammage,"W", 09/14/2025 01:45:00 AM,"(UTC-07:00) Arizona",,,3241737.0666666664,3224522.5,3270096.2,
PNTM9M2jMkKm3GLHpLiq3J4gE,"","North Campus",Gammage,"W", 09/14/2025 02:00:00 AM,"(UTC-07:00) Arizona",,,3259920.5,3221087.2,3291093.5,
PNTM9M2jMkKm3GLHpLiq3J4gE,"","North Campus",Gammage,"W", 09/14/2025 02:15:00 AM,"(UTC-07:00) Arizona",,,3236962.65,3230067.8,3243857.5,
PNTM9M2jMkKm3GLHpLiq3J4gE,"","North Campus",Gammage,"W", 09/14/2025 02:30:00 AM,"(UTC-07:00) Arizona",,,3218503.9333333336,3209218.8,3223649.5,
PNTM9M2jMkKm3GLHpLiq3J4gE,"","North Campus",Gammage,"W", 09/14/2025 02:45:00 AM,"(UTC-07:00) Arizona",,,3211642.766666667,3187075,3238257.8,
PNTM9M2jMkKm3GLHpLiq3J4gE,"","North Campus",Gammage,"W", 09/14/2025 03:00:00 AM,"(UTC-07:00) Arizona",,,3226019.8000000003,3209291.2,3238364.2,
PNTM9M2jMkKm3GLHpLiq3J4gE,"","North Campus",Gammage,"W", 09/14/2025 03:15:00 AM,"(UTC-07:00) Arizona",,,3204688,3199249,3210027.2,
PNTM9M2jMkKm3GLHpLiq3J4gE,"","North Campus",Gammage,"W", 09/14/2025 03:30:00 AM,"(UTC-07:00) Arizona",,,3188609.766666667,3161087.5,3209724.8,
PNTM9M2jMkKm3GLHpLiq3J4gE,"","North Campus",Gammage,"W", 09/14/2025 03:45:00 AM,"(UTC-07:00) Arizona",,,3221836.9,3189124,3254549.8,
PNTM9M2jMkKm3GLHpLiq3J4gE,"","North Campus",Gammage,"W", 09/14/2025 04:00:00 AM,"(UTC-07:00) Arizona",,,3201824.5,3194490.2,3209158.8,
PNTM9M2jMkKm3GLHpLiq3J4gE,"","North Campus",Gammage,"W", 09/14/2025 04:15:00 AM,"(UTC-07:00) Arizona",,,3212750.6,3173364.8,3236416,
PNTM9M2jMkKm3GLHpLiq3J4gE,"","North Campus",Gammage,"W", 09/14/2025 04:30:00 AM,"(UTC-07:00) Arizona",,,3215335.8333333335,3214131,3216822,
PNTM9M2jMkKm3GLHpLiq3J4gE,"","North Campus",Gammage,"W", 09/14/2025 04:45:00 AM,"(UTC-07:00) Arizona",,,3228079.4,3204643.5,3261781.5,
PNTM9M2jMkKm3GLHpLiq3J4gE,"","North Campus",Gammage,"W", 09/14/2025 05:00:00 AM,"(UTC-07:00) Arizona",,,3284992.9333333336,3275104.8,3292596.5,
PNTM9M2jMkKm3GLHpLiq3J4gE,"","North Campus",Gammage,"W", 09/14/2025 05:15:00 AM,"(UTC-07:00) Arizona",,,3252079,3233291.5,3270866.5,
PNTM9M2jMkKm3GLHpLiq3J4gE,"","North Campus",Gammage,"W", 09/14/2025 05:30:00 AM,"(UTC-07:00) Arizona",,,3245552,3229787,3268323.5,
PNTM9M2jMkKm3GLHpLiq3J4gE,"","North Campus",Gammage,"W", 09/14/2025 05:45:00 AM,"(UTC-07:00) Arizona",,,3333308.925,3312303.8,3370507.5,
PNTM9M2jMkKm3GLHpLiq3J4gE,"","North Campus",Gammage,"W", 09/14/2025 06:00:00 AM,"(UTC-07:00) Arizona",,,3280012.266666667,3260222,3298555,
PNTM9M2jMkKm3GLHpLiq3J4gE,"","North Campus",Gammage,"W", 09/14/2025 06:15:00 AM,"(UTC-07:00) Arizona",,,3264775.25,3258231.5,3271319,
PNTM9M2jMkKm3GLHpLiq3J4gE,"","North Campus",Gammage,"W", 09/14/2025 06:30:00 AM,"(UTC-07:00) Arizona",,,3237764.4,3224592.8,3250840.2,
PNTM9M2jMkKm3GLHpLiq3J4gE,"","North Campus",Gammage,"W", 09/14/2025 06:45:00 AM,"(UTC-07:00) Arizona",,,3194050.6666666665,3188364.5,3198580,
PNTM9M2jMkKm3GLHpLiq3J4gE,"","North Campus",Gammage,"W", 09/14/2025 07:00:00 AM,"(UTC-07:00) Arizona",,,3180097.4333333336,3174226.5,3185655.8,
PNTM9M2jMkKm3GLHpLiq3J4gE,"","North Campus",Gammage,"W", 09/14/2025 07:15:00 AM,"(UTC-07:00) Arizona",,,3144691.9,3116848.5,3162347.2,
PNTM9M2jMkKm3GLHpLiq3J4gE,"","North Campus",Gammage,"W", 09/14/2025 07:30:00 AM,"(UTC-07:00) Arizona",,,3185848.9,3164640.5,3197096.2,
PNTM9M2jMkKm3GLHpLiq3J4gE,"","North Campus",Gammage,"W", 09/14/2025 07:45:00 AM,"(UTC-07:00) Arizona",,,3211591.966666667,3165344.5,3242943.2,
PNTM9M2jMkKm3GLHpLiq3J4gE,"","North Campus",Gammage,"W", 09/14/2025 08:00:00 AM,"(UTC-07:00) Arizona",,,3228794.4,3201551.2,3254351.8,
PNTM9M2jMkKm3GLHpLiq3J4gE,"","North Campus",Gammage,"W", 09/14/2025 08:15:00 AM,"(UTC-07:00) Arizona",,,3357330.5666666664,3336606.5,3397657,
PNTM9M2jMkKm3GLHpLiq3J4gE,"","North Campus",Gammage,"W", 09/14/2025 08:30:00 AM,"(UTC-07:00) Arizona",,,3422261.8,3422261.8,3422261.8,
PNTM9M2jMkKm3GLHpLiq3J4gE,"","North Campus",Gammage,"W", 09/14/2025 08:45:00 AM,"(UTC-07:00) Arizona",,,3415566.075,3383864,3452128.8,
PNTM9M2jMkKm3GLHpLiq3J4gE,"","North Campus",Gammage,"W", 09/14/2025 09:00:00 AM,"(UTC-07:00) Arizona",,,3471313.8000000003,3454950.2,3492567.2,
PNTM9M2jMkKm3GLHpLiq3J4gE,"","North Campus",Gammage,"W", 09/14/2025 09:15:00 AM,"(UTC-07:00) Arizona",,,3581740.6666666665,3513218,3620093.8,
PNTM9M2jMkKm3GLHpLiq3J4gE,"","North Campus",Gammage,"W", 09/14/2025 09:30:00 AM,"(UTC-07:00) Arizona",,,3615523.6,3594289,3642568.8,
PNTM9M2jMkKm3GLHpLiq3J4gE,"","North Campus",Gammage,"W", 09/14/2025 09:45:00 AM,"(UTC-07:00) Arizona",,,3655962.766666667,3626107.8,3679899,
PNTM9M2jMkKm3GLHpLiq3J4gE,"","North Campus",Gammage,"W", 09/14/2025 10:00:00 AM,"(UTC-07:00) Arizona",,,3721357,3689412,3782422,
PNTM9M2jMkKm3GLHpLiq3J4gE,"","North Campus",Gammage,"W", 09/14/2025 10:15:00 AM,"(UTC-07:00) Arizona",,,3732746.25,3697968.5,3767524,
PNTM9M2jMkKm3GLHpLiq3J4gE,"","North Campus",Gammage,"W", 09/14/2025 10:30:00 AM,"(UTC-07:00) Arizona",,,3755885.425,3718702.5,3792477.2,
PNTM9M2jMkKm3GLHpLiq3J4gE,"","North Campus",Gammage,"W", 09/14/2025 10:45:00 AM,"(UTC-07:00) Arizona",,,3808441.15,3803545.5,3813336.8,
PNTM9M2jMkKm3GLHpLiq3J4gE,"","North Campus",Gammage,"W", 09/14/2025 11:00:00 AM,"(UTC-07:00) Arizona",,,3809558.133333333,3781178.8,3830987.8,
PNTM9M2jMkKm3GLHpLiq3J4gE,"","North Campus",Gammage,"W", 09/14/2025 11:15:00 AM,"(UTC-07:00) Arizona",,,3764773.4,3764668.8,3764878,
PNTM9M2jMkKm3GLHpLiq3J4gE,"","North Campus",Gammage,"W", 09/14/2025 11:30:00 AM,"(UTC-07:00) Arizona",,,3788193.4000000004,3773317.8,3806600.2,
PNTM9M2jMkKm3GLHpLiq3J4gE,"","North Campus",Gammage,"W", 09/14/2025 11:45:00 AM,"(UTC-07:00) Arizona",,,3850769.2,3850769.2,3850769.2,
PNTM9M2jMkKm3GLHpLiq3J4gE,"","North Campus",Gammage,"W", 09/14/2025 12:00:00 PM,"(UTC-07:00) Arizona",,,3875673.6,3867301,3890512.8,
PNTM9M2jMkKm3GLHpLiq3J4gE,"","North Campus",Gammage,"W", 09/14/2025 12:15:00 PM,"(UTC-07:00) Arizona",,,3864320.9,3839395.2,3898852,
PNTM9M2jMkKm3GLHpLiq3J4gE,"","North Campus",Gammage,"W", 09/14/2025 12:30:00 PM,"(UTC-07:00) Arizona",,,3876940.2750000004,3863739.2,3905970.2,
PNTM9M2jMkKm3GLHpLiq3J4gE,"","North Campus",Gammage,"W", 09/14/2025 12:45:00 PM,"(UTC-07:00) Arizona",,,3962654.6,3941264.8,3976766.8,
PNTM9M2jMkKm3GLHpLiq3J4gE,"","North Campus",Gammage,"W", 09/14/2025 01:00:00 PM,"(UTC-07:00) Arizona",,,3930120,3921078.5,3939161.5,
PNTM9M2jMkKm3GLHpLiq3J4gE,"","North Campus",Gammage,"W", 09/14/2025 01:15:00 PM,"(UTC-07:00) Arizona",,,3993407.6,3971658.8,4025933.2,
PNTM9M2jMkKm3GLHpLiq3J4gE,"","North Campus",Gammage,"W", 09/14/2025 01:30:00 PM,"(UTC-07:00) Arizona",,,4043576.3333333335,3991387.5,4133763,
PNTM9M2jMkKm3GLHpLiq3J4gE,"","North Campus",Gammage,"W", 09/14/2025 01:45:00 PM,"(UTC-07:00) Arizona",,,4023334.175,4002316.8,4082765.5,
PNTM9M2jMkKm3GLHpLiq3J4gE,"","North Campus",Gammage,"W", 09/14/2025 02:00:00 PM,"(UTC-07:00) Arizona",,,4051916.5,4040820,4063013,
PNTM9M2jMkKm3GLHpLiq3J4gE,"","North Campus",Gammage,"W", 09/14/2025 02:15:00 PM,"(UTC-07:00) Arizona",,,4061876.9,4056304.5,4065817.2,
PNTM9M2jMkKm3GLHpLiq3J4gE,"","North Campus",Gammage,"W", 09/14/2025 02:30:00 PM,"(UTC-07:00) Arizona",,,4066537.15,4036621.5,4096452.8,
PNTM9M2jMkKm3GLHpLiq3J4gE,"","North Campus",Gammage,"W", 09/14/2025 02:45:00 PM,"(UTC-07:00) Arizona",,,4071885.6666666665,4031137.2,4112862,
PNTM9M2jMkKm3GLHpLiq3J4gE,"","North Campus",Gammage,"W", 09/14/2025 03:00:00 PM,"(UTC-07:00) Arizona",,,4043789.6999999997,4011285.8,4076590.8,
PNTM9M2jMkKm3GLHpLiq3J4gE,"","North Campus",Gammage,"W", 09/14/2025 03:15:00 PM,"(UTC-07:00) Arizona",,,4084943.95,4061936,4113828,
PNTM9M2jMkKm3GLHpLiq3J4gE,"","North Campus",Gammage,"W", 09/14/2025 03:30:00 PM,"(UTC-07:00) Arizona",,,4122873.3,4099089.8,4146656.8,
PNTM9M2jMkKm3GLHpLiq3J4gE,"","North Campus",Gammage,"W", 09/14/2025 03:45:00 PM,"(UTC-07:00) Arizona",,,4182513.875,4147806.8,4198241,
PNTM9M2jMkKm3GLHpLiq3J4gE,"","North Campus",Gammage,"W", 09/14/2025 04:00:00 PM,"(UTC-07:00) Arizona",,,4168262.2,4168262.2,4168262.2,
PNTM9M2jMkKm3GLHpLiq3J4gE,"","North Campus",Gammage,"W", 09/14/2025 04:15:00 PM,"(UTC-07:00) Arizona",,,4247675.5,4226564,4268787,
PNTM9M2jMkKm3GLHpLiq3J4gE,"","North Campus",Gammage,"W", 09/14/2025 04:30:00 PM,"(UTC-07:00) Arizona",,,4232522.433333334,4183877.8,4258155.5,
PNTM9M2jMkKm3GLHpLiq3J4gE,"","North Campus",Gammage,"W", 09/14/2025 04:45:00 PM,"(UTC-07:00) Arizona",,,4289841.833333333,4263496,4330036,
PNTM9M2jMkKm3GLHpLiq3J4gE,"","North Campus",Gammage,"W", 09/14/2025 05:00:00 PM,"(UTC-07:00) Arizona",,,4353326.75,4321898.5,4371101,
PNTM9M2jMkKm3GLHpLiq3J4gE,"","North Campus",Gammage,"W", 09/14/2025 05:15:00 PM,"(UTC-07:00) Arizona",,,4369280.166666667,4339709.5,4418573.5,
PNTM9M2jMkKm3GLHpLiq3J4gE,"","North Campus",Gammage,"W", 09/14/2025 05:30:00 PM,"(UTC-07:00) Arizona",,,4450854,4447606,4454102,
PNTM9M2jMkKm3GLHpLiq3J4gE,"","North Campus",Gammage,"W", 09/14/2025 05:45:00 PM,"(UTC-07:00) Arizona",,,4428341.833333333,4408146.5,4453621,
PNTM9M2jMkKm3GLHpLiq3J4gE,"","North Campus",Gammage,"W", 09/14/2025 06:00:00 PM,"(UTC-07:00) Arizona",,,4423374.333333333,4408038,4448390,
PNTM9M2jMkKm3GLHpLiq3J4gE,"","North Campus",Gammage,"W", 09/14/2025 06:15:00 PM,"(UTC-07:00) Arizona",,,4393846.333333333,4370873,4423820.5,
PNTM9M2jMkKm3GLHpLiq3J4gE,"","North Campus",Gammage,"W", 09/14/2025 06:30:00 PM,"(UTC-07:00) Arizona",,,4356418.833333333,4308792.5,4429858.5,
PNTM9M2jMkKm3GLHpLiq3J4gE,"","North Campus",Gammage,"W", 09/14/2025 06:45:00 PM,"(UTC-07:00) Arizona",,,4328171.333333333,4280428.5,4383976,
PNTM9M2jMkKm3GLHpLiq3J4gE,"","North Campus",Gammage,"W", 09/14/2025 07:00:00 PM,"(UTC-07:00) Arizona",,,4301006,4287108.5,4314322,
PNTM9M2jMkKm3GLHpLiq3J4gE,"","North Campus",Gammage,"W", 09/14/2025 07:15:00 PM,"(UTC-07:00) Arizona",,,4331551.5,4295391,4378912,
PNTM9M2jMkKm3GLHpLiq3J4gE,"","North Campus",Gammage,"W", 09/14/2025 07:30:00 PM,"(UTC-07:00) Arizona",,,4248601.666666667,4221501,4266032,
PNTM9M2jMkKm3GLHpLiq3J4gE,"","North Campus",Gammage,"W", 09/14/2025 07:45:00 PM,"(UTC-07:00) Arizona",,,4141585.8000000003,4078996,4175408.2,
PNTM9M2jMkKm3GLHpLiq3J4gE,"","North Campus",Gammage,"W", 09/14/2025 08:00:00 PM,"(UTC-07:00) Arizona",,,4145116.5666666664,4127996.2,4171246,
PNTM9M2jMkKm3GLHpLiq3J4gE,"","North Campus",Gammage,"W", 09/14/2025 08:15:00 PM,"(UTC-07:00) Arizona",,,4120241.5,4073398,4161660,
PNTM9M2jMkKm3GLHpLiq3J4gE,"","North Campus",Gammage,"W", 09/14/2025 08:30:00 PM,"(UTC-07:00) Arizona",,,4021637.75,3999723.5,4043552,
PNTM9M2jMkKm3GLHpLiq3J4gE,"","North Campus",Gammage,"W", 09/14/2025 08:45:00 PM,"(UTC-07:00) Arizona",,,3869324.6666666665,3793743.5,3986097,
PNTM9M2jMkKm3GLHpLiq3J4gE,"","North Campus",Gammage,"W", 09/14/2025 09:00:00 PM,"(UTC-07:00) Arizona",,,3886745.9,3872780.5,3899029,
PNTM9M2jMkKm3GLHpLiq3J4gE,"","North Campus",Gammage,"W", 09/14/2025 09:15:00 PM,"(UTC-07:00) Arizona",,,3845136.6,3817723.2,3872550,
PNTM9M2jMkKm3GLHpLiq3J4gE,"","North Campus",Gammage,"W", 09/14/2025 09:30:00 PM,"(UTC-07:00) Arizona",,,3805570.8666666667,3778294.8,3830919.8,
PNTM9M2jMkKm3GLHpLiq3J4gE,"","North Campus",Gammage,"W", 09/14/2025 09:45:00 PM,"(UTC-07:00) Arizona",,,3828733.6,3818360.8,3844937.8,
PNTM9M2jMkKm3GLHpLiq3J4gE,"","North Campus",Gammage,"W", 09/14/2025 10:00:00 PM,"(UTC-07:00) Arizona",,,3770606.7249999996,3735878.5,3808812.8,
PNTM9M2jMkKm3GLHpLiq3J4gE,"","North Campus",Gammage,"W", 09/14/2025 10:15:00 PM,"(UTC-07:00) Arizona",,,3743292.9333333336,3722033.5,3764966.8,
PNTM9M2jMkKm3GLHpLiq3J4gE,"","North Campus",Gammage,"W", 09/14/2025 10:30:00 PM,"(UTC-07:00) Arizona",,,3704316.25,3704156,3704476.5,
PNTM9M2jMkKm3GLHpLiq3J4gE,"","North Campus",Gammage,"W", 09/14/2025 10:45:00 PM,"(UTC-07:00) Arizona",,,3718955.3333333335,3688895.5,3751484,
PNTM9M2jMkKm3GLHpLiq3J4gE,"","North Campus",Gammage,"W", 09/14/2025 11:00:00 PM,"(UTC-07:00) Arizona",,,3674555.0666666664,3642612.5,3717415.2,
PNTM9M2jMkKm3GLHpLiq3J4gE,"","North Campus",Gammage,"W", 09/14/2025 11:15:00 PM,"(UTC-07:00) Arizona",,,3639133.3333333335,3622636,3656988.8,
PNTM9M2jMkKm3GLHpLiq3J4gE,"","North Campus",Gammage,"W", 09/14/2025 11:30:00 PM,"(UTC-07:00) Arizona",,,3575355.266666667,3572275.5,3579390.5,
PNTM9M2jMkKm3GLHpLiq3J4gE,"","North Campus",Gammage,"W", 09/14/2025 11:45:00 PM,"(UTC-07:00) Arizona",,,3564528.966666667,3539394.5,3580740.2,
PNTM9M2jMkKm3GLHpLiq3J4gE,"","North Campus",Gammage,"W", 09/15/2025 12:00:00 AM,"(UTC-07:00) Arizona",,,3528456.5,3510005.5,3546357.8,
PNTM9M2jMkKm3GLHpLiq3J4gE,"","North Campus",Gammage,"W", 09/15/2025 12:15:00 AM,"(UTC-07:00) Arizona",,,3473503.9,3471181.8,3475826,
PNTM9M2jMkKm3GLHpLiq3J4gE,"","North Campus",Gammage,"W", 09/15/2025 12:30:00 AM,"(UTC-07:00) Arizona",,,3488863.6500000004,3465830.8,3509885.2,
PNTM9M2jMkKm3GLHpLiq3J4gE,"","North Campus",Gammage,"W", 09/15/2025 12:45:00 AM,"(UTC-07:00) Arizona",,,3478219.1666666665,3425744.5,3550240.8,
PNTM9M2jMkKm3GLHpLiq3J4gE,"","North Campus",Gammage,"W", 09/15/2025 01:00:00 AM,"(UTC-07:00) Arizona",,,3443140.6,3414425.2,3478909.8,
PNTM9M2jMkKm3GLHpLiq3J4gE,"","North Campus",Gammage,"W", 09/15/2025 01:15:00 AM,"(UTC-07:00) Arizona",,,3303736.5,3303736.5,3303736.5,
PNTM9M2jMkKm3GLHpLiq3J4gE,"","North Campus",Gammage,"W", 09/15/2025 01:30:00 AM,"(UTC-07:00) Arizona",,,3341014.1666666665,3325220.2,3353396.8,
PNTM9M2jMkKm3GLHpLiq3J4gE,"","North Campus",Gammage,"W", 09/15/2025 01:45:00 AM,"(UTC-07:00) Arizona",,,3296147.966666667,3267282.5,3318635.2,
PNTM9M2jMkKm3GLHpLiq3J4gE,"","North Campus",Gammage,"W", 09/15/2025 02:00:00 AM,"(UTC-07:00) Arizona",,,3258232.6666666665,3247242.8,3269639.2,
PNTM9M2jMkKm3GLHpLiq3J4gE,"","North Campus",Gammage,"W", 09/15/2025 02:15:00 AM,"(UTC-07:00) Arizona",,,3256887.1,3253303,3260471.2,
PNTM9M2jMkKm3GLHpLiq3J4gE,"","North Campus",Gammage,"W", 09/15/2025 02:30:00 AM,"(UTC-07:00) Arizona",,,3279734.475,3241805,3322903.2,
PNTM9M2jMkKm3GLHpLiq3J4gE,"","North Campus",Gammage,"W", 09/15/2025 02:45:00 AM,"(UTC-07:00) Arizona",,,3261079.6999999997,3254564.5,3266645.8,
PNTM9M2jMkKm3GLHpLiq3J4gE,"","North Campus",Gammage,"W", 09/15/2025 03:00:00 AM,"(UTC-07:00) Arizona",,,3258063.9333333336,3243387,3284293.8,
PNTM9M2jMkKm3GLHpLiq3J4gE,"","North Campus",Gammage,"W", 09/15/2025 03:15:00 AM,"(UTC-07:00) Arizona",,,3240679.75,3228982.5,3252377,
PNTM9M2jMkKm3GLHpLiq3J4gE,"","North Campus",Gammage,"W", 09/15/2025 03:30:00 AM,"(UTC-07:00) Arizona",,,3313490.1333333333,3260955,3356554.2,
PNTM9M2jMkKm3GLHpLiq3J4gE,"","North Campus",Gammage,"W", 09/15/2025 03:45:00 AM,"(UTC-07:00) Arizona",,,3370709.6,3302780.2,3416892.2,
PNTM9M2jMkKm3GLHpLiq3J4gE,"","North Campus",Gammage,"W", 09/15/2025 04:00:00 AM,"(UTC-07:00) Arizona",,,3465906.85,3461344.5,3470469.2,
PNTM9M2jMkKm3GLHpLiq3J4gE,"","North Campus",Gammage,"W", 09/15/2025 04:15:00 AM,"(UTC-07:00) Arizona",,,3462903,3448845,3475414.5,
PNTM9M2jMkKm3GLHpLiq3J4gE,"","North Campus",Gammage,"W", 09/15/2025 04:30:00 AM,"(UTC-07:00) Arizona",,,3476111.9,3469196,3483027.8,
PNTM9M2jMkKm3GLHpLiq3J4gE,"","North Campus",Gammage,"W", 09/15/2025 04:45:00 AM,"(UTC-07:00) Arizona",,,3510695.6,3496118.2,3525344.8,
PNTM9M2jMkKm3GLHpLiq3J4gE,"","North Campus",Gammage,"W", 09/15/2025 05:00:00 AM,"(UTC-07:00) Arizona",,,3553207.1666666665,3531263.8,3567112.2,
PNTM9M2jMkKm3GLHpLiq3J4gE,"","North Campus",Gammage,"W", 09/15/2025 05:15:00 AM,"(UTC-07:00) Arizona",,,3518357.5,3490466.8,3546248.2,
PNTM9M2jMkKm3GLHpLiq3J4gE,"","North Campus",Gammage,"W", 09/15/2025 05:30:00 AM,"(UTC-07:00) Arizona",,,3552189.25,3526725.5,3577653,
PNTM9M2jMkKm3GLHpLiq3J4gE,"","North Campus",Gammage,"W", 09/15/2025 05:45:00 AM,"(UTC-07:00) Arizona",,,3632855.233333333,3542012,3690168.2,
PNTM9M2jMkKm3GLHpLiq3J4gE,"","North Campus",Gammage,"W", 09/15/2025 06:00:00 AM,"(UTC-07:00) Arizona",,,3653799,3630052.5,3680976,
PNTM9M2jMkKm3GLHpLiq3J4gE,"","North Campus",Gammage,"W", 09/15/2025 06:15:00 AM,"(UTC-07:00) Arizona",,,3689251.25,3682710.5,3695792,
PNTM9M2jMkKm3GLHpLiq3J4gE,"","North Campus",Gammage,"W", 09/15/2025 06:30:00 AM,"(UTC-07:00) Arizona",,,3693057.033333333,3663780.8,3719185.8,
PNTM9M2jMkKm3GLHpLiq3J4gE,"","North Campus",Gammage,"W", 09/15/2025 06:45:00 AM,"(UTC-07:00) Arizona",,,3727279.7,3625365.8,3815895.2,
PNTM9M2jMkKm3GLHpLiq3J4gE,"","North Campus",Gammage,"W", 09/15/2025 07:00:00 AM,"(UTC-07:00) Arizona",,,3859554.85,3830928.2,3888181.5,
PNTM9M2jMkKm3GLHpLiq3J4gE,"","North Campus",Gammage,"W", 09/15/2025 07:15:00 AM,"(UTC-07:00) Arizona",,,3881702.6333333333,3864415.2,3899310.5,
PNTM9M2jMkKm3GLHpLiq3J4gE,"","North Campus",Gammage,"W", 09/15/2025 07:30:00 AM,"(UTC-07:00) Arizona",,,3978837.3333333335,3927605.2,4022739,
PNTM9M2jMkKm3GLHpLiq3J4gE,"","North Campus",Gammage,"W", 09/15/2025 07:45:00 AM,"(UTC-07:00) Arizona",,,4142378.9333333336,4010894.8,4259089,
PNTM9M2jMkKm3GLHpLiq3J4gE,"","North Campus",Gammage,"W", 09/15/2025 08:00:00 AM,"(UTC-07:00) Arizona",,,4277050.833333333,4218123.5,4314572,
PNTM9M2jMkKm3GLHpLiq3J4gE,"","North Campus",Gammage,"W", 09/15/2025 08:15:00 AM,"(UTC-07:00) Arizona",,,4413512.5,4344885.5,4478410.5,
PNTM9M2jMkKm3GLHpLiq3J4gE,"","North Campus",Gammage,"W", 09/15/2025 08:30:00 AM,"(UTC-07:00) Arizona",,,4605340.5,4587861.5,4635483.5,
PNTM9M2jMkKm3GLHpLiq3J4gE,"","North Campus",Gammage,"W", 09/15/2025 08:45:00 AM,"(UTC-07:00) Arizona",,,4602350.25,4595566.5,4609134,
PNTM9M2jMkKm3GLHpLiq3J4gE,"","North Campus",Gammage,"W", 09/15/2025 09:00:00 AM,"(UTC-07:00) Arizona",,,4604502.166666667,4570919.5,4652220.5,
PNTM9M2jMkKm3GLHpLiq3J4gE,"","North Campus",Gammage,"W", 09/15/2025 09:15:00 AM,"(UTC-07:00) Arizona",,,4761924.25,4757441.5,4766407,
PNTM9M2jMkKm3GLHpLiq3J4gE,"","North Campus",Gammage,"W", 09/15/2025 09:30:00 AM,"(UTC-07:00) Arizona",,,4706156.5,4638667.5,4763255.5,
PNTM9M2jMkKm3GLHpLiq3J4gE,"","North Campus",Gammage,"W", 09/15/2025 09:45:00 AM,"(UTC-07:00) Arizona",,,4654120.5,4654120.5,4654120.5,
PNTM9M2jMkKm3GLHpLiq3J4gE,"","North Campus",Gammage,"W", 09/15/2025 10:00:00 AM,"(UTC-07:00) Arizona",,,4739305.125,4654931,4822021,
PNTM9M2jMkKm3GLHpLiq3J4gE,"","North Campus",Gammage,"W", 09/15/2025 10:15:00 AM,"(UTC-07:00) Arizona",,,4887301,4811348,5002595,
PNTM9M2jMkKm3GLHpLiq3J4gE,"","North Campus",Gammage,"W", 09/15/2025 10:30:00 AM,"(UTC-07:00) Arizona",,,4860177.666666667,4846256.5,4877203.5,
PNTM9M2jMkKm3GLHpLiq3J4gE,"","North Campus",Gammage,"W", 09/15/2025 11:30:00 AM,"(UTC-07:00) Arizona",,,4943290.5,4932667.5,4953913.5,
PNTM9M2jMkKm3GLHpLiq3J4gE,"","North Campus",Gammage,"W", 09/15/2025 11:45:00 AM,"(UTC-07:00) Arizona",,,4917616.75,4912535,4922698.5,
PNTM9M2jMkKm3GLHpLiq3J4gE,"","North Campus",Gammage,"W", 09/15/2025 12:00:00 PM,"(UTC-07:00) Arizona",,,4955490.375,4921226.5,4974713,
PNTM9M2jMkKm3GLHpLiq3J4gE,"","North Campus",Gammage,"W", 09/15/2025 12:15:00 PM,"(UTC-07:00) Arizona",,,4978141,4978141,4978141,
PNTM9M2jMkKm3GLHpLiq3J4gE,"","North Campus",Gammage,"W", 09/15/2025 12:30:00 PM,"(UTC-07:00) Arizona",,,4953541,4883216.5,5023865.5,
PNTM9M2jMkKm3GLHpLiq3J4gE,"","North Campus",Gammage,"W", 09/15/2025 12:45:00 PM,"(UTC-07:00) Arizona",,,4887071.75,4868403,4905740.5,
PNTM9M2jMkKm3GLHpLiq3J4gE,"","North Campus",Gammage,"W", 09/15/2025 01:00:00 PM,"(UTC-07:00) Arizona",,,4856177.25,4803787.5,4908567,
PNTM9M2jMkKm3GLHpLiq3J4gE,"","North Campus",Gammage,"W", 09/15/2025 01:15:00 PM,"(UTC-07:00) Arizona",,,4909028,4909028,4909028,
PNTM9M2jMkKm3GLHpLiq3J4gE,"","North Campus",Gammage,"W", 09/15/2025 01:30:00 PM,"(UTC-07:00) Arizona",,,4917075.833333333,4875255,4981907.5,
PNTM9M2jMkKm3GLHpLiq3J4gE,"","North Campus",Gammage,"W", 09/15/2025 01:45:00 PM,"(UTC-07:00) Arizona",,,4957520.75,4932536,4982505.5,
PNTM9M2jMkKm3GLHpLiq3J4gE,"","North Campus",Gammage,"W", 09/15/2025 02:00:00 PM,"(UTC-07:00) Arizona",,,5003043.333333333,4954105,5043978,
PNTM9M2jMkKm3GLHpLiq3J4gE,"","North Campus",Gammage,"W", 09/15/2025 02:15:00 PM,"(UTC-07:00) Arizona",,,5072573.5,5072573.5,5072573.5,
PNTM9M2jMkKm3GLHpLiq3J4gE,"","North Campus",Gammage,"W", 09/15/2025 02:30:00 PM,"(UTC-07:00) Arizona",,,5083162.25,4960105.5,5206219,
PNTM9M2jMkKm3GLHpLiq3J4gE,"","North Campus",Gammage,"W", 09/15/2025 02:45:00 PM,"(UTC-07:00) Arizona",,,4983942,4983942,4983942,
PNTM9M2jMkKm3GLHpLiq3J4gE,"","North Campus",Gammage,"W", 09/15/2025 03:00:00 PM,"(UTC-07:00) Arizona",,,5155714.75,5069058,5242371.5,
PNTM9M2jMkKm3GLHpLiq3J4gE,"","North Campus",Gammage,"W", 09/15/2025 03:15:00 PM,"(UTC-07:00) Arizona",,,4976662.25,4950818.5,5002506,
PNTM9M2jMkKm3GLHpLiq3J4gE,"","North Campus",Gammage,"W", 09/15/2025 03:30:00 PM,"(UTC-07:00) Arizona",,,5109078,5058334.5,5146367.5,
PNTM9M2jMkKm3GLHpLiq3J4gE,"","North Campus",Gammage,"W", 09/15/2025 03:45:00 PM,"(UTC-07:00) Arizona",,,5181404.25,5136672.5,5226136,
PNTM9M2jMkKm3GLHpLiq3J4gE,"","North Campus",Gammage,"W", 09/15/2025 04:00:00 PM,"(UTC-07:00) Arizona",,,5128170.333333333,5067927,5191033,
PNTM9M2jMkKm3GLHpLiq3J4gE,"","North Campus",Gammage,"W", 09/15/2025 04:15:00 PM,"(UTC-07:00) Arizona",,,5193128.666666667,5140412,5265774.5,
PNTM9M2jMkKm3GLHpLiq3J4gE,"","North Campus",Gammage,"W", 09/15/2025 04:30:00 PM,"(UTC-07:00) Arizona",,,5095293,5094271,5096315,
PNTM9M2jMkKm3GLHpLiq3J4gE,"","North Campus",Gammage,"W", 09/15/2025 04:45:00 PM,"(UTC-07:00) Arizona",,,5215856,5206760.5,5224951.5,
PNTM9M2jMkKm3GLHpLiq3J4gE,"","North Campus",Gammage,"W", 09/15/2025 05:00:00 PM,"(UTC-07:00) Arizona",,,5129805,5129805,5129805,
PNTM9M2jMkKm3GLHpLiq3J4gE,"","North Campus",Gammage,"W", 09/15/2025 05:15:00 PM,"(UTC-07:00) Arizona",,,5098568,5061784,5168325.5,
PNTM9M2jMkKm3GLHpLiq3J4gE,"","North Campus",Gammage,"W", 09/15/2025 05:30:00 PM,"(UTC-07:00) Arizona",,,5103938.75,5055414,5152463.5,
PNTM9M2jMkKm3GLHpLiq3J4gE,"","North Campus",Gammage,"W", 09/15/2025 05:45:00 PM,"(UTC-07:00) Arizona",,,4993371,4950537,5036205,
PNTM9M2jMkKm3GLHpLiq3J4gE,"","North Campus",Gammage,"W", 09/15/2025 06:00:00 PM,"(UTC-07:00) Arizona",,,4917854.25,4883310,4952398.5,
PNTM9M2jMkKm3GLHpLiq3J4gE,"","North Campus",Gammage,"W", 09/15/2025 06:15:00 PM,"(UTC-07:00) Arizona",,,4870727.5,4838742.5,4902712.5,
PNTM9M2jMkKm3GLHpLiq3J4gE,"","North Campus",Gammage,"W", 09/15/2025 06:30:00 PM,"(UTC-07:00) Arizona",,,4896805,4893930.5,4899679.5,
PNTM9M2jMkKm3GLHpLiq3J4gE,"","North Campus",Gammage,"W", 09/15/2025 06:45:00 PM,"(UTC-07:00) Arizona",,,4903118.166666667,4809637.5,4957873.5,
PNTM9M2jMkKm3GLHpLiq3J4gE,"","North Campus",Gammage,"W", 09/15/2025 07:15:00 PM,"(UTC-07:00) Arizona",,,4738999.666666667,4625441.5,4806600.5,
PNTM9M2jMkKm3GLHpLiq3J4gE,"","North Campus",Gammage,"W", 09/15/2025 07:30:00 PM,"(UTC-07:00) Arizona",,,4607272,4603692.5,4610851.5,
PNTM9M2jMkKm3GLHpLiq3J4gE,"","North Campus",Gammage,"W", 09/15/2025 07:45:00 PM,"(UTC-07:00) Arizona",,,4500382.666666667,4461485,4554384,
PNTM9M2jMkKm3GLHpLiq3J4gE,"","North Campus",Gammage,"W", 09/15/2025 08:00:00 PM,"(UTC-07:00) Arizona",,,4526808.25,4464910.5,4588706,
PNTM9M2jMkKm3GLHpLiq3J4gE,"","North Campus",Gammage,"W", 09/15/2025 08:15:00 PM,"(UTC-07:00) Arizona",,,4434978.5,4428986,4440971,
PNTM9M2jMkKm3GLHpLiq3J4gE,"","North Campus",Gammage,"W", 09/15/2025 08:30:00 PM,"(UTC-07:00) Arizona",,,4361942.75,4356245,4367640.5,
PNTM9M2jMkKm3GLHpLiq3J4gE,"","North Campus",Gammage,"W", 09/15/2025 08:45:00 PM,"(UTC-07:00) Arizona",,,4340269.5,4340269.5,4340269.5,
PNTM9M2jMkKm3GLHpLiq3J4gE,"","North Campus",Gammage,"W", 09/15/2025 09:00:00 PM,"(UTC-07:00) Arizona",,,4279303.333333333,4259183,4294729,
PNTM9M2jMkKm3GLHpLiq3J4gE,"","North Campus",Gammage,"W", 09/15/2025 09:15:00 PM,"(UTC-07:00) Arizona",,,4240865.15,4191959.8,4289770.5,
PNTM9M2jMkKm3GLHpLiq3J4gE,"","North Campus",Gammage,"W", 09/15/2025 09:30:00 PM,"(UTC-07:00) Arizona",,,4188988,4139489,4238487,
PNTM9M2jMkKm3GLHpLiq3J4gE,"","North Campus",Gammage,"W", 09/15/2025 09:45:00 PM,"(UTC-07:00) Arizona",,,4126258.5,4126258.5,4126258.5,
PNTM9M2jMkKm3GLHpLiq3J4gE,"","North Campus",Gammage,"W", 09/15/2025 10:00:00 PM,"(UTC-07:00) Arizona",,,4028170.4,4001322.8,4055018,
PNTM9M2jMkKm3GLHpLiq3J4gE,"","North Campus",Gammage,"W", 09/15/2025 10:15:00 PM,"(UTC-07:00) Arizona",,,3981514.4,3875584.8,4087444,
PNTM9M2jMkKm3GLHpLiq3J4gE,"","North Campus",Gammage,"W", 09/15/2025 10:30:00 PM,"(UTC-07:00) Arizona",,,3901379.5,3885421,3917338,
PNTM9M2jMkKm3GLHpLiq3J4gE,"","North Campus",Gammage,"W", 09/15/2025 10:45:00 PM,"(UTC-07:00) Arizona",,,3826253.5,3758989.8,3893517.2,
PNTM9M2jMkKm3GLHpLiq3J4gE,"","North Campus",Gammage,"W", 09/15/2025 11:00:00 PM,"(UTC-07:00) Arizona",,,3743384.1,3686026,3820739.5,
PNTM9M2jMkKm3GLHpLiq3J4gE,"","North Campus",Gammage,"W", 09/15/2025 11:15:00 PM,"(UTC-07:00) Arizona",,,3706303.9,3694365.8,3718242,
PNTM9M2jMkKm3GLHpLiq3J4gE,"","North Campus",Gammage,"W", 09/15/2025 11:30:00 PM,"(UTC-07:00) Arizona",,,3662691.9,3659214.8,3666169,
PNTM9M2jMkKm3GLHpLiq3J4gE,"","North Campus",Gammage,"W", 09/15/2025 11:45:00 PM,"(UTC-07:00) Arizona",,,3618452.5,3566689,3670216,
PNTM9M2jMkKm3GLHpLiq3J4gE,"","North Campus",Gammage,"W", 09/16/2025 12:00:00 AM,"(UTC-07:00) Arizona",,,3539443.25,3521377,3557509.5,
PNTM9M2jMkKm3GLHpLiq3J4gE,"","North Campus",Gammage,"W", 09/16/2025 12:15:00 AM,"(UTC-07:00) Arizona",,,3532916.766666667,3506757,3583386.5,
PNTM9M2jMkKm3GLHpLiq3J4gE,"","North Campus",Gammage,"W", 09/16/2025 12:30:00 AM,"(UTC-07:00) Arizona",,,3500486.15,3477742.8,3523229.5,
PNTM9M2jMkKm3GLHpLiq3J4gE,"","North Campus",Gammage,"W", 09/16/2025 12:45:00 AM,"(UTC-07:00) Arizona",,,3490288.5,3470329,3510248,
PNTM9M2jMkKm3GLHpLiq3J4gE,"","North Campus",Gammage,"W", 09/16/2025 01:00:00 AM,"(UTC-07:00) Arizona",,,3490879.5666666664,3473577.5,3520776,
PNTM9M2jMkKm3GLHpLiq3J4gE,"","North Campus",Gammage,"W", 09/16/2025 01:15:00 AM,"(UTC-07:00) Arizona",,,3359110.5,3359110.5,3359110.5,
PNTM9M2jMkKm3GLHpLiq3J4gE,"","North Campus",Gammage,"W", 09/16/2025 01:30:00 AM,"(UTC-07:00) Arizona",,,3346409.85,3321745.2,3371074.5,
PNTM9M2jMkKm3GLHpLiq3J4gE,"","North Campus",Gammage,"W", 09/16/2025 01:45:00 AM,"(UTC-07:00) Arizona",,,3304093.8333333335,3273134.2,3338194.5,
PNTM9M2jMkKm3GLHpLiq3J4gE,"","North Campus",Gammage,"W", 09/16/2025 02:00:00 AM,"(UTC-07:00) Arizona",,,3339655.2,3339655.2,3339655.2,
PNTM9M2jMkKm3GLHpLiq3J4gE,"","North Campus",Gammage,"W", 09/16/2025 02:15:00 AM,"(UTC-07:00) Arizona",,,3317275.3,3308407.8,3326142.8,
PNTM9M2jMkKm3GLHpLiq3J4gE,"","North Campus",Gammage,"W", 09/16/2025 02:30:00 AM,"(UTC-07:00) Arizona",,,3309568.15,3305769.5,3313366.8,
PNTM9M2jMkKm3GLHpLiq3J4gE,"","North Campus",Gammage,"W", 09/16/2025 02:45:00 AM,"(UTC-07:00) Arizona",,,3281004.5,3258347.5,3303661.5,
PNTM9M2jMkKm3GLHpLiq3J4gE,"","North Campus",Gammage,"W", 09/16/2025 03:00:00 AM,"(UTC-07:00) Arizona",,,3294309.8,3294309.8,3294309.8,
PNTM9M2jMkKm3GLHpLiq3J4gE,"","North Campus",Gammage,"W", 09/16/2025 03:15:00 AM,"(UTC-07:00) Arizona",,,3328199.6,3322545.2,3333854,
PNTM9M2jMkKm3GLHpLiq3J4gE,"","North Campus",Gammage,"W", 09/16/2025 03:30:00 AM,"(UTC-07:00) Arizona",,,3365022.6999999997,3322128.8,3395199.8,
PNTM9M2jMkKm3GLHpLiq3J4gE,"","North Campus",Gammage,"W", 09/16/2025 03:45:00 AM,"(UTC-07:00) Arizona",,,3450688.2,3441800.2,3459576.2,
PNTM9M2jMkKm3GLHpLiq3J4gE,"","North Campus",Gammage,"W", 09/16/2025 04:00:00 AM,"(UTC-07:00) Arizona",,,3437680.9,3435328.8,3440033,
PNTM9M2jMkKm3GLHpLiq3J4gE,"","North Campus",Gammage,"W", 09/16/2025 04:15:00 AM,"(UTC-07:00) Arizona",,,3517925.5,3517925.5,3517925.5,
PNTM9M2jMkKm3GLHpLiq3J4gE,"","North Campus",Gammage,"W", 09/16/2025 04:30:00 AM,"(UTC-07:00) Arizona",,,3472497,3458927.2,3486066.8,
PNTM9M2jMkKm3GLHpLiq3J4gE,"","North Campus",Gammage,"W", 09/16/2025 04:45:00 AM,"(UTC-07:00) Arizona",,,3456073.5,3437885.2,3482774.8,
PNTM9M2jMkKm3GLHpLiq3J4gE,"","North Campus",Gammage,"W", 09/16/2025 05:00:00 AM,"(UTC-07:00) Arizona",,,3511203.35,3498824.2,3523582.5,
PNTM9M2jMkKm3GLHpLiq3J4gE,"","North Campus",Gammage,"W", 09/16/2025 05:15:00 AM,"(UTC-07:00) Arizona",,,3533240.1,3516378.2,3550102,
PNTM9M2jMkKm3GLHpLiq3J4gE,"","North Campus",Gammage,"W", 09/16/2025 05:30:00 AM,"(UTC-07:00) Arizona",,,3587509.6666666665,3537651.8,3663011.2,
PNTM9M2jMkKm3GLHpLiq3J4gE,"","North Campus",Gammage,"W", 09/16/2025 05:45:00 AM,"(UTC-07:00) Arizona",,,3682699.5666666664,3582143,3792168.2,
PNTM9M2jMkKm3GLHpLiq3J4gE,"","North Campus",Gammage,"W", 09/16/2025 06:00:00 AM,"(UTC-07:00) Arizona",,,3678843.85,3674091.5,3683596.2,
PNTM9M2jMkKm3GLHpLiq3J4gE,"","North Campus",Gammage,"W", 09/16/2025 06:15:00 AM,"(UTC-07:00) Arizona",,,3676475,3634049.2,3718900.8,
PNTM9M2jMkKm3GLHpLiq3J4gE,"","North Campus",Gammage,"W", 09/16/2025 06:30:00 AM,"(UTC-07:00) Arizona",,,3701513.15,3642769.5,3760256.8,
PNTM9M2jMkKm3GLHpLiq3J4gE,"","North Campus",Gammage,"W", 09/16/2025 06:45:00 AM,"(UTC-07:00) Arizona",,,3832899,3806041.5,3859756.5,
PNTM9M2jMkKm3GLHpLiq3J4gE,"","North Campus",Gammage,"W", 09/16/2025 07:00:00 AM,"(UTC-07:00) Arizona",,,3917915.8,3917915.8,3917915.8,
PNTM9M2jMkKm3GLHpLiq3J4gE,"","North Campus",Gammage,"W", 09/16/2025 07:15:00 AM,"(UTC-07:00) Arizona",,,3963586.35,3945617.2,3981555.5,
PNTM9M2jMkKm3GLHpLiq3J4gE,"","North Campus",Gammage,"W", 09/16/2025 07:30:00 AM,"(UTC-07:00) Arizona",,,4081406,4069261.8,4093550.2,
PNTM9M2jMkKm3GLHpLiq3J4gE,"","North Campus",Gammage,"W", 09/16/2025 07:45:00 AM,"(UTC-07:00) Arizona",,,4174194.266666667,4080224.8,4327940,
PNTM9M2jMkKm3GLHpLiq3J4gE,"","North Campus",Gammage,"W", 09/16/2025 08:00:00 AM,"(UTC-07:00) Arizona",,,4362097,4362097,4362097,
PNTM9M2jMkKm3GLHpLiq3J4gE,"","North Campus",Gammage,"W", 09/16/2025 08:15:00 AM,"(UTC-07:00) Arizona",,,4466506,4466506,4466506,
PNTM9M2jMkKm3GLHpLiq3J4gE,"","North Campus",Gammage,"W", 09/16/2025 08:30:00 AM,"(UTC-07:00) Arizona",,,4541529.25,4485569.5,4597489,
PNTM9M2jMkKm3GLHpLiq3J4gE,"","North Campus",Gammage,"W", 09/16/2025 08:45:00 AM,"(UTC-07:00) Arizona",,,4733234.5,4640759.5,4825709.5,
PNTM9M2jMkKm3GLHpLiq3J4gE,"","North Campus",Gammage,"W", 09/16/2025 09:00:00 AM,"(UTC-07:00) Arizona",,,4817469.833333333,4799365,4849999,
PNTM9M2jMkKm3GLHpLiq3J4gE,"","North Campus",Gammage,"W", 09/16/2025 09:15:00 AM,"(UTC-07:00) Arizona",,,4785530.5,4779614.5,4791446.5,
PNTM9M2jMkKm3GLHpLiq3J4gE,"","North Campus",Gammage,"W", 09/16/2025 09:30:00 AM,"(UTC-07:00) Arizona",,,4767342,4767342,4767342,
PNTM9M2jMkKm3GLHpLiq3J4gE,"","North Campus",Gammage,"W", 09/16/2025 09:45:00 AM,"(UTC-07:00) Arizona",,,5003920.25,4892889.5,5114951,
PNTM9M2jMkKm3GLHpLiq3J4gE,"","North Campus",Gammage,"W", 09/16/2025 10:00:00 AM,"(UTC-07:00) Arizona",,,4771311.75,4678034.5,4864589,
PNTM9M2jMkKm3GLHpLiq3J4gE,"","North Campus",Gammage,"W", 09/16/2025 10:15:00 AM,"(UTC-07:00) Arizona",,,4789758.25,4760715.5,4818801,
PNTM9M2jMkKm3GLHpLiq3J4gE,"","North Campus",Gammage,"W", 09/16/2025 10:30:00 AM,"(UTC-07:00) Arizona",,,5052377.25,4857903.5,5246851,
PNTM9M2jMkKm3GLHpLiq3J4gE,"","North Campus",Gammage,"W", 09/16/2025 10:45:00 AM,"(UTC-07:00) Arizona",,,5000494,5000494,5000494,
PNTM9M2jMkKm3GLHpLiq3J4gE,"","North Campus",Gammage,"W", 09/16/2025 11:00:00 AM,"(UTC-07:00) Arizona",,,4992177.5,4983879.5,5000475.5,
PNTM9M2jMkKm3GLHpLiq3J4gE,"","North Campus",Gammage,"W", 09/16/2025 11:15:00 AM,"(UTC-07:00) Arizona",,,4963084,4963084,4963084,
PNTM9M2jMkKm3GLHpLiq3J4gE,"","North Campus",Gammage,"W", 09/16/2025 11:30:00 AM,"(UTC-07:00) Arizona",,,5084020.666666667,4900681.5,5296246.5,
PNTM9M2jMkKm3GLHpLiq3J4gE,"","North Campus",Gammage,"W", 09/16/2025 11:45:00 AM,"(UTC-07:00) Arizona",,,5065276,5021753,5108799,
PNTM9M2jMkKm3GLHpLiq3J4gE,"","North Campus",Gammage,"W", 09/16/2025 12:00:00 PM,"(UTC-07:00) Arizona",,,4989141.5,4959233,5029591,
PNTM9M2jMkKm3GLHpLiq3J4gE,"","North Campus",Gammage,"W", 09/16/2025 12:15:00 PM,"(UTC-07:00) Arizona",,,5002380.75,4999512.5,5005249,
PNTM9M2jMkKm3GLHpLiq3J4gE,"","North Campus",Gammage,"W", 09/16/2025 12:30:00 PM,"(UTC-07:00) Arizona",,,5050621.5,4989904,5111339,
PNTM9M2jMkKm3GLHpLiq3J4gE,"","North Campus",Gammage,"W", 09/16/2025 12:45:00 PM,"(UTC-07:00) Arizona",,,5039870.25,5005145,5074595.5,
PNTM9M2jMkKm3GLHpLiq3J4gE,"","North Campus",Gammage,"W", 09/16/2025 01:00:00 PM,"(UTC-07:00) Arizona",,,4955875.75,4950269.5,4961482,
PNTM9M2jMkKm3GLHpLiq3J4gE,"","North Campus",Gammage,"W", 09/16/2025 01:15:00 PM,"(UTC-07:00) Arizona",,,5034478.5,5030210.5,5038746.5,
PNTM9M2jMkKm3GLHpLiq3J4gE,"","North Campus",Gammage,"W", 09/16/2025 01:30:00 PM,"(UTC-07:00) Arizona",,,5009344.25,4993521.5,5025167,
PNTM9M2jMkKm3GLHpLiq3J4gE,"","North Campus",Gammage,"W", 09/16/2025 01:45:00 PM,"(UTC-07:00) Arizona",,,5078314.5,5076756,5079873,
PNTM9M2jMkKm3GLHpLiq3J4gE,"","North Campus",Gammage,"W", 09/16/2025 02:00:00 PM,"(UTC-07:00) Arizona",,,5139648.75,5121800,5157497.5,
PNTM9M2jMkKm3GLHpLiq3J4gE,"","North Campus",Gammage,"W", 09/16/2025 02:15:00 PM,"(UTC-07:00) Arizona",,,5133204,5133204,5133204,
PNTM9M2jMkKm3GLHpLiq3J4gE,"","North Campus",Gammage,"W", 09/16/2025 02:30:00 PM,"(UTC-07:00) Arizona",,,5196709.333333333,5169510,5218430,
PNTM9M2jMkKm3GLHpLiq3J4gE,"","North Campus",Gammage,"W", 09/16/2025 02:45:00 PM,"(UTC-07:00) Arizona",,,5214871.666666667,5200680.5,5224525,
PNTM9M2jMkKm3GLHpLiq3J4gE,"","North Campus",Gammage,"W", 09/16/2025 03:00:00 PM,"(UTC-07:00) Arizona",,,5247175,5194220,5300130,
PNTM9M2jMkKm3GLHpLiq3J4gE,"","North Campus",Gammage,"W", 09/16/2025 03:15:00 PM,"(UTC-07:00) Arizona",,,5304923.75,5292083.5,5317764,
PNTM9M2jMkKm3GLHpLiq3J4gE,"","North Campus",Gammage,"W", 09/16/2025 03:30:00 PM,"(UTC-07:00) Arizona",,,5267369.5,5267369.5,5267369.5,
PNTM9M2jMkKm3GLHpLiq3J4gE,"","North Campus",Gammage,"W", 09/16/2025 03:45:00 PM,"(UTC-07:00) Arizona",,,5348068.5,5339508.5,5356628.5,
PNTM9M2jMkKm3GLHpLiq3J4gE,"","North Campus",Gammage,"W", 09/16/2025 04:00:00 PM,"(UTC-07:00) Arizona",,,5384578.5,5330168.5,5438988.5,
PNTM9M2jMkKm3GLHpLiq3J4gE,"","North Campus",Gammage,"W", 09/16/2025 04:15:00 PM,"(UTC-07:00) Arizona",,,5447879.5,5398501.5,5497257.5,
PNTM9M2jMkKm3GLHpLiq3J4gE,"","North Campus",Gammage,"W", 09/16/2025 04:30:00 PM,"(UTC-07:00) Arizona",,,5409898.666666667,5366588,5458400.5,
PNTM9M2jMkKm3GLHpLiq3J4gE,"","North Campus",Gammage,"W", 09/16/2025 04:45:00 PM,"(UTC-07:00) Arizona",,,5345738.25,5333982,5357494.5,
PNTM9M2jMkKm3GLHpLiq3J4gE,"","North Campus",Gammage,"W", 09/16/2025 05:00:00 PM,"(UTC-07:00) Arizona",,,5358445,5358335,5358555,
PNTM9M2jMkKm3GLHpLiq3J4gE,"","North Campus",Gammage,"W", 09/16/2025 05:15:00 PM,"(UTC-07:00) Arizona",,,5322317.25,5288681,5355953.5,
PNTM9M2jMkKm3GLHpLiq3J4gE,"","North Campus",Gammage,"W", 09/16/2025 05:30:00 PM,"(UTC-07:00) Arizona",,,5297849,5282100,5313598,
PNTM9M2jMkKm3GLHpLiq3J4gE,"","North Campus",Gammage,"W", 09/16/2025 05:45:00 PM,"(UTC-07:00) Arizona",,,5286876,5234387.5,5327748,
PNTM9M2jMkKm3GLHpLiq3J4gE,"","North Campus",Gammage,"W", 09/16/2025 06:00:00 PM,"(UTC-07:00) Arizona",,,5119300.875,5029790.5,5273177,
PNTM9M2jMkKm3GLHpLiq3J4gE,"","North Campus",Gammage,"W", 09/16/2025 06:15:00 PM,"(UTC-07:00) Arizona",,,5014434,4981043.5,5048811,
PNTM9M2jMkKm3GLHpLiq3J4gE,"","North Campus",Gammage,"W", 09/16/2025 06:30:00 PM,"(UTC-07:00) Arizona",,,5017244.75,5001370.5,5033119,
PNTM9M2jMkKm3GLHpLiq3J4gE,"","North Campus",Gammage,"W", 09/16/2025 06:45:00 PM,"(UTC-07:00) Arizona",,,4891439.166666667,4828671,5011953.5,
PNTM9M2jMkKm3GLHpLiq3J4gE,"","North Campus",Gammage,"W", 09/16/2025 07:00:00 PM,"(UTC-07:00) Arizona",,,4720034,4710245.5,4730522.5,
PNTM9M2jMkKm3GLHpLiq3J4gE,"","North Campus",Gammage,"W", 09/16/2025 07:15:00 PM,"(UTC-07:00) Arizona",,,4711830.75,4686272.5,4737389,
PNTM9M2jMkKm3GLHpLiq3J4gE,"","North Campus",Gammage,"W", 09/16/2025 07:30:00 PM,"(UTC-07:00) Arizona",,,4644100,4630500.5,4657699.5,
PNTM9M2jMkKm3GLHpLiq3J4gE,"","North Campus",Gammage,"W", 09/16/2025 07:45:00 PM,"(UTC-07:00) Arizona",,,4620051.5,4593496,4646607,
PNTM9M2jMkKm3GLHpLiq3J4gE,"","North Campus",Gammage,"W", 09/16/2025 08:00:00 PM,"(UTC-07:00) Arizona",,,4556167.25,4532110.5,4580224,
PNTM9M2jMkKm3GLHpLiq3J4gE,"","North Campus",Gammage,"W", 09/16/2025 08:15:00 PM,"(UTC-07:00) Arizona",,,4499362.166666667,4435767,4540051.5,
PNTM9M2jMkKm3GLHpLiq3J4gE,"","North Campus",Gammage,"W", 09/16/2025 08:30:00 PM,"(UTC-07:00) Arizona",,,4423869.166666667,4398924,4446363,
PNTM9M2jMkKm3GLHpLiq3J4gE,"","North Campus",Gammage,"W", 09/16/2025 08:45:00 PM,"(UTC-07:00) Arizona",,,4411758.5,4361273,4462244,
PNTM9M2jMkKm3GLHpLiq3J4gE,"","North Campus",Gammage,"W", 09/16/2025 09:00:00 PM,"(UTC-07:00) Arizona",,,4385967.166666667,4364961.5,4396812.5,
PNTM9M2jMkKm3GLHpLiq3J4gE,"","North Campus",Gammage,"W", 09/16/2025 09:15:00 PM,"(UTC-07:00) Arizona",,,4333969.5,4324260,4345158.5,
PNTM9M2jMkKm3GLHpLiq3J4gE,"","North Campus",Gammage,"W", 09/16/2025 09:30:00 PM,"(UTC-07:00) Arizona",,,4292586.25,4241428,4343744.5,
PNTM9M2jMkKm3GLHpLiq3J4gE,"","North Campus",Gammage,"W", 09/16/2025 09:45:00 PM,"(UTC-07:00) Arizona",,,4173085.5666666664,4117344,4257091.5,
PNTM9M2jMkKm3GLHpLiq3J4gE,"","North Campus",Gammage,"W", 09/16/2025 10:00:00 PM,"(UTC-07:00) Arizona",,,4153956.85,4143656.5,4164257.2,
PNTM9M2jMkKm3GLHpLiq3J4gE,"","North Campus",Gammage,"W", 09/16/2025 10:15:00 PM,"(UTC-07:00) Arizona",,,4067735.9,4051529,4080159.2,
PNTM9M2jMkKm3GLHpLiq3J4gE,"","North Campus",Gammage,"W", 09/16/2025 10:30:00 PM,"(UTC-07:00) Arizona",,,4071461.8,4071461.8,4071461.8,
PNTM9M2jMkKm3GLHpLiq3J4gE,"","North Campus",Gammage,"W", 09/16/2025 10:45:00 PM,"(UTC-07:00) Arizona",,,3908090.2249999996,3843255.2,3976396.5,
PNTM9M2jMkKm3GLHpLiq3J4gE,"","North Campus",Gammage,"W", 09/16/2025 11:00:00 PM,"(UTC-07:00) Arizona",,,3838744.75,3829824,3847665.5,
PNTM9M2jMkKm3GLHpLiq3J4gE,"","North Campus",Gammage,"W", 09/16/2025 11:15:00 PM,"(UTC-07:00) Arizona",,,3745374.0666666664,3671717.2,3798362.8,
PNTM9M2jMkKm3GLHpLiq3J4gE,"","North Campus",Gammage,"W", 09/16/2025 11:30:00 PM,"(UTC-07:00) Arizona",,,3673038.1666666665,3617983,3704578.5,
PNTM9M2jMkKm3GLHpLiq3J4gE,"","North Campus",Gammage,"W", 09/16/2025 11:45:00 PM,"(UTC-07:00) Arizona",,,3615725.35,3613722.5,3617728.2,
