ExternalPointID,Tags,Parent Equipment Name,Site Name,FrequencyUnit,Time,Timezone,OnCount,OffCount,Average,Minimum,Maximum,Sum,State
PNTM9M2jMkKm3GLHpLiq3J4gE,"","North Campus",6c2573ce-592a-4519-989c-2fd21d6918b7,"W", 08/11/2025 12:00:00 AM,"(UTC-07:00) Arizona",,,3297317,3296271,3298363,
PNTM9M2jMkKm3GLHpLiq3J4gE,"","North Campus",6c2573ce-592a-4519-989c-2fd21d6918b7,"W", 08/11/2025 12:15:00 AM,"(UTC-07:00) Arizona",,,3283531.175,3261316.5,3315127,
PNTM9M2jMkKm3GLHpLiq3J4gE,"","North Campus",6c2573ce-592a-4519-989c-2fd21d6918b7,"W", 08/11/2025 12:30:00 AM,"(UTC-07:00) Arizona",,,3229411.85,3224977.2,3233846.5,
PNTM9M2jMkKm3GLHpLiq3J4gE,"","North Campus",6c2573ce-592a-4519-989c-2fd21d6918b7,"W", 08/11/2025 12:45:00 AM,"(UTC-07:00) Arizona",,,3217903,3187358.8,3248447.2,
PNTM9M2jMkKm3GLHpLiq3J4gE,"","North Campus",6c2573ce-592a-4519-989c-2fd21d6918b7,"W", 08/11/2025 01:00:00 AM,"(UTC-07:00) Arizona",,,3215731.73333333,3200569.5,3234760.2,
PNTM9M2jMkKm3GLHpLiq3J4gE,"","North Campus",6c2573ce-592a-4519-989c-2fd21d6918b7,"W", 08/11/2025 01:15:00 AM,"(UTC-07:00) Arizona",,,3213228.2,3201588.2,3225212.2,
PNTM9M2jMkKm3GLHpLiq3J4gE,"","North Campus",6c2573ce-592a-4519-989c-2fd21d6918b7,"W", 08/11/2025 01:30:00 AM,"(UTC-07:00) Arizona",,,3205884.7,3196184.8,3217367.5,
PNTM9M2jMkKm3GLHpLiq3J4gE,"","North Campus",6c2573ce-592a-4519-989c-2fd21d6918b7,"W", 08/11/2025 01:45:00 AM,"(UTC-07:00) Arizona",,,3194886.05,3187708.2,3206785,
PNTM9M2jMkKm3GLHpLiq3J4gE,"","North Campus",6c2573ce-592a-4519-989c-2fd21d6918b7,"W", 08/11/2025 02:00:00 AM,"(UTC-07:00) Arizona",,,3184914.75,3169548,3200281.5,
PNTM9M2jMkKm3GLHpLiq3J4gE,"","North Campus",6c2573ce-592a-4519-989c-2fd21d6918b7,"W", 08/11/2025 02:15:00 AM,"(UTC-07:00) Arizona",,,3214654.83333333,3200425.8,3222702.2,
PNTM9M2jMkKm3GLHpLiq3J4gE,"","North Campus",6c2573ce-592a-4519-989c-2fd21d6918b7,"W", 08/11/2025 02:30:00 AM,"(UTC-07:00) Arizona",,,3188126.425,3160594.5,3216613,
PNTM9M2jMkKm3GLHpLiq3J4gE,"","North Campus",6c2573ce-592a-4519-989c-2fd21d6918b7,"W", 08/11/2025 02:45:00 AM,"(UTC-07:00) Arizona",,,3165648.15,3155549.5,3175746.8,
PNTM9M2jMkKm3GLHpLiq3J4gE,"","North Campus",6c2573ce-592a-4519-989c-2fd21d6918b7,"W", 08/11/2025 03:00:00 AM,"(UTC-07:00) Arizona",,,3154676.4,3145166.2,3161240,
PNTM9M2jMkKm3GLHpLiq3J4gE,"","North Campus",6c2573ce-592a-4519-989c-2fd21d6918b7,"W", 08/11/2025 03:15:00 AM,"(UTC-07:00) Arizona",,,3186497,3173688.5,3203192,
PNTM9M2jMkKm3GLHpLiq3J4gE,"","North Campus",6c2573ce-592a-4519-989c-2fd21d6918b7,"W", 08/11/2025 03:30:00 AM,"(UTC-07:00) Arizona",,,3231209.1,3205666,3263851.5,
PNTM9M2jMkKm3GLHpLiq3J4gE,"","North Campus",6c2573ce-592a-4519-989c-2fd21d6918b7,"W", 08/11/2025 03:45:00 AM,"(UTC-07:00) Arizona",,,3268731.93333333,3250931.8,3286096.5,
PNTM9M2jMkKm3GLHpLiq3J4gE,"","North Campus",6c2573ce-592a-4519-989c-2fd21d6918b7,"W", 08/11/2025 04:00:00 AM,"(UTC-07:00) Arizona",,,3306169,3242761.2,3356409.8,
PNTM9M2jMkKm3GLHpLiq3J4gE,"","North Campus",6c2573ce-592a-4519-989c-2fd21d6918b7,"W", 08/11/2025 04:15:00 AM,"(UTC-07:00) Arizona",,,3368526.43333333,3354545.5,3394843,
PNTM9M2jMkKm3GLHpLiq3J4gE,"","North Campus",6c2573ce-592a-4519-989c-2fd21d6918b7,"W", 08/11/2025 04:30:00 AM,"(UTC-07:00) Arizona",,,3284291.4,3263448.2,3307424.5,
PNTM9M2jMkKm3GLHpLiq3J4gE,"","North Campus",6c2573ce-592a-4519-989c-2fd21d6918b7,"W", 08/11/2025 04:45:00 AM,"(UTC-07:00) Arizona",,,3335898.13333333,3315270,3358497.2,
PNTM9M2jMkKm3GLHpLiq3J4gE,"","North Campus",6c2573ce-592a-4519-989c-2fd21d6918b7,"W", 08/11/2025 05:00:00 AM,"(UTC-07:00) Arizona",,,3371271.85,3352049.5,3390494.2,
PNTM9M2jMkKm3GLHpLiq3J4gE,"","North Campus",6c2573ce-592a-4519-989c-2fd21d6918b7,"W", 08/11/2025 05:15:00 AM,"(UTC-07:00) Arizona",,,3396417.86666667,3362847.2,3423935.2,
PNTM9M2jMkKm3GLHpLiq3J4gE,"","North Campus",6c2573ce-592a-4519-989c-2fd21d6918b7,"W", 08/11/2025 05:30:00 AM,"(UTC-07:00) Arizona",,,3374750.5,3371768.2,3376957.8,
PNTM9M2jMkKm3GLHpLiq3J4gE,"","North Campus",6c2573ce-592a-4519-989c-2fd21d6918b7,"W", 08/11/2025 05:45:00 AM,"(UTC-07:00) Arizona",,,3395872.6,3348260.5,3469953.8,
PNTM9M2jMkKm3GLHpLiq3J4gE,"","North Campus",6c2573ce-592a-4519-989c-2fd21d6918b7,"W", 08/11/2025 06:00:00 AM,"(UTC-07:00) Arizona",,,3480726.56666667,3454528,3504593.2,
PNTM9M2jMkKm3GLHpLiq3J4gE,"","North Campus",6c2573ce-592a-4519-989c-2fd21d6918b7,"W", 08/11/2025 06:15:00 AM,"(UTC-07:00) Arizona",,,3496947.66666667,3484443.2,3520783.8,
PNTM9M2jMkKm3GLHpLiq3J4gE,"","North Campus",6c2573ce-592a-4519-989c-2fd21d6918b7,"W", 08/11/2025 06:30:00 AM,"(UTC-07:00) Arizona",,,3559001.33333333,3500811.5,3617536,
PNTM9M2jMkKm3GLHpLiq3J4gE,"","North Campus",6c2573ce-592a-4519-989c-2fd21d6918b7,"W", 08/11/2025 06:45:00 AM,"(UTC-07:00) Arizona",,,3510545,3475627.5,3562810.5,
PNTM9M2jMkKm3GLHpLiq3J4gE,"","North Campus",6c2573ce-592a-4519-989c-2fd21d6918b7,"W", 08/11/2025 07:00:00 AM,"(UTC-07:00) Arizona",,,3673614.06666667,3621653.2,3736478.5,
PNTM9M2jMkKm3GLHpLiq3J4gE,"","North Campus",6c2573ce-592a-4519-989c-2fd21d6918b7,"W", 08/11/2025 07:15:00 AM,"(UTC-07:00) Arizona",,,3750471,3726666,3784767,
PNTM9M2jMkKm3GLHpLiq3J4gE,"","North Campus",6c2573ce-592a-4519-989c-2fd21d6918b7,"W", 08/11/2025 07:30:00 AM,"(UTC-07:00) Arizona",,,3913037.6,3847427.8,3956201.5,
PNTM9M2jMkKm3GLHpLiq3J4gE,"","North Campus",6c2573ce-592a-4519-989c-2fd21d6918b7,"W", 08/11/2025 07:45:00 AM,"(UTC-07:00) Arizona",,,4062469.16666667,3997609.2,4109781.8,
PNTM9M2jMkKm3GLHpLiq3J4gE,"","North Campus",6c2573ce-592a-4519-989c-2fd21d6918b7,"W", 08/11/2025 08:00:00 AM,"(UTC-07:00) Arizona",,,4285301.66666667,4205297.5,4326519,
PNTM9M2jMkKm3GLHpLiq3J4gE,"","North Campus",6c2573ce-592a-4519-989c-2fd21d6918b7,"W", 08/11/2025 08:15:00 AM,"(UTC-07:00) Arizona",,,4371500.66666667,4267480,4463543,
PNTM9M2jMkKm3GLHpLiq3J4gE,"","North Campus",6c2573ce-592a-4519-989c-2fd21d6918b7,"W", 08/11/2025 08:30:00 AM,"(UTC-07:00) Arizona",,,4381904.33333333,4359254,4407421.5,
PNTM9M2jMkKm3GLHpLiq3J4gE,"","North Campus",6c2573ce-592a-4519-989c-2fd21d6918b7,"W", 08/11/2025 08:45:00 AM,"(UTC-07:00) Arizona",,,4416015.66666667,4403053.5,4435863.5,
PNTM9M2jMkKm3GLHpLiq3J4gE,"","North Campus",6c2573ce-592a-4519-989c-2fd21d6918b7,"W", 08/11/2025 09:00:00 AM,"(UTC-07:00) Arizona",,,4456530.83333333,4435213,4494515,
PNTM9M2jMkKm3GLHpLiq3J4gE,"","North Campus",6c2573ce-592a-4519-989c-2fd21d6918b7,"W", 08/11/2025 09:15:00 AM,"(UTC-07:00) Arizona",,,4438443,4410096,4454451,
PNTM9M2jMkKm3GLHpLiq3J4gE,"","North Campus",6c2573ce-592a-4519-989c-2fd21d6918b7,"W", 08/11/2025 09:30:00 AM,"(UTC-07:00) Arizona",,,4496070.83333333,4482974.5,4520098,
PNTM9M2jMkKm3GLHpLiq3J4gE,"","North Campus",6c2573ce-592a-4519-989c-2fd21d6918b7,"W", 08/11/2025 09:45:00 AM,"(UTC-07:00) Arizona",,,4497649,4473376.5,4527571,
PNTM9M2jMkKm3GLHpLiq3J4gE,"","North Campus",6c2573ce-592a-4519-989c-2fd21d6918b7,"W", 08/11/2025 10:00:00 AM,"(UTC-07:00) Arizona",,,4485234.16666667,4473351.5,4491763,
PNTM9M2jMkKm3GLHpLiq3J4gE,"","North Campus",6c2573ce-592a-4519-989c-2fd21d6918b7,"W", 08/11/2025 10:15:00 AM,"(UTC-07:00) Arizona",,,4451221,4423007,4466220.5,
PNTM9M2jMkKm3GLHpLiq3J4gE,"","North Campus",6c2573ce-592a-4519-989c-2fd21d6918b7,"W", 08/11/2025 10:30:00 AM,"(UTC-07:00) Arizona",,,4510988.33333333,4484903,4543997,
PNTM9M2jMkKm3GLHpLiq3J4gE,"","North Campus",6c2573ce-592a-4519-989c-2fd21d6918b7,"W", 08/11/2025 10:45:00 AM,"(UTC-07:00) Arizona",,,4562147.33333333,4525196,4588451.5,
PNTM9M2jMkKm3GLHpLiq3J4gE,"","North Campus",6c2573ce-592a-4519-989c-2fd21d6918b7,"W", 08/11/2025 11:00:00 AM,"(UTC-07:00) Arizona",,,4533570.75,4503338,4563803.5,
PNTM9M2jMkKm3GLHpLiq3J4gE,"","North Campus",6c2573ce-592a-4519-989c-2fd21d6918b7,"W", 08/11/2025 11:15:00 AM,"(UTC-07:00) Arizona",,,4523653,4495310.5,4583121,
PNTM9M2jMkKm3GLHpLiq3J4gE,"","North Campus",6c2573ce-592a-4519-989c-2fd21d6918b7,"W", 08/11/2025 11:30:00 AM,"(UTC-07:00) Arizona",,,4526806.75,4493835,4559778.5,
PNTM9M2jMkKm3GLHpLiq3J4gE,"","North Campus",6c2573ce-592a-4519-989c-2fd21d6918b7,"W", 08/11/2025 11:45:00 AM,"(UTC-07:00) Arizona",,,4481380.33333333,4461937,4495470,
PNTM9M2jMkKm3GLHpLiq3J4gE,"","North Campus",6c2573ce-592a-4519-989c-2fd21d6918b7,"W", 08/11/2025 12:00:00 PM,"(UTC-07:00) Arizona",,,4492353,4463299,4521828,
PNTM9M2jMkKm3GLHpLiq3J4gE,"","North Campus",6c2573ce-592a-4519-989c-2fd21d6918b7,"W", 08/11/2025 12:15:00 PM,"(UTC-07:00) Arizona",,,4484312.875,4463142,4495492,
PNTM9M2jMkKm3GLHpLiq3J4gE,"","North Campus",6c2573ce-592a-4519-989c-2fd21d6918b7,"W", 08/11/2025 12:30:00 PM,"(UTC-07:00) Arizona",,,4477034.33333333,4428552,4528655,
PNTM9M2jMkKm3GLHpLiq3J4gE,"","North Campus",6c2573ce-592a-4519-989c-2fd21d6918b7,"W", 08/11/2025 12:45:00 PM,"(UTC-07:00) Arizona",,,4606051.66666667,4516440.5,4762665.5,
PNTM9M2jMkKm3GLHpLiq3J4gE,"","North Campus",6c2573ce-592a-4519-989c-2fd21d6918b7,"W", 08/11/2025 01:00:00 PM,"(UTC-07:00) Arizona",,,4501177.16666667,4478012,4525455,
PNTM9M2jMkKm3GLHpLiq3J4gE,"","North Campus",6c2573ce-592a-4519-989c-2fd21d6918b7,"W", 08/11/2025 01:15:00 PM,"(UTC-07:00) Arizona",,,4565803.25,4544766,4586840.5,
PNTM9M2jMkKm3GLHpLiq3J4gE,"","North Campus",6c2573ce-592a-4519-989c-2fd21d6918b7,"W", 08/11/2025 01:30:00 PM,"(UTC-07:00) Arizona",,,4507594,4482592.5,4525028,
PNTM9M2jMkKm3GLHpLiq3J4gE,"","North Campus",6c2573ce-592a-4519-989c-2fd21d6918b7,"W", 08/11/2025 01:45:00 PM,"(UTC-07:00) Arizona",,,4654942.5,4533783.5,4889848,
PNTM9M2jMkKm3GLHpLiq3J4gE,"","North Campus",6c2573ce-592a-4519-989c-2fd21d6918b7,"W", 08/11/2025 02:00:00 PM,"(UTC-07:00) Arizona",,,4498354,4481823,4529940.5,
PNTM9M2jMkKm3GLHpLiq3J4gE,"","North Campus",6c2573ce-592a-4519-989c-2fd21d6918b7,"W", 08/11/2025 02:15:00 PM,"(UTC-07:00) Arizona",,,4479466.5,4459193.5,4515625.5,
PNTM9M2jMkKm3GLHpLiq3J4gE,"","North Campus",6c2573ce-592a-4519-989c-2fd21d6918b7,"W", 08/11/2025 02:30:00 PM,"(UTC-07:00) Arizona",,,4608391.5,4471473.5,4758948.5,
PNTM9M2jMkKm3GLHpLiq3J4gE,"","North Campus",6c2573ce-592a-4519-989c-2fd21d6918b7,"W", 08/11/2025 02:45:00 PM,"(UTC-07:00) Arizona",,,4598472.83333333,4471473.5,4823102.5,
PNTM9M2jMkKm3GLHpLiq3J4gE,"","North Campus",6c2573ce-592a-4519-989c-2fd21d6918b7,"W", 08/11/2025 03:00:00 PM,"(UTC-07:00) Arizona",,,4635947.16666667,4531538.5,4830157.5,
PNTM9M2jMkKm3GLHpLiq3J4gE,"","North Campus",6c2573ce-592a-4519-989c-2fd21d6918b7,"W", 08/11/2025 03:15:00 PM,"(UTC-07:00) Arizona",,,4654293.83333333,4546035.5,4737266.5,
PNTM9M2jMkKm3GLHpLiq3J4gE,"","North Campus",6c2573ce-592a-4519-989c-2fd21d6918b7,"W", 08/11/2025 03:30:00 PM,"(UTC-07:00) Arizona",,,4693617.83333333,4519126.5,4813646.5,
PNTM9M2jMkKm3GLHpLiq3J4gE,"","North Campus",6c2573ce-592a-4519-989c-2fd21d6918b7,"W", 08/11/2025 03:45:00 PM,"(UTC-07:00) Arizona",,,4815622.5,4800655,4830590,
PNTM9M2jMkKm3GLHpLiq3J4gE,"","North Campus",6c2573ce-592a-4519-989c-2fd21d6918b7,"W", 08/11/2025 04:00:00 PM,"(UTC-07:00) Arizona",,,4812587.66666667,4798093.5,4834628.5,
PNTM9M2jMkKm3GLHpLiq3J4gE,"","North Campus",6c2573ce-592a-4519-989c-2fd21d6918b7,"W", 08/11/2025 04:15:00 PM,"(UTC-07:00) Arizona",,,4772382.375,4607336.5,4855403.5,
PNTM9M2jMkKm3GLHpLiq3J4gE,"","North Campus",6c2573ce-592a-4519-989c-2fd21d6918b7,"W", 08/11/2025 04:30:00 PM,"(UTC-07:00) Arizona",,,4783410.25,4770856.5,4795964,
PNTM9M2jMkKm3GLHpLiq3J4gE,"","North Campus",6c2573ce-592a-4519-989c-2fd21d6918b7,"W", 08/11/2025 04:45:00 PM,"(UTC-07:00) Arizona",,,4793635.33333333,4771613.5,4826188.5,
PNTM9M2jMkKm3GLHpLiq3J4gE,"","North Campus",6c2573ce-592a-4519-989c-2fd21d6918b7,"W", 08/11/2025 05:00:00 PM,"(UTC-07:00) Arizona",,,4658812.66666667,4559787,4725334.5,
PNTM9M2jMkKm3GLHpLiq3J4gE,"","North Campus",6c2573ce-592a-4519-989c-2fd21d6918b7,"W", 08/11/2025 05:15:00 PM,"(UTC-07:00) Arizona",,,4584658.75,4559291,4607771.5,
PNTM9M2jMkKm3GLHpLiq3J4gE,"","North Campus",6c2573ce-592a-4519-989c-2fd21d6918b7,"W", 08/11/2025 05:30:00 PM,"(UTC-07:00) Arizona",,,4613158.83333333,4594639,4624911,
PNTM9M2jMkKm3GLHpLiq3J4gE,"","North Campus",6c2573ce-592a-4519-989c-2fd21d6918b7,"W", 08/11/2025 05:45:00 PM,"(UTC-07:00) Arizona",,,4615169.75,4605429.5,4624910,
PNTM9M2jMkKm3GLHpLiq3J4gE,"","North Campus",6c2573ce-592a-4519-989c-2fd21d6918b7,"W", 08/11/2025 06:00:00 PM,"(UTC-07:00) Arizona",,,4481001.375,4468288,4487716.5,
PNTM9M2jMkKm3GLHpLiq3J4gE,"","North Campus",6c2573ce-592a-4519-989c-2fd21d6918b7,"W", 08/11/2025 06:15:00 PM,"(UTC-07:00) Arizona",,,4514856.33333333,4487136.5,4546372.5,
PNTM9M2jMkKm3GLHpLiq3J4gE,"","North Campus",6c2573ce-592a-4519-989c-2fd21d6918b7,"W", 08/11/2025 06:30:00 PM,"(UTC-07:00) Arizona",,,4487461.5,4476719,4498204,
PNTM9M2jMkKm3GLHpLiq3J4gE,"","North Campus",6c2573ce-592a-4519-989c-2fd21d6918b7,"W", 08/11/2025 06:45:00 PM,"(UTC-07:00) Arizona",,,4416648.25,4303844.5,4478155.5,
PNTM9M2jMkKm3GLHpLiq3J4gE,"","North Campus",6c2573ce-592a-4519-989c-2fd21d6918b7,"W", 08/11/2025 07:00:00 PM,"(UTC-07:00) Arizona",,,4278787.83333333,4252855.5,4325793.5,
PNTM9M2jMkKm3GLHpLiq3J4gE,"","North Campus",6c2573ce-592a-4519-989c-2fd21d6918b7,"W", 08/11/2025 07:15:00 PM,"(UTC-07:00) Arizona",,,4203657.75,4198857,4208458.5,
PNTM9M2jMkKm3GLHpLiq3J4gE,"","North Campus",6c2573ce-592a-4519-989c-2fd21d6918b7,"W", 08/11/2025 07:30:00 PM,"(UTC-07:00) Arizona",,,4154773.16666667,4115083.2,4176917.5,
PNTM9M2jMkKm3GLHpLiq3J4gE,"","North Campus",6c2573ce-592a-4519-989c-2fd21d6918b7,"W", 08/11/2025 07:45:00 PM,"(UTC-07:00) Arizona",,,4056936.55,3989049.5,4123492,
PNTM9M2jMkKm3GLHpLiq3J4gE,"","North Campus",6c2573ce-592a-4519-989c-2fd21d6918b7,"W", 08/11/2025 08:00:00 PM,"(UTC-07:00) Arizona",,,3906804.4,3874772.8,3938836,
PNTM9M2jMkKm3GLHpLiq3J4gE,"","North Campus",6c2573ce-592a-4519-989c-2fd21d6918b7,"W", 08/11/2025 08:15:00 PM,"(UTC-07:00) Arizona",,,3873817,3862094.8,3887351.2,
PNTM9M2jMkKm3GLHpLiq3J4gE,"","North Campus",6c2573ce-592a-4519-989c-2fd21d6918b7,"W", 08/11/2025 08:30:00 PM,"(UTC-07:00) Arizona",,,3829572.6,3813199.5,3860618.8,
PNTM9M2jMkKm3GLHpLiq3J4gE,"","North Campus",6c2573ce-592a-4519-989c-2fd21d6918b7,"W", 08/11/2025 08:45:00 PM,"(UTC-07:00) Arizona",,,3787959.56666667,3758510.5,3815968.2,
PNTM9M2jMkKm3GLHpLiq3J4gE,"","North Campus",6c2573ce-592a-4519-989c-2fd21d6918b7,"W", 08/11/2025 09:00:00 PM,"(UTC-07:00) Arizona",,,3734015,3704627.2,3756295,
PNTM9M2jMkKm3GLHpLiq3J4gE,"","North Campus",6c2573ce-592a-4519-989c-2fd21d6918b7,"W", 08/11/2025 09:15:00 PM,"(UTC-07:00) Arizona",,,3697834.43333333,3681291.5,3728884,
PNTM9M2jMkKm3GLHpLiq3J4gE,"","North Campus",6c2573ce-592a-4519-989c-2fd21d6918b7,"W", 08/11/2025 09:30:00 PM,"(UTC-07:00) Arizona",,,3652616.43333333,3627900.5,3668164.8,
PNTM9M2jMkKm3GLHpLiq3J4gE,"","North Campus",6c2573ce-592a-4519-989c-2fd21d6918b7,"W", 08/11/2025 09:45:00 PM,"(UTC-07:00) Arizona",,,3635249.5,3614723.5,3664985,
PNTM9M2jMkKm3GLHpLiq3J4gE,"","North Campus",6c2573ce-592a-4519-989c-2fd21d6918b7,"W", 08/11/2025 10:00:00 PM,"(UTC-07:00) Arizona",,,3535231.63333333,3495320.2,3574971.2,
PNTM9M2jMkKm3GLHpLiq3J4gE,"","North Campus",6c2573ce-592a-4519-989c-2fd21d6918b7,"W", 08/11/2025 10:15:00 PM,"(UTC-07:00) Arizona",,,3556469.13333333,3540845,3586359.2,
PNTM9M2jMkKm3GLHpLiq3J4gE,"","North Campus",6c2573ce-592a-4519-989c-2fd21d6918b7,"W", 08/11/2025 10:30:00 PM,"(UTC-07:00) Arizona",,,3507638.36666667,3475862.8,3525478.5,
PNTM9M2jMkKm3GLHpLiq3J4gE,"","North Campus",6c2573ce-592a-4519-989c-2fd21d6918b7,"W", 08/11/2025 10:45:00 PM,"(UTC-07:00) Arizona",,,3490174.86666667,3487631.2,3491616.2,
PNTM9M2jMkKm3GLHpLiq3J4gE,"","North Campus",6c2573ce-592a-4519-989c-2fd21d6918b7,"W", 08/11/2025 11:00:00 PM,"(UTC-07:00) Arizona",,,3350216.26666667,3328012.8,3368593,
PNTM9M2jMkKm3GLHpLiq3J4gE,"","North Campus",6c2573ce-592a-4519-989c-2fd21d6918b7,"W", 08/11/2025 11:15:00 PM,"(UTC-07:00) Arizona",,,3337329.83333333,3320882.8,3358312.2,
PNTM9M2jMkKm3GLHpLiq3J4gE,"","North Campus",6c2573ce-592a-4519-989c-2fd21d6918b7,"W", 08/11/2025 11:30:00 PM,"(UTC-07:00) Arizona",,,3330336.43333333,3311890,3353096.8,
PNTM9M2jMkKm3GLHpLiq3J4gE,"","North Campus",6c2573ce-592a-4519-989c-2fd21d6918b7,"W", 08/11/2025 11:45:00 PM,"(UTC-07:00) Arizona",,,3289717.5,3277894,3305998,
PNTM9M2jMkKm3GLHpLiq3J4gE,"","North Campus",6c2573ce-592a-4519-989c-2fd21d6918b7,"W", 08/12/2025 12:00:00 AM,"(UTC-07:00) Arizona",,,3269851.06666667,3249643.8,3280896.2,
PNTM9M2jMkKm3GLHpLiq3J4gE,"","North Campus",6c2573ce-592a-4519-989c-2fd21d6918b7,"W", 08/12/2025 12:15:00 AM,"(UTC-07:00) Arizona",,,3246301.13333333,3230085,3263713.2,
PNTM9M2jMkKm3GLHpLiq3J4gE,"","North Campus",6c2573ce-592a-4519-989c-2fd21d6918b7,"W", 08/12/2025 12:30:00 AM,"(UTC-07:00) Arizona",,,3246173.23333333,3233890,3257738.5,
PNTM9M2jMkKm3GLHpLiq3J4gE,"","North Campus",6c2573ce-592a-4519-989c-2fd21d6918b7,"W", 08/12/2025 12:45:00 AM,"(UTC-07:00) Arizona",,,3212626,3208095.8,3217156.2,
PNTM9M2jMkKm3GLHpLiq3J4gE,"","North Campus",6c2573ce-592a-4519-989c-2fd21d6918b7,"W", 08/12/2025 01:00:00 AM,"(UTC-07:00) Arizona",,,3173616.5,3149267.5,3186908,
PNTM9M2jMkKm3GLHpLiq3J4gE,"","North Campus",6c2573ce-592a-4519-989c-2fd21d6918b7,"W", 08/12/2025 01:15:00 AM,"(UTC-07:00) Arizona",,,3206180.16666667,3176806.8,3223626.5,
PNTM9M2jMkKm3GLHpLiq3J4gE,"","North Campus",6c2573ce-592a-4519-989c-2fd21d6918b7,"W", 08/12/2025 01:30:00 AM,"(UTC-07:00) Arizona",,,3184180.56666667,3171291.5,3195184.2,
PNTM9M2jMkKm3GLHpLiq3J4gE,"","North Campus",6c2573ce-592a-4519-989c-2fd21d6918b7,"W", 08/12/2025 01:45:00 AM,"(UTC-07:00) Arizona",,,3172636.73333333,3162172.2,3185664.2,
PNTM9M2jMkKm3GLHpLiq3J4gE,"","North Campus",6c2573ce-592a-4519-989c-2fd21d6918b7,"W", 08/12/2025 02:00:00 AM,"(UTC-07:00) Arizona",,,3155534.9,3150020.8,3161049,
PNTM9M2jMkKm3GLHpLiq3J4gE,"","North Campus",6c2573ce-592a-4519-989c-2fd21d6918b7,"W", 08/12/2025 02:15:00 AM,"(UTC-07:00) Arizona",,,3178951.53333333,3150060,3200031.8,
PNTM9M2jMkKm3GLHpLiq3J4gE,"","North Campus",6c2573ce-592a-4519-989c-2fd21d6918b7,"W", 08/12/2025 02:30:00 AM,"(UTC-07:00) Arizona",,,3158406.63333333,3142664.2,3175386.2,
PNTM9M2jMkKm3GLHpLiq3J4gE,"","North Campus",6c2573ce-592a-4519-989c-2fd21d6918b7,"W", 08/12/2025 02:45:00 AM,"(UTC-07:00) Arizona",,,3151489.93333333,3120319,3168347,
PNTM9M2jMkKm3GLHpLiq3J4gE,"","North Campus",6c2573ce-592a-4519-989c-2fd21d6918b7,"W", 08/12/2025 03:00:00 AM,"(UTC-07:00) Arizona",,,3187680.33333333,3168534,3200384.8,
PNTM9M2jMkKm3GLHpLiq3J4gE,"","North Campus",6c2573ce-592a-4519-989c-2fd21d6918b7,"W", 08/12/2025 03:15:00 AM,"(UTC-07:00) Arizona",,,3159155.5,3142549.2,3172990.8,
PNTM9M2jMkKm3GLHpLiq3J4gE,"","North Campus",6c2573ce-592a-4519-989c-2fd21d6918b7,"W", 08/12/2025 03:30:00 AM,"(UTC-07:00) Arizona",,,3164799.26666667,3131554.2,3227133.8,
PNTM9M2jMkKm3GLHpLiq3J4gE,"","North Campus",6c2573ce-592a-4519-989c-2fd21d6918b7,"W", 08/12/2025 03:45:00 AM,"(UTC-07:00) Arizona",,,3253979.4,3232243.2,3293500,
PNTM9M2jMkKm3GLHpLiq3J4gE,"","North Campus",6c2573ce-592a-4519-989c-2fd21d6918b7,"W", 08/12/2025 04:00:00 AM,"(UTC-07:00) Arizona",,,3328924.76666667,3281473,3367669.8,
PNTM9M2jMkKm3GLHpLiq3J4gE,"","North Campus",6c2573ce-592a-4519-989c-2fd21d6918b7,"W", 08/12/2025 04:15:00 AM,"(UTC-07:00) Arizona",,,3279851.2,3265691.8,3288269,
PNTM9M2jMkKm3GLHpLiq3J4gE,"","North Campus",6c2573ce-592a-4519-989c-2fd21d6918b7,"W", 08/12/2025 04:30:00 AM,"(UTC-07:00) Arizona",,,3297407.76666667,3269485.5,3346628.8,
PNTM9M2jMkKm3GLHpLiq3J4gE,"","North Campus",6c2573ce-592a-4519-989c-2fd21d6918b7,"W", 08/12/2025 04:45:00 AM,"(UTC-07:00) Arizona",,,3296546,3279103.2,3320340.8,
PNTM9M2jMkKm3GLHpLiq3J4gE,"","North Campus",6c2573ce-592a-4519-989c-2fd21d6918b7,"W", 08/12/2025 05:00:00 AM,"(UTC-07:00) Arizona",,,3312614.66666667,3294514.8,3323721.2,
PNTM9M2jMkKm3GLHpLiq3J4gE,"","North Campus",6c2573ce-592a-4519-989c-2fd21d6918b7,"W", 08/12/2025 05:15:00 AM,"(UTC-07:00) Arizona",,,3320789.1,3301421,3347856.8,
PNTM9M2jMkKm3GLHpLiq3J4gE,"","North Campus",6c2573ce-592a-4519-989c-2fd21d6918b7,"W", 08/12/2025 05:30:00 AM,"(UTC-07:00) Arizona",,,3292897.73333333,3280471.5,3303074.5,
PNTM9M2jMkKm3GLHpLiq3J4gE,"","North Campus",6c2573ce-592a-4519-989c-2fd21d6918b7,"W", 08/12/2025 05:45:00 AM,"(UTC-07:00) Arizona",,,3290530.85,3271832.5,3309229.2,
PNTM9M2jMkKm3GLHpLiq3J4gE,"","North Campus",6c2573ce-592a-4519-989c-2fd21d6918b7,"W", 08/12/2025 06:00:00 AM,"(UTC-07:00) Arizona",,,3386131.625,3356983,3412801.5,
PNTM9M2jMkKm3GLHpLiq3J4gE,"","North Campus",6c2573ce-592a-4519-989c-2fd21d6918b7,"W", 08/12/2025 06:15:00 AM,"(UTC-07:00) Arizona",,,3380179.6,3367163.2,3393196,
PNTM9M2jMkKm3GLHpLiq3J4gE,"","North Campus",6c2573ce-592a-4519-989c-2fd21d6918b7,"W", 08/12/2025 06:30:00 AM,"(UTC-07:00) Arizona",,,3352868.325,3350727.8,3358901,
PNTM9M2jMkKm3GLHpLiq3J4gE,"","North Campus",6c2573ce-592a-4519-989c-2fd21d6918b7,"W", 08/12/2025 06:45:00 AM,"(UTC-07:00) Arizona",,,3421104.23333333,3380369,3500157.2,
PNTM9M2jMkKm3GLHpLiq3J4gE,"","North Campus",6c2573ce-592a-4519-989c-2fd21d6918b7,"W", 08/12/2025 07:00:00 AM,"(UTC-07:00) Arizona",,,3539669.85,3518540.5,3560799.2,
PNTM9M2jMkKm3GLHpLiq3J4gE,"","North Campus",6c2573ce-592a-4519-989c-2fd21d6918b7,"W", 08/12/2025 07:15:00 AM,"(UTC-07:00) Arizona",,,3558874.46666667,3506704,3629053.2,
PNTM9M2jMkKm3GLHpLiq3J4gE,"","North Campus",6c2573ce-592a-4519-989c-2fd21d6918b7,"W", 08/12/2025 07:30:00 AM,"(UTC-07:00) Arizona",,,3663984,3590174.8,3718130.5,
PNTM9M2jMkKm3GLHpLiq3J4gE,"","North Campus",6c2573ce-592a-4519-989c-2fd21d6918b7,"W", 08/12/2025 07:45:00 AM,"(UTC-07:00) Arizona",,,3769727.7,3698058.2,3841397.2,
PNTM9M2jMkKm3GLHpLiq3J4gE,"","North Campus",6c2573ce-592a-4519-989c-2fd21d6918b7,"W", 08/12/2025 08:00:00 AM,"(UTC-07:00) Arizona",,,4045199.3,3963445,4135872.8,
PNTM9M2jMkKm3GLHpLiq3J4gE,"","North Campus",6c2573ce-592a-4519-989c-2fd21d6918b7,"W", 08/12/2025 08:15:00 AM,"(UTC-07:00) Arizona",,,4089975.83333333,4056222.2,4149929.5,
PNTM9M2jMkKm3GLHpLiq3J4gE,"","North Campus",6c2573ce-592a-4519-989c-2fd21d6918b7,"W", 08/12/2025 08:30:00 AM,"(UTC-07:00) Arizona",,,4142436,4137954.5,4146917.5,
PNTM9M2jMkKm3GLHpLiq3J4gE,"","North Campus",6c2573ce-592a-4519-989c-2fd21d6918b7,"W", 08/12/2025 08:45:00 AM,"(UTC-07:00) Arizona",,,4194830.1,4160358.8,4249601.5,
PNTM9M2jMkKm3GLHpLiq3J4gE,"","North Campus",6c2573ce-592a-4519-989c-2fd21d6918b7,"W", 08/12/2025 09:00:00 AM,"(UTC-07:00) Arizona",,,4319748,4296746,4342866.5,
PNTM9M2jMkKm3GLHpLiq3J4gE,"","North Campus",6c2573ce-592a-4519-989c-2fd21d6918b7,"W", 08/12/2025 09:15:00 AM,"(UTC-07:00) Arizona",,,4322304.25,4311004.5,4333604,
PNTM9M2jMkKm3GLHpLiq3J4gE,"","North Campus",6c2573ce-592a-4519-989c-2fd21d6918b7,"W", 08/12/2025 09:30:00 AM,"(UTC-07:00) Arizona",,,4323612.25,4280890,4375420,
PNTM9M2jMkKm3GLHpLiq3J4gE,"","North Campus",6c2573ce-592a-4519-989c-2fd21d6918b7,"W", 08/12/2025 09:45:00 AM,"(UTC-07:00) Arizona",,,4360884.83333333,4353512.5,4370583,
PNTM9M2jMkKm3GLHpLiq3J4gE,"","North Campus",6c2573ce-592a-4519-989c-2fd21d6918b7,"W", 08/12/2025 10:00:00 AM,"(UTC-07:00) Arizona",,,4388501.33333333,4341661,4413716,
PNTM9M2jMkKm3GLHpLiq3J4gE,"","North Campus",6c2573ce-592a-4519-989c-2fd21d6918b7,"W", 08/12/2025 10:15:00 AM,"(UTC-07:00) Arizona",,,4383002.33333333,4322277,4442646.5,
PNTM9M2jMkKm3GLHpLiq3J4gE,"","North Campus",6c2573ce-592a-4519-989c-2fd21d6918b7,"W", 08/12/2025 10:30:00 AM,"(UTC-07:00) Arizona",,,4394211.83333333,4356681.5,4430248,
PNTM9M2jMkKm3GLHpLiq3J4gE,"","North Campus",6c2573ce-592a-4519-989c-2fd21d6918b7,"W", 08/12/2025 10:45:00 AM,"(UTC-07:00) Arizona",,,4375226.25,4372895.5,4377557,
PNTM9M2jMkKm3GLHpLiq3J4gE,"","North Campus",6c2573ce-592a-4519-989c-2fd21d6918b7,"W", 08/12/2025 11:00:00 AM,"(UTC-07:00) Arizona",,,4429515,4404567.5,4462786,
PNTM9M2jMkKm3GLHpLiq3J4gE,"","North Campus",6c2573ce-592a-4519-989c-2fd21d6918b7,"W", 08/12/2025 11:15:00 AM,"(UTC-07:00) Arizona",,,4417196.66666667,4405347.5,4439580,
PNTM9M2jMkKm3GLHpLiq3J4gE,"","North Campus",6c2573ce-592a-4519-989c-2fd21d6918b7,"W", 08/12/2025 11:30:00 AM,"(UTC-07:00) Arizona",,,4387984.25,4341511,4437830,
PNTM9M2jMkKm3GLHpLiq3J4gE,"","North Campus",6c2573ce-592a-4519-989c-2fd21d6918b7,"W", 08/12/2025 11:45:00 AM,"(UTC-07:00) Arizona",,,4554070.25,4472413.5,4635727,
PNTM9M2jMkKm3GLHpLiq3J4gE,"","North Campus",6c2573ce-592a-4519-989c-2fd21d6918b7,"W", 08/12/2025 12:00:00 PM,"(UTC-07:00) Arizona",,,4481470.875,4407943.5,4530663.5,
PNTM9M2jMkKm3GLHpLiq3J4gE,"","North Campus",6c2573ce-592a-4519-989c-2fd21d6918b7,"W", 08/12/2025 12:15:00 PM,"(UTC-07:00) Arizona",,,4572839,4436879.5,4708798.5,
PNTM9M2jMkKm3GLHpLiq3J4gE,"","North Campus",6c2573ce-592a-4519-989c-2fd21d6918b7,"W", 08/12/2025 12:30:00 PM,"(UTC-07:00) Arizona",,,4743869.33333333,4710191,4795783.5,
PNTM9M2jMkKm3GLHpLiq3J4gE,"","North Campus",6c2573ce-592a-4519-989c-2fd21d6918b7,"W", 08/12/2025 12:45:00 PM,"(UTC-07:00) Arizona",,,4765971.33333333,4757006.5,4778486.5,
PNTM9M2jMkKm3GLHpLiq3J4gE,"","North Campus",6c2573ce-592a-4519-989c-2fd21d6918b7,"W", 08/12/2025 01:00:00 PM,"(UTC-07:00) Arizona",,,4748117,4720871,4790883,
PNTM9M2jMkKm3GLHpLiq3J4gE,"","North Campus",6c2573ce-592a-4519-989c-2fd21d6918b7,"W", 08/12/2025 01:15:00 PM,"(UTC-07:00) Arizona",,,4525106.33333333,4384621,4758859.5,
PNTM9M2jMkKm3GLHpLiq3J4gE,"","North Campus",6c2573ce-592a-4519-989c-2fd21d6918b7,"W", 08/12/2025 01:30:00 PM,"(UTC-07:00) Arizona",,,4516790.375,4381309,4658301.5,
PNTM9M2jMkKm3GLHpLiq3J4gE,"","North Campus",6c2573ce-592a-4519-989c-2fd21d6918b7,"W", 08/12/2025 01:45:00 PM,"(UTC-07:00) Arizona",,,4732707,4692623,4763861.5,
PNTM9M2jMkKm3GLHpLiq3J4gE,"","North Campus",6c2573ce-592a-4519-989c-2fd21d6918b7,"W", 08/12/2025 02:00:00 PM,"(UTC-07:00) Arizona",,,4537987,4376086,4699888,
PNTM9M2jMkKm3GLHpLiq3J4gE,"","North Campus",6c2573ce-592a-4519-989c-2fd21d6918b7,"W", 08/12/2025 02:15:00 PM,"(UTC-07:00) Arizona",,,4691845.125,4646157,4731305.5,
PNTM9M2jMkKm3GLHpLiq3J4gE,"","North Campus",6c2573ce-592a-4519-989c-2fd21d6918b7,"W", 08/12/2025 02:30:00 PM,"(UTC-07:00) Arizona",,,4797378.75,4795591,4799166.5,
PNTM9M2jMkKm3GLHpLiq3J4gE,"","North Campus",6c2573ce-592a-4519-989c-2fd21d6918b7,"W", 08/12/2025 02:45:00 PM,"(UTC-07:00) Arizona",,,4680370,4490658,4786788.5,
PNTM9M2jMkKm3GLHpLiq3J4gE,"","North Campus",6c2573ce-592a-4519-989c-2fd21d6918b7,"W", 08/12/2025 03:00:00 PM,"(UTC-07:00) Arizona",,,4737279.5,4709331,4775208.5,
PNTM9M2jMkKm3GLHpLiq3J4gE,"","North Campus",6c2573ce-592a-4519-989c-2fd21d6918b7,"W", 08/12/2025 03:15:00 PM,"(UTC-07:00) Arizona",,,4710990,4531010,4822669.5,
PNTM9M2jMkKm3GLHpLiq3J4gE,"","North Campus",6c2573ce-592a-4519-989c-2fd21d6918b7,"W", 08/12/2025 03:30:00 PM,"(UTC-07:00) Arizona",,,4762919.66666667,4745464.5,4788289.5,
PNTM9M2jMkKm3GLHpLiq3J4gE,"","North Campus",6c2573ce-592a-4519-989c-2fd21d6918b7,"W", 08/12/2025 03:45:00 PM,"(UTC-07:00) Arizona",,,4768453.66666667,4736535,4804698.5,
PNTM9M2jMkKm3GLHpLiq3J4gE,"","North Campus",6c2573ce-592a-4519-989c-2fd21d6918b7,"W", 08/12/2025 04:00:00 PM,"(UTC-07:00) Arizona",,,4638506.16666667,4574008.5,4728518,
PNTM9M2jMkKm3GLHpLiq3J4gE,"","North Campus",6c2573ce-592a-4519-989c-2fd21d6918b7,"W", 08/12/2025 04:15:00 PM,"(UTC-07:00) Arizona",,,4689931.16666667,4673154,4701780.5,
PNTM9M2jMkKm3GLHpLiq3J4gE,"","North Campus",6c2573ce-592a-4519-989c-2fd21d6918b7,"W", 08/12/2025 04:30:00 PM,"(UTC-07:00) Arizona",,,4701414.5,4594798,4772628.5,
PNTM9M2jMkKm3GLHpLiq3J4gE,"","North Campus",6c2573ce-592a-4519-989c-2fd21d6918b7,"W", 08/12/2025 04:45:00 PM,"(UTC-07:00) Arizona",,,4576352.83333333,4518578.5,4638946.5,
PNTM9M2jMkKm3GLHpLiq3J4gE,"","North Campus",6c2573ce-592a-4519-989c-2fd21d6918b7,"W", 08/12/2025 05:00:00 PM,"(UTC-07:00) Arizona",,,4492334,4488979,4495689,
PNTM9M2jMkKm3GLHpLiq3J4gE,"","North Campus",6c2573ce-592a-4519-989c-2fd21d6918b7,"W", 08/12/2025 05:15:00 PM,"(UTC-07:00) Arizona",,,4447418.16666667,4401576.5,4492943.5,
PNTM9M2jMkKm3GLHpLiq3J4gE,"","North Campus",6c2573ce-592a-4519-989c-2fd21d6918b7,"W", 08/12/2025 05:30:00 PM,"(UTC-07:00) Arizona",,,4430471,4386247,4474108,
PNTM9M2jMkKm3GLHpLiq3J4gE,"","North Campus",6c2573ce-592a-4519-989c-2fd21d6918b7,"W", 08/12/2025 05:45:00 PM,"(UTC-07:00) Arizona",,,4478234.66666667,4397973.5,4572868,
PNTM9M2jMkKm3GLHpLiq3J4gE,"","North Campus",6c2573ce-592a-4519-989c-2fd21d6918b7,"W", 08/12/2025 06:00:00 PM,"(UTC-07:00) Arizona",,,4402032.66666667,4374030.5,4431426.5,
PNTM9M2jMkKm3GLHpLiq3J4gE,"","North Campus",6c2573ce-592a-4519-989c-2fd21d6918b7,"W", 08/12/2025 06:15:00 PM,"(UTC-07:00) Arizona",,,4348825.66666667,4310775.5,4398710.5,
PNTM9M2jMkKm3GLHpLiq3J4gE,"","North Campus",6c2573ce-592a-4519-989c-2fd21d6918b7,"W", 08/12/2025 06:30:00 PM,"(UTC-07:00) Arizona",,,4362007.16666667,4337588,4381225.5,
PNTM9M2jMkKm3GLHpLiq3J4gE,"","North Campus",6c2573ce-592a-4519-989c-2fd21d6918b7,"W", 08/12/2025 06:45:00 PM,"(UTC-07:00) Arizona",,,4390336.83333333,4324093,4427239,
PNTM9M2jMkKm3GLHpLiq3J4gE,"","North Campus",6c2573ce-592a-4519-989c-2fd21d6918b7,"W", 08/12/2025 07:00:00 PM,"(UTC-07:00) Arizona",,,4334939.33333333,4323925,4346723.5,
PNTM9M2jMkKm3GLHpLiq3J4gE,"","North Campus",6c2573ce-592a-4519-989c-2fd21d6918b7,"W", 08/12/2025 07:15:00 PM,"(UTC-07:00) Arizona",,,4342206.5,4331155.5,4353257.5,
PNTM9M2jMkKm3GLHpLiq3J4gE,"","North Campus",6c2573ce-592a-4519-989c-2fd21d6918b7,"W", 08/12/2025 07:30:00 PM,"(UTC-07:00) Arizona",,,4286833.16666667,4261449,4301916,
PNTM9M2jMkKm3GLHpLiq3J4gE,"","North Campus",6c2573ce-592a-4519-989c-2fd21d6918b7,"W", 08/12/2025 07:45:00 PM,"(UTC-07:00) Arizona",,,4210429.6,4158757.8,4241419,
PNTM9M2jMkKm3GLHpLiq3J4gE,"","North Campus",6c2573ce-592a-4519-989c-2fd21d6918b7,"W", 08/12/2025 08:00:00 PM,"(UTC-07:00) Arizona",,,4088062.85,4070726.2,4105399.5,
PNTM9M2jMkKm3GLHpLiq3J4gE,"","North Campus",6c2573ce-592a-4519-989c-2fd21d6918b7,"W", 08/12/2025 08:15:00 PM,"(UTC-07:00) Arizona",,,4075631.26666667,4046079,4101437.8,
PNTM9M2jMkKm3GLHpLiq3J4gE,"","North Campus",6c2573ce-592a-4519-989c-2fd21d6918b7,"W", 08/12/2025 08:30:00 PM,"(UTC-07:00) Arizona",,,4023864.46666667,3980462.2,4053096,
PNTM9M2jMkKm3GLHpLiq3J4gE,"","North Campus",6c2573ce-592a-4519-989c-2fd21d6918b7,"W", 08/12/2025 08:45:00 PM,"(UTC-07:00) Arizona",,,4006625.86666667,3983785.2,4031016.2,
PNTM9M2jMkKm3GLHpLiq3J4gE,"","North Campus",6c2573ce-592a-4519-989c-2fd21d6918b7,"W", 08/12/2025 09:00:00 PM,"(UTC-07:00) Arizona",,,3939300,3918956,3954920.5,
PNTM9M2jMkKm3GLHpLiq3J4gE,"","North Campus",6c2573ce-592a-4519-989c-2fd21d6918b7,"W", 08/12/2025 09:15:00 PM,"(UTC-07:00) Arizona",,,3805318.2,3786079,3815625.8,
PNTM9M2jMkKm3GLHpLiq3J4gE,"","North Campus",6c2573ce-592a-4519-989c-2fd21d6918b7,"W", 08/12/2025 09:30:00 PM,"(UTC-07:00) Arizona",,,3783956.83333333,3772135.5,3790592.8,
PNTM9M2jMkKm3GLHpLiq3J4gE,"","North Campus",6c2573ce-592a-4519-989c-2fd21d6918b7,"W", 08/12/2025 09:45:00 PM,"(UTC-07:00) Arizona",,,3769113.36666667,3726977.5,3806793.8,
PNTM9M2jMkKm3GLHpLiq3J4gE,"","North Campus",6c2573ce-592a-4519-989c-2fd21d6918b7,"W", 08/12/2025 10:00:00 PM,"(UTC-07:00) Arizona",,,3695756.06666667,3653086.5,3719443.2,
PNTM9M2jMkKm3GLHpLiq3J4gE,"","North Campus",6c2573ce-592a-4519-989c-2fd21d6918b7,"W", 08/12/2025 10:15:00 PM,"(UTC-07:00) Arizona",,,3616535.73333333,3584185.2,3637451,
PNTM9M2jMkKm3GLHpLiq3J4gE,"","North Campus",6c2573ce-592a-4519-989c-2fd21d6918b7,"W", 08/12/2025 10:30:00 PM,"(UTC-07:00) Arizona",,,3564492.46666667,3534627.2,3607821,
PNTM9M2jMkKm3GLHpLiq3J4gE,"","North Campus",6c2573ce-592a-4519-989c-2fd21d6918b7,"W", 08/12/2025 10:45:00 PM,"(UTC-07:00) Arizona",,,3520011.73333333,3427626.2,3571169.2,
PNTM9M2jMkKm3GLHpLiq3J4gE,"","North Campus",6c2573ce-592a-4519-989c-2fd21d6918b7,"W", 08/12/2025 11:00:00 PM,"(UTC-07:00) Arizona",,,3368332.26666667,3351025.8,3386081.5,
PNTM9M2jMkKm3GLHpLiq3J4gE,"","North Campus",6c2573ce-592a-4519-989c-2fd21d6918b7,"W", 08/12/2025 11:15:00 PM,"(UTC-07:00) Arizona",,,3349422.5,3322743.5,3369662.2,
PNTM9M2jMkKm3GLHpLiq3J4gE,"","North Campus",6c2573ce-592a-4519-989c-2fd21d6918b7,"W", 08/12/2025 11:30:00 PM,"(UTC-07:00) Arizona",,,3345922,3331501.5,3360342.5,
PNTM9M2jMkKm3GLHpLiq3J4gE,"","North Campus",6c2573ce-592a-4519-989c-2fd21d6918b7,"W", 08/12/2025 11:45:00 PM,"(UTC-07:00) Arizona",,,3308670.925,3276151.2,3326042,
PNTM9M2jMkKm3GLHpLiq3J4gE,"","North Campus",6c2573ce-592a-4519-989c-2fd21d6918b7,"W", 08/13/2025 12:00:00 AM,"(UTC-07:00) Arizona",,,3293573.1,3252337,3334809.2,
PNTM9M2jMkKm3GLHpLiq3J4gE,"","North Campus",6c2573ce-592a-4519-989c-2fd21d6918b7,"W", 08/13/2025 12:15:00 AM,"(UTC-07:00) Arizona",,,3240385.325,3229400.8,3250916.8,
PNTM9M2jMkKm3GLHpLiq3J4gE,"","North Campus",6c2573ce-592a-4519-989c-2fd21d6918b7,"W", 08/13/2025 12:30:00 AM,"(UTC-07:00) Arizona",,,3257397.43333333,3247790.8,3267709.5,
PNTM9M2jMkKm3GLHpLiq3J4gE,"","North Campus",6c2573ce-592a-4519-989c-2fd21d6918b7,"W", 08/13/2025 12:45:00 AM,"(UTC-07:00) Arizona",,,3259352.06666667,3248834.2,3264918.2,
PNTM9M2jMkKm3GLHpLiq3J4gE,"","North Campus",6c2573ce-592a-4519-989c-2fd21d6918b7,"W", 08/13/2025 01:00:00 AM,"(UTC-07:00) Arizona",,,3274460.1,3270127,3278793.2,
PNTM9M2jMkKm3GLHpLiq3J4gE,"","North Campus",6c2573ce-592a-4519-989c-2fd21d6918b7,"W", 08/13/2025 01:15:00 AM,"(UTC-07:00) Arizona",,,3258617.65,3253641.8,3263593.5,
PNTM9M2jMkKm3GLHpLiq3J4gE,"","North Campus",6c2573ce-592a-4519-989c-2fd21d6918b7,"W", 08/13/2025 01:30:00 AM,"(UTC-07:00) Arizona",,,3252606.96666667,3244766.2,3257306.2,
PNTM9M2jMkKm3GLHpLiq3J4gE,"","North Campus",6c2573ce-592a-4519-989c-2fd21d6918b7,"W", 08/13/2025 01:45:00 AM,"(UTC-07:00) Arizona",,,3214086.975,3181783.2,3237445,
PNTM9M2jMkKm3GLHpLiq3J4gE,"","North Campus",6c2573ce-592a-4519-989c-2fd21d6918b7,"W", 08/13/2025 02:00:00 AM,"(UTC-07:00) Arizona",,,3205026.5,3200139.5,3209913.5,
PNTM9M2jMkKm3GLHpLiq3J4gE,"","North Campus",6c2573ce-592a-4519-989c-2fd21d6918b7,"W", 08/13/2025 02:15:00 AM,"(UTC-07:00) Arizona",,,3238470.3,3200522.2,3272486.5,
PNTM9M2jMkKm3GLHpLiq3J4gE,"","North Campus",6c2573ce-592a-4519-989c-2fd21d6918b7,"W", 08/13/2025 02:30:00 AM,"(UTC-07:00) Arizona",,,3216252.7,3193511.8,3242609,
PNTM9M2jMkKm3GLHpLiq3J4gE,"","North Campus",6c2573ce-592a-4519-989c-2fd21d6918b7,"W", 08/13/2025 02:45:00 AM,"(UTC-07:00) Arizona",,,3188564.76666667,3146085.5,3224548.8,
PNTM9M2jMkKm3GLHpLiq3J4gE,"","North Campus",6c2573ce-592a-4519-989c-2fd21d6918b7,"W", 08/13/2025 03:00:00 AM,"(UTC-07:00) Arizona",,,3232468.75,3226851.5,3238086,
PNTM9M2jMkKm3GLHpLiq3J4gE,"","North Campus",6c2573ce-592a-4519-989c-2fd21d6918b7,"W", 08/13/2025 03:15:00 AM,"(UTC-07:00) Arizona",,,3185018.46666667,3158505.8,3216154.8,
PNTM9M2jMkKm3GLHpLiq3J4gE,"","North Campus",6c2573ce-592a-4519-989c-2fd21d6918b7,"W", 08/13/2025 03:30:00 AM,"(UTC-07:00) Arizona",,,3234263.06666667,3199223.2,3302626,
PNTM9M2jMkKm3GLHpLiq3J4gE,"","North Campus",6c2573ce-592a-4519-989c-2fd21d6918b7,"W", 08/13/2025 03:45:00 AM,"(UTC-07:00) Arizona",,,3305810.1,3298499,3313121.2,
PNTM9M2jMkKm3GLHpLiq3J4gE,"","North Campus",6c2573ce-592a-4519-989c-2fd21d6918b7,"W", 08/13/2025 04:00:00 AM,"(UTC-07:00) Arizona",,,3320080.075,3289410,3367131,
PNTM9M2jMkKm3GLHpLiq3J4gE,"","North Campus",6c2573ce-592a-4519-989c-2fd21d6918b7,"W", 08/13/2025 04:15:00 AM,"(UTC-07:00) Arizona",,,3329980.83333333,3309564,3357932.5,
PNTM9M2jMkKm3GLHpLiq3J4gE,"","North Campus",6c2573ce-592a-4519-989c-2fd21d6918b7,"W", 08/13/2025 04:30:00 AM,"(UTC-07:00) Arizona",,,3350101.4,3349883.8,3350319,
PNTM9M2jMkKm3GLHpLiq3J4gE,"","North Campus",6c2573ce-592a-4519-989c-2fd21d6918b7,"W", 08/13/2025 04:45:00 AM,"(UTC-07:00) Arizona",,,3374650.6,3369442.5,3384593.5,
PNTM9M2jMkKm3GLHpLiq3J4gE,"","North Campus",6c2573ce-592a-4519-989c-2fd21d6918b7,"W", 08/13/2025 05:00:00 AM,"(UTC-07:00) Arizona",,,3389516,3387088.2,3391943.8,
PNTM9M2jMkKm3GLHpLiq3J4gE,"","North Campus",6c2573ce-592a-4519-989c-2fd21d6918b7,"W", 08/13/2025 05:15:00 AM,"(UTC-07:00) Arizona",,,3374505.6,3356671.8,3384591.5,
PNTM9M2jMkKm3GLHpLiq3J4gE,"","North Campus",6c2573ce-592a-4519-989c-2fd21d6918b7,"W", 08/13/2025 05:30:00 AM,"(UTC-07:00) Arizona",,,3351932.3,3337515.2,3373765.5,
PNTM9M2jMkKm3GLHpLiq3J4gE,"","North Campus",6c2573ce-592a-4519-989c-2fd21d6918b7,"W", 08/13/2025 05:45:00 AM,"(UTC-07:00) Arizona",,,3360472.53333333,3333929,3409538.8,
PNTM9M2jMkKm3GLHpLiq3J4gE,"","North Campus",6c2573ce-592a-4519-989c-2fd21d6918b7,"W", 08/13/2025 06:00:00 AM,"(UTC-07:00) Arizona",,,3434095.23333333,3418909.2,3452753,
PNTM9M2jMkKm3GLHpLiq3J4gE,"","North Campus",6c2573ce-592a-4519-989c-2fd21d6918b7,"W", 08/13/2025 06:15:00 AM,"(UTC-07:00) Arizona",,,3443256.56666667,3422537.5,3458637,
PNTM9M2jMkKm3GLHpLiq3J4gE,"","North Campus",6c2573ce-592a-4519-989c-2fd21d6918b7,"W", 08/13/2025 06:30:00 AM,"(UTC-07:00) Arizona",,,3474196.96666667,3431623.2,3552507.2,
PNTM9M2jMkKm3GLHpLiq3J4gE,"","North Campus",6c2573ce-592a-4519-989c-2fd21d6918b7,"W", 08/13/2025 06:45:00 AM,"(UTC-07:00) Arizona",,,3546806.16666667,3496171.5,3572123.5,
PNTM9M2jMkKm3GLHpLiq3J4gE,"","North Campus",6c2573ce-592a-4519-989c-2fd21d6918b7,"W", 08/13/2025 07:00:00 AM,"(UTC-07:00) Arizona",,,3596215.8,3586335,3604809.2,
PNTM9M2jMkKm3GLHpLiq3J4gE,"","North Campus",6c2573ce-592a-4519-989c-2fd21d6918b7,"W", 08/13/2025 07:15:00 AM,"(UTC-07:00) Arizona",,,3665654.83333333,3658884.5,3675243.2,
PNTM9M2jMkKm3GLHpLiq3J4gE,"","North Campus",6c2573ce-592a-4519-989c-2fd21d6918b7,"W", 08/13/2025 07:30:00 AM,"(UTC-07:00) Arizona",,,3753100.4,3693066,3826236,
PNTM9M2jMkKm3GLHpLiq3J4gE,"","North Campus",6c2573ce-592a-4519-989c-2fd21d6918b7,"W", 08/13/2025 07:45:00 AM,"(UTC-07:00) Arizona",,,3952400.83333333,3914111.5,4006945.5,
PNTM9M2jMkKm3GLHpLiq3J4gE,"","North Campus",6c2573ce-592a-4519-989c-2fd21d6918b7,"W", 08/13/2025 08:00:00 AM,"(UTC-07:00) Arizona",,,4235816.16666667,4157548,4325570,
PNTM9M2jMkKm3GLHpLiq3J4gE,"","North Campus",6c2573ce-592a-4519-989c-2fd21d6918b7,"W", 08/13/2025 08:15:00 AM,"(UTC-07:00) Arizona",,,4244861.43333333,4155511.8,4307404,
PNTM9M2jMkKm3GLHpLiq3J4gE,"","North Campus",6c2573ce-592a-4519-989c-2fd21d6918b7,"W", 08/13/2025 08:30:00 AM,"(UTC-07:00) Arizona",,,4465040,4465040,4465040,
PNTM9M2jMkKm3GLHpLiq3J4gE,"","North Campus",6c2573ce-592a-4519-989c-2fd21d6918b7,"W", 08/13/2025 08:45:00 AM,"(UTC-07:00) Arizona",,,4483550.33333333,4357747,4621706.5,
PNTM9M2jMkKm3GLHpLiq3J4gE,"","North Campus",6c2573ce-592a-4519-989c-2fd21d6918b7,"W", 08/13/2025 09:00:00 AM,"(UTC-07:00) Arizona",,,4430932,4338468,4596966.5,
PNTM9M2jMkKm3GLHpLiq3J4gE,"","North Campus",6c2573ce-592a-4519-989c-2fd21d6918b7,"W", 08/13/2025 09:15:00 AM,"(UTC-07:00) Arizona",,,4409731.5,4353672.5,4506510.5,
PNTM9M2jMkKm3GLHpLiq3J4gE,"","North Campus",6c2573ce-592a-4519-989c-2fd21d6918b7,"W", 08/13/2025 09:30:00 AM,"(UTC-07:00) Arizona",,,4417404.33333333,4378135.5,4475973.5,
PNTM9M2jMkKm3GLHpLiq3J4gE,"","North Campus",6c2573ce-592a-4519-989c-2fd21d6918b7,"W", 08/13/2025 09:45:00 AM,"(UTC-07:00) Arizona",,,4373886.33333333,4329108,4440185,
PNTM9M2jMkKm3GLHpLiq3J4gE,"","North Campus",6c2573ce-592a-4519-989c-2fd21d6918b7,"W", 08/13/2025 10:00:00 AM,"(UTC-07:00) Arizona",,,4441079,4403119.5,4505758,
PNTM9M2jMkKm3GLHpLiq3J4gE,"","North Campus",6c2573ce-592a-4519-989c-2fd21d6918b7,"W", 08/13/2025 10:15:00 AM,"(UTC-07:00) Arizona",,,4442507.83333333,4416028.5,4469131,
PNTM9M2jMkKm3GLHpLiq3J4gE,"","North Campus",6c2573ce-592a-4519-989c-2fd21d6918b7,"W", 08/13/2025 10:30:00 AM,"(UTC-07:00) Arizona",,,4474316.5,4404376.5,4538003.5,
PNTM9M2jMkKm3GLHpLiq3J4gE,"","North Campus",6c2573ce-592a-4519-989c-2fd21d6918b7,"W", 08/13/2025 10:45:00 AM,"(UTC-07:00) Arizona",,,4554600.5,4500938,4588000.5,
PNTM9M2jMkKm3GLHpLiq3J4gE,"","North Campus",6c2573ce-592a-4519-989c-2fd21d6918b7,"W", 08/13/2025 11:00:00 AM,"(UTC-07:00) Arizona",,,4536814.75,4513604,4560025.5,
PNTM9M2jMkKm3GLHpLiq3J4gE,"","North Campus",6c2573ce-592a-4519-989c-2fd21d6918b7,"W", 08/13/2025 11:15:00 AM,"(UTC-07:00) Arizona",,,4518781,4502644.5,4536483,
PNTM9M2jMkKm3GLHpLiq3J4gE,"","North Campus",6c2573ce-592a-4519-989c-2fd21d6918b7,"W", 08/13/2025 11:30:00 AM,"(UTC-07:00) Arizona",,,4534469.75,4471158,4597781.5,
PNTM9M2jMkKm3GLHpLiq3J4gE,"","North Campus",6c2573ce-592a-4519-989c-2fd21d6918b7,"W", 08/13/2025 11:45:00 AM,"(UTC-07:00) Arizona",,,4497898.66666667,4468458,4530965,
PNTM9M2jMkKm3GLHpLiq3J4gE,"","North Campus",6c2573ce-592a-4519-989c-2fd21d6918b7,"W", 08/13/2025 12:00:00 PM,"(UTC-07:00) Arizona",,,4572147.25,4414945.5,4824946,
PNTM9M2jMkKm3GLHpLiq3J4gE,"","North Campus",6c2573ce-592a-4519-989c-2fd21d6918b7,"W", 08/13/2025 12:15:00 PM,"(UTC-07:00) Arizona",,,4876481.83333333,4865966.5,4890703.5,
PNTM9M2jMkKm3GLHpLiq3J4gE,"","North Campus",6c2573ce-592a-4519-989c-2fd21d6918b7,"W", 08/13/2025 12:30:00 PM,"(UTC-07:00) Arizona",,,4949720.66666667,4925221,4985382,
PNTM9M2jMkKm3GLHpLiq3J4gE,"","North Campus",6c2573ce-592a-4519-989c-2fd21d6918b7,"W", 08/13/2025 12:45:00 PM,"(UTC-07:00) Arizona",,,4969349.83333333,4937070,4993457,
PNTM9M2jMkKm3GLHpLiq3J4gE,"","North Campus",6c2573ce-592a-4519-989c-2fd21d6918b7,"W", 08/13/2025 01:00:00 PM,"(UTC-07:00) Arizona",,,4898323.75,4890347.5,4906300,
PNTM9M2jMkKm3GLHpLiq3J4gE,"","North Campus",6c2573ce-592a-4519-989c-2fd21d6918b7,"W", 08/13/2025 01:15:00 PM,"(UTC-07:00) Arizona",,,4884353.375,4860400,4909152.5,
PNTM9M2jMkKm3GLHpLiq3J4gE,"","North Campus",6c2573ce-592a-4519-989c-2fd21d6918b7,"W", 08/13/2025 01:30:00 PM,"(UTC-07:00) Arizona",,,4802639.25,4798972,4806306.5,
PNTM9M2jMkKm3GLHpLiq3J4gE,"","North Campus",6c2573ce-592a-4519-989c-2fd21d6918b7,"W", 08/13/2025 01:45:00 PM,"(UTC-07:00) Arizona",,,4776557.66666667,4740368,4804267.5,
PNTM9M2jMkKm3GLHpLiq3J4gE,"","North Campus",6c2573ce-592a-4519-989c-2fd21d6918b7,"W", 08/13/2025 02:00:00 PM,"(UTC-07:00) Arizona",,,4755388.25,4714413,4796363.5,
PNTM9M2jMkKm3GLHpLiq3J4gE,"","North Campus",6c2573ce-592a-4519-989c-2fd21d6918b7,"W", 08/13/2025 02:15:00 PM,"(UTC-07:00) Arizona",,,4609406.75,4570242,4633009.5,
PNTM9M2jMkKm3GLHpLiq3J4gE,"","North Campus",6c2573ce-592a-4519-989c-2fd21d6918b7,"W", 08/13/2025 02:30:00 PM,"(UTC-07:00) Arizona",,,4636662.25,4617452.5,4655872,
PNTM9M2jMkKm3GLHpLiq3J4gE,"","North Campus",6c2573ce-592a-4519-989c-2fd21d6918b7,"W", 08/13/2025 02:45:00 PM,"(UTC-07:00) Arizona",,,4612111,4595460.5,4626746.5,
PNTM9M2jMkKm3GLHpLiq3J4gE,"","North Campus",6c2573ce-592a-4519-989c-2fd21d6918b7,"W", 08/13/2025 03:00:00 PM,"(UTC-07:00) Arizona",,,4550842.5,4522414,4579271,
PNTM9M2jMkKm3GLHpLiq3J4gE,"","North Campus",6c2573ce-592a-4519-989c-2fd21d6918b7,"W", 08/13/2025 03:15:00 PM,"(UTC-07:00) Arizona",,,4528431.375,4479598,4558688.5,
PNTM9M2jMkKm3GLHpLiq3J4gE,"","North Campus",6c2573ce-592a-4519-989c-2fd21d6918b7,"W", 08/13/2025 03:30:00 PM,"(UTC-07:00) Arizona",,,4461634.75,4444771,4478498.5,
PNTM9M2jMkKm3GLHpLiq3J4gE,"","North Campus",6c2573ce-592a-4519-989c-2fd21d6918b7,"W", 08/13/2025 03:45:00 PM,"(UTC-07:00) Arizona",,,4488762.5,4450357,4554271,
PNTM9M2jMkKm3GLHpLiq3J4gE,"","North Campus",6c2573ce-592a-4519-989c-2fd21d6918b7,"W", 08/13/2025 04:00:00 PM,"(UTC-07:00) Arizona",,,4477609,4439353.5,4535106,
PNTM9M2jMkKm3GLHpLiq3J4gE,"","North Campus",6c2573ce-592a-4519-989c-2fd21d6918b7,"W", 08/13/2025 04:15:00 PM,"(UTC-07:00) Arizona",,,4480689.625,4439737,4560674.5,
PNTM9M2jMkKm3GLHpLiq3J4gE,"","North Campus",6c2573ce-592a-4519-989c-2fd21d6918b7,"W", 08/13/2025 04:30:00 PM,"(UTC-07:00) Arizona",,,4434285.75,4392743,4475828.5,
PNTM9M2jMkKm3GLHpLiq3J4gE,"","North Campus",6c2573ce-592a-4519-989c-2fd21d6918b7,"W", 08/13/2025 04:45:00 PM,"(UTC-07:00) Arizona",,,4392698,4343761,4469910,
PNTM9M2jMkKm3GLHpLiq3J4gE,"","North Campus",6c2573ce-592a-4519-989c-2fd21d6918b7,"W", 08/13/2025 05:00:00 PM,"(UTC-07:00) Arizona",,,4045893.85,4038834.5,4052953.2,
PNTM9M2jMkKm3GLHpLiq3J4gE,"","North Campus",6c2573ce-592a-4519-989c-2fd21d6918b7,"W", 08/13/2025 05:15:00 PM,"(UTC-07:00) Arizona",,,3950353.83333333,3890019.5,3985583,
PNTM9M2jMkKm3GLHpLiq3J4gE,"","North Campus",6c2573ce-592a-4519-989c-2fd21d6918b7,"W", 08/13/2025 05:30:00 PM,"(UTC-07:00) Arizona",,,3924645,3895421,3948658.2,
PNTM9M2jMkKm3GLHpLiq3J4gE,"","North Campus",6c2573ce-592a-4519-989c-2fd21d6918b7,"W", 08/13/2025 05:45:00 PM,"(UTC-07:00) Arizona",,,4039322.06666667,4025762.8,4050493.2,
PNTM9M2jMkKm3GLHpLiq3J4gE,"","North Campus",6c2573ce-592a-4519-989c-2fd21d6918b7,"W", 08/13/2025 06:00:00 PM,"(UTC-07:00) Arizona",,,3952629.2,3908935.8,3973963,
PNTM9M2jMkKm3GLHpLiq3J4gE,"","North Campus",6c2573ce-592a-4519-989c-2fd21d6918b7,"W", 08/13/2025 06:15:00 PM,"(UTC-07:00) Arizona",,,3941944.16666667,3914969.5,3961027.8,
PNTM9M2jMkKm3GLHpLiq3J4gE,"","North Campus",6c2573ce-592a-4519-989c-2fd21d6918b7,"W", 08/13/2025 06:30:00 PM,"(UTC-07:00) Arizona",,,3983136.8,3953484.8,4012788.8,
PNTM9M2jMkKm3GLHpLiq3J4gE,"","North Campus",6c2573ce-592a-4519-989c-2fd21d6918b7,"W", 08/13/2025 06:45:00 PM,"(UTC-07:00) Arizona",,,3958257.26666667,3938864.8,3982695,
PNTM9M2jMkKm3GLHpLiq3J4gE,"","North Campus",6c2573ce-592a-4519-989c-2fd21d6918b7,"W", 08/13/2025 07:00:00 PM,"(UTC-07:00) Arizona",,,4018217.16666667,3995261.5,4063936.2,
PNTM9M2jMkKm3GLHpLiq3J4gE,"","North Campus",6c2573ce-592a-4519-989c-2fd21d6918b7,"W", 08/13/2025 07:15:00 PM,"(UTC-07:00) Arizona",,,3998627.16666667,3981210.8,4022191.5,
PNTM9M2jMkKm3GLHpLiq3J4gE,"","North Campus",6c2573ce-592a-4519-989c-2fd21d6918b7,"W", 08/13/2025 07:30:00 PM,"(UTC-07:00) Arizona",,,4005077.16666667,3985492.5,4018727.2,
PNTM9M2jMkKm3GLHpLiq3J4gE,"","North Campus",6c2573ce-592a-4519-989c-2fd21d6918b7,"W", 08/13/2025 07:45:00 PM,"(UTC-07:00) Arizona",,,3928813.125,3864078.2,3970463.8,
PNTM9M2jMkKm3GLHpLiq3J4gE,"","North Campus",6c2573ce-592a-4519-989c-2fd21d6918b7,"W", 08/13/2025 08:00:00 PM,"(UTC-07:00) Arizona",,,3840860.4,3829405,3852315.8,
PNTM9M2jMkKm3GLHpLiq3J4gE,"","North Campus",6c2573ce-592a-4519-989c-2fd21d6918b7,"W", 08/13/2025 08:15:00 PM,"(UTC-07:00) Arizona",,,3791132.66666667,3790035,3791784,
PNTM9M2jMkKm3GLHpLiq3J4gE,"","North Campus",6c2573ce-592a-4519-989c-2fd21d6918b7,"W", 08/13/2025 08:30:00 PM,"(UTC-07:00) Arizona",,,3796368.1,3765509,3833381.8,
PNTM9M2jMkKm3GLHpLiq3J4gE,"","North Campus",6c2573ce-592a-4519-989c-2fd21d6918b7,"W", 08/13/2025 08:45:00 PM,"(UTC-07:00) Arizona",,,3755904.6,3735621,3780646,
PNTM9M2jMkKm3GLHpLiq3J4gE,"","North Campus",6c2573ce-592a-4519-989c-2fd21d6918b7,"W", 08/13/2025 09:00:00 PM,"(UTC-07:00) Arizona",,,3687077.4,3667751.8,3697860.2,
PNTM9M2jMkKm3GLHpLiq3J4gE,"","North Campus",6c2573ce-592a-4519-989c-2fd21d6918b7,"W", 08/13/2025 09:15:00 PM,"(UTC-07:00) Arizona",,,3616512.9,3559128.5,3647672.2,
PNTM9M2jMkKm3GLHpLiq3J4gE,"","North Campus",6c2573ce-592a-4519-989c-2fd21d6918b7,"W", 08/13/2025 09:30:00 PM,"(UTC-07:00) Arizona",,,3551190.03333333,3532105.8,3562390.5,
PNTM9M2jMkKm3GLHpLiq3J4gE,"","North Campus",6c2573ce-592a-4519-989c-2fd21d6918b7,"W", 08/13/2025 09:45:00 PM,"(UTC-07:00) Arizona",,,3561996.93333333,3533087.5,3580763.5,
PNTM9M2jMkKm3GLHpLiq3J4gE,"","North Campus",6c2573ce-592a-4519-989c-2fd21d6918b7,"W", 08/13/2025 10:00:00 PM,"(UTC-07:00) Arizona",,,3485395.06666667,3463737,3499368.2,
PNTM9M2jMkKm3GLHpLiq3J4gE,"","North Campus",6c2573ce-592a-4519-989c-2fd21d6918b7,"W", 08/13/2025 10:15:00 PM,"(UTC-07:00) Arizona",,,3468833.03333333,3442220.5,3490872.8,
PNTM9M2jMkKm3GLHpLiq3J4gE,"","North Campus",6c2573ce-592a-4519-989c-2fd21d6918b7,"W", 08/13/2025 10:30:00 PM,"(UTC-07:00) Arizona",,,3415670.33333333,3400175.8,3425849,
PNTM9M2jMkKm3GLHpLiq3J4gE,"","North Campus",6c2573ce-592a-4519-989c-2fd21d6918b7,"W", 08/13/2025 10:45:00 PM,"(UTC-07:00) Arizona",,,3386641.1,3372450.8,3402633.5,
PNTM9M2jMkKm3GLHpLiq3J4gE,"","North Campus",6c2573ce-592a-4519-989c-2fd21d6918b7,"W", 08/13/2025 11:00:00 PM,"(UTC-07:00) Arizona",,,3294400.06666667,3263427.5,3326038.2,
PNTM9M2jMkKm3GLHpLiq3J4gE,"","North Campus",6c2573ce-592a-4519-989c-2fd21d6918b7,"W", 08/13/2025 11:15:00 PM,"(UTC-07:00) Arizona",,,3279402.53333333,3274811.8,3287697.8,
PNTM9M2jMkKm3GLHpLiq3J4gE,"","North Campus",6c2573ce-592a-4519-989c-2fd21d6918b7,"W", 08/13/2025 11:30:00 PM,"(UTC-07:00) Arizona",,,3220509.66666667,3215677.5,3227411.5,
PNTM9M2jMkKm3GLHpLiq3J4gE,"","North Campus",6c2573ce-592a-4519-989c-2fd21d6918b7,"W", 08/13/2025 11:45:00 PM,"(UTC-07:00) Arizona",,,3205214.83333333,3197224.2,3216454.5,
PNTM9M2jMkKm3GLHpLiq3J4gE,"","North Campus",6c2573ce-592a-4519-989c-2fd21d6918b7,"W", 08/14/2025 12:00:00 AM,"(UTC-07:00) Arizona",,,3185256.66666667,3167958.2,3198475.8,
PNTM9M2jMkKm3GLHpLiq3J4gE,"","North Campus",6c2573ce-592a-4519-989c-2fd21d6918b7,"W", 08/14/2025 12:15:00 AM,"(UTC-07:00) Arizona",,,3185309.66666667,3163479.2,3208975,
PNTM9M2jMkKm3GLHpLiq3J4gE,"","North Campus",6c2573ce-592a-4519-989c-2fd21d6918b7,"W", 08/14/2025 12:30:00 AM,"(UTC-07:00) Arizona",,,3183604.83333333,3148527.8,3202934.2,
PNTM9M2jMkKm3GLHpLiq3J4gE,"","North Campus",6c2573ce-592a-4519-989c-2fd21d6918b7,"W", 08/14/2025 12:45:00 AM,"(UTC-07:00) Arizona",,,3141410.2,3129960.8,3152826,
PNTM9M2jMkKm3GLHpLiq3J4gE,"","North Campus",6c2573ce-592a-4519-989c-2fd21d6918b7,"W", 08/14/2025 01:00:00 AM,"(UTC-07:00) Arizona",,,3187943.6,3137267.8,3221279,
PNTM9M2jMkKm3GLHpLiq3J4gE,"","North Campus",6c2573ce-592a-4519-989c-2fd21d6918b7,"W", 08/14/2025 01:15:00 AM,"(UTC-07:00) Arizona",,,3152881.13333333,3147104.8,3163931.8,
PNTM9M2jMkKm3GLHpLiq3J4gE,"","North Campus",6c2573ce-592a-4519-989c-2fd21d6918b7,"W", 08/14/2025 01:30:00 AM,"(UTC-07:00) Arizona",,,3152278.83333333,3135136.2,3162794.8,
PNTM9M2jMkKm3GLHpLiq3J4gE,"","North Campus",6c2573ce-592a-4519-989c-2fd21d6918b7,"W", 08/14/2025 01:45:00 AM,"(UTC-07:00) Arizona",,,3169941.56666667,3151761.5,3197455,
PNTM9M2jMkKm3GLHpLiq3J4gE,"","North Campus",6c2573ce-592a-4519-989c-2fd21d6918b7,"W", 08/14/2025 02:00:00 AM,"(UTC-07:00) Arizona",,,3163112.46666667,3156869,3169681.2,
PNTM9M2jMkKm3GLHpLiq3J4gE,"","North Campus",6c2573ce-592a-4519-989c-2fd21d6918b7,"W", 08/14/2025 02:15:00 AM,"(UTC-07:00) Arizona",,,3164853.1,3154209.8,3181468.5,
PNTM9M2jMkKm3GLHpLiq3J4gE,"","North Campus",6c2573ce-592a-4519-989c-2fd21d6918b7,"W", 08/14/2025 02:30:00 AM,"(UTC-07:00) Arizona",,,3174558.5,3162981.5,3187806.8,
PNTM9M2jMkKm3GLHpLiq3J4gE,"","North Campus",6c2573ce-592a-4519-989c-2fd21d6918b7,"W", 08/14/2025 02:45:00 AM,"(UTC-07:00) Arizona",,,3179859.2,3166708.2,3193010.2,
PNTM9M2jMkKm3GLHpLiq3J4gE,"","North Campus",6c2573ce-592a-4519-989c-2fd21d6918b7,"W", 08/14/2025 03:00:00 AM,"(UTC-07:00) Arizona",,,3181007.35,3174937.2,3184862.2,
PNTM9M2jMkKm3GLHpLiq3J4gE,"","North Campus",6c2573ce-592a-4519-989c-2fd21d6918b7,"W", 08/14/2025 03:15:00 AM,"(UTC-07:00) Arizona",,,3162072.2,3152285.8,3173241.8,
PNTM9M2jMkKm3GLHpLiq3J4gE,"","North Campus",6c2573ce-592a-4519-989c-2fd21d6918b7,"W", 08/14/2025 03:30:00 AM,"(UTC-07:00) Arizona",,,3210177.03333333,3189252.5,3225465.8,
PNTM9M2jMkKm3GLHpLiq3J4gE,"","North Campus",6c2573ce-592a-4519-989c-2fd21d6918b7,"W", 08/14/2025 03:45:00 AM,"(UTC-07:00) Arizona",,,3250739.75,3250599.5,3250880,
PNTM9M2jMkKm3GLHpLiq3J4gE,"","North Campus",6c2573ce-592a-4519-989c-2fd21d6918b7,"W", 08/14/2025 04:00:00 AM,"(UTC-07:00) Arizona",,,3301508.775,3279102,3330910.5,
PNTM9M2jMkKm3GLHpLiq3J4gE,"","North Campus",6c2573ce-592a-4519-989c-2fd21d6918b7,"W", 08/14/2025 04:15:00 AM,"(UTC-07:00) Arizona",,,3322679,3301482.2,3343311.8,
PNTM9M2jMkKm3GLHpLiq3J4gE,"","North Campus",6c2573ce-592a-4519-989c-2fd21d6918b7,"W", 08/14/2025 04:30:00 AM,"(UTC-07:00) Arizona",,,3337259.06666667,3316824.8,3374512.2,
PNTM9M2jMkKm3GLHpLiq3J4gE,"","North Campus",6c2573ce-592a-4519-989c-2fd21d6918b7,"W", 08/14/2025 04:45:00 AM,"(UTC-07:00) Arizona",,,3341345.2,3338971.8,3344285,
PNTM9M2jMkKm3GLHpLiq3J4gE,"","North Campus",6c2573ce-592a-4519-989c-2fd21d6918b7,"W", 08/14/2025 05:00:00 AM,"(UTC-07:00) Arizona",,,3365104.1,3359408,3370800.2,
PNTM9M2jMkKm3GLHpLiq3J4gE,"","North Campus",6c2573ce-592a-4519-989c-2fd21d6918b7,"W", 08/14/2025 05:15:00 AM,"(UTC-07:00) Arizona",,,3374987.175,3347968.2,3429325.5,
PNTM9M2jMkKm3GLHpLiq3J4gE,"","North Campus",6c2573ce-592a-4519-989c-2fd21d6918b7,"W", 08/14/2025 05:30:00 AM,"(UTC-07:00) Arizona",,,3400840.5,3399417,3402264,
PNTM9M2jMkKm3GLHpLiq3J4gE,"","North Campus",6c2573ce-592a-4519-989c-2fd21d6918b7,"W", 08/14/2025 05:45:00 AM,"(UTC-07:00) Arizona",,,3392043.4,3379327.8,3404759,
PNTM9M2jMkKm3GLHpLiq3J4gE,"","North Campus",6c2573ce-592a-4519-989c-2fd21d6918b7,"W", 08/14/2025 06:00:00 AM,"(UTC-07:00) Arizona",,,3475068.075,3458107.8,3498293.2,
PNTM9M2jMkKm3GLHpLiq3J4gE,"","North Campus",6c2573ce-592a-4519-989c-2fd21d6918b7,"W", 08/14/2025 06:15:00 AM,"(UTC-07:00) Arizona",,,3478905.4,3445598,3531453.2,
PNTM9M2jMkKm3GLHpLiq3J4gE,"","North Campus",6c2573ce-592a-4519-989c-2fd21d6918b7,"W", 08/14/2025 06:30:00 AM,"(UTC-07:00) Arizona",,,3562558.65,3554646.8,3570470.5,
PNTM9M2jMkKm3GLHpLiq3J4gE,"","North Campus",6c2573ce-592a-4519-989c-2fd21d6918b7,"W", 08/14/2025 06:45:00 AM,"(UTC-07:00) Arizona",,,3545031.73333333,3524625.2,3560408,
PNTM9M2jMkKm3GLHpLiq3J4gE,"","North Campus",6c2573ce-592a-4519-989c-2fd21d6918b7,"W", 08/14/2025 07:00:00 AM,"(UTC-07:00) Arizona",,,3769236.8,3762136.8,3776336.8,
PNTM9M2jMkKm3GLHpLiq3J4gE,"","North Campus",6c2573ce-592a-4519-989c-2fd21d6918b7,"W", 08/14/2025 07:15:00 AM,"(UTC-07:00) Arizona",,,3866563.575,3810157.5,3913069.2,
PNTM9M2jMkKm3GLHpLiq3J4gE,"","North Campus",6c2573ce-592a-4519-989c-2fd21d6918b7,"W", 08/14/2025 07:30:00 AM,"(UTC-07:00) Arizona",,,3978883.43333333,3942906.8,4002540,
PNTM9M2jMkKm3GLHpLiq3J4gE,"","North Campus",6c2573ce-592a-4519-989c-2fd21d6918b7,"W", 08/14/2025 07:45:00 AM,"(UTC-07:00) Arizona",,,4064165.73333333,4018613,4134348.2,
PNTM9M2jMkKm3GLHpLiq3J4gE,"","North Campus",6c2573ce-592a-4519-989c-2fd21d6918b7,"W", 08/14/2025 08:00:00 AM,"(UTC-07:00) Arizona",,,4134102.1,4125134,4143070.2,
PNTM9M2jMkKm3GLHpLiq3J4gE,"","North Campus",6c2573ce-592a-4519-989c-2fd21d6918b7,"W", 08/14/2025 08:15:00 AM,"(UTC-07:00) Arizona",,,4197846,4159289,4242659.5,
PNTM9M2jMkKm3GLHpLiq3J4gE,"","North Campus",6c2573ce-592a-4519-989c-2fd21d6918b7,"W", 08/14/2025 08:30:00 AM,"(UTC-07:00) Arizona",,,4268279.83333333,4233325.5,4323164,
PNTM9M2jMkKm3GLHpLiq3J4gE,"","North Campus",6c2573ce-592a-4519-989c-2fd21d6918b7,"W", 08/14/2025 08:45:00 AM,"(UTC-07:00) Arizona",,,4109139.46666667,4019012.2,4246219,
PNTM9M2jMkKm3GLHpLiq3J4gE,"","North Campus",6c2573ce-592a-4519-989c-2fd21d6918b7,"W", 08/14/2025 09:00:00 AM,"(UTC-07:00) Arizona",,,4051807,4032637.2,4070976.8,
PNTM9M2jMkKm3GLHpLiq3J4gE,"","North Campus",6c2573ce-592a-4519-989c-2fd21d6918b7,"W", 08/14/2025 09:15:00 AM,"(UTC-07:00) Arizona",,,4054030.43333333,3881870.8,4168194.5,
PNTM9M2jMkKm3GLHpLiq3J4gE,"","North Campus",6c2573ce-592a-4519-989c-2fd21d6918b7,"W", 08/14/2025 09:30:00 AM,"(UTC-07:00) Arizona",,,4331665.375,4299835,4369582,
PNTM9M2jMkKm3GLHpLiq3J4gE,"","North Campus",6c2573ce-592a-4519-989c-2fd21d6918b7,"W", 08/14/2025 09:45:00 AM,"(UTC-07:00) Arizona",,,4539231.16666667,4514540,4557631,
PNTM9M2jMkKm3GLHpLiq3J4gE,"","North Campus",6c2573ce-592a-4519-989c-2fd21d6918b7,"W", 08/14/2025 10:00:00 AM,"(UTC-07:00) Arizona",,,4426781.75,4406073,4447490.5,
PNTM9M2jMkKm3GLHpLiq3J4gE,"","North Campus",6c2573ce-592a-4519-989c-2fd21d6918b7,"W", 08/14/2025 10:15:00 AM,"(UTC-07:00) Arizona",,,4456962.33333333,4416411,4499696,
PNTM9M2jMkKm3GLHpLiq3J4gE,"","North Campus",6c2573ce-592a-4519-989c-2fd21d6918b7,"W", 08/14/2025 10:30:00 AM,"(UTC-07:00) Arizona",,,4496066.33333333,4480570.5,4509978,
PNTM9M2jMkKm3GLHpLiq3J4gE,"","North Campus",6c2573ce-592a-4519-989c-2fd21d6918b7,"W", 08/14/2025 10:45:00 AM,"(UTC-07:00) Arizona",,,4506015.83333333,4491168.5,4529149,
PNTM9M2jMkKm3GLHpLiq3J4gE,"","North Campus",6c2573ce-592a-4519-989c-2fd21d6918b7,"W", 08/14/2025 11:00:00 AM,"(UTC-07:00) Arizona",,,4508597.33333333,4496422.5,4521923.5,
PNTM9M2jMkKm3GLHpLiq3J4gE,"","North Campus",6c2573ce-592a-4519-989c-2fd21d6918b7,"W", 08/14/2025 11:15:00 AM,"(UTC-07:00) Arizona",,,4486323.16666667,4461512,4520270.5,
PNTM9M2jMkKm3GLHpLiq3J4gE,"","North Campus",6c2573ce-592a-4519-989c-2fd21d6918b7,"W", 08/14/2025 11:30:00 AM,"(UTC-07:00) Arizona",,,4445892.83333333,4402994,4469123,
PNTM9M2jMkKm3GLHpLiq3J4gE,"","North Campus",6c2573ce-592a-4519-989c-2fd21d6918b7,"W", 08/14/2025 11:45:00 AM,"(UTC-07:00) Arizona",,,4387575.83333333,4332148,4431129,
PNTM9M2jMkKm3GLHpLiq3J4gE,"","North Campus",6c2573ce-592a-4519-989c-2fd21d6918b7,"W", 08/14/2025 12:00:00 PM,"(UTC-07:00) Arizona",,,4406002.66666667,4344309,4440663,
PNTM9M2jMkKm3GLHpLiq3J4gE,"","North Campus",6c2573ce-592a-4519-989c-2fd21d6918b7,"W", 08/14/2025 12:15:00 PM,"(UTC-07:00) Arizona",,,4349690.5,4259078,4420811,
PNTM9M2jMkKm3GLHpLiq3J4gE,"","North Campus",6c2573ce-592a-4519-989c-2fd21d6918b7,"W", 08/14/2025 12:30:00 PM,"(UTC-07:00) Arizona",,,4206505.06666667,4069681.2,4342806.5,
PNTM9M2jMkKm3GLHpLiq3J4gE,"","North Campus",6c2573ce-592a-4519-989c-2fd21d6918b7,"W", 08/14/2025 12:45:00 PM,"(UTC-07:00) Arizona",,,4133938.4,4061793.2,4211234.5,
PNTM9M2jMkKm3GLHpLiq3J4gE,"","North Campus",6c2573ce-592a-4519-989c-2fd21d6918b7,"W", 08/14/2025 01:00:00 PM,"(UTC-07:00) Arizona",,,4273627.5,4199255,4373794,
PNTM9M2jMkKm3GLHpLiq3J4gE,"","North Campus",6c2573ce-592a-4519-989c-2fd21d6918b7,"W", 08/14/2025 01:15:00 PM,"(UTC-07:00) Arizona",,,4303150,4210101.5,4400512.5,
PNTM9M2jMkKm3GLHpLiq3J4gE,"","North Campus",6c2573ce-592a-4519-989c-2fd21d6918b7,"W", 08/14/2025 01:30:00 PM,"(UTC-07:00) Arizona",,,4437824.5,4267482.5,4527010,
PNTM9M2jMkKm3GLHpLiq3J4gE,"","North Campus",6c2573ce-592a-4519-989c-2fd21d6918b7,"W", 08/14/2025 01:45:00 PM,"(UTC-07:00) Arizona",,,4449049.16666667,4408903,4491945.5,
PNTM9M2jMkKm3GLHpLiq3J4gE,"","North Campus",6c2573ce-592a-4519-989c-2fd21d6918b7,"W", 08/14/2025 02:00:00 PM,"(UTC-07:00) Arizona",,,4397807.33333333,4288481,4477629.5,
PNTM9M2jMkKm3GLHpLiq3J4gE,"","North Campus",6c2573ce-592a-4519-989c-2fd21d6918b7,"W", 08/14/2025 02:15:00 PM,"(UTC-07:00) Arizona",,,4455163,4242755,4572310.5,
PNTM9M2jMkKm3GLHpLiq3J4gE,"","North Campus",6c2573ce-592a-4519-989c-2fd21d6918b7,"W", 08/14/2025 02:30:00 PM,"(UTC-07:00) Arizona",,,4595259.83333333,4530001.5,4644097,
PNTM9M2jMkKm3GLHpLiq3J4gE,"","North Campus",6c2573ce-592a-4519-989c-2fd21d6918b7,"W", 08/14/2025 02:45:00 PM,"(UTC-07:00) Arizona",,,4598677.33333333,4555428,4648605.5,
PNTM9M2jMkKm3GLHpLiq3J4gE,"","North Campus",6c2573ce-592a-4519-989c-2fd21d6918b7,"W", 08/14/2025 03:00:00 PM,"(UTC-07:00) Arizona",,,4541376.5,4458364.5,4629059,
PNTM9M2jMkKm3GLHpLiq3J4gE,"","North Campus",6c2573ce-592a-4519-989c-2fd21d6918b7,"W", 08/14/2025 03:15:00 PM,"(UTC-07:00) Arizona",,,4528904.16666667,4509656,4546212.5,
PNTM9M2jMkKm3GLHpLiq3J4gE,"","North Campus",6c2573ce-592a-4519-989c-2fd21d6918b7,"W", 08/14/2025 03:30:00 PM,"(UTC-07:00) Arizona",,,4519834,4497541.5,4558064,
PNTM9M2jMkKm3GLHpLiq3J4gE,"","North Campus",6c2573ce-592a-4519-989c-2fd21d6918b7,"W", 08/14/2025 03:45:00 PM,"(UTC-07:00) Arizona",,,4482738.66666667,4423073,4533745,
PNTM9M2jMkKm3GLHpLiq3J4gE,"","North Campus",6c2573ce-592a-4519-989c-2fd21d6918b7,"W", 08/14/2025 04:00:00 PM,"(UTC-07:00) Arizona",,,4429870,4350750.5,4488868.5,
PNTM9M2jMkKm3GLHpLiq3J4gE,"","North Campus",6c2573ce-592a-4519-989c-2fd21d6918b7,"W", 08/14/2025 04:15:00 PM,"(UTC-07:00) Arizona",,,4273992.16666667,4245987.5,4303747.5,
PNTM9M2jMkKm3GLHpLiq3J4gE,"","North Campus",6c2573ce-592a-4519-989c-2fd21d6918b7,"W", 08/14/2025 04:30:00 PM,"(UTC-07:00) Arizona",,,4261785.66666667,4238035,4279347,
PNTM9M2jMkKm3GLHpLiq3J4gE,"","North Campus",6c2573ce-592a-4519-989c-2fd21d6918b7,"W", 08/14/2025 04:45:00 PM,"(UTC-07:00) Arizona",,,4282400.33333333,4252689.5,4319231,
PNTM9M2jMkKm3GLHpLiq3J4gE,"","North Campus",6c2573ce-592a-4519-989c-2fd21d6918b7,"W", 08/14/2025 05:00:00 PM,"(UTC-07:00) Arizona",,,4267965.16666667,4258904.5,4277666.5,
PNTM9M2jMkKm3GLHpLiq3J4gE,"","North Campus",6c2573ce-592a-4519-989c-2fd21d6918b7,"W", 08/14/2025 05:15:00 PM,"(UTC-07:00) Arizona",,,4192142.13333333,4170545.2,4229251,
PNTM9M2jMkKm3GLHpLiq3J4gE,"","North Campus",6c2573ce-592a-4519-989c-2fd21d6918b7,"W", 08/14/2025 05:30:00 PM,"(UTC-07:00) Arizona",,,4077103.6,4038886,4115321.2,
PNTM9M2jMkKm3GLHpLiq3J4gE,"","North Campus",6c2573ce-592a-4519-989c-2fd21d6918b7,"W", 08/14/2025 05:45:00 PM,"(UTC-07:00) Arizona",,,4061072.225,3945535.8,4100349.8,
PNTM9M2jMkKm3GLHpLiq3J4gE,"","North Campus",6c2573ce-592a-4519-989c-2fd21d6918b7,"W", 08/14/2025 06:00:00 PM,"(UTC-07:00) Arizona",,,3960099.83333333,3892781.8,4017116.2,
PNTM9M2jMkKm3GLHpLiq3J4gE,"","North Campus",6c2573ce-592a-4519-989c-2fd21d6918b7,"W", 08/14/2025 06:15:00 PM,"(UTC-07:00) Arizona",,,4015744.96666667,3968807.2,4044346.5,
PNTM9M2jMkKm3GLHpLiq3J4gE,"","North Campus",6c2573ce-592a-4519-989c-2fd21d6918b7,"W", 08/14/2025 06:30:00 PM,"(UTC-07:00) Arizona",,,4053282.65,4050545.8,4056019.5,
PNTM9M2jMkKm3GLHpLiq3J4gE,"","North Campus",6c2573ce-592a-4519-989c-2fd21d6918b7,"W", 08/14/2025 06:45:00 PM,"(UTC-07:00) Arizona",,,4042366.125,3952651.5,4088431.2,
PNTM9M2jMkKm3GLHpLiq3J4gE,"","North Campus",6c2573ce-592a-4519-989c-2fd21d6918b7,"W", 08/14/2025 07:00:00 PM,"(UTC-07:00) Arizona",,,3950012.73333333,3919427.2,3974381.8,
PNTM9M2jMkKm3GLHpLiq3J4gE,"","North Campus",6c2573ce-592a-4519-989c-2fd21d6918b7,"W", 08/14/2025 07:15:00 PM,"(UTC-07:00) Arizona",,,3943348.06666667,3920958.2,3980703.5,
PNTM9M2jMkKm3GLHpLiq3J4gE,"","North Campus",6c2573ce-592a-4519-989c-2fd21d6918b7,"W", 08/14/2025 07:30:00 PM,"(UTC-07:00) Arizona",,,3922962,3917600.8,3928323.2,
PNTM9M2jMkKm3GLHpLiq3J4gE,"","North Campus",6c2573ce-592a-4519-989c-2fd21d6918b7,"W", 08/14/2025 07:45:00 PM,"(UTC-07:00) Arizona",,,3836144.975,3675460.8,3899495.8,
PNTM9M2jMkKm3GLHpLiq3J4gE,"","North Campus",6c2573ce-592a-4519-989c-2fd21d6918b7,"W", 08/14/2025 08:00:00 PM,"(UTC-07:00) Arizona",,,3735905.75,3735654.5,3736157,
PNTM9M2jMkKm3GLHpLiq3J4gE,"","North Campus",6c2573ce-592a-4519-989c-2fd21d6918b7,"W", 08/14/2025 08:15:00 PM,"(UTC-07:00) Arizona",,,3651896.16666667,3631879,3672918,
PNTM9M2jMkKm3GLHpLiq3J4gE,"","North Campus",6c2573ce-592a-4519-989c-2fd21d6918b7,"W", 08/14/2025 08:30:00 PM,"(UTC-07:00) Arizona",,,3702699.8,3702699.8,3702699.8,
PNTM9M2jMkKm3GLHpLiq3J4gE,"","North Campus",6c2573ce-592a-4519-989c-2fd21d6918b7,"W", 08/14/2025 08:45:00 PM,"(UTC-07:00) Arizona",,,3641200.7,3606907.8,3657987.8,
PNTM9M2jMkKm3GLHpLiq3J4gE,"","North Campus",6c2573ce-592a-4519-989c-2fd21d6918b7,"W", 08/14/2025 09:00:00 PM,"(UTC-07:00) Arizona",,,3602736.26666667,3552881.2,3630091.8,
PNTM9M2jMkKm3GLHpLiq3J4gE,"","North Campus",6c2573ce-592a-4519-989c-2fd21d6918b7,"W", 08/14/2025 09:15:00 PM,"(UTC-07:00) Arizona",,,3574537.2,3565987.2,3583087.2,
PNTM9M2jMkKm3GLHpLiq3J4gE,"","North Campus",6c2573ce-592a-4519-989c-2fd21d6918b7,"W", 08/14/2025 09:30:00 PM,"(UTC-07:00) Arizona",,,3445125.33333333,3434073,3466113.5,
PNTM9M2jMkKm3GLHpLiq3J4gE,"","North Campus",6c2573ce-592a-4519-989c-2fd21d6918b7,"W", 08/14/2025 09:45:00 PM,"(UTC-07:00) Arizona",,,3432069.5,3385749.5,3464021.8,
PNTM9M2jMkKm3GLHpLiq3J4gE,"","North Campus",6c2573ce-592a-4519-989c-2fd21d6918b7,"W", 08/14/2025 10:00:00 PM,"(UTC-07:00) Arizona",,,3392014.66666667,3367649,3406699.8,
PNTM9M2jMkKm3GLHpLiq3J4gE,"","North Campus",6c2573ce-592a-4519-989c-2fd21d6918b7,"W", 08/14/2025 10:15:00 PM,"(UTC-07:00) Arizona",,,3363609.4,3322196.2,3392643.8,
PNTM9M2jMkKm3GLHpLiq3J4gE,"","North Campus",6c2573ce-592a-4519-989c-2fd21d6918b7,"W", 08/14/2025 10:30:00 PM,"(UTC-07:00) Arizona",,,3342889.7,3324530.8,3356866.5,
PNTM9M2jMkKm3GLHpLiq3J4gE,"","North Campus",6c2573ce-592a-4519-989c-2fd21d6918b7,"W", 08/14/2025 10:45:00 PM,"(UTC-07:00) Arizona",,,3293818.23333333,3203309,3354123.2,
PNTM9M2jMkKm3GLHpLiq3J4gE,"","North Campus",6c2573ce-592a-4519-989c-2fd21d6918b7,"W", 08/14/2025 11:00:00 PM,"(UTC-07:00) Arizona",,,3173725.4,3158229,3189221.8,
PNTM9M2jMkKm3GLHpLiq3J4gE,"","North Campus",6c2573ce-592a-4519-989c-2fd21d6918b7,"W", 08/14/2025 11:15:00 PM,"(UTC-07:00) Arizona",,,3177200.075,3163485.8,3192200,
PNTM9M2jMkKm3GLHpLiq3J4gE,"","North Campus",6c2573ce-592a-4519-989c-2fd21d6918b7,"W", 08/14/2025 11:30:00 PM,"(UTC-07:00) Arizona",,,3133140.3,3122697.8,3143582.8,
PNTM9M2jMkKm3GLHpLiq3J4gE,"","North Campus",6c2573ce-592a-4519-989c-2fd21d6918b7,"W", 08/14/2025 11:45:00 PM,"(UTC-07:00) Arizona",,,3152731.43333333,3141478.5,3163146,
PNTM9M2jMkKm3GLHpLiq3J4gE,"","North Campus",6c2573ce-592a-4519-989c-2fd21d6918b7,"W", 08/15/2025 12:00:00 AM,"(UTC-07:00) Arizona",,,3125797.8,3112139.8,3136144.8,
PNTM9M2jMkKm3GLHpLiq3J4gE,"","North Campus",6c2573ce-592a-4519-989c-2fd21d6918b7,"W", 08/15/2025 12:15:00 AM,"(UTC-07:00) Arizona",,,3140044.73333333,3128987,3148415.2,
PNTM9M2jMkKm3GLHpLiq3J4gE,"","North Campus",6c2573ce-592a-4519-989c-2fd21d6918b7,"W", 08/15/2025 12:30:00 AM,"(UTC-07:00) Arizona",,,3161295.7,3148211.8,3168638.5,
PNTM9M2jMkKm3GLHpLiq3J4gE,"","North Campus",6c2573ce-592a-4519-989c-2fd21d6918b7,"W", 08/15/2025 12:45:00 AM,"(UTC-07:00) Arizona",,,3129276.73333333,3114770,3144632,
PNTM9M2jMkKm3GLHpLiq3J4gE,"","North Campus",6c2573ce-592a-4519-989c-2fd21d6918b7,"W", 08/15/2025 01:00:00 AM,"(UTC-07:00) Arizona",,,3118314.1,3114475,3122084.8,
PNTM9M2jMkKm3GLHpLiq3J4gE,"","North Campus",6c2573ce-592a-4519-989c-2fd21d6918b7,"W", 08/15/2025 01:15:00 AM,"(UTC-07:00) Arizona",,,3084923.83333333,3036610.5,3120135.2,
PNTM9M2jMkKm3GLHpLiq3J4gE,"","North Campus",6c2573ce-592a-4519-989c-2fd21d6918b7,"W", 08/15/2025 01:30:00 AM,"(UTC-07:00) Arizona",,,3084582.13333333,3071158.8,3097693.8,
PNTM9M2jMkKm3GLHpLiq3J4gE,"","North Campus",6c2573ce-592a-4519-989c-2fd21d6918b7,"W", 08/15/2025 01:45:00 AM,"(UTC-07:00) Arizona",,,3079499.73333333,3059326.2,3095935.8,
PNTM9M2jMkKm3GLHpLiq3J4gE,"","North Campus",6c2573ce-592a-4519-989c-2fd21d6918b7,"W", 08/15/2025 02:00:00 AM,"(UTC-07:00) Arizona",,,3074502.16666667,3050487.5,3095706.2,
PNTM9M2jMkKm3GLHpLiq3J4gE,"","North Campus",6c2573ce-592a-4519-989c-2fd21d6918b7,"W", 08/15/2025 02:15:00 AM,"(UTC-07:00) Arizona",,,3087733.73333333,3068566.2,3104886.2,
PNTM9M2jMkKm3GLHpLiq3J4gE,"","North Campus",6c2573ce-592a-4519-989c-2fd21d6918b7,"W", 08/15/2025 02:30:00 AM,"(UTC-07:00) Arizona",,,3094336.85,3086706.5,3101967.2,
PNTM9M2jMkKm3GLHpLiq3J4gE,"","North Campus",6c2573ce-592a-4519-989c-2fd21d6918b7,"W", 08/15/2025 02:45:00 AM,"(UTC-07:00) Arizona",,,3036783,3026955,3046611,
PNTM9M2jMkKm3GLHpLiq3J4gE,"","North Campus",6c2573ce-592a-4519-989c-2fd21d6918b7,"W", 08/15/2025 03:00:00 AM,"(UTC-07:00) Arizona",,,3075165.1,3072197.8,3080090.5,
PNTM9M2jMkKm3GLHpLiq3J4gE,"","North Campus",6c2573ce-592a-4519-989c-2fd21d6918b7,"W", 08/15/2025 03:15:00 AM,"(UTC-07:00) Arizona",,,3070230.9,3048868.5,3110764,
PNTM9M2jMkKm3GLHpLiq3J4gE,"","North Campus",6c2573ce-592a-4519-989c-2fd21d6918b7,"W", 08/15/2025 03:30:00 AM,"(UTC-07:00) Arizona",,,3071160.5,3050481,3095789.5,
PNTM9M2jMkKm3GLHpLiq3J4gE,"","North Campus",6c2573ce-592a-4519-989c-2fd21d6918b7,"W", 08/15/2025 03:45:00 AM,"(UTC-07:00) Arizona",,,3186314.93333333,3166020.8,3211955.5,
PNTM9M2jMkKm3GLHpLiq3J4gE,"","North Campus",6c2573ce-592a-4519-989c-2fd21d6918b7,"W", 08/15/2025 04:00:00 AM,"(UTC-07:00) Arizona",,,3238805.86666667,3199746.2,3275383.2,
PNTM9M2jMkKm3GLHpLiq3J4gE,"","North Campus",6c2573ce-592a-4519-989c-2fd21d6918b7,"W", 08/15/2025 04:15:00 AM,"(UTC-07:00) Arizona",,,3251752.06666667,3228668.8,3269613.2,
PNTM9M2jMkKm3GLHpLiq3J4gE,"","North Campus",6c2573ce-592a-4519-989c-2fd21d6918b7,"W", 08/15/2025 04:30:00 AM,"(UTC-07:00) Arizona",,,3275623.03333333,3267791.8,3283936.8,
PNTM9M2jMkKm3GLHpLiq3J4gE,"","North Campus",6c2573ce-592a-4519-989c-2fd21d6918b7,"W", 08/15/2025 04:45:00 AM,"(UTC-07:00) Arizona",,,3327850.93333333,3309148.8,3350350,
PNTM9M2jMkKm3GLHpLiq3J4gE,"","North Campus",6c2573ce-592a-4519-989c-2fd21d6918b7,"W", 08/15/2025 05:00:00 AM,"(UTC-07:00) Arizona",,,3352671.93333333,3330488.5,3368633.8,
PNTM9M2jMkKm3GLHpLiq3J4gE,"","North Campus",6c2573ce-592a-4519-989c-2fd21d6918b7,"W", 08/15/2025 05:15:00 AM,"(UTC-07:00) Arizona",,,3341681.4,3326279.2,3353613.5,
PNTM9M2jMkKm3GLHpLiq3J4gE,"","North Campus",6c2573ce-592a-4519-989c-2fd21d6918b7,"W", 08/15/2025 05:30:00 AM,"(UTC-07:00) Arizona",,,3408939.26666667,3351055.5,3461719.8,
PNTM9M2jMkKm3GLHpLiq3J4gE,"","North Campus",6c2573ce-592a-4519-989c-2fd21d6918b7,"W", 08/15/2025 05:45:00 AM,"(UTC-07:00) Arizona",,,3414446.26666667,3331149.5,3529153.5,
PNTM9M2jMkKm3GLHpLiq3J4gE,"","North Campus",6c2573ce-592a-4519-989c-2fd21d6918b7,"W", 08/15/2025 06:00:00 AM,"(UTC-07:00) Arizona",,,3484470.83333333,3478596,3494199.5,
PNTM9M2jMkKm3GLHpLiq3J4gE,"","North Campus",6c2573ce-592a-4519-989c-2fd21d6918b7,"W", 08/15/2025 06:15:00 AM,"(UTC-07:00) Arizona",,,3490927.86666667,3476206.8,3499514,
PNTM9M2jMkKm3GLHpLiq3J4gE,"","North Campus",6c2573ce-592a-4519-989c-2fd21d6918b7,"W", 08/15/2025 06:30:00 AM,"(UTC-07:00) Arizona",,,3476904.5,3462212.8,3491596.2,
PNTM9M2jMkKm3GLHpLiq3J4gE,"","North Campus",6c2573ce-592a-4519-989c-2fd21d6918b7,"W", 08/15/2025 06:45:00 AM,"(UTC-07:00) Arizona",,,3494405.8,3436027.2,3558377,
PNTM9M2jMkKm3GLHpLiq3J4gE,"","North Campus",6c2573ce-592a-4519-989c-2fd21d6918b7,"W", 08/15/2025 07:00:00 AM,"(UTC-07:00) Arizona",,,3608747.26666667,3575251.5,3654597.8,
PNTM9M2jMkKm3GLHpLiq3J4gE,"","North Campus",6c2573ce-592a-4519-989c-2fd21d6918b7,"W", 08/15/2025 07:15:00 AM,"(UTC-07:00) Arizona",,,3610208.85,3579337.5,3641080.2,
PNTM9M2jMkKm3GLHpLiq3J4gE,"","North Campus",6c2573ce-592a-4519-989c-2fd21d6918b7,"W", 08/15/2025 07:30:00 AM,"(UTC-07:00) Arizona",,,3713566.26666667,3678401.8,3744685.2,
PNTM9M2jMkKm3GLHpLiq3J4gE,"","North Campus",6c2573ce-592a-4519-989c-2fd21d6918b7,"W", 08/15/2025 07:45:00 AM,"(UTC-07:00) Arizona",,,3815546.375,3770066.2,3898795.5,
PNTM9M2jMkKm3GLHpLiq3J4gE,"","North Campus",6c2573ce-592a-4519-989c-2fd21d6918b7,"W", 08/15/2025 08:00:00 AM,"(UTC-07:00) Arizona",,,3911590.25,3903203,3919977.5,
PNTM9M2jMkKm3GLHpLiq3J4gE,"","North Campus",6c2573ce-592a-4519-989c-2fd21d6918b7,"W", 08/15/2025 08:15:00 AM,"(UTC-07:00) Arizona",,,3991940.4,3930767.5,4060582.8,
PNTM9M2jMkKm3GLHpLiq3J4gE,"","North Campus",6c2573ce-592a-4519-989c-2fd21d6918b7,"W", 08/15/2025 08:30:00 AM,"(UTC-07:00) Arizona",,,3984962.26666667,3888628.5,4052900.8,
PNTM9M2jMkKm3GLHpLiq3J4gE,"","North Campus",6c2573ce-592a-4519-989c-2fd21d6918b7,"W", 08/15/2025 08:45:00 AM,"(UTC-07:00) Arizona",,,4002469.83333333,3940011.2,4041102.5,
PNTM9M2jMkKm3GLHpLiq3J4gE,"","North Campus",6c2573ce-592a-4519-989c-2fd21d6918b7,"W", 08/15/2025 09:00:00 AM,"(UTC-07:00) Arizona",,,4065542.16666667,4053453.5,4081573.8,
PNTM9M2jMkKm3GLHpLiq3J4gE,"","North Campus",6c2573ce-592a-4519-989c-2fd21d6918b7,"W", 08/15/2025 09:15:00 AM,"(UTC-07:00) Arizona",,,3954569.85,3890387.2,4018752.5,
PNTM9M2jMkKm3GLHpLiq3J4gE,"","North Campus",6c2573ce-592a-4519-989c-2fd21d6918b7,"W", 08/15/2025 09:30:00 AM,"(UTC-07:00) Arizona",,,3809465,3728096.5,3929119,
PNTM9M2jMkKm3GLHpLiq3J4gE,"","North Campus",6c2573ce-592a-4519-989c-2fd21d6918b7,"W", 08/15/2025 09:45:00 AM,"(UTC-07:00) Arizona",,,3931293.16666667,3828967,4090060.5,
PNTM9M2jMkKm3GLHpLiq3J4gE,"","North Campus",6c2573ce-592a-4519-989c-2fd21d6918b7,"W", 08/15/2025 10:00:00 AM,"(UTC-07:00) Arizona",,,3879665,3834205.5,3928665.5,
PNTM9M2jMkKm3GLHpLiq3J4gE,"","North Campus",6c2573ce-592a-4519-989c-2fd21d6918b7,"W", 08/15/2025 10:15:00 AM,"(UTC-07:00) Arizona",,,3946452.33333333,3839367.2,4123150,
PNTM9M2jMkKm3GLHpLiq3J4gE,"","North Campus",6c2573ce-592a-4519-989c-2fd21d6918b7,"W", 08/15/2025 10:30:00 AM,"(UTC-07:00) Arizona",,,3756441.3,3521675.5,4087549.2,
PNTM9M2jMkKm3GLHpLiq3J4gE,"","North Campus",6c2573ce-592a-4519-989c-2fd21d6918b7,"W", 08/15/2025 10:45:00 AM,"(UTC-07:00) Arizona",,,3783688.46666667,3686571.8,3835035.8,
PNTM9M2jMkKm3GLHpLiq3J4gE,"","North Campus",6c2573ce-592a-4519-989c-2fd21d6918b7,"W", 08/15/2025 11:00:00 AM,"(UTC-07:00) Arizona",,,3861304.9,3835035.8,3887574,
PNTM9M2jMkKm3GLHpLiq3J4gE,"","North Campus",6c2573ce-592a-4519-989c-2fd21d6918b7,"W", 08/15/2025 11:15:00 AM,"(UTC-07:00) Arizona",,,4040829.3,3943403.2,4091469.2,
PNTM9M2jMkKm3GLHpLiq3J4gE,"","North Campus",6c2573ce-592a-4519-989c-2fd21d6918b7,"W", 08/15/2025 11:30:00 AM,"(UTC-07:00) Arizona",,,4059866.4,4031603.8,4082200,
PNTM9M2jMkKm3GLHpLiq3J4gE,"","North Campus",6c2573ce-592a-4519-989c-2fd21d6918b7,"W", 08/15/2025 11:45:00 AM,"(UTC-07:00) Arizona",,,4054618.25,4049389,4059847.5,
PNTM9M2jMkKm3GLHpLiq3J4gE,"","North Campus",6c2573ce-592a-4519-989c-2fd21d6918b7,"W", 08/15/2025 12:00:00 PM,"(UTC-07:00) Arizona",,,4002734.4,3947336.2,4108033.2,
PNTM9M2jMkKm3GLHpLiq3J4gE,"","North Campus",6c2573ce-592a-4519-989c-2fd21d6918b7,"W", 08/15/2025 12:15:00 PM,"(UTC-07:00) Arizona",,,4149216.1,3983638.2,4341548.5,
PNTM9M2jMkKm3GLHpLiq3J4gE,"","North Campus",6c2573ce-592a-4519-989c-2fd21d6918b7,"W", 08/15/2025 12:30:00 PM,"(UTC-07:00) Arizona",,,4364703.16666667,4316329,4389913.5,
PNTM9M2jMkKm3GLHpLiq3J4gE,"","North Campus",6c2573ce-592a-4519-989c-2fd21d6918b7,"W", 08/15/2025 12:45:00 PM,"(UTC-07:00) Arizona",,,4340707,4333743,4347671,
PNTM9M2jMkKm3GLHpLiq3J4gE,"","North Campus",6c2573ce-592a-4519-989c-2fd21d6918b7,"W", 08/15/2025 01:00:00 PM,"(UTC-07:00) Arizona",,,4308695.33333333,4294813.5,4325353,
PNTM9M2jMkKm3GLHpLiq3J4gE,"","North Campus",6c2573ce-592a-4519-989c-2fd21d6918b7,"W", 08/15/2025 01:15:00 PM,"(UTC-07:00) Arizona",,,4265477.66666667,4209224,4309047,
PNTM9M2jMkKm3GLHpLiq3J4gE,"","North Campus",6c2573ce-592a-4519-989c-2fd21d6918b7,"W", 08/15/2025 01:30:00 PM,"(UTC-07:00) Arizona",,,4237068.66666667,4227942.5,4255209.5,
PNTM9M2jMkKm3GLHpLiq3J4gE,"","North Campus",6c2573ce-592a-4519-989c-2fd21d6918b7,"W", 08/15/2025 01:45:00 PM,"(UTC-07:00) Arizona",,,3890908.76666667,3857864,3934970.8,
PNTM9M2jMkKm3GLHpLiq3J4gE,"","North Campus",6c2573ce-592a-4519-989c-2fd21d6918b7,"W", 08/15/2025 02:00:00 PM,"(UTC-07:00) Arizona",,,3946782.7,3871595,4027746.8,
PNTM9M2jMkKm3GLHpLiq3J4gE,"","North Campus",6c2573ce-592a-4519-989c-2fd21d6918b7,"W", 08/15/2025 02:15:00 PM,"(UTC-07:00) Arizona",,,3976842.35,3934732.2,4018952.5,
PNTM9M2jMkKm3GLHpLiq3J4gE,"","North Campus",6c2573ce-592a-4519-989c-2fd21d6918b7,"W", 08/15/2025 02:30:00 PM,"(UTC-07:00) Arizona",,,4025599.43333333,4013176.5,4044275.8,
PNTM9M2jMkKm3GLHpLiq3J4gE,"","North Campus",6c2573ce-592a-4519-989c-2fd21d6918b7,"W", 08/15/2025 02:45:00 PM,"(UTC-07:00) Arizona",,,4024065.93333333,3957471.2,4094239.8,
PNTM9M2jMkKm3GLHpLiq3J4gE,"","North Campus",6c2573ce-592a-4519-989c-2fd21d6918b7,"W", 08/15/2025 03:00:00 PM,"(UTC-07:00) Arizona",,,4143823.73333333,3998821.5,4366865.5,
PNTM9M2jMkKm3GLHpLiq3J4gE,"","North Campus",6c2573ce-592a-4519-989c-2fd21d6918b7,"W", 08/15/2025 03:15:00 PM,"(UTC-07:00) Arizona",,,4244554.83333333,4222170,4269676.5,
PNTM9M2jMkKm3GLHpLiq3J4gE,"","North Campus",6c2573ce-592a-4519-989c-2fd21d6918b7,"W", 08/15/2025 03:30:00 PM,"(UTC-07:00) Arizona",,,4238793.33333333,4222326,4268998,
PNTM9M2jMkKm3GLHpLiq3J4gE,"","North Campus",6c2573ce-592a-4519-989c-2fd21d6918b7,"W", 08/15/2025 03:45:00 PM,"(UTC-07:00) Arizona",,,4044244.13333333,4000064.8,4089031.8,
PNTM9M2jMkKm3GLHpLiq3J4gE,"","North Campus",6c2573ce-592a-4519-989c-2fd21d6918b7,"W", 08/15/2025 04:00:00 PM,"(UTC-07:00) Arizona",,,4260146.33333333,4227645,4313162,
PNTM9M2jMkKm3GLHpLiq3J4gE,"","North Campus",6c2573ce-592a-4519-989c-2fd21d6918b7,"W", 08/15/2025 04:15:00 PM,"(UTC-07:00) Arizona",,,4046416.5,4012116.2,4080716.8,
PNTM9M2jMkKm3GLHpLiq3J4gE,"","North Campus",6c2573ce-592a-4519-989c-2fd21d6918b7,"W", 08/15/2025 04:30:00 PM,"(UTC-07:00) Arizona",,,4164079.6,4094927.8,4224546,
PNTM9M2jMkKm3GLHpLiq3J4gE,"","North Campus",6c2573ce-592a-4519-989c-2fd21d6918b7,"W", 08/15/2025 04:45:00 PM,"(UTC-07:00) Arizona",,,4195864.43333333,4191353.8,4200083.5,
PNTM9M2jMkKm3GLHpLiq3J4gE,"","North Campus",6c2573ce-592a-4519-989c-2fd21d6918b7,"W", 08/15/2025 05:00:00 PM,"(UTC-07:00) Arizona",,,4077159,4065239,4094178,
PNTM9M2jMkKm3GLHpLiq3J4gE,"","North Campus",6c2573ce-592a-4519-989c-2fd21d6918b7,"W", 08/15/2025 05:15:00 PM,"(UTC-07:00) Arizona",,,3942354.83333333,3896149.5,4006809.2,
PNTM9M2jMkKm3GLHpLiq3J4gE,"","North Campus",6c2573ce-592a-4519-989c-2fd21d6918b7,"W", 08/15/2025 05:30:00 PM,"(UTC-07:00) Arizona",,,3841633.06666667,3775342.5,3901212.2,
PNTM9M2jMkKm3GLHpLiq3J4gE,"","North Campus",6c2573ce-592a-4519-989c-2fd21d6918b7,"W", 08/15/2025 05:45:00 PM,"(UTC-07:00) Arizona",,,3669211.43333333,3639510,3689619.8,
PNTM9M2jMkKm3GLHpLiq3J4gE,"","North Campus",6c2573ce-592a-4519-989c-2fd21d6918b7,"W", 08/15/2025 06:00:00 PM,"(UTC-07:00) Arizona",,,3630543.93333333,3602671.5,3675077.8,
PNTM9M2jMkKm3GLHpLiq3J4gE,"","North Campus",6c2573ce-592a-4519-989c-2fd21d6918b7,"W", 08/15/2025 06:15:00 PM,"(UTC-07:00) Arizona",,,3656716.93333333,3631852.5,3686171.8,
PNTM9M2jMkKm3GLHpLiq3J4gE,"","North Campus",6c2573ce-592a-4519-989c-2fd21d6918b7,"W", 08/15/2025 06:30:00 PM,"(UTC-07:00) Arizona",,,3617791.16666667,3536006.5,3682355,
PNTM9M2jMkKm3GLHpLiq3J4gE,"","North Campus",6c2573ce-592a-4519-989c-2fd21d6918b7,"W", 08/15/2025 06:45:00 PM,"(UTC-07:00) Arizona",,,3517544.06666667,3501390,3543013.2,
PNTM9M2jMkKm3GLHpLiq3J4gE,"","North Campus",6c2573ce-592a-4519-989c-2fd21d6918b7,"W", 08/15/2025 07:00:00 PM,"(UTC-07:00) Arizona",,,3490526.83333333,3483080.5,3499900.2,
PNTM9M2jMkKm3GLHpLiq3J4gE,"","North Campus",6c2573ce-592a-4519-989c-2fd21d6918b7,"W", 08/15/2025 07:15:00 PM,"(UTC-07:00) Arizona",,,3508858.56666667,3472217.5,3544105,
PNTM9M2jMkKm3GLHpLiq3J4gE,"","North Campus",6c2573ce-592a-4519-989c-2fd21d6918b7,"W", 08/15/2025 07:30:00 PM,"(UTC-07:00) Arizona",,,3483771.13333333,3465732.2,3493074,
PNTM9M2jMkKm3GLHpLiq3J4gE,"","North Campus",6c2573ce-592a-4519-989c-2fd21d6918b7,"W", 08/15/2025 07:45:00 PM,"(UTC-07:00) Arizona",,,3463428.5,3441850.5,3477786.8,
PNTM9M2jMkKm3GLHpLiq3J4gE,"","North Campus",6c2573ce-592a-4519-989c-2fd21d6918b7,"W", 08/15/2025 08:00:00 PM,"(UTC-07:00) Arizona",,,3450759.23333333,3427399.5,3464181.2,
PNTM9M2jMkKm3GLHpLiq3J4gE,"","North Campus",6c2573ce-592a-4519-989c-2fd21d6918b7,"W", 08/15/2025 08:15:00 PM,"(UTC-07:00) Arizona",,,3410873.35,3409756.5,3411990.2,
PNTM9M2jMkKm3GLHpLiq3J4gE,"","North Campus",6c2573ce-592a-4519-989c-2fd21d6918b7,"W", 08/15/2025 08:30:00 PM,"(UTC-07:00) Arizona",,,3441547.43333333,3421056,3467605.5,
PNTM9M2jMkKm3GLHpLiq3J4gE,"","North Campus",6c2573ce-592a-4519-989c-2fd21d6918b7,"W", 08/15/2025 08:45:00 PM,"(UTC-07:00) Arizona",,,3382636.375,3270743.5,3453394.2,
PNTM9M2jMkKm3GLHpLiq3J4gE,"","North Campus",6c2573ce-592a-4519-989c-2fd21d6918b7,"W", 08/15/2025 09:00:00 PM,"(UTC-07:00) Arizona",,,3264268.86666667,3237270.8,3317796,
PNTM9M2jMkKm3GLHpLiq3J4gE,"","North Campus",6c2573ce-592a-4519-989c-2fd21d6918b7,"W", 08/15/2025 09:15:00 PM,"(UTC-07:00) Arizona",,,3247933.76666667,3241656.5,3251762,
PNTM9M2jMkKm3GLHpLiq3J4gE,"","North Campus",6c2573ce-592a-4519-989c-2fd21d6918b7,"W", 08/15/2025 09:30:00 PM,"(UTC-07:00) Arizona",,,3226662.66666667,3205270,3255011.5,
PNTM9M2jMkKm3GLHpLiq3J4gE,"","North Campus",6c2573ce-592a-4519-989c-2fd21d6918b7,"W", 08/15/2025 09:45:00 PM,"(UTC-07:00) Arizona",,,3180345.4,3173502.8,3187188,
PNTM9M2jMkKm3GLHpLiq3J4gE,"","North Campus",6c2573ce-592a-4519-989c-2fd21d6918b7,"W", 08/15/2025 10:00:00 PM,"(UTC-07:00) Arizona",,,3164833.925,3154807,3173340.2,
PNTM9M2jMkKm3GLHpLiq3J4gE,"","North Campus",6c2573ce-592a-4519-989c-2fd21d6918b7,"W", 08/15/2025 10:15:00 PM,"(UTC-07:00) Arizona",,,3187386.9,3170096.8,3204677,
PNTM9M2jMkKm3GLHpLiq3J4gE,"","North Campus",6c2573ce-592a-4519-989c-2fd21d6918b7,"W", 08/15/2025 10:30:00 PM,"(UTC-07:00) Arizona",,,3170789.5,3148130.8,3199455.5,
PNTM9M2jMkKm3GLHpLiq3J4gE,"","North Campus",6c2573ce-592a-4519-989c-2fd21d6918b7,"W", 08/15/2025 10:45:00 PM,"(UTC-07:00) Arizona",,,3166716.2,3143229.8,3196816.2,
PNTM9M2jMkKm3GLHpLiq3J4gE,"","North Campus",6c2573ce-592a-4519-989c-2fd21d6918b7,"W", 08/15/2025 11:00:00 PM,"(UTC-07:00) Arizona",,,3152423.25,3120160.5,3184686,
PNTM9M2jMkKm3GLHpLiq3J4gE,"","North Campus",6c2573ce-592a-4519-989c-2fd21d6918b7,"W", 08/15/2025 11:15:00 PM,"(UTC-07:00) Arizona",,,3154414.9,3131940.2,3178202.2,
PNTM9M2jMkKm3GLHpLiq3J4gE,"","North Campus",6c2573ce-592a-4519-989c-2fd21d6918b7,"W", 08/15/2025 11:30:00 PM,"(UTC-07:00) Arizona",,,3127168.83333333,3113582.2,3137006.8,
PNTM9M2jMkKm3GLHpLiq3J4gE,"","North Campus",6c2573ce-592a-4519-989c-2fd21d6918b7,"W", 08/15/2025 11:45:00 PM,"(UTC-07:00) Arizona",,,3141191.06666667,3079710.2,3208047,
PNTM9M2jMkKm3GLHpLiq3J4gE,"","North Campus",6c2573ce-592a-4519-989c-2fd21d6918b7,"W", 08/16/2025 12:00:00 AM,"(UTC-07:00) Arizona",,,3088995.15,3076188.8,3101801.5,
PNTM9M2jMkKm3GLHpLiq3J4gE,"","North Campus",6c2573ce-592a-4519-989c-2fd21d6918b7,"W", 08/16/2025 12:15:00 AM,"(UTC-07:00) Arizona",,,3077342.9,3071528.2,3083460,
PNTM9M2jMkKm3GLHpLiq3J4gE,"","North Campus",6c2573ce-592a-4519-989c-2fd21d6918b7,"W", 08/16/2025 12:30:00 AM,"(UTC-07:00) Arizona",,,3077345.625,3058484.8,3101835,
PNTM9M2jMkKm3GLHpLiq3J4gE,"","North Campus",6c2573ce-592a-4519-989c-2fd21d6918b7,"W", 08/16/2025 12:45:00 AM,"(UTC-07:00) Arizona",,,3049061.1,3031513,3066609.2,
PNTM9M2jMkKm3GLHpLiq3J4gE,"","North Campus",6c2573ce-592a-4519-989c-2fd21d6918b7,"W", 08/16/2025 01:00:00 AM,"(UTC-07:00) Arizona",,,3054986.35,3043069.5,3069367.2,
PNTM9M2jMkKm3GLHpLiq3J4gE,"","North Campus",6c2573ce-592a-4519-989c-2fd21d6918b7,"W", 08/16/2025 01:15:00 AM,"(UTC-07:00) Arizona",,,3073413,3068458,3078368,
PNTM9M2jMkKm3GLHpLiq3J4gE,"","North Campus",6c2573ce-592a-4519-989c-2fd21d6918b7,"W", 08/16/2025 01:30:00 AM,"(UTC-07:00) Arizona",,,3070680.425,3054300.5,3077373,
PNTM9M2jMkKm3GLHpLiq3J4gE,"","North Campus",6c2573ce-592a-4519-989c-2fd21d6918b7,"W", 08/16/2025 01:45:00 AM,"(UTC-07:00) Arizona",,,3047709.25,3041043,3054375.5,
PNTM9M2jMkKm3GLHpLiq3J4gE,"","North Campus",6c2573ce-592a-4519-989c-2fd21d6918b7,"W", 08/16/2025 02:00:00 AM,"(UTC-07:00) Arizona",,,3046261.825,3031782.5,3061258.8,
PNTM9M2jMkKm3GLHpLiq3J4gE,"","North Campus",6c2573ce-592a-4519-989c-2fd21d6918b7,"W", 08/16/2025 02:15:00 AM,"(UTC-07:00) Arizona",,,3055578,3052038.8,3059117.2,
PNTM9M2jMkKm3GLHpLiq3J4gE,"","North Campus",6c2573ce-592a-4519-989c-2fd21d6918b7,"W", 08/16/2025 02:30:00 AM,"(UTC-07:00) Arizona",,,3045769.45,3027797.5,3060747.8,
PNTM9M2jMkKm3GLHpLiq3J4gE,"","North Campus",6c2573ce-592a-4519-989c-2fd21d6918b7,"W", 08/16/2025 02:45:00 AM,"(UTC-07:00) Arizona",,,3045504.85,3044638.5,3046371.2,
PNTM9M2jMkKm3GLHpLiq3J4gE,"","North Campus",6c2573ce-592a-4519-989c-2fd21d6918b7,"W", 08/16/2025 03:00:00 AM,"(UTC-07:00) Arizona",,,3041482.73333333,3037900.2,3045939.5,
PNTM9M2jMkKm3GLHpLiq3J4gE,"","North Campus",6c2573ce-592a-4519-989c-2fd21d6918b7,"W", 08/16/2025 03:15:00 AM,"(UTC-07:00) Arizona",,,3043146.73333333,3036098,3047666.2,
PNTM9M2jMkKm3GLHpLiq3J4gE,"","North Campus",6c2573ce-592a-4519-989c-2fd21d6918b7,"W", 08/16/2025 03:30:00 AM,"(UTC-07:00) Arizona",,,3010716.25,2989534.8,3027631.5,
PNTM9M2jMkKm3GLHpLiq3J4gE,"","North Campus",6c2573ce-592a-4519-989c-2fd21d6918b7,"W", 08/16/2025 03:45:00 AM,"(UTC-07:00) Arizona",,,3024246.9,3019859,3028634.8,
PNTM9M2jMkKm3GLHpLiq3J4gE,"","North Campus",6c2573ce-592a-4519-989c-2fd21d6918b7,"W", 08/16/2025 04:00:00 AM,"(UTC-07:00) Arizona",,,3044385.6,3032006.8,3055736.2,
PNTM9M2jMkKm3GLHpLiq3J4gE,"","North Campus",6c2573ce-592a-4519-989c-2fd21d6918b7,"W", 08/16/2025 04:15:00 AM,"(UTC-07:00) Arizona",,,3013410.66666667,3005689.8,3028835,
PNTM9M2jMkKm3GLHpLiq3J4gE,"","North Campus",6c2573ce-592a-4519-989c-2fd21d6918b7,"W", 08/16/2025 04:30:00 AM,"(UTC-07:00) Arizona",,,3024503.66666667,3006029.5,3043513.5,
PNTM9M2jMkKm3GLHpLiq3J4gE,"","North Campus",6c2573ce-592a-4519-989c-2fd21d6918b7,"W", 08/16/2025 04:45:00 AM,"(UTC-07:00) Arizona",,,3063361.03333333,3050759.5,3076429.8,
PNTM9M2jMkKm3GLHpLiq3J4gE,"","North Campus",6c2573ce-592a-4519-989c-2fd21d6918b7,"W", 08/16/2025 05:00:00 AM,"(UTC-07:00) Arizona",,,3063707.06666667,3042220.2,3101932,
PNTM9M2jMkKm3GLHpLiq3J4gE,"","North Campus",6c2573ce-592a-4519-989c-2fd21d6918b7,"W", 08/16/2025 05:15:00 AM,"(UTC-07:00) Arizona",,,3055426.8,3049894.2,3065530.2,
PNTM9M2jMkKm3GLHpLiq3J4gE,"","North Campus",6c2573ce-592a-4519-989c-2fd21d6918b7,"W", 08/16/2025 05:30:00 AM,"(UTC-07:00) Arizona",,,3084405.53333333,3059798,3117693.8,
PNTM9M2jMkKm3GLHpLiq3J4gE,"","North Campus",6c2573ce-592a-4519-989c-2fd21d6918b7,"W", 08/16/2025 05:45:00 AM,"(UTC-07:00) Arizona",,,3051860.4,3029686.2,3076991.5,
PNTM9M2jMkKm3GLHpLiq3J4gE,"","North Campus",6c2573ce-592a-4519-989c-2fd21d6918b7,"W", 08/16/2025 06:00:00 AM,"(UTC-07:00) Arizona",,,3086610.66666667,3059756,3100396.5,
PNTM9M2jMkKm3GLHpLiq3J4gE,"","North Campus",6c2573ce-592a-4519-989c-2fd21d6918b7,"W", 08/16/2025 06:15:00 AM,"(UTC-07:00) Arizona",,,3043898.2,3026169.8,3075148.8,
PNTM9M2jMkKm3GLHpLiq3J4gE,"","North Campus",6c2573ce-592a-4519-989c-2fd21d6918b7,"W", 08/16/2025 06:30:00 AM,"(UTC-07:00) Arizona",,,2987066.5,2975054.5,2999078.5,
PNTM9M2jMkKm3GLHpLiq3J4gE,"","North Campus",6c2573ce-592a-4519-989c-2fd21d6918b7,"W", 08/16/2025 06:45:00 AM,"(UTC-07:00) Arizona",,,2987273.85,2985270.2,2989277.5,
PNTM9M2jMkKm3GLHpLiq3J4gE,"","North Campus",6c2573ce-592a-4519-989c-2fd21d6918b7,"W", 08/16/2025 07:00:00 AM,"(UTC-07:00) Arizona",,,3015918.73333333,2977709.2,3067790,
PNTM9M2jMkKm3GLHpLiq3J4gE,"","North Campus",6c2573ce-592a-4519-989c-2fd21d6918b7,"W", 08/16/2025 07:15:00 AM,"(UTC-07:00) Arizona",,,3056582.3,3029218.2,3071360.5,
PNTM9M2jMkKm3GLHpLiq3J4gE,"","North Campus",6c2573ce-592a-4519-989c-2fd21d6918b7,"W", 08/16/2025 07:30:00 AM,"(UTC-07:00) Arizona",,,3001860.2,3001860.2,3001860.2,
PNTM9M2jMkKm3GLHpLiq3J4gE,"","North Campus",6c2573ce-592a-4519-989c-2fd21d6918b7,"W", 08/16/2025 07:45:00 AM,"(UTC-07:00) Arizona",,,2958909.2,2934054.8,2982637.8,
PNTM9M2jMkKm3GLHpLiq3J4gE,"","North Campus",6c2573ce-592a-4519-989c-2fd21d6918b7,"W", 08/16/2025 08:00:00 AM,"(UTC-07:00) Arizona",,,3065598.2,3052316.2,3078880.2,
PNTM9M2jMkKm3GLHpLiq3J4gE,"","North Campus",6c2573ce-592a-4519-989c-2fd21d6918b7,"W", 08/16/2025 08:15:00 AM,"(UTC-07:00) Arizona",,,3062312.5,3038139,3075930.5,
PNTM9M2jMkKm3GLHpLiq3J4gE,"","North Campus",6c2573ce-592a-4519-989c-2fd21d6918b7,"W", 08/16/2025 08:30:00 AM,"(UTC-07:00) Arizona",,,3158435.66666667,3120206.5,3184410,
PNTM9M2jMkKm3GLHpLiq3J4gE,"","North Campus",6c2573ce-592a-4519-989c-2fd21d6918b7,"W", 08/16/2025 08:45:00 AM,"(UTC-07:00) Arizona",,,3212753.03333333,3187724.8,3256085.5,
PNTM9M2jMkKm3GLHpLiq3J4gE,"","North Campus",6c2573ce-592a-4519-989c-2fd21d6918b7,"W", 08/16/2025 09:00:00 AM,"(UTC-07:00) Arizona",,,3232445.3,3210744.5,3250488.2,
PNTM9M2jMkKm3GLHpLiq3J4gE,"","North Campus",6c2573ce-592a-4519-989c-2fd21d6918b7,"W", 08/16/2025 09:15:00 AM,"(UTC-07:00) Arizona",,,3217390.15,3207434.8,3227345.5,
PNTM9M2jMkKm3GLHpLiq3J4gE,"","North Campus",6c2573ce-592a-4519-989c-2fd21d6918b7,"W", 08/16/2025 09:30:00 AM,"(UTC-07:00) Arizona",,,3250487.4,3224660,3298291,
PNTM9M2jMkKm3GLHpLiq3J4gE,"","North Campus",6c2573ce-592a-4519-989c-2fd21d6918b7,"W", 08/16/2025 09:45:00 AM,"(UTC-07:00) Arizona",,,3232227.66666667,3203528,3281210.5,
PNTM9M2jMkKm3GLHpLiq3J4gE,"","North Campus",6c2573ce-592a-4519-989c-2fd21d6918b7,"W", 08/16/2025 10:00:00 AM,"(UTC-07:00) Arizona",,,3137551.075,2946193.2,3266231.8,
PNTM9M2jMkKm3GLHpLiq3J4gE,"","North Campus",6c2573ce-592a-4519-989c-2fd21d6918b7,"W", 08/16/2025 10:15:00 AM,"(UTC-07:00) Arizona",,,3044034.9,2993741,3094328.8,
PNTM9M2jMkKm3GLHpLiq3J4gE,"","North Campus",6c2573ce-592a-4519-989c-2fd21d6918b7,"W", 08/16/2025 10:30:00 AM,"(UTC-07:00) Arizona",,,3220519.225,3181493.5,3242181.8,
PNTM9M2jMkKm3GLHpLiq3J4gE,"","North Campus",6c2573ce-592a-4519-989c-2fd21d6918b7,"W", 08/16/2025 10:45:00 AM,"(UTC-07:00) Arizona",,,3232675.93333333,3208000.8,3253381.2,
PNTM9M2jMkKm3GLHpLiq3J4gE,"","North Campus",6c2573ce-592a-4519-989c-2fd21d6918b7,"W", 08/16/2025 11:00:00 AM,"(UTC-07:00) Arizona",,,3243516.8,3217473.8,3269559.8,
PNTM9M2jMkKm3GLHpLiq3J4gE,"","North Campus",6c2573ce-592a-4519-989c-2fd21d6918b7,"W", 08/16/2025 11:15:00 AM,"(UTC-07:00) Arizona",,,3286180.1,3259586.2,3336358.2,
PNTM9M2jMkKm3GLHpLiq3J4gE,"","North Campus",6c2573ce-592a-4519-989c-2fd21d6918b7,"W", 08/16/2025 11:30:00 AM,"(UTC-07:00) Arizona",,,3304367.75,3287525,3321210.5,
PNTM9M2jMkKm3GLHpLiq3J4gE,"","North Campus",6c2573ce-592a-4519-989c-2fd21d6918b7,"W", 08/16/2025 11:45:00 AM,"(UTC-07:00) Arizona",,,3276349,3240601,3306776,
PNTM9M2jMkKm3GLHpLiq3J4gE,"","North Campus",6c2573ce-592a-4519-989c-2fd21d6918b7,"W", 08/16/2025 12:00:00 PM,"(UTC-07:00) Arizona",,,3339461.83333333,3282095.5,3408457.8,
PNTM9M2jMkKm3GLHpLiq3J4gE,"","North Campus",6c2573ce-592a-4519-989c-2fd21d6918b7,"W", 08/16/2025 12:15:00 PM,"(UTC-07:00) Arizona",,,3288449.225,3260769,3317922.2,
PNTM9M2jMkKm3GLHpLiq3J4gE,"","North Campus",6c2573ce-592a-4519-989c-2fd21d6918b7,"W", 08/16/2025 12:30:00 PM,"(UTC-07:00) Arizona",,,3261521.85,3246914.5,3276129.2,
PNTM9M2jMkKm3GLHpLiq3J4gE,"","North Campus",6c2573ce-592a-4519-989c-2fd21d6918b7,"W", 08/16/2025 12:45:00 PM,"(UTC-07:00) Arizona",,,3252977.4,3232697.2,3291253.2,
PNTM9M2jMkKm3GLHpLiq3J4gE,"","North Campus",6c2573ce-592a-4519-989c-2fd21d6918b7,"W", 08/16/2025 01:00:00 PM,"(UTC-07:00) Arizona",,,3276118.83333333,3248293.5,3294913.5,
PNTM9M2jMkKm3GLHpLiq3J4gE,"","North Campus",6c2573ce-592a-4519-989c-2fd21d6918b7,"W", 08/16/2025 01:15:00 PM,"(UTC-07:00) Arizona",,,3277836.83333333,3252094.5,3315567.2,
PNTM9M2jMkKm3GLHpLiq3J4gE,"","North Campus",6c2573ce-592a-4519-989c-2fd21d6918b7,"W", 08/16/2025 01:30:00 PM,"(UTC-07:00) Arizona",,,3285602.96666667,3258799.2,3305116.5,
PNTM9M2jMkKm3GLHpLiq3J4gE,"","North Campus",6c2573ce-592a-4519-989c-2fd21d6918b7,"W", 08/16/2025 01:45:00 PM,"(UTC-07:00) Arizona",,,3285583.5,3264451,3306716,
PNTM9M2jMkKm3GLHpLiq3J4gE,"","North Campus",6c2573ce-592a-4519-989c-2fd21d6918b7,"W", 08/16/2025 02:00:00 PM,"(UTC-07:00) Arizona",,,3301129.75,3258282.2,3394378.2,
PNTM9M2jMkKm3GLHpLiq3J4gE,"","North Campus",6c2573ce-592a-4519-989c-2fd21d6918b7,"W", 08/16/2025 02:15:00 PM,"(UTC-07:00) Arizona",,,3294060.5,3278903.2,3309217.8,
PNTM9M2jMkKm3GLHpLiq3J4gE,"","North Campus",6c2573ce-592a-4519-989c-2fd21d6918b7,"W", 08/16/2025 02:30:00 PM,"(UTC-07:00) Arizona",,,3326563.96666667,3321167.2,3330835.2,
PNTM9M2jMkKm3GLHpLiq3J4gE,"","North Campus",6c2573ce-592a-4519-989c-2fd21d6918b7,"W", 08/16/2025 02:45:00 PM,"(UTC-07:00) Arizona",,,3373190.73333333,3350319,3389840,
PNTM9M2jMkKm3GLHpLiq3J4gE,"","North Campus",6c2573ce-592a-4519-989c-2fd21d6918b7,"W", 08/16/2025 03:00:00 PM,"(UTC-07:00) Arizona",,,3314116.425,3280774.5,3331549.5,
PNTM9M2jMkKm3GLHpLiq3J4gE,"","North Campus",6c2573ce-592a-4519-989c-2fd21d6918b7,"W", 08/16/2025 03:15:00 PM,"(UTC-07:00) Arizona",,,3335063.5,3322468,3347659,
PNTM9M2jMkKm3GLHpLiq3J4gE,"","North Campus",6c2573ce-592a-4519-989c-2fd21d6918b7,"W", 08/16/2025 03:30:00 PM,"(UTC-07:00) Arizona",,,3398431,3367241,3435930.5,
PNTM9M2jMkKm3GLHpLiq3J4gE,"","North Campus",6c2573ce-592a-4519-989c-2fd21d6918b7,"W", 08/16/2025 03:45:00 PM,"(UTC-07:00) Arizona",,,3411857.26666667,3391661.8,3421955,
PNTM9M2jMkKm3GLHpLiq3J4gE,"","North Campus",6c2573ce-592a-4519-989c-2fd21d6918b7,"W", 08/16/2025 04:00:00 PM,"(UTC-07:00) Arizona",,,3489051.03333333,3474221.5,3500311.8,
PNTM9M2jMkKm3GLHpLiq3J4gE,"","North Campus",6c2573ce-592a-4519-989c-2fd21d6918b7,"W", 08/16/2025 04:15:00 PM,"(UTC-07:00) Arizona",,,3502348.625,3462052.8,3530630,
PNTM9M2jMkKm3GLHpLiq3J4gE,"","North Campus",6c2573ce-592a-4519-989c-2fd21d6918b7,"W", 08/16/2025 04:30:00 PM,"(UTC-07:00) Arizona",,,3611551.26666667,3527271.8,3714443,
PNTM9M2jMkKm3GLHpLiq3J4gE,"","North Campus",6c2573ce-592a-4519-989c-2fd21d6918b7,"W", 08/16/2025 04:45:00 PM,"(UTC-07:00) Arizona",,,3604192.5,3595125.8,3613259.2,
PNTM9M2jMkKm3GLHpLiq3J4gE,"","North Campus",6c2573ce-592a-4519-989c-2fd21d6918b7,"W", 08/16/2025 05:00:00 PM,"(UTC-07:00) Arizona",,,3596156.5,3561803.8,3634279.2,
PNTM9M2jMkKm3GLHpLiq3J4gE,"","North Campus",6c2573ce-592a-4519-989c-2fd21d6918b7,"W", 08/16/2025 05:15:00 PM,"(UTC-07:00) Arizona",,,3666083.16666667,3585469.5,3733575,
PNTM9M2jMkKm3GLHpLiq3J4gE,"","North Campus",6c2573ce-592a-4519-989c-2fd21d6918b7,"W", 08/16/2025 05:30:00 PM,"(UTC-07:00) Arizona",,,3718748.25,3666862.8,3759648.5,
PNTM9M2jMkKm3GLHpLiq3J4gE,"","North Campus",6c2573ce-592a-4519-989c-2fd21d6918b7,"W", 08/16/2025 05:45:00 PM,"(UTC-07:00) Arizona",,,3712988.25,3684117,3741859.5,
PNTM9M2jMkKm3GLHpLiq3J4gE,"","North Campus",6c2573ce-592a-4519-989c-2fd21d6918b7,"W", 08/16/2025 06:00:00 PM,"(UTC-07:00) Arizona",,,3687082.63333333,3657610.2,3741018.2,
PNTM9M2jMkKm3GLHpLiq3J4gE,"","North Campus",6c2573ce-592a-4519-989c-2fd21d6918b7,"W", 08/16/2025 06:15:00 PM,"(UTC-07:00) Arizona",,,3665952.43333333,3638176.5,3702945.8,
PNTM9M2jMkKm3GLHpLiq3J4gE,"","North Campus",6c2573ce-592a-4519-989c-2fd21d6918b7,"W", 08/16/2025 06:30:00 PM,"(UTC-07:00) Arizona",,,3665481.26666667,3652450.5,3682046.8,
PNTM9M2jMkKm3GLHpLiq3J4gE,"","North Campus",6c2573ce-592a-4519-989c-2fd21d6918b7,"W", 08/16/2025 06:45:00 PM,"(UTC-07:00) Arizona",,,3610877.13333333,3583888,3635030.2,
PNTM9M2jMkKm3GLHpLiq3J4gE,"","North Campus",6c2573ce-592a-4519-989c-2fd21d6918b7,"W", 08/16/2025 07:00:00 PM,"(UTC-07:00) Arizona",,,3570482.35,3558078.5,3582886.2,
PNTM9M2jMkKm3GLHpLiq3J4gE,"","North Campus",6c2573ce-592a-4519-989c-2fd21d6918b7,"W", 08/16/2025 07:15:00 PM,"(UTC-07:00) Arizona",,,3503333.23333333,3492487,3521051.5,
PNTM9M2jMkKm3GLHpLiq3J4gE,"","North Campus",6c2573ce-592a-4519-989c-2fd21d6918b7,"W", 08/16/2025 07:30:00 PM,"(UTC-07:00) Arizona",,,3434579.35,3423387.2,3445771.5,
PNTM9M2jMkKm3GLHpLiq3J4gE,"","North Campus",6c2573ce-592a-4519-989c-2fd21d6918b7,"W", 08/16/2025 07:45:00 PM,"(UTC-07:00) Arizona",,,3458483.6,3452537.2,3463398.8,
PNTM9M2jMkKm3GLHpLiq3J4gE,"","North Campus",6c2573ce-592a-4519-989c-2fd21d6918b7,"W", 08/16/2025 08:00:00 PM,"(UTC-07:00) Arizona",,,3475065.33333333,3462692.5,3494705,
PNTM9M2jMkKm3GLHpLiq3J4gE,"","North Campus",6c2573ce-592a-4519-989c-2fd21d6918b7,"W", 08/16/2025 08:15:00 PM,"(UTC-07:00) Arizona",,,3470095.73333333,3459232,3488278,
PNTM9M2jMkKm3GLHpLiq3J4gE,"","North Campus",6c2573ce-592a-4519-989c-2fd21d6918b7,"W", 08/16/2025 08:30:00 PM,"(UTC-07:00) Arizona",,,3442570.16666667,3407007.5,3478646.5,
PNTM9M2jMkKm3GLHpLiq3J4gE,"","North Campus",6c2573ce-592a-4519-989c-2fd21d6918b7,"W", 08/16/2025 08:45:00 PM,"(UTC-07:00) Arizona",,,3442508.73333333,3410177,3467621,
PNTM9M2jMkKm3GLHpLiq3J4gE,"","North Campus",6c2573ce-592a-4519-989c-2fd21d6918b7,"W", 08/16/2025 09:00:00 PM,"(UTC-07:00) Arizona",,,3377482.6,3332763,3425006,
PNTM9M2jMkKm3GLHpLiq3J4gE,"","North Campus",6c2573ce-592a-4519-989c-2fd21d6918b7,"W", 08/16/2025 09:15:00 PM,"(UTC-07:00) Arizona",,,3310637.93333333,3298562.8,3333591.5,
PNTM9M2jMkKm3GLHpLiq3J4gE,"","North Campus",6c2573ce-592a-4519-989c-2fd21d6918b7,"W", 08/16/2025 09:30:00 PM,"(UTC-07:00) Arizona",,,3306808.8,3286649,3327892.2,
PNTM9M2jMkKm3GLHpLiq3J4gE,"","North Campus",6c2573ce-592a-4519-989c-2fd21d6918b7,"W", 08/16/2025 09:45:00 PM,"(UTC-07:00) Arizona",,,3300022.06666667,3280567.5,3311766.5,
PNTM9M2jMkKm3GLHpLiq3J4gE,"","North Campus",6c2573ce-592a-4519-989c-2fd21d6918b7,"W", 08/16/2025 10:00:00 PM,"(UTC-07:00) Arizona",,,3289510.46666667,3266177.2,3315932.2,
PNTM9M2jMkKm3GLHpLiq3J4gE,"","North Campus",6c2573ce-592a-4519-989c-2fd21d6918b7,"W", 08/16/2025 10:15:00 PM,"(UTC-07:00) Arizona",,,3277950.5,3250889.8,3317513.5,
PNTM9M2jMkKm3GLHpLiq3J4gE,"","North Campus",6c2573ce-592a-4519-989c-2fd21d6918b7,"W", 08/16/2025 10:30:00 PM,"(UTC-07:00) Arizona",,,3213484.63333333,3195051.2,3232525.2,
PNTM9M2jMkKm3GLHpLiq3J4gE,"","North Campus",6c2573ce-592a-4519-989c-2fd21d6918b7,"W", 08/16/2025 10:45:00 PM,"(UTC-07:00) Arizona",,,3161292.15,3129959.5,3192624.8,
PNTM9M2jMkKm3GLHpLiq3J4gE,"","North Campus",6c2573ce-592a-4519-989c-2fd21d6918b7,"W", 08/16/2025 11:00:00 PM,"(UTC-07:00) Arizona",,,3125615.56666667,3107009.5,3141300.2,
PNTM9M2jMkKm3GLHpLiq3J4gE,"","North Campus",6c2573ce-592a-4519-989c-2fd21d6918b7,"W", 08/16/2025 11:15:00 PM,"(UTC-07:00) Arizona",,,3101308.875,3084901.2,3117314,
PNTM9M2jMkKm3GLHpLiq3J4gE,"","North Campus",6c2573ce-592a-4519-989c-2fd21d6918b7,"W", 08/16/2025 11:30:00 PM,"(UTC-07:00) Arizona",,,3108445.63333333,3094587.2,3133451.5,
PNTM9M2jMkKm3GLHpLiq3J4gE,"","North Campus",6c2573ce-592a-4519-989c-2fd21d6918b7,"W", 08/16/2025 11:45:00 PM,"(UTC-07:00) Arizona",,,3058887.1,3048952.5,3074007,
PNTM9M2jMkKm3GLHpLiq3J4gE,"","North Campus",6c2573ce-592a-4519-989c-2fd21d6918b7,"W", 08/17/2025 12:00:00 AM,"(UTC-07:00) Arizona",,,3039783.4,3024063.5,3054201.2,
PNTM9M2jMkKm3GLHpLiq3J4gE,"","North Campus",6c2573ce-592a-4519-989c-2fd21d6918b7,"W", 08/17/2025 12:15:00 AM,"(UTC-07:00) Arizona",,,3041518.15,3031756.8,3051279.5,
PNTM9M2jMkKm3GLHpLiq3J4gE,"","North Campus",6c2573ce-592a-4519-989c-2fd21d6918b7,"W", 08/17/2025 12:30:00 AM,"(UTC-07:00) Arizona",,,3016499.4,2992421.2,3031663,
PNTM9M2jMkKm3GLHpLiq3J4gE,"","North Campus",6c2573ce-592a-4519-989c-2fd21d6918b7,"W", 08/17/2025 12:45:00 AM,"(UTC-07:00) Arizona",,,3032460.8,3014523.2,3066914.8,
PNTM9M2jMkKm3GLHpLiq3J4gE,"","North Campus",6c2573ce-592a-4519-989c-2fd21d6918b7,"W", 08/17/2025 01:00:00 AM,"(UTC-07:00) Arizona",,,3013260.1,2985177,3037480.5,
PNTM9M2jMkKm3GLHpLiq3J4gE,"","North Campus",6c2573ce-592a-4519-989c-2fd21d6918b7,"W", 08/17/2025 01:15:00 AM,"(UTC-07:00) Arizona",,,3009549.36666667,3000405.5,3020111.8,
PNTM9M2jMkKm3GLHpLiq3J4gE,"","North Campus",6c2573ce-592a-4519-989c-2fd21d6918b7,"W", 08/17/2025 01:30:00 AM,"(UTC-07:00) Arizona",,,3005699.2,3003587.2,3007811.2,
PNTM9M2jMkKm3GLHpLiq3J4gE,"","North Campus",6c2573ce-592a-4519-989c-2fd21d6918b7,"W", 08/17/2025 01:45:00 AM,"(UTC-07:00) Arizona",,,3018585.2,2997577.8,3038075,
PNTM9M2jMkKm3GLHpLiq3J4gE,"","North Campus",6c2573ce-592a-4519-989c-2fd21d6918b7,"W", 08/17/2025 02:00:00 AM,"(UTC-07:00) Arizona",,,3008399.225,2993599,3033554.2,
PNTM9M2jMkKm3GLHpLiq3J4gE,"","North Campus",6c2573ce-592a-4519-989c-2fd21d6918b7,"W", 08/17/2025 02:15:00 AM,"(UTC-07:00) Arizona",,,3025953.8,3021619.8,3030287.8,
PNTM9M2jMkKm3GLHpLiq3J4gE,"","North Campus",6c2573ce-592a-4519-989c-2fd21d6918b7,"W", 08/17/2025 02:30:00 AM,"(UTC-07:00) Arizona",,,2985031.73333333,2979566.5,2992110.5,
PNTM9M2jMkKm3GLHpLiq3J4gE,"","North Campus",6c2573ce-592a-4519-989c-2fd21d6918b7,"W", 08/17/2025 02:45:00 AM,"(UTC-07:00) Arizona",,,3013479.06666667,3005569,3023848,
PNTM9M2jMkKm3GLHpLiq3J4gE,"","North Campus",6c2573ce-592a-4519-989c-2fd21d6918b7,"W", 08/17/2025 03:00:00 AM,"(UTC-07:00) Arizona",,,3015268.63333333,3005469.2,3021071.5,
PNTM9M2jMkKm3GLHpLiq3J4gE,"","North Campus",6c2573ce-592a-4519-989c-2fd21d6918b7,"W", 08/17/2025 03:15:00 AM,"(UTC-07:00) Arizona",,,3006637.66666667,2980062,3033069,
PNTM9M2jMkKm3GLHpLiq3J4gE,"","North Campus",6c2573ce-592a-4519-989c-2fd21d6918b7,"W", 08/17/2025 03:30:00 AM,"(UTC-07:00) Arizona",,,3006190.25,2980725.2,3029115.2,
PNTM9M2jMkKm3GLHpLiq3J4gE,"","North Campus",6c2573ce-592a-4519-989c-2fd21d6918b7,"W", 08/17/2025 03:45:00 AM,"(UTC-07:00) Arizona",,,3000352,2980137.2,3020566.8,
PNTM9M2jMkKm3GLHpLiq3J4gE,"","North Campus",6c2573ce-592a-4519-989c-2fd21d6918b7,"W", 08/17/2025 04:00:00 AM,"(UTC-07:00) Arizona",,,3003134.03333333,2961440.8,3048710.8,
PNTM9M2jMkKm3GLHpLiq3J4gE,"","North Campus",6c2573ce-592a-4519-989c-2fd21d6918b7,"W", 08/17/2025 04:15:00 AM,"(UTC-07:00) Arizona",,,2978201,2958194,2988838.2,
PNTM9M2jMkKm3GLHpLiq3J4gE,"","North Campus",6c2573ce-592a-4519-989c-2fd21d6918b7,"W", 08/17/2025 04:30:00 AM,"(UTC-07:00) Arizona",,,2996592.8,2966254.2,3031960,
PNTM9M2jMkKm3GLHpLiq3J4gE,"","North Campus",6c2573ce-592a-4519-989c-2fd21d6918b7,"W", 08/17/2025 04:45:00 AM,"(UTC-07:00) Arizona",,,2984271.33333333,2975790.5,2999094,
PNTM9M2jMkKm3GLHpLiq3J4gE,"","North Campus",6c2573ce-592a-4519-989c-2fd21d6918b7,"W", 08/17/2025 05:00:00 AM,"(UTC-07:00) Arizona",,,3018813.8,3017619.8,3020007.8,
PNTM9M2jMkKm3GLHpLiq3J4gE,"","North Campus",6c2573ce-592a-4519-989c-2fd21d6918b7,"W", 08/17/2025 05:15:00 AM,"(UTC-07:00) Arizona",,,3020858.16666667,2985107.5,3081689,
PNTM9M2jMkKm3GLHpLiq3J4gE,"","North Campus",6c2573ce-592a-4519-989c-2fd21d6918b7,"W", 08/17/2025 05:30:00 AM,"(UTC-07:00) Arizona",,,3004495.43333333,2993470,3017718.5,
PNTM9M2jMkKm3GLHpLiq3J4gE,"","North Campus",6c2573ce-592a-4519-989c-2fd21d6918b7,"W", 08/17/2025 05:45:00 AM,"(UTC-07:00) Arizona",,,2988208.93333333,2941613,3070243.8,
PNTM9M2jMkKm3GLHpLiq3J4gE,"","North Campus",6c2573ce-592a-4519-989c-2fd21d6918b7,"W", 08/17/2025 06:00:00 AM,"(UTC-07:00) Arizona",,,3047070.66666667,3000930.8,3108860.2,
PNTM9M2jMkKm3GLHpLiq3J4gE,"","North Campus",6c2573ce-592a-4519-989c-2fd21d6918b7,"W", 08/17/2025 06:15:00 AM,"(UTC-07:00) Arizona",,,2998288.43333333,2990572,3009700.5,
PNTM9M2jMkKm3GLHpLiq3J4gE,"","North Campus",6c2573ce-592a-4519-989c-2fd21d6918b7,"W", 08/17/2025 06:30:00 AM,"(UTC-07:00) Arizona",,,2959909,2947654.8,2978455.2,
PNTM9M2jMkKm3GLHpLiq3J4gE,"","North Campus",6c2573ce-592a-4519-989c-2fd21d6918b7,"W", 08/17/2025 06:45:00 AM,"(UTC-07:00) Arizona",,,2945447.33333333,2908538,2964338,
PNTM9M2jMkKm3GLHpLiq3J4gE,"","North Campus",6c2573ce-592a-4519-989c-2fd21d6918b7,"W", 08/17/2025 07:00:00 AM,"(UTC-07:00) Arizona",,,2922977.2,2907360,2947879.8,
PNTM9M2jMkKm3GLHpLiq3J4gE,"","North Campus",6c2573ce-592a-4519-989c-2fd21d6918b7,"W", 08/17/2025 07:15:00 AM,"(UTC-07:00) Arizona",,,2910897.8,2874703.2,2930209,
PNTM9M2jMkKm3GLHpLiq3J4gE,"","North Campus",6c2573ce-592a-4519-989c-2fd21d6918b7,"W", 08/17/2025 07:30:00 AM,"(UTC-07:00) Arizona",,,2876962.5,2826576.5,2915067.5,
PNTM9M2jMkKm3GLHpLiq3J4gE,"","North Campus",6c2573ce-592a-4519-989c-2fd21d6918b7,"W", 08/17/2025 07:45:00 AM,"(UTC-07:00) Arizona",,,2878968.96666667,2866718.5,2889089.2,
PNTM9M2jMkKm3GLHpLiq3J4gE,"","North Campus",6c2573ce-592a-4519-989c-2fd21d6918b7,"W", 08/17/2025 08:00:00 AM,"(UTC-07:00) Arizona",,,2983058.86666667,2960630.8,2998730,
PNTM9M2jMkKm3GLHpLiq3J4gE,"","North Campus",6c2573ce-592a-4519-989c-2fd21d6918b7,"W", 08/17/2025 08:15:00 AM,"(UTC-07:00) Arizona",,,3019471.66666667,2990743,3045352.5,
PNTM9M2jMkKm3GLHpLiq3J4gE,"","North Campus",6c2573ce-592a-4519-989c-2fd21d6918b7,"W", 08/17/2025 08:30:00 AM,"(UTC-07:00) Arizona",,,3055141.6,3034805.8,3095525.8,
PNTM9M2jMkKm3GLHpLiq3J4gE,"","North Campus",6c2573ce-592a-4519-989c-2fd21d6918b7,"W", 08/17/2025 08:45:00 AM,"(UTC-07:00) Arizona",,,3083075.93333333,3069482.8,3106300.5,
PNTM9M2jMkKm3GLHpLiq3J4gE,"","North Campus",6c2573ce-592a-4519-989c-2fd21d6918b7,"W", 08/17/2025 09:00:00 AM,"(UTC-07:00) Arizona",,,3121215.76666667,3081623,3173990.8,
PNTM9M2jMkKm3GLHpLiq3J4gE,"","North Campus",6c2573ce-592a-4519-989c-2fd21d6918b7,"W", 08/17/2025 09:15:00 AM,"(UTC-07:00) Arizona",,,3175394.4,3120056,3245189,
PNTM9M2jMkKm3GLHpLiq3J4gE,"","North Campus",6c2573ce-592a-4519-989c-2fd21d6918b7,"W", 08/17/2025 09:30:00 AM,"(UTC-07:00) Arizona",,,3148755.86666667,3123037,3192944.8,
PNTM9M2jMkKm3GLHpLiq3J4gE,"","North Campus",6c2573ce-592a-4519-989c-2fd21d6918b7,"W", 08/17/2025 09:45:00 AM,"(UTC-07:00) Arizona",,,3198104.2,3149556.8,3234167,
PNTM9M2jMkKm3GLHpLiq3J4gE,"","North Campus",6c2573ce-592a-4519-989c-2fd21d6918b7,"W", 08/17/2025 10:00:00 AM,"(UTC-07:00) Arizona",,,3227572.7,3191916.8,3273112.5,
PNTM9M2jMkKm3GLHpLiq3J4gE,"","North Campus",6c2573ce-592a-4519-989c-2fd21d6918b7,"W", 08/17/2025 10:15:00 AM,"(UTC-07:00) Arizona",,,3219959.93333333,3154425.8,3299615,
PNTM9M2jMkKm3GLHpLiq3J4gE,"","North Campus",6c2573ce-592a-4519-989c-2fd21d6918b7,"W", 08/17/2025 10:30:00 AM,"(UTC-07:00) Arizona",,,3219687.33333333,3193961,3240836.5,
PNTM9M2jMkKm3GLHpLiq3J4gE,"","North Campus",6c2573ce-592a-4519-989c-2fd21d6918b7,"W", 08/17/2025 10:45:00 AM,"(UTC-07:00) Arizona",,,3207225.9,3189320,3225131.8,
PNTM9M2jMkKm3GLHpLiq3J4gE,"","North Campus",6c2573ce-592a-4519-989c-2fd21d6918b7,"W", 08/17/2025 11:00:00 AM,"(UTC-07:00) Arizona",,,3268622.6,3265271.8,3271789.5,
PNTM9M2jMkKm3GLHpLiq3J4gE,"","North Campus",6c2573ce-592a-4519-989c-2fd21d6918b7,"W", 08/17/2025 11:15:00 AM,"(UTC-07:00) Arizona",,,3267874.425,3240676.2,3322430.8,
PNTM9M2jMkKm3GLHpLiq3J4gE,"","North Campus",6c2573ce-592a-4519-989c-2fd21d6918b7,"W", 08/17/2025 11:30:00 AM,"(UTC-07:00) Arizona",,,3282946.33333333,3246619.2,3318168,
PNTM9M2jMkKm3GLHpLiq3J4gE,"","North Campus",6c2573ce-592a-4519-989c-2fd21d6918b7,"W", 08/17/2025 11:45:00 AM,"(UTC-07:00) Arizona",,,3259691.1,3254214.5,3265620.8,
PNTM9M2jMkKm3GLHpLiq3J4gE,"","North Campus",6c2573ce-592a-4519-989c-2fd21d6918b7,"W", 08/17/2025 12:00:00 PM,"(UTC-07:00) Arizona",,,3285717,3270839.8,3300594.2,
PNTM9M2jMkKm3GLHpLiq3J4gE,"","North Campus",6c2573ce-592a-4519-989c-2fd21d6918b7,"W", 08/17/2025 12:15:00 PM,"(UTC-07:00) Arizona",,,3314707.675,3297902.2,3348628.5,
PNTM9M2jMkKm3GLHpLiq3J4gE,"","North Campus",6c2573ce-592a-4519-989c-2fd21d6918b7,"W", 08/17/2025 12:30:00 PM,"(UTC-07:00) Arizona",,,3179651.75,3122183.5,3237120,
PNTM9M2jMkKm3GLHpLiq3J4gE,"","North Campus",6c2573ce-592a-4519-989c-2fd21d6918b7,"W", 08/17/2025 12:45:00 PM,"(UTC-07:00) Arizona",,,3400832.36666667,3326292.5,3468878.8,
PNTM9M2jMkKm3GLHpLiq3J4gE,"","North Campus",6c2573ce-592a-4519-989c-2fd21d6918b7,"W", 08/17/2025 01:00:00 PM,"(UTC-07:00) Arizona",,,3477080,3477080,3477080,
