ExternalPointID,Tags,Parent Equipment Name,Site Name,FrequencyUnit,Time,Timezone,OnCount,OffCount,Average,Minimum,Maximum,Sum,State
PNTM9M2jMkKm3GLHpLiq3J4gE,"","North Campus",6c2573ce-592a-4519-989c-2fd21d6918b7,"W", 08/25/2025 12:00:00 AM,"(UTC-07:00) Arizona",,,3579329,3562324.5,3596333.5,
PNTM9M2jMkKm3GLHpLiq3J4gE,"","North Campus",6c2573ce-592a-4519-989c-2fd21d6918b7,"W", 08/25/2025 12:15:00 AM,"(UTC-07:00) Arizona",,,3585399.93333333,3541851.8,3617222.5,
PNTM9M2jMkKm3GLHpLiq3J4gE,"","North Campus",6c2573ce-592a-4519-989c-2fd21d6918b7,"W", 08/25/2025 12:30:00 AM,"(UTC-07:00) Arizona",,,3560048.3,3553332,3567693.5,
PNTM9M2jMkKm3GLHpLiq3J4gE,"","North Campus",6c2573ce-592a-4519-989c-2fd21d6918b7,"W", 08/25/2025 12:45:00 AM,"(UTC-07:00) Arizona",,,3545848.9,3539290.8,3552407,
PNTM9M2jMkKm3GLHpLiq3J4gE,"","North Campus",6c2573ce-592a-4519-989c-2fd21d6918b7,"W", 08/25/2025 01:00:00 AM,"(UTC-07:00) Arizona",,,3523899.8,3503740.2,3535240.2,
PNTM9M2jMkKm3GLHpLiq3J4gE,"","North Campus",6c2573ce-592a-4519-989c-2fd21d6918b7,"W", 08/25/2025 01:15:00 AM,"(UTC-07:00) Arizona",,,3504189.9,3469169.2,3552057.8,
PNTM9M2jMkKm3GLHpLiq3J4gE,"","North Campus",6c2573ce-592a-4519-989c-2fd21d6918b7,"W", 08/25/2025 01:30:00 AM,"(UTC-07:00) Arizona",,,3482706.6,3461549,3501407,
PNTM9M2jMkKm3GLHpLiq3J4gE,"","North Campus",6c2573ce-592a-4519-989c-2fd21d6918b7,"W", 08/25/2025 01:45:00 AM,"(UTC-07:00) Arizona",,,3464597.4,3443000.2,3481919.8,
PNTM9M2jMkKm3GLHpLiq3J4gE,"","North Campus",6c2573ce-592a-4519-989c-2fd21d6918b7,"W", 08/25/2025 02:00:00 AM,"(UTC-07:00) Arizona",,,3504668,3504668,3504668,
PNTM9M2jMkKm3GLHpLiq3J4gE,"","North Campus",6c2573ce-592a-4519-989c-2fd21d6918b7,"W", 08/25/2025 02:15:00 AM,"(UTC-07:00) Arizona",,,3431633.425,3416121.2,3444263.2,
PNTM9M2jMkKm3GLHpLiq3J4gE,"","North Campus",6c2573ce-592a-4519-989c-2fd21d6918b7,"W", 08/25/2025 02:30:00 AM,"(UTC-07:00) Arizona",,,3432816.35,3413889.2,3451743.5,
PNTM9M2jMkKm3GLHpLiq3J4gE,"","North Campus",6c2573ce-592a-4519-989c-2fd21d6918b7,"W", 08/25/2025 02:45:00 AM,"(UTC-07:00) Arizona",,,3445056.66666667,3428126.2,3457749.8,
PNTM9M2jMkKm3GLHpLiq3J4gE,"","North Campus",6c2573ce-592a-4519-989c-2fd21d6918b7,"W", 08/25/2025 03:00:00 AM,"(UTC-07:00) Arizona",,,3435893.625,3431268,3446321.8,
PNTM9M2jMkKm3GLHpLiq3J4gE,"","North Campus",6c2573ce-592a-4519-989c-2fd21d6918b7,"W", 08/25/2025 03:15:00 AM,"(UTC-07:00) Arizona",,,3470810.1,3463314,3478306.2,
PNTM9M2jMkKm3GLHpLiq3J4gE,"","North Campus",6c2573ce-592a-4519-989c-2fd21d6918b7,"W", 08/25/2025 03:30:00 AM,"(UTC-07:00) Arizona",,,3453469,3433288.8,3476074,
PNTM9M2jMkKm3GLHpLiq3J4gE,"","North Campus",6c2573ce-592a-4519-989c-2fd21d6918b7,"W", 08/25/2025 03:45:00 AM,"(UTC-07:00) Arizona",,,3537672.75,3536312,3539033.5,
PNTM9M2jMkKm3GLHpLiq3J4gE,"","North Campus",6c2573ce-592a-4519-989c-2fd21d6918b7,"W", 08/25/2025 04:00:00 AM,"(UTC-07:00) Arizona",,,3615022.83333333,3598786.5,3634291,
PNTM9M2jMkKm3GLHpLiq3J4gE,"","North Campus",6c2573ce-592a-4519-989c-2fd21d6918b7,"W", 08/25/2025 04:15:00 AM,"(UTC-07:00) Arizona",,,3639421.13333333,3625061,3654647.2,
PNTM9M2jMkKm3GLHpLiq3J4gE,"","North Campus",6c2573ce-592a-4519-989c-2fd21d6918b7,"W", 08/25/2025 04:30:00 AM,"(UTC-07:00) Arizona",,,3644789.06666667,3620131,3669033.2,
PNTM9M2jMkKm3GLHpLiq3J4gE,"","North Campus",6c2573ce-592a-4519-989c-2fd21d6918b7,"W", 08/25/2025 04:45:00 AM,"(UTC-07:00) Arizona",,,3716574.86666667,3674135.2,3747797.2,
PNTM9M2jMkKm3GLHpLiq3J4gE,"","North Campus",6c2573ce-592a-4519-989c-2fd21d6918b7,"W", 08/25/2025 05:00:00 AM,"(UTC-07:00) Arizona",,,3725252.06666667,3716206,3742510.2,
PNTM9M2jMkKm3GLHpLiq3J4gE,"","North Campus",6c2573ce-592a-4519-989c-2fd21d6918b7,"W", 08/25/2025 05:15:00 AM,"(UTC-07:00) Arizona",,,3694567.5,3681391.5,3705071.5,
PNTM9M2jMkKm3GLHpLiq3J4gE,"","North Campus",6c2573ce-592a-4519-989c-2fd21d6918b7,"W", 08/25/2025 05:30:00 AM,"(UTC-07:00) Arizona",,,3711454.63333333,3698855.2,3723985.5,
PNTM9M2jMkKm3GLHpLiq3J4gE,"","North Campus",6c2573ce-592a-4519-989c-2fd21d6918b7,"W", 08/25/2025 05:45:00 AM,"(UTC-07:00) Arizona",,,3817515.83333333,3739993.2,3919845.5,
PNTM9M2jMkKm3GLHpLiq3J4gE,"","North Campus",6c2573ce-592a-4519-989c-2fd21d6918b7,"W", 08/25/2025 06:00:00 AM,"(UTC-07:00) Arizona",,,3955467.53333333,3948081.8,3967606,
PNTM9M2jMkKm3GLHpLiq3J4gE,"","North Campus",6c2573ce-592a-4519-989c-2fd21d6918b7,"W", 08/25/2025 06:15:00 AM,"(UTC-07:00) Arizona",,,3902097.5,3865675,3924294.5,
PNTM9M2jMkKm3GLHpLiq3J4gE,"","North Campus",6c2573ce-592a-4519-989c-2fd21d6918b7,"W", 08/25/2025 06:30:00 AM,"(UTC-07:00) Arizona",,,3950690,3929784.8,3970648,
PNTM9M2jMkKm3GLHpLiq3J4gE,"","North Campus",6c2573ce-592a-4519-989c-2fd21d6918b7,"W", 08/25/2025 06:45:00 AM,"(UTC-07:00) Arizona",,,4060285.9,3983291.8,4137280,
PNTM9M2jMkKm3GLHpLiq3J4gE,"","North Campus",6c2573ce-592a-4519-989c-2fd21d6918b7,"W", 08/25/2025 07:00:00 AM,"(UTC-07:00) Arizona",,,4192084,4173336,4210529.5,
PNTM9M2jMkKm3GLHpLiq3J4gE,"","North Campus",6c2573ce-592a-4519-989c-2fd21d6918b7,"W", 08/25/2025 07:15:00 AM,"(UTC-07:00) Arizona",,,4208739.25,4198157,4219321.5,
PNTM9M2jMkKm3GLHpLiq3J4gE,"","North Campus",6c2573ce-592a-4519-989c-2fd21d6918b7,"W", 08/25/2025 07:30:00 AM,"(UTC-07:00) Arizona",,,4370200.83333333,4332444,4402850,
PNTM9M2jMkKm3GLHpLiq3J4gE,"","North Campus",6c2573ce-592a-4519-989c-2fd21d6918b7,"W", 08/25/2025 07:45:00 AM,"(UTC-07:00) Arizona",,,4480909.5,4356390,4605020,
PNTM9M2jMkKm3GLHpLiq3J4gE,"","North Campus",6c2573ce-592a-4519-989c-2fd21d6918b7,"W", 08/25/2025 08:00:00 AM,"(UTC-07:00) Arizona",,,4808574,4780424,4834580,
PNTM9M2jMkKm3GLHpLiq3J4gE,"","North Campus",6c2573ce-592a-4519-989c-2fd21d6918b7,"W", 08/25/2025 08:15:00 AM,"(UTC-07:00) Arizona",,,4893104.75,4847963,4938246.5,
PNTM9M2jMkKm3GLHpLiq3J4gE,"","North Campus",6c2573ce-592a-4519-989c-2fd21d6918b7,"W", 08/25/2025 08:30:00 AM,"(UTC-07:00) Arizona",,,4998226.625,4915854,5088912.5,
PNTM9M2jMkKm3GLHpLiq3J4gE,"","North Campus",6c2573ce-592a-4519-989c-2fd21d6918b7,"W", 08/25/2025 08:45:00 AM,"(UTC-07:00) Arizona",,,5070356,5021900,5118812,
PNTM9M2jMkKm3GLHpLiq3J4gE,"","North Campus",6c2573ce-592a-4519-989c-2fd21d6918b7,"W", 08/25/2025 09:00:00 AM,"(UTC-07:00) Arizona",,,4995388.25,4910836.5,5094941,
PNTM9M2jMkKm3GLHpLiq3J4gE,"","North Campus",6c2573ce-592a-4519-989c-2fd21d6918b7,"W", 08/25/2025 09:15:00 AM,"(UTC-07:00) Arizona",,,5067728.25,5059567,5075889.5,
PNTM9M2jMkKm3GLHpLiq3J4gE,"","North Campus",6c2573ce-592a-4519-989c-2fd21d6918b7,"W", 08/25/2025 09:30:00 AM,"(UTC-07:00) Arizona",,,4962750.33333333,4881594,5077530.5,
PNTM9M2jMkKm3GLHpLiq3J4gE,"","North Campus",6c2573ce-592a-4519-989c-2fd21d6918b7,"W", 08/25/2025 09:45:00 AM,"(UTC-07:00) Arizona",,,5058333.375,4825104,5223079,
PNTM9M2jMkKm3GLHpLiq3J4gE,"","North Campus",6c2573ce-592a-4519-989c-2fd21d6918b7,"W", 08/25/2025 10:00:00 AM,"(UTC-07:00) Arizona",,,5197614.25,5134675.5,5260553,
PNTM9M2jMkKm3GLHpLiq3J4gE,"","North Campus",6c2573ce-592a-4519-989c-2fd21d6918b7,"W", 08/25/2025 10:15:00 AM,"(UTC-07:00) Arizona",,,5064073.875,5016192.5,5085542,
PNTM9M2jMkKm3GLHpLiq3J4gE,"","North Campus",6c2573ce-592a-4519-989c-2fd21d6918b7,"W", 08/25/2025 10:30:00 AM,"(UTC-07:00) Arizona",,,5129292.25,5088303,5170281.5,
PNTM9M2jMkKm3GLHpLiq3J4gE,"","North Campus",6c2573ce-592a-4519-989c-2fd21d6918b7,"W", 08/25/2025 10:45:00 AM,"(UTC-07:00) Arizona",,,5155033.25,5097509.5,5200652,
PNTM9M2jMkKm3GLHpLiq3J4gE,"","North Campus",6c2573ce-592a-4519-989c-2fd21d6918b7,"W", 08/25/2025 11:00:00 AM,"(UTC-07:00) Arizona",,,5235156,5215005,5245231.5,
PNTM9M2jMkKm3GLHpLiq3J4gE,"","North Campus",6c2573ce-592a-4519-989c-2fd21d6918b7,"W", 08/25/2025 11:15:00 AM,"(UTC-07:00) Arizona",,,5275121.25,5249207.5,5301035,
PNTM9M2jMkKm3GLHpLiq3J4gE,"","North Campus",6c2573ce-592a-4519-989c-2fd21d6918b7,"W", 08/25/2025 11:30:00 AM,"(UTC-07:00) Arizona",,,5216048,5154532,5297220,
PNTM9M2jMkKm3GLHpLiq3J4gE,"","North Campus",6c2573ce-592a-4519-989c-2fd21d6918b7,"W", 08/25/2025 11:45:00 AM,"(UTC-07:00) Arizona",,,5546223,5546223,5546223,
PNTM9M2jMkKm3GLHpLiq3J4gE,"","North Campus",6c2573ce-592a-4519-989c-2fd21d6918b7,"W", 08/25/2025 12:00:00 PM,"(UTC-07:00) Arizona",,,5446994.83333333,5277997.5,5533277,
PNTM9M2jMkKm3GLHpLiq3J4gE,"","North Campus",6c2573ce-592a-4519-989c-2fd21d6918b7,"W", 08/25/2025 12:15:00 PM,"(UTC-07:00) Arizona",,,5554656.33333333,5542381.5,5573462.5,
PNTM9M2jMkKm3GLHpLiq3J4gE,"","North Campus",6c2573ce-592a-4519-989c-2fd21d6918b7,"W", 08/25/2025 12:30:00 PM,"(UTC-07:00) Arizona",,,5359167.33333333,5292246.5,5447722,
PNTM9M2jMkKm3GLHpLiq3J4gE,"","North Campus",6c2573ce-592a-4519-989c-2fd21d6918b7,"W", 08/25/2025 12:45:00 PM,"(UTC-07:00) Arizona",,,5290296.33333333,5247859,5364150.5,
PNTM9M2jMkKm3GLHpLiq3J4gE,"","North Campus",6c2573ce-592a-4519-989c-2fd21d6918b7,"W", 08/25/2025 01:00:00 PM,"(UTC-07:00) Arizona",,,5367441.16666667,5238921,5443947.5,
PNTM9M2jMkKm3GLHpLiq3J4gE,"","North Campus",6c2573ce-592a-4519-989c-2fd21d6918b7,"W", 08/25/2025 01:15:00 PM,"(UTC-07:00) Arizona",,,5495033.33333333,5425608.5,5539512,
PNTM9M2jMkKm3GLHpLiq3J4gE,"","North Campus",6c2573ce-592a-4519-989c-2fd21d6918b7,"W", 08/25/2025 01:30:00 PM,"(UTC-07:00) Arizona",,,5579897,5520948.5,5625274,
PNTM9M2jMkKm3GLHpLiq3J4gE,"","North Campus",6c2573ce-592a-4519-989c-2fd21d6918b7,"W", 08/25/2025 01:45:00 PM,"(UTC-07:00) Arizona",,,5599574.16666667,5555261.5,5671454.5,
PNTM9M2jMkKm3GLHpLiq3J4gE,"","North Campus",6c2573ce-592a-4519-989c-2fd21d6918b7,"W", 08/25/2025 02:00:00 PM,"(UTC-07:00) Arizona",,,5537914.33333333,5485913.5,5594050.5,
PNTM9M2jMkKm3GLHpLiq3J4gE,"","North Campus",6c2573ce-592a-4519-989c-2fd21d6918b7,"W", 08/25/2025 02:15:00 PM,"(UTC-07:00) Arizona",,,5486249,5462599.5,5507384,
PNTM9M2jMkKm3GLHpLiq3J4gE,"","North Campus",6c2573ce-592a-4519-989c-2fd21d6918b7,"W", 08/25/2025 02:30:00 PM,"(UTC-07:00) Arizona",,,5389775.83333333,5345455.5,5427488,
PNTM9M2jMkKm3GLHpLiq3J4gE,"","North Campus",6c2573ce-592a-4519-989c-2fd21d6918b7,"W", 08/25/2025 02:45:00 PM,"(UTC-07:00) Arizona",,,5402339.66666667,5324019,5461991.5,
PNTM9M2jMkKm3GLHpLiq3J4gE,"","North Campus",6c2573ce-592a-4519-989c-2fd21d6918b7,"W", 08/25/2025 03:00:00 PM,"(UTC-07:00) Arizona",,,5401465.375,5352359,5419863,
PNTM9M2jMkKm3GLHpLiq3J4gE,"","North Campus",6c2573ce-592a-4519-989c-2fd21d6918b7,"W", 08/25/2025 03:15:00 PM,"(UTC-07:00) Arizona",,,5336530.25,5294955.5,5378105,
PNTM9M2jMkKm3GLHpLiq3J4gE,"","North Campus",6c2573ce-592a-4519-989c-2fd21d6918b7,"W", 08/25/2025 03:30:00 PM,"(UTC-07:00) Arizona",,,5213827.33333333,5102586,5322660.5,
PNTM9M2jMkKm3GLHpLiq3J4gE,"","North Campus",6c2573ce-592a-4519-989c-2fd21d6918b7,"W", 08/25/2025 03:45:00 PM,"(UTC-07:00) Arizona",,,5097386.5,5035667,5153689.5,
PNTM9M2jMkKm3GLHpLiq3J4gE,"","North Campus",6c2573ce-592a-4519-989c-2fd21d6918b7,"W", 08/25/2025 04:00:00 PM,"(UTC-07:00) Arizona",,,5188492.83333333,5159159.5,5232175,
PNTM9M2jMkKm3GLHpLiq3J4gE,"","North Campus",6c2573ce-592a-4519-989c-2fd21d6918b7,"W", 08/25/2025 04:15:00 PM,"(UTC-07:00) Arizona",,,5212908.5,5092970,5367473,
PNTM9M2jMkKm3GLHpLiq3J4gE,"","North Campus",6c2573ce-592a-4519-989c-2fd21d6918b7,"W", 08/25/2025 04:30:00 PM,"(UTC-07:00) Arizona",,,5120254.5,5092913.5,5162341.5,
PNTM9M2jMkKm3GLHpLiq3J4gE,"","North Campus",6c2573ce-592a-4519-989c-2fd21d6918b7,"W", 08/25/2025 04:45:00 PM,"(UTC-07:00) Arizona",,,5140912,5130117,5157375,
PNTM9M2jMkKm3GLHpLiq3J4gE,"","North Campus",6c2573ce-592a-4519-989c-2fd21d6918b7,"W", 08/25/2025 05:00:00 PM,"(UTC-07:00) Arizona",,,5101327.33333333,5047779.5,5164933.5,
PNTM9M2jMkKm3GLHpLiq3J4gE,"","North Campus",6c2573ce-592a-4519-989c-2fd21d6918b7,"W", 08/25/2025 05:15:00 PM,"(UTC-07:00) Arizona",,,5155303.66666667,5088724.5,5218795,
PNTM9M2jMkKm3GLHpLiq3J4gE,"","North Campus",6c2573ce-592a-4519-989c-2fd21d6918b7,"W", 08/25/2025 05:30:00 PM,"(UTC-07:00) Arizona",,,5214777.16666667,5200696,5234405,
PNTM9M2jMkKm3GLHpLiq3J4gE,"","North Campus",6c2573ce-592a-4519-989c-2fd21d6918b7,"W", 08/25/2025 05:45:00 PM,"(UTC-07:00) Arizona",,,5095553,5004117,5141271,
PNTM9M2jMkKm3GLHpLiq3J4gE,"","North Campus",6c2573ce-592a-4519-989c-2fd21d6918b7,"W", 08/25/2025 06:00:00 PM,"(UTC-07:00) Arizona",,,5102743.66666667,5073733.5,5118144,
PNTM9M2jMkKm3GLHpLiq3J4gE,"","North Campus",6c2573ce-592a-4519-989c-2fd21d6918b7,"W", 08/25/2025 06:15:00 PM,"(UTC-07:00) Arizona",,,5144106.16666667,5087043,5194267,
PNTM9M2jMkKm3GLHpLiq3J4gE,"","North Campus",6c2573ce-592a-4519-989c-2fd21d6918b7,"W", 08/25/2025 06:30:00 PM,"(UTC-07:00) Arizona",,,5194029.33333333,5179503,5207053,
PNTM9M2jMkKm3GLHpLiq3J4gE,"","North Campus",6c2573ce-592a-4519-989c-2fd21d6918b7,"W", 08/25/2025 06:45:00 PM,"(UTC-07:00) Arizona",,,5146945.33333333,5022191.5,5221955.5,
PNTM9M2jMkKm3GLHpLiq3J4gE,"","North Campus",6c2573ce-592a-4519-989c-2fd21d6918b7,"W", 08/25/2025 07:00:00 PM,"(UTC-07:00) Arizona",,,4979453.16666667,4955025.5,5023063,
PNTM9M2jMkKm3GLHpLiq3J4gE,"","North Campus",6c2573ce-592a-4519-989c-2fd21d6918b7,"W", 08/25/2025 07:15:00 PM,"(UTC-07:00) Arizona",,,4895572.75,4876455,4914690.5,
PNTM9M2jMkKm3GLHpLiq3J4gE,"","North Campus",6c2573ce-592a-4519-989c-2fd21d6918b7,"W", 08/25/2025 07:30:00 PM,"(UTC-07:00) Arizona",,,4870370.125,4859181,4900726.5,
PNTM9M2jMkKm3GLHpLiq3J4gE,"","North Campus",6c2573ce-592a-4519-989c-2fd21d6918b7,"W", 08/25/2025 07:45:00 PM,"(UTC-07:00) Arizona",,,4819841.75,4794333,4845350.5,
PNTM9M2jMkKm3GLHpLiq3J4gE,"","North Campus",6c2573ce-592a-4519-989c-2fd21d6918b7,"W", 08/25/2025 08:00:00 PM,"(UTC-07:00) Arizona",,,4655937,4520894,4710356,
PNTM9M2jMkKm3GLHpLiq3J4gE,"","North Campus",6c2573ce-592a-4519-989c-2fd21d6918b7,"W", 08/25/2025 08:15:00 PM,"(UTC-07:00) Arizona",,,4526830.5,4468100.5,4560408.5,
PNTM9M2jMkKm3GLHpLiq3J4gE,"","North Campus",6c2573ce-592a-4519-989c-2fd21d6918b7,"W", 08/25/2025 08:30:00 PM,"(UTC-07:00) Arizona",,,4530042.5,4509558.5,4548206.5,
PNTM9M2jMkKm3GLHpLiq3J4gE,"","North Campus",6c2573ce-592a-4519-989c-2fd21d6918b7,"W", 08/25/2025 08:45:00 PM,"(UTC-07:00) Arizona",,,4482570.16666667,4416099,4519007.5,
PNTM9M2jMkKm3GLHpLiq3J4gE,"","North Campus",6c2573ce-592a-4519-989c-2fd21d6918b7,"W", 08/25/2025 09:00:00 PM,"(UTC-07:00) Arizona",,,4322574.33333333,4295153,4356440,
PNTM9M2jMkKm3GLHpLiq3J4gE,"","North Campus",6c2573ce-592a-4519-989c-2fd21d6918b7,"W", 08/25/2025 09:15:00 PM,"(UTC-07:00) Arizona",,,4296908.5,4265557.5,4312661.5,
PNTM9M2jMkKm3GLHpLiq3J4gE,"","North Campus",6c2573ce-592a-4519-989c-2fd21d6918b7,"W", 08/25/2025 09:30:00 PM,"(UTC-07:00) Arizona",,,4296056.5,4247438.5,4371912,
PNTM9M2jMkKm3GLHpLiq3J4gE,"","North Campus",6c2573ce-592a-4519-989c-2fd21d6918b7,"W", 08/25/2025 09:45:00 PM,"(UTC-07:00) Arizona",,,4230553.75,4229087,4232020.5,
PNTM9M2jMkKm3GLHpLiq3J4gE,"","North Campus",6c2573ce-592a-4519-989c-2fd21d6918b7,"W", 08/25/2025 10:00:00 PM,"(UTC-07:00) Arizona",,,4163082.5,4138227.5,4184335.2,
PNTM9M2jMkKm3GLHpLiq3J4gE,"","North Campus",6c2573ce-592a-4519-989c-2fd21d6918b7,"W", 08/25/2025 10:15:00 PM,"(UTC-07:00) Arizona",,,4117195.4,4080531.2,4137496.5,
PNTM9M2jMkKm3GLHpLiq3J4gE,"","North Campus",6c2573ce-592a-4519-989c-2fd21d6918b7,"W", 08/25/2025 10:30:00 PM,"(UTC-07:00) Arizona",,,4073279.2,4047585.2,4120372.8,
PNTM9M2jMkKm3GLHpLiq3J4gE,"","North Campus",6c2573ce-592a-4519-989c-2fd21d6918b7,"W", 08/25/2025 10:45:00 PM,"(UTC-07:00) Arizona",,,3927147,3842989.2,3997796,
PNTM9M2jMkKm3GLHpLiq3J4gE,"","North Campus",6c2573ce-592a-4519-989c-2fd21d6918b7,"W", 08/25/2025 11:00:00 PM,"(UTC-07:00) Arizona",,,3870776,3842989.2,3898562.8,
PNTM9M2jMkKm3GLHpLiq3J4gE,"","North Campus",6c2573ce-592a-4519-989c-2fd21d6918b7,"W", 08/25/2025 11:15:00 PM,"(UTC-07:00) Arizona",,,3837320.83333333,3814607.8,3859382.2,
PNTM9M2jMkKm3GLHpLiq3J4gE,"","North Campus",6c2573ce-592a-4519-989c-2fd21d6918b7,"W", 08/25/2025 11:30:00 PM,"(UTC-07:00) Arizona",,,3803297.975,3771573.2,3865755.5,
PNTM9M2jMkKm3GLHpLiq3J4gE,"","North Campus",6c2573ce-592a-4519-989c-2fd21d6918b7,"W", 08/25/2025 11:45:00 PM,"(UTC-07:00) Arizona",,,3751659.7,3707680.8,3781653.8,
PNTM9M2jMkKm3GLHpLiq3J4gE,"","North Campus",6c2573ce-592a-4519-989c-2fd21d6918b7,"W", 08/26/2025 12:00:00 AM,"(UTC-07:00) Arizona",,,3704344.1,3678893,3729795.2,
PNTM9M2jMkKm3GLHpLiq3J4gE,"","North Campus",6c2573ce-592a-4519-989c-2fd21d6918b7,"W", 08/26/2025 12:15:00 AM,"(UTC-07:00) Arizona",,,3669903.86666667,3652057.8,3693505,
PNTM9M2jMkKm3GLHpLiq3J4gE,"","North Campus",6c2573ce-592a-4519-989c-2fd21d6918b7,"W", 08/26/2025 12:30:00 AM,"(UTC-07:00) Arizona",,,3668443.56666667,3645105.5,3693098,
PNTM9M2jMkKm3GLHpLiq3J4gE,"","North Campus",6c2573ce-592a-4519-989c-2fd21d6918b7,"W", 08/26/2025 12:45:00 AM,"(UTC-07:00) Arizona",,,3629309.33333333,3610781,3653486,
PNTM9M2jMkKm3GLHpLiq3J4gE,"","North Campus",6c2573ce-592a-4519-989c-2fd21d6918b7,"W", 08/26/2025 01:00:00 AM,"(UTC-07:00) Arizona",,,3632080.5,3593973.2,3676592.5,
PNTM9M2jMkKm3GLHpLiq3J4gE,"","North Campus",6c2573ce-592a-4519-989c-2fd21d6918b7,"W", 08/26/2025 01:15:00 AM,"(UTC-07:00) Arizona",,,3610833.55,3590865.5,3646346.5,
PNTM9M2jMkKm3GLHpLiq3J4gE,"","North Campus",6c2573ce-592a-4519-989c-2fd21d6918b7,"W", 08/26/2025 01:30:00 AM,"(UTC-07:00) Arizona",,,3588559.9,3579864.8,3597255,
PNTM9M2jMkKm3GLHpLiq3J4gE,"","North Campus",6c2573ce-592a-4519-989c-2fd21d6918b7,"W", 08/26/2025 01:45:00 AM,"(UTC-07:00) Arizona",,,3563647.2,3510557.8,3608152.2,
PNTM9M2jMkKm3GLHpLiq3J4gE,"","North Campus",6c2573ce-592a-4519-989c-2fd21d6918b7,"W", 08/26/2025 02:00:00 AM,"(UTC-07:00) Arizona",,,3571112.65,3559011.8,3583213.5,
PNTM9M2jMkKm3GLHpLiq3J4gE,"","North Campus",6c2573ce-592a-4519-989c-2fd21d6918b7,"W", 08/26/2025 02:15:00 AM,"(UTC-07:00) Arizona",,,3548655.16666667,3536216.2,3562920.5,
PNTM9M2jMkKm3GLHpLiq3J4gE,"","North Campus",6c2573ce-592a-4519-989c-2fd21d6918b7,"W", 08/26/2025 02:30:00 AM,"(UTC-07:00) Arizona",,,3503761.4,3496983.5,3517317.2,
PNTM9M2jMkKm3GLHpLiq3J4gE,"","North Campus",6c2573ce-592a-4519-989c-2fd21d6918b7,"W", 08/26/2025 02:45:00 AM,"(UTC-07:00) Arizona",,,3506160.1,3498180.5,3515544.8,
PNTM9M2jMkKm3GLHpLiq3J4gE,"","North Campus",6c2573ce-592a-4519-989c-2fd21d6918b7,"W", 08/26/2025 03:00:00 AM,"(UTC-07:00) Arizona",,,3543841.83333333,3537951.5,3554425,
PNTM9M2jMkKm3GLHpLiq3J4gE,"","North Campus",6c2573ce-592a-4519-989c-2fd21d6918b7,"W", 08/26/2025 03:15:00 AM,"(UTC-07:00) Arizona",,,3562438.46666667,3535272.2,3602390.2,
PNTM9M2jMkKm3GLHpLiq3J4gE,"","North Campus",6c2573ce-592a-4519-989c-2fd21d6918b7,"W", 08/26/2025 03:30:00 AM,"(UTC-07:00) Arizona",,,3568856.23333333,3554757.5,3579092.2,
PNTM9M2jMkKm3GLHpLiq3J4gE,"","North Campus",6c2573ce-592a-4519-989c-2fd21d6918b7,"W", 08/26/2025 03:45:00 AM,"(UTC-07:00) Arizona",,,3611192.33333333,3609420.5,3613098,
PNTM9M2jMkKm3GLHpLiq3J4gE,"","North Campus",6c2573ce-592a-4519-989c-2fd21d6918b7,"W", 08/26/2025 04:00:00 AM,"(UTC-07:00) Arizona",,,3634974.73333333,3617958,3667324,
PNTM9M2jMkKm3GLHpLiq3J4gE,"","North Campus",6c2573ce-592a-4519-989c-2fd21d6918b7,"W", 08/26/2025 04:15:00 AM,"(UTC-07:00) Arizona",,,3632554.6,3607198,3671564,
PNTM9M2jMkKm3GLHpLiq3J4gE,"","North Campus",6c2573ce-592a-4519-989c-2fd21d6918b7,"W", 08/26/2025 04:30:00 AM,"(UTC-07:00) Arizona",,,3650340.9,3623802,3671410.2,
PNTM9M2jMkKm3GLHpLiq3J4gE,"","North Campus",6c2573ce-592a-4519-989c-2fd21d6918b7,"W", 08/26/2025 04:45:00 AM,"(UTC-07:00) Arizona",,,3639846.53333333,3619071.2,3663117.2,
PNTM9M2jMkKm3GLHpLiq3J4gE,"","North Campus",6c2573ce-592a-4519-989c-2fd21d6918b7,"W", 08/26/2025 05:00:00 AM,"(UTC-07:00) Arizona",,,3694389.4,3678872.5,3716996.2,
PNTM9M2jMkKm3GLHpLiq3J4gE,"","North Campus",6c2573ce-592a-4519-989c-2fd21d6918b7,"W", 08/26/2025 05:15:00 AM,"(UTC-07:00) Arizona",,,3674838.83333333,3667214.5,3687299.5,
PNTM9M2jMkKm3GLHpLiq3J4gE,"","North Campus",6c2573ce-592a-4519-989c-2fd21d6918b7,"W", 08/26/2025 05:30:00 AM,"(UTC-07:00) Arizona",,,3692212.8,3679528.2,3712920.2,
PNTM9M2jMkKm3GLHpLiq3J4gE,"","North Campus",6c2573ce-592a-4519-989c-2fd21d6918b7,"W", 08/26/2025 05:45:00 AM,"(UTC-07:00) Arizona",,,3763323.43333333,3698273.8,3838848.5,
PNTM9M2jMkKm3GLHpLiq3J4gE,"","North Campus",6c2573ce-592a-4519-989c-2fd21d6918b7,"W", 08/26/2025 06:00:00 AM,"(UTC-07:00) Arizona",,,3873766.06666667,3845770.2,3891472,
PNTM9M2jMkKm3GLHpLiq3J4gE,"","North Campus",6c2573ce-592a-4519-989c-2fd21d6918b7,"W", 08/26/2025 06:15:00 AM,"(UTC-07:00) Arizona",,,3936439.6,3919713.8,3966103,
PNTM9M2jMkKm3GLHpLiq3J4gE,"","North Campus",6c2573ce-592a-4519-989c-2fd21d6918b7,"W", 08/26/2025 06:30:00 AM,"(UTC-07:00) Arizona",,,3903193.8,3903193.8,3903193.8,
PNTM9M2jMkKm3GLHpLiq3J4gE,"","North Campus",6c2573ce-592a-4519-989c-2fd21d6918b7,"W", 08/26/2025 06:45:00 AM,"(UTC-07:00) Arizona",,,4033652.93333333,3959999,4126297,
PNTM9M2jMkKm3GLHpLiq3J4gE,"","North Campus",6c2573ce-592a-4519-989c-2fd21d6918b7,"W", 08/26/2025 07:00:00 AM,"(UTC-07:00) Arizona",,,4088390.9,4072757,4104024.8,
PNTM9M2jMkKm3GLHpLiq3J4gE,"","North Campus",6c2573ce-592a-4519-989c-2fd21d6918b7,"W", 08/26/2025 07:15:00 AM,"(UTC-07:00) Arizona",,,4156479.675,4095344.2,4212170,
PNTM9M2jMkKm3GLHpLiq3J4gE,"","North Campus",6c2573ce-592a-4519-989c-2fd21d6918b7,"W", 08/26/2025 07:30:00 AM,"(UTC-07:00) Arizona",,,4261477.5,4224209,4301229.5,
PNTM9M2jMkKm3GLHpLiq3J4gE,"","North Campus",6c2573ce-592a-4519-989c-2fd21d6918b7,"W", 08/26/2025 07:45:00 AM,"(UTC-07:00) Arizona",,,4381675.66666667,4311084,4453258.5,
PNTM9M2jMkKm3GLHpLiq3J4gE,"","North Campus",6c2573ce-592a-4519-989c-2fd21d6918b7,"W", 08/26/2025 08:00:00 AM,"(UTC-07:00) Arizona",,,4419183,4330706.5,4507659.5,
PNTM9M2jMkKm3GLHpLiq3J4gE,"","North Campus",6c2573ce-592a-4519-989c-2fd21d6918b7,"W", 08/26/2025 08:15:00 AM,"(UTC-07:00) Arizona",,,4592221.125,4514572.5,4757494.5,
PNTM9M2jMkKm3GLHpLiq3J4gE,"","North Campus",6c2573ce-592a-4519-989c-2fd21d6918b7,"W", 08/26/2025 08:30:00 AM,"(UTC-07:00) Arizona",,,4800064.5,4783569,4813370,
PNTM9M2jMkKm3GLHpLiq3J4gE,"","North Campus",6c2573ce-592a-4519-989c-2fd21d6918b7,"W", 08/26/2025 08:45:00 AM,"(UTC-07:00) Arizona",,,4890744.16666667,4833061,4977245,
PNTM9M2jMkKm3GLHpLiq3J4gE,"","North Campus",6c2573ce-592a-4519-989c-2fd21d6918b7,"W", 08/26/2025 09:00:00 AM,"(UTC-07:00) Arizona",,,4888693.25,4812277.5,4965109,
PNTM9M2jMkKm3GLHpLiq3J4gE,"","North Campus",6c2573ce-592a-4519-989c-2fd21d6918b7,"W", 08/26/2025 09:15:00 AM,"(UTC-07:00) Arizona",,,5106806.33333333,5056847.5,5156814,
PNTM9M2jMkKm3GLHpLiq3J4gE,"","North Campus",6c2573ce-592a-4519-989c-2fd21d6918b7,"W", 08/26/2025 09:30:00 AM,"(UTC-07:00) Arizona",,,4780043.75,4776893,4783194.5,
PNTM9M2jMkKm3GLHpLiq3J4gE,"","North Campus",6c2573ce-592a-4519-989c-2fd21d6918b7,"W", 08/26/2025 09:45:00 AM,"(UTC-07:00) Arizona",,,5014794.16666667,4781408.5,5181489,
PNTM9M2jMkKm3GLHpLiq3J4gE,"","North Campus",6c2573ce-592a-4519-989c-2fd21d6918b7,"W", 08/26/2025 10:00:00 AM,"(UTC-07:00) Arizona",,,4996909.33333333,4897211.5,5129003,
PNTM9M2jMkKm3GLHpLiq3J4gE,"","North Campus",6c2573ce-592a-4519-989c-2fd21d6918b7,"W", 08/26/2025 10:15:00 AM,"(UTC-07:00) Arizona",,,4760640.625,4446452,5055433,
PNTM9M2jMkKm3GLHpLiq3J4gE,"","North Campus",6c2573ce-592a-4519-989c-2fd21d6918b7,"W", 08/26/2025 10:30:00 AM,"(UTC-07:00) Arizona",,,4789791.75,4787213,4792370.5,
PNTM9M2jMkKm3GLHpLiq3J4gE,"","North Campus",6c2573ce-592a-4519-989c-2fd21d6918b7,"W", 08/26/2025 10:45:00 AM,"(UTC-07:00) Arizona",,,5050109,4879078,5176274.5,
PNTM9M2jMkKm3GLHpLiq3J4gE,"","North Campus",6c2573ce-592a-4519-989c-2fd21d6918b7,"W", 08/26/2025 11:00:00 AM,"(UTC-07:00) Arizona",,,5136807.83333333,5069130.5,5171295.5,
PNTM9M2jMkKm3GLHpLiq3J4gE,"","North Campus",6c2573ce-592a-4519-989c-2fd21d6918b7,"W", 08/26/2025 11:15:00 AM,"(UTC-07:00) Arizona",,,5282022.75,5262906.5,5301139,
PNTM9M2jMkKm3GLHpLiq3J4gE,"","North Campus",6c2573ce-592a-4519-989c-2fd21d6918b7,"W", 08/26/2025 11:30:00 AM,"(UTC-07:00) Arizona",,,5136805.83333333,4984866.5,5217874,
PNTM9M2jMkKm3GLHpLiq3J4gE,"","North Campus",6c2573ce-592a-4519-989c-2fd21d6918b7,"W", 08/26/2025 11:45:00 AM,"(UTC-07:00) Arizona",,,5102006,5046124,5157888,
PNTM9M2jMkKm3GLHpLiq3J4gE,"","North Campus",6c2573ce-592a-4519-989c-2fd21d6918b7,"W", 08/26/2025 12:00:00 PM,"(UTC-07:00) Arizona",,,5090382,5036050.5,5144713.5,
PNTM9M2jMkKm3GLHpLiq3J4gE,"","North Campus",6c2573ce-592a-4519-989c-2fd21d6918b7,"W", 08/26/2025 12:15:00 PM,"(UTC-07:00) Arizona",,,5164434.5,5136701,5211342.5,
PNTM9M2jMkKm3GLHpLiq3J4gE,"","North Campus",6c2573ce-592a-4519-989c-2fd21d6918b7,"W", 08/26/2025 12:30:00 PM,"(UTC-07:00) Arizona",,,5173673.66666667,5021662.5,5409858.5,
PNTM9M2jMkKm3GLHpLiq3J4gE,"","North Campus",6c2573ce-592a-4519-989c-2fd21d6918b7,"W", 08/26/2025 12:45:00 PM,"(UTC-07:00) Arizona",,,5209573.16666667,5090382.5,5372619,
PNTM9M2jMkKm3GLHpLiq3J4gE,"","North Campus",6c2573ce-592a-4519-989c-2fd21d6918b7,"W", 08/26/2025 01:00:00 PM,"(UTC-07:00) Arizona",,,5052232.33333333,4986961,5141337,
PNTM9M2jMkKm3GLHpLiq3J4gE,"","North Campus",6c2573ce-592a-4519-989c-2fd21d6918b7,"W", 08/26/2025 01:15:00 PM,"(UTC-07:00) Arizona",,,5250864.83333333,4993807,5381169.5,
PNTM9M2jMkKm3GLHpLiq3J4gE,"","North Campus",6c2573ce-592a-4519-989c-2fd21d6918b7,"W", 08/26/2025 01:30:00 PM,"(UTC-07:00) Arizona",,,5256835.66666667,5090443,5364407,
PNTM9M2jMkKm3GLHpLiq3J4gE,"","North Campus",6c2573ce-592a-4519-989c-2fd21d6918b7,"W", 08/26/2025 01:45:00 PM,"(UTC-07:00) Arizona",,,5273944.33333333,5070364.5,5440120.5,
PNTM9M2jMkKm3GLHpLiq3J4gE,"","North Campus",6c2573ce-592a-4519-989c-2fd21d6918b7,"W", 08/26/2025 02:00:00 PM,"(UTC-07:00) Arizona",,,5200511.33333333,5194194,5209695,
PNTM9M2jMkKm3GLHpLiq3J4gE,"","North Campus",6c2573ce-592a-4519-989c-2fd21d6918b7,"W", 08/26/2025 02:15:00 PM,"(UTC-07:00) Arizona",,,5297444.33333333,5282275,5309753,
PNTM9M2jMkKm3GLHpLiq3J4gE,"","North Campus",6c2573ce-592a-4519-989c-2fd21d6918b7,"W", 08/26/2025 02:30:00 PM,"(UTC-07:00) Arizona",,,5266503.5,5256728,5274215,
PNTM9M2jMkKm3GLHpLiq3J4gE,"","North Campus",6c2573ce-592a-4519-989c-2fd21d6918b7,"W", 08/26/2025 02:45:00 PM,"(UTC-07:00) Arizona",,,5231750.16666667,5131571.5,5301267.5,
PNTM9M2jMkKm3GLHpLiq3J4gE,"","North Campus",6c2573ce-592a-4519-989c-2fd21d6918b7,"W", 08/26/2025 03:00:00 PM,"(UTC-07:00) Arizona",,,5258882,5235449,5282315,
PNTM9M2jMkKm3GLHpLiq3J4gE,"","North Campus",6c2573ce-592a-4519-989c-2fd21d6918b7,"W", 08/26/2025 03:15:00 PM,"(UTC-07:00) Arizona",,,5262849.83333333,5197586,5326400,
PNTM9M2jMkKm3GLHpLiq3J4gE,"","North Campus",6c2573ce-592a-4519-989c-2fd21d6918b7,"W", 08/26/2025 03:30:00 PM,"(UTC-07:00) Arizona",,,5269913.5,5183087,5329519.5,
PNTM9M2jMkKm3GLHpLiq3J4gE,"","North Campus",6c2573ce-592a-4519-989c-2fd21d6918b7,"W", 08/26/2025 03:45:00 PM,"(UTC-07:00) Arizona",,,5265299,5242801.5,5287796.5,
PNTM9M2jMkKm3GLHpLiq3J4gE,"","North Campus",6c2573ce-592a-4519-989c-2fd21d6918b7,"W", 08/26/2025 04:00:00 PM,"(UTC-07:00) Arizona",,,5015546.75,4999320,5031773.5,
PNTM9M2jMkKm3GLHpLiq3J4gE,"","North Campus",6c2573ce-592a-4519-989c-2fd21d6918b7,"W", 08/26/2025 04:15:00 PM,"(UTC-07:00) Arizona",,,5207214.16666667,5152214,5281967,
PNTM9M2jMkKm3GLHpLiq3J4gE,"","North Campus",6c2573ce-592a-4519-989c-2fd21d6918b7,"W", 08/26/2025 04:30:00 PM,"(UTC-07:00) Arizona",,,5221569.66666667,5129211.5,5317670,
PNTM9M2jMkKm3GLHpLiq3J4gE,"","North Campus",6c2573ce-592a-4519-989c-2fd21d6918b7,"W", 08/26/2025 04:45:00 PM,"(UTC-07:00) Arizona",,,5195074.66666667,5168345.5,5237071,
PNTM9M2jMkKm3GLHpLiq3J4gE,"","North Campus",6c2573ce-592a-4519-989c-2fd21d6918b7,"W", 08/26/2025 05:00:00 PM,"(UTC-07:00) Arizona",,,5174780.75,5155735.5,5193826,
PNTM9M2jMkKm3GLHpLiq3J4gE,"","North Campus",6c2573ce-592a-4519-989c-2fd21d6918b7,"W", 08/26/2025 05:15:00 PM,"(UTC-07:00) Arizona",,,5176619.66666667,5142650.5,5230467,
PNTM9M2jMkKm3GLHpLiq3J4gE,"","North Campus",6c2573ce-592a-4519-989c-2fd21d6918b7,"W", 08/26/2025 05:30:00 PM,"(UTC-07:00) Arizona",,,5124099.66666667,5112719.5,5132746.5,
PNTM9M2jMkKm3GLHpLiq3J4gE,"","North Campus",6c2573ce-592a-4519-989c-2fd21d6918b7,"W", 08/26/2025 05:45:00 PM,"(UTC-07:00) Arizona",,,5092590.5,5089231.5,5095949.5,
PNTM9M2jMkKm3GLHpLiq3J4gE,"","North Campus",6c2573ce-592a-4519-989c-2fd21d6918b7,"W", 08/26/2025 06:00:00 PM,"(UTC-07:00) Arizona",,,4898921,4873403,4925065,
PNTM9M2jMkKm3GLHpLiq3J4gE,"","North Campus",6c2573ce-592a-4519-989c-2fd21d6918b7,"W", 08/26/2025 06:15:00 PM,"(UTC-07:00) Arizona",,,4902195,4894621,4910405,
PNTM9M2jMkKm3GLHpLiq3J4gE,"","North Campus",6c2573ce-592a-4519-989c-2fd21d6918b7,"W", 08/26/2025 06:30:00 PM,"(UTC-07:00) Arizona",,,4931607.66666667,4929842,4935137.5,
PNTM9M2jMkKm3GLHpLiq3J4gE,"","North Campus",6c2573ce-592a-4519-989c-2fd21d6918b7,"W", 08/26/2025 06:45:00 PM,"(UTC-07:00) Arizona",,,4838765.33333333,4765110,4938090,
PNTM9M2jMkKm3GLHpLiq3J4gE,"","North Campus",6c2573ce-592a-4519-989c-2fd21d6918b7,"W", 08/26/2025 07:00:00 PM,"(UTC-07:00) Arizona",,,4802753,4742870.5,4848268.5,
PNTM9M2jMkKm3GLHpLiq3J4gE,"","North Campus",6c2573ce-592a-4519-989c-2fd21d6918b7,"W", 08/26/2025 07:15:00 PM,"(UTC-07:00) Arizona",,,4785455,4742226.5,4828683.5,
PNTM9M2jMkKm3GLHpLiq3J4gE,"","North Campus",6c2573ce-592a-4519-989c-2fd21d6918b7,"W", 08/26/2025 07:30:00 PM,"(UTC-07:00) Arizona",,,4804560.875,4744126.5,4871453,
PNTM9M2jMkKm3GLHpLiq3J4gE,"","North Campus",6c2573ce-592a-4519-989c-2fd21d6918b7,"W", 08/26/2025 07:45:00 PM,"(UTC-07:00) Arizona",,,4615008.5,4546669.5,4747944,
PNTM9M2jMkKm3GLHpLiq3J4gE,"","North Campus",6c2573ce-592a-4519-989c-2fd21d6918b7,"W", 08/26/2025 08:00:00 PM,"(UTC-07:00) Arizona",,,4586748.66666667,4573918.5,4607864.5,
PNTM9M2jMkKm3GLHpLiq3J4gE,"","North Campus",6c2573ce-592a-4519-989c-2fd21d6918b7,"W", 08/26/2025 08:15:00 PM,"(UTC-07:00) Arizona",,,4608297.66666667,4586781,4637839.5,
PNTM9M2jMkKm3GLHpLiq3J4gE,"","North Campus",6c2573ce-592a-4519-989c-2fd21d6918b7,"W", 08/26/2025 08:30:00 PM,"(UTC-07:00) Arizona",,,4571001,4556849,4585153,
PNTM9M2jMkKm3GLHpLiq3J4gE,"","North Campus",6c2573ce-592a-4519-989c-2fd21d6918b7,"W", 08/26/2025 08:45:00 PM,"(UTC-07:00) Arizona",,,4493774.83333333,4481686.5,4515299,
PNTM9M2jMkKm3GLHpLiq3J4gE,"","North Campus",6c2573ce-592a-4519-989c-2fd21d6918b7,"W", 08/26/2025 09:00:00 PM,"(UTC-07:00) Arizona",,,4424251,4408732,4433074,
PNTM9M2jMkKm3GLHpLiq3J4gE,"","North Campus",6c2573ce-592a-4519-989c-2fd21d6918b7,"W", 08/26/2025 09:15:00 PM,"(UTC-07:00) Arizona",,,4406266,4393243,4421741,
PNTM9M2jMkKm3GLHpLiq3J4gE,"","North Campus",6c2573ce-592a-4519-989c-2fd21d6918b7,"W", 08/26/2025 09:30:00 PM,"(UTC-07:00) Arizona",,,4375440,4354269.5,4389173,
PNTM9M2jMkKm3GLHpLiq3J4gE,"","North Campus",6c2573ce-592a-4519-989c-2fd21d6918b7,"W", 08/26/2025 09:45:00 PM,"(UTC-07:00) Arizona",,,4294554,4254423.5,4320244.5,
PNTM9M2jMkKm3GLHpLiq3J4gE,"","North Campus",6c2573ce-592a-4519-989c-2fd21d6918b7,"W", 08/26/2025 10:00:00 PM,"(UTC-07:00) Arizona",,,4205720.16666667,4191242,4227815,
PNTM9M2jMkKm3GLHpLiq3J4gE,"","North Campus",6c2573ce-592a-4519-989c-2fd21d6918b7,"W", 08/26/2025 10:15:00 PM,"(UTC-07:00) Arizona",,,4122824.1,4109463,4136185.2,
PNTM9M2jMkKm3GLHpLiq3J4gE,"","North Campus",6c2573ce-592a-4519-989c-2fd21d6918b7,"W", 08/26/2025 10:30:00 PM,"(UTC-07:00) Arizona",,,4049134.56666667,4028682.2,4065096.5,
PNTM9M2jMkKm3GLHpLiq3J4gE,"","North Campus",6c2573ce-592a-4519-989c-2fd21d6918b7,"W", 08/26/2025 10:45:00 PM,"(UTC-07:00) Arizona",,,3951859.625,3877414.8,4027769.5,
PNTM9M2jMkKm3GLHpLiq3J4gE,"","North Campus",6c2573ce-592a-4519-989c-2fd21d6918b7,"W", 08/26/2025 11:00:00 PM,"(UTC-07:00) Arizona",,,3841538.56666667,3827098.2,3850957.5,
PNTM9M2jMkKm3GLHpLiq3J4gE,"","North Campus",6c2573ce-592a-4519-989c-2fd21d6918b7,"W", 08/26/2025 11:15:00 PM,"(UTC-07:00) Arizona",,,3816331,3810116.2,3822545.8,
PNTM9M2jMkKm3GLHpLiq3J4gE,"","North Campus",6c2573ce-592a-4519-989c-2fd21d6918b7,"W", 08/26/2025 11:30:00 PM,"(UTC-07:00) Arizona",,,3771417.325,3693824.8,3834584.5,
PNTM9M2jMkKm3GLHpLiq3J4gE,"","North Campus",6c2573ce-592a-4519-989c-2fd21d6918b7,"W", 08/26/2025 11:45:00 PM,"(UTC-07:00) Arizona",,,3713058.63333333,3707736.2,3720493.2,
PNTM9M2jMkKm3GLHpLiq3J4gE,"","North Campus",6c2573ce-592a-4519-989c-2fd21d6918b7,"W", 08/27/2025 12:00:00 AM,"(UTC-07:00) Arizona",,,3661542.35,3654328.5,3668756.2,
PNTM9M2jMkKm3GLHpLiq3J4gE,"","North Campus",6c2573ce-592a-4519-989c-2fd21d6918b7,"W", 08/27/2025 12:15:00 AM,"(UTC-07:00) Arizona",,,3663310.875,3645516,3700881.5,
PNTM9M2jMkKm3GLHpLiq3J4gE,"","North Campus",6c2573ce-592a-4519-989c-2fd21d6918b7,"W", 08/27/2025 12:30:00 AM,"(UTC-07:00) Arizona",,,3627589.9,3619541,3635638.8,
PNTM9M2jMkKm3GLHpLiq3J4gE,"","North Campus",6c2573ce-592a-4519-989c-2fd21d6918b7,"W", 08/27/2025 12:45:00 AM,"(UTC-07:00) Arizona",,,3616663.125,3569608.8,3636033.5,
PNTM9M2jMkKm3GLHpLiq3J4gE,"","North Campus",6c2573ce-592a-4519-989c-2fd21d6918b7,"W", 08/27/2025 01:00:00 AM,"(UTC-07:00) Arizona",,,3604737.33333333,3577412.5,3633355.5,
PNTM9M2jMkKm3GLHpLiq3J4gE,"","North Campus",6c2573ce-592a-4519-989c-2fd21d6918b7,"W", 08/27/2025 01:15:00 AM,"(UTC-07:00) Arizona",,,3567338.86666667,3551181,3585078.8,
PNTM9M2jMkKm3GLHpLiq3J4gE,"","North Campus",6c2573ce-592a-4519-989c-2fd21d6918b7,"W", 08/27/2025 01:30:00 AM,"(UTC-07:00) Arizona",,,3571016.2,3559923.2,3582109.2,
PNTM9M2jMkKm3GLHpLiq3J4gE,"","North Campus",6c2573ce-592a-4519-989c-2fd21d6918b7,"W", 08/27/2025 01:45:00 AM,"(UTC-07:00) Arizona",,,3557699.93333333,3553202,3562696,
PNTM9M2jMkKm3GLHpLiq3J4gE,"","North Campus",6c2573ce-592a-4519-989c-2fd21d6918b7,"W", 08/27/2025 02:00:00 AM,"(UTC-07:00) Arizona",,,3523473.5,3512928.5,3536735.2,
PNTM9M2jMkKm3GLHpLiq3J4gE,"","North Campus",6c2573ce-592a-4519-989c-2fd21d6918b7,"W", 08/27/2025 02:15:00 AM,"(UTC-07:00) Arizona",,,3513926.15,3512697.5,3515154.8,
PNTM9M2jMkKm3GLHpLiq3J4gE,"","North Campus",6c2573ce-592a-4519-989c-2fd21d6918b7,"W", 08/27/2025 02:30:00 AM,"(UTC-07:00) Arizona",,,3496411.4,3493069,3499753.8,
PNTM9M2jMkKm3GLHpLiq3J4gE,"","North Campus",6c2573ce-592a-4519-989c-2fd21d6918b7,"W", 08/27/2025 02:45:00 AM,"(UTC-07:00) Arizona",,,3479302.4,3476697.8,3481907,
PNTM9M2jMkKm3GLHpLiq3J4gE,"","North Campus",6c2573ce-592a-4519-989c-2fd21d6918b7,"W", 08/27/2025 03:00:00 AM,"(UTC-07:00) Arizona",,,3523173.73333333,3506222.2,3543375.8,
PNTM9M2jMkKm3GLHpLiq3J4gE,"","North Campus",6c2573ce-592a-4519-989c-2fd21d6918b7,"W", 08/27/2025 03:15:00 AM,"(UTC-07:00) Arizona",,,3501430.1,3491271.8,3506688,
PNTM9M2jMkKm3GLHpLiq3J4gE,"","North Campus",6c2573ce-592a-4519-989c-2fd21d6918b7,"W", 08/27/2025 03:30:00 AM,"(UTC-07:00) Arizona",,,3522279.93333333,3515114,3532854.8,
PNTM9M2jMkKm3GLHpLiq3J4gE,"","North Campus",6c2573ce-592a-4519-989c-2fd21d6918b7,"W", 08/27/2025 03:45:00 AM,"(UTC-07:00) Arizona",,,3531324.93333333,3518993.8,3548454,
PNTM9M2jMkKm3GLHpLiq3J4gE,"","North Campus",6c2573ce-592a-4519-989c-2fd21d6918b7,"W", 08/27/2025 04:00:00 AM,"(UTC-07:00) Arizona",,,3575124.4,3564822.5,3587392.5,
PNTM9M2jMkKm3GLHpLiq3J4gE,"","North Campus",6c2573ce-592a-4519-989c-2fd21d6918b7,"W", 08/27/2025 04:15:00 AM,"(UTC-07:00) Arizona",,,3647283.93333333,3626905.8,3661414,
PNTM9M2jMkKm3GLHpLiq3J4gE,"","North Campus",6c2573ce-592a-4519-989c-2fd21d6918b7,"W", 08/27/2025 04:30:00 AM,"(UTC-07:00) Arizona",,,3623653.9,3617966,3629341.8,
PNTM9M2jMkKm3GLHpLiq3J4gE,"","North Campus",6c2573ce-592a-4519-989c-2fd21d6918b7,"W", 08/27/2025 04:45:00 AM,"(UTC-07:00) Arizona",,,3616887.16666667,3599488,3645904,
PNTM9M2jMkKm3GLHpLiq3J4gE,"","North Campus",6c2573ce-592a-4519-989c-2fd21d6918b7,"W", 08/27/2025 05:00:00 AM,"(UTC-07:00) Arizona",,,3673943.66666667,3637974,3719901.5,
PNTM9M2jMkKm3GLHpLiq3J4gE,"","North Campus",6c2573ce-592a-4519-989c-2fd21d6918b7,"W", 08/27/2025 05:15:00 AM,"(UTC-07:00) Arizona",,,3649862.83333333,3638269,3659590,
PNTM9M2jMkKm3GLHpLiq3J4gE,"","North Campus",6c2573ce-592a-4519-989c-2fd21d6918b7,"W", 08/27/2025 05:30:00 AM,"(UTC-07:00) Arizona",,,3667511.96666667,3663405.2,3672467.5,
PNTM9M2jMkKm3GLHpLiq3J4gE,"","North Campus",6c2573ce-592a-4519-989c-2fd21d6918b7,"W", 08/27/2025 05:45:00 AM,"(UTC-07:00) Arizona",,,3722631.1,3674403,3787541.5,
PNTM9M2jMkKm3GLHpLiq3J4gE,"","North Campus",6c2573ce-592a-4519-989c-2fd21d6918b7,"W", 08/27/2025 06:00:00 AM,"(UTC-07:00) Arizona",,,3817660.83333333,3797880.8,3843054.2,
PNTM9M2jMkKm3GLHpLiq3J4gE,"","North Campus",6c2573ce-592a-4519-989c-2fd21d6918b7,"W", 08/27/2025 06:15:00 AM,"(UTC-07:00) Arizona",,,3830256.83333333,3813911.5,3855431,
PNTM9M2jMkKm3GLHpLiq3J4gE,"","North Campus",6c2573ce-592a-4519-989c-2fd21d6918b7,"W", 08/27/2025 06:30:00 AM,"(UTC-07:00) Arizona",,,3844984.4,3821524.2,3883279.2,
PNTM9M2jMkKm3GLHpLiq3J4gE,"","North Campus",6c2573ce-592a-4519-989c-2fd21d6918b7,"W", 08/27/2025 06:45:00 AM,"(UTC-07:00) Arizona",,,3855205.93333333,3822811.8,3918669.8,
PNTM9M2jMkKm3GLHpLiq3J4gE,"","North Campus",6c2573ce-592a-4519-989c-2fd21d6918b7,"W", 08/27/2025 07:00:00 AM,"(UTC-07:00) Arizona",,,3979383.8,3941706.2,4032598,
PNTM9M2jMkKm3GLHpLiq3J4gE,"","North Campus",6c2573ce-592a-4519-989c-2fd21d6918b7,"W", 08/27/2025 07:15:00 AM,"(UTC-07:00) Arizona",,,4037053.1,3999622.5,4057753,
PNTM9M2jMkKm3GLHpLiq3J4gE,"","North Campus",6c2573ce-592a-4519-989c-2fd21d6918b7,"W", 08/27/2025 07:30:00 AM,"(UTC-07:00) Arizona",,,4164930.5,4152929.2,4184961.5,
PNTM9M2jMkKm3GLHpLiq3J4gE,"","North Campus",6c2573ce-592a-4519-989c-2fd21d6918b7,"W", 08/27/2025 07:45:00 AM,"(UTC-07:00) Arizona",,,4250208.93333333,4089703.8,4464407.5,
PNTM9M2jMkKm3GLHpLiq3J4gE,"","North Campus",6c2573ce-592a-4519-989c-2fd21d6918b7,"W", 08/27/2025 08:00:00 AM,"(UTC-07:00) Arizona",,,4526193,4478475,4573911,
PNTM9M2jMkKm3GLHpLiq3J4gE,"","North Campus",6c2573ce-592a-4519-989c-2fd21d6918b7,"W", 08/27/2025 08:15:00 AM,"(UTC-07:00) Arizona",,,4601594.25,4510377,4660760,
PNTM9M2jMkKm3GLHpLiq3J4gE,"","North Campus",6c2573ce-592a-4519-989c-2fd21d6918b7,"W", 08/27/2025 08:30:00 AM,"(UTC-07:00) Arizona",,,4659800.83333333,4570882,4755235,
PNTM9M2jMkKm3GLHpLiq3J4gE,"","North Campus",6c2573ce-592a-4519-989c-2fd21d6918b7,"W", 08/27/2025 08:45:00 AM,"(UTC-07:00) Arizona",,,4719346.25,4703717.5,4734975,
PNTM9M2jMkKm3GLHpLiq3J4gE,"","North Campus",6c2573ce-592a-4519-989c-2fd21d6918b7,"W", 08/27/2025 09:00:00 AM,"(UTC-07:00) Arizona",,,4792345.125,4782183,4806215,
PNTM9M2jMkKm3GLHpLiq3J4gE,"","North Campus",6c2573ce-592a-4519-989c-2fd21d6918b7,"W", 08/27/2025 09:15:00 AM,"(UTC-07:00) Arizona",,,4735911,4718145,4752219.5,
PNTM9M2jMkKm3GLHpLiq3J4gE,"","North Campus",6c2573ce-592a-4519-989c-2fd21d6918b7,"W", 08/27/2025 09:30:00 AM,"(UTC-07:00) Arizona",,,4762885.75,4751219,4774552.5,
PNTM9M2jMkKm3GLHpLiq3J4gE,"","North Campus",6c2573ce-592a-4519-989c-2fd21d6918b7,"W", 08/27/2025 09:45:00 AM,"(UTC-07:00) Arizona",,,4615592.5,4463450.5,4724291.5,
PNTM9M2jMkKm3GLHpLiq3J4gE,"","North Campus",6c2573ce-592a-4519-989c-2fd21d6918b7,"W", 08/27/2025 10:00:00 AM,"(UTC-07:00) Arizona",,,4845697.5,4794270.5,4897124.5,
PNTM9M2jMkKm3GLHpLiq3J4gE,"","North Campus",6c2573ce-592a-4519-989c-2fd21d6918b7,"W", 08/27/2025 10:15:00 AM,"(UTC-07:00) Arizona",,,4958812.66666667,4881558,5014985.5,
PNTM9M2jMkKm3GLHpLiq3J4gE,"","North Campus",6c2573ce-592a-4519-989c-2fd21d6918b7,"W", 08/27/2025 10:30:00 AM,"(UTC-07:00) Arizona",,,5139487.25,5025451.5,5253523,
PNTM9M2jMkKm3GLHpLiq3J4gE,"","North Campus",6c2573ce-592a-4519-989c-2fd21d6918b7,"W", 08/27/2025 10:45:00 AM,"(UTC-07:00) Arizona",,,5392131.66666667,5365370.5,5426677.5,
PNTM9M2jMkKm3GLHpLiq3J4gE,"","North Campus",6c2573ce-592a-4519-989c-2fd21d6918b7,"W", 08/27/2025 11:00:00 AM,"(UTC-07:00) Arizona",,,5329251.5,5315946.5,5342556.5,
PNTM9M2jMkKm3GLHpLiq3J4gE,"","North Campus",6c2573ce-592a-4519-989c-2fd21d6918b7,"W", 08/27/2025 11:15:00 AM,"(UTC-07:00) Arizona",,,5345187.5,5276159,5414243,
PNTM9M2jMkKm3GLHpLiq3J4gE,"","North Campus",6c2573ce-592a-4519-989c-2fd21d6918b7,"W", 08/27/2025 11:30:00 AM,"(UTC-07:00) Arizona",,,4934156,4923046,4945266,
PNTM9M2jMkKm3GLHpLiq3J4gE,"","North Campus",6c2573ce-592a-4519-989c-2fd21d6918b7,"W", 08/27/2025 11:45:00 AM,"(UTC-07:00) Arizona",,,5158577.125,4911109.5,5393781.5,
PNTM9M2jMkKm3GLHpLiq3J4gE,"","North Campus",6c2573ce-592a-4519-989c-2fd21d6918b7,"W", 08/27/2025 12:00:00 PM,"(UTC-07:00) Arizona",,,5221456.5,5122521.5,5320391.5,
PNTM9M2jMkKm3GLHpLiq3J4gE,"","North Campus",6c2573ce-592a-4519-989c-2fd21d6918b7,"W", 08/27/2025 12:15:00 PM,"(UTC-07:00) Arizona",,,5209800,5101350.5,5318249.5,
PNTM9M2jMkKm3GLHpLiq3J4gE,"","North Campus",6c2573ce-592a-4519-989c-2fd21d6918b7,"W", 08/27/2025 12:30:00 PM,"(UTC-07:00) Arizona",,,5241023.25,5036559.5,5445487,
PNTM9M2jMkKm3GLHpLiq3J4gE,"","North Campus",6c2573ce-592a-4519-989c-2fd21d6918b7,"W", 08/27/2025 12:45:00 PM,"(UTC-07:00) Arizona",,,5272730.16666667,5036329,5415989,
PNTM9M2jMkKm3GLHpLiq3J4gE,"","North Campus",6c2573ce-592a-4519-989c-2fd21d6918b7,"W", 08/27/2025 01:00:00 PM,"(UTC-07:00) Arizona",,,5413409.5,5385003.5,5441815.5,
PNTM9M2jMkKm3GLHpLiq3J4gE,"","North Campus",6c2573ce-592a-4519-989c-2fd21d6918b7,"W", 08/27/2025 01:15:00 PM,"(UTC-07:00) Arizona",,,5247690.75,5077818,5417563.5,
PNTM9M2jMkKm3GLHpLiq3J4gE,"","North Campus",6c2573ce-592a-4519-989c-2fd21d6918b7,"W", 08/27/2025 01:30:00 PM,"(UTC-07:00) Arizona",,,5397370.83333333,5360091.5,5445735.5,
PNTM9M2jMkKm3GLHpLiq3J4gE,"","North Campus",6c2573ce-592a-4519-989c-2fd21d6918b7,"W", 08/27/2025 01:45:00 PM,"(UTC-07:00) Arizona",,,5330951.33333333,5273062.5,5407644,
PNTM9M2jMkKm3GLHpLiq3J4gE,"","North Campus",6c2573ce-592a-4519-989c-2fd21d6918b7,"W", 08/27/2025 02:00:00 PM,"(UTC-07:00) Arizona",,,5427949.83333333,5406918.5,5461162,
PNTM9M2jMkKm3GLHpLiq3J4gE,"","North Campus",6c2573ce-592a-4519-989c-2fd21d6918b7,"W", 08/27/2025 02:15:00 PM,"(UTC-07:00) Arizona",,,5359312.5,5251814.5,5443659,
PNTM9M2jMkKm3GLHpLiq3J4gE,"","North Campus",6c2573ce-592a-4519-989c-2fd21d6918b7,"W", 08/27/2025 02:30:00 PM,"(UTC-07:00) Arizona",,,5271912.75,5257566.5,5286259,
PNTM9M2jMkKm3GLHpLiq3J4gE,"","North Campus",6c2573ce-592a-4519-989c-2fd21d6918b7,"W", 08/27/2025 02:45:00 PM,"(UTC-07:00) Arizona",,,5167674.125,5038053,5305077,
PNTM9M2jMkKm3GLHpLiq3J4gE,"","North Campus",6c2573ce-592a-4519-989c-2fd21d6918b7,"W", 08/27/2025 03:00:00 PM,"(UTC-07:00) Arizona",,,5091929.5,4890357,5293502,
PNTM9M2jMkKm3GLHpLiq3J4gE,"","North Campus",6c2573ce-592a-4519-989c-2fd21d6918b7,"W", 08/27/2025 03:15:00 PM,"(UTC-07:00) Arizona",,,5178939.33333333,5135151.5,5201697.5,
PNTM9M2jMkKm3GLHpLiq3J4gE,"","North Campus",6c2573ce-592a-4519-989c-2fd21d6918b7,"W", 08/27/2025 03:30:00 PM,"(UTC-07:00) Arizona",,,5256045.83333333,5245337.5,5274347.5,
PNTM9M2jMkKm3GLHpLiq3J4gE,"","North Campus",6c2573ce-592a-4519-989c-2fd21d6918b7,"W", 08/27/2025 03:45:00 PM,"(UTC-07:00) Arizona",,,5188184.375,5087254.5,5292482,
PNTM9M2jMkKm3GLHpLiq3J4gE,"","North Campus",6c2573ce-592a-4519-989c-2fd21d6918b7,"W", 08/27/2025 04:00:00 PM,"(UTC-07:00) Arizona",,,5278926.66666667,5257966,5297899,
PNTM9M2jMkKm3GLHpLiq3J4gE,"","North Campus",6c2573ce-592a-4519-989c-2fd21d6918b7,"W", 08/27/2025 04:15:00 PM,"(UTC-07:00) Arizona",,,5211562.33333333,5144243,5289041,
PNTM9M2jMkKm3GLHpLiq3J4gE,"","North Campus",6c2573ce-592a-4519-989c-2fd21d6918b7,"W", 08/27/2025 04:30:00 PM,"(UTC-07:00) Arizona",,,5227168.5,5222852.5,5231484.5,
PNTM9M2jMkKm3GLHpLiq3J4gE,"","North Campus",6c2573ce-592a-4519-989c-2fd21d6918b7,"W", 08/27/2025 04:45:00 PM,"(UTC-07:00) Arizona",,,5016645.375,4962074,5120432,
PNTM9M2jMkKm3GLHpLiq3J4gE,"","North Campus",6c2573ce-592a-4519-989c-2fd21d6918b7,"W", 08/27/2025 05:00:00 PM,"(UTC-07:00) Arizona",,,5147418.33333333,5141772.5,5153163,
PNTM9M2jMkKm3GLHpLiq3J4gE,"","North Campus",6c2573ce-592a-4519-989c-2fd21d6918b7,"W", 08/27/2025 05:15:00 PM,"(UTC-07:00) Arizona",,,5131579.5,5129809.5,5133349.5,
PNTM9M2jMkKm3GLHpLiq3J4gE,"","North Campus",6c2573ce-592a-4519-989c-2fd21d6918b7,"W", 08/27/2025 05:30:00 PM,"(UTC-07:00) Arizona",,,5094955.5,5056545,5121817.5,
PNTM9M2jMkKm3GLHpLiq3J4gE,"","North Campus",6c2573ce-592a-4519-989c-2fd21d6918b7,"W", 08/27/2025 05:45:00 PM,"(UTC-07:00) Arizona",,,5040865.5,4971418.5,5091108,
PNTM9M2jMkKm3GLHpLiq3J4gE,"","North Campus",6c2573ce-592a-4519-989c-2fd21d6918b7,"W", 08/27/2025 06:00:00 PM,"(UTC-07:00) Arizona",,,4933201.5,4900020,4984339.5,
PNTM9M2jMkKm3GLHpLiq3J4gE,"","North Campus",6c2573ce-592a-4519-989c-2fd21d6918b7,"W", 08/27/2025 06:15:00 PM,"(UTC-07:00) Arizona",,,4922393.83333333,4906257,4931630.5,
PNTM9M2jMkKm3GLHpLiq3J4gE,"","North Campus",6c2573ce-592a-4519-989c-2fd21d6918b7,"W", 08/27/2025 06:30:00 PM,"(UTC-07:00) Arizona",,,4914430.66666667,4853067.5,5009510,
PNTM9M2jMkKm3GLHpLiq3J4gE,"","North Campus",6c2573ce-592a-4519-989c-2fd21d6918b7,"W", 08/27/2025 06:45:00 PM,"(UTC-07:00) Arizona",,,4784232.16666667,4730042.5,4827924.5,
PNTM9M2jMkKm3GLHpLiq3J4gE,"","North Campus",6c2573ce-592a-4519-989c-2fd21d6918b7,"W", 08/27/2025 07:00:00 PM,"(UTC-07:00) Arizona",,,4720006.16666667,4703852,4748466,
PNTM9M2jMkKm3GLHpLiq3J4gE,"","North Campus",6c2573ce-592a-4519-989c-2fd21d6918b7,"W", 08/27/2025 07:15:00 PM,"(UTC-07:00) Arizona",,,4764665.33333333,4752926,4777708,
PNTM9M2jMkKm3GLHpLiq3J4gE,"","North Campus",6c2573ce-592a-4519-989c-2fd21d6918b7,"W", 08/27/2025 07:30:00 PM,"(UTC-07:00) Arizona",,,4682200.33333333,4633815,4706603.5,
PNTM9M2jMkKm3GLHpLiq3J4gE,"","North Campus",6c2573ce-592a-4519-989c-2fd21d6918b7,"W", 08/27/2025 07:45:00 PM,"(UTC-07:00) Arizona",,,4570041.83333333,4377282.5,4685164,
PNTM9M2jMkKm3GLHpLiq3J4gE,"","North Campus",6c2573ce-592a-4519-989c-2fd21d6918b7,"W", 08/27/2025 08:00:00 PM,"(UTC-07:00) Arizona",,,4530082.66666667,4493113,4570013,
PNTM9M2jMkKm3GLHpLiq3J4gE,"","North Campus",6c2573ce-592a-4519-989c-2fd21d6918b7,"W", 08/27/2025 08:15:00 PM,"(UTC-07:00) Arizona",,,4469792.16666667,4448311.5,4500040,
PNTM9M2jMkKm3GLHpLiq3J4gE,"","North Campus",6c2573ce-592a-4519-989c-2fd21d6918b7,"W", 08/27/2025 08:30:00 PM,"(UTC-07:00) Arizona",,,4409343.33333333,4374711.5,4430025.5,
PNTM9M2jMkKm3GLHpLiq3J4gE,"","North Campus",6c2573ce-592a-4519-989c-2fd21d6918b7,"W", 08/27/2025 08:45:00 PM,"(UTC-07:00) Arizona",,,4356183,4344166,4377464.5,
PNTM9M2jMkKm3GLHpLiq3J4gE,"","North Campus",6c2573ce-592a-4519-989c-2fd21d6918b7,"W", 08/27/2025 09:00:00 PM,"(UTC-07:00) Arizona",,,4315449.33333333,4298025.5,4328036.5,
PNTM9M2jMkKm3GLHpLiq3J4gE,"","North Campus",6c2573ce-592a-4519-989c-2fd21d6918b7,"W", 08/27/2025 09:15:00 PM,"(UTC-07:00) Arizona",,,4233378,4218298,4257037,
PNTM9M2jMkKm3GLHpLiq3J4gE,"","North Campus",6c2573ce-592a-4519-989c-2fd21d6918b7,"W", 08/27/2025 09:30:00 PM,"(UTC-07:00) Arizona",,,4264044.5,4261290.5,4266798.5,
PNTM9M2jMkKm3GLHpLiq3J4gE,"","North Campus",6c2573ce-592a-4519-989c-2fd21d6918b7,"W", 08/27/2025 09:45:00 PM,"(UTC-07:00) Arizona",,,4170347.4,4072517.5,4259552.5,
PNTM9M2jMkKm3GLHpLiq3J4gE,"","North Campus",6c2573ce-592a-4519-989c-2fd21d6918b7,"W", 08/27/2025 10:00:00 PM,"(UTC-07:00) Arizona",,,4130408.83333333,4111042.8,4145500.2,
PNTM9M2jMkKm3GLHpLiq3J4gE,"","North Campus",6c2573ce-592a-4519-989c-2fd21d6918b7,"W", 08/27/2025 10:15:00 PM,"(UTC-07:00) Arizona",,,4091361.5,4074237.5,4099966.5,
PNTM9M2jMkKm3GLHpLiq3J4gE,"","North Campus",6c2573ce-592a-4519-989c-2fd21d6918b7,"W", 08/27/2025 10:30:00 PM,"(UTC-07:00) Arizona",,,4075574.85,4061320.5,4089829.2,
PNTM9M2jMkKm3GLHpLiq3J4gE,"","North Campus",6c2573ce-592a-4519-989c-2fd21d6918b7,"W", 08/27/2025 10:45:00 PM,"(UTC-07:00) Arizona",,,3932244.75,3829938.2,4012546,
PNTM9M2jMkKm3GLHpLiq3J4gE,"","North Campus",6c2573ce-592a-4519-989c-2fd21d6918b7,"W", 08/27/2025 11:00:00 PM,"(UTC-07:00) Arizona",,,3806473.1,3760860,3852086.2,
PNTM9M2jMkKm3GLHpLiq3J4gE,"","North Campus",6c2573ce-592a-4519-989c-2fd21d6918b7,"W", 08/27/2025 11:15:00 PM,"(UTC-07:00) Arizona",,,3744073.425,3710462.2,3779390,
PNTM9M2jMkKm3GLHpLiq3J4gE,"","North Campus",6c2573ce-592a-4519-989c-2fd21d6918b7,"W", 08/27/2025 11:30:00 PM,"(UTC-07:00) Arizona",,,3724786.23333333,3710191,3738111.2,
PNTM9M2jMkKm3GLHpLiq3J4gE,"","North Campus",6c2573ce-592a-4519-989c-2fd21d6918b7,"W", 08/27/2025 11:45:00 PM,"(UTC-07:00) Arizona",,,3692101.43333333,3658127.8,3727511,
PNTM9M2jMkKm3GLHpLiq3J4gE,"","North Campus",6c2573ce-592a-4519-989c-2fd21d6918b7,"W", 08/28/2025 12:00:00 AM,"(UTC-07:00) Arizona",,,3642576.1,3616065,3659339.5,
PNTM9M2jMkKm3GLHpLiq3J4gE,"","North Campus",6c2573ce-592a-4519-989c-2fd21d6918b7,"W", 08/28/2025 12:15:00 AM,"(UTC-07:00) Arizona",,,3594953.53333333,3576546.8,3612088.8,
PNTM9M2jMkKm3GLHpLiq3J4gE,"","North Campus",6c2573ce-592a-4519-989c-2fd21d6918b7,"W", 08/28/2025 12:30:00 AM,"(UTC-07:00) Arizona",,,3560878.9,3545716.8,3576041,
PNTM9M2jMkKm3GLHpLiq3J4gE,"","North Campus",6c2573ce-592a-4519-989c-2fd21d6918b7,"W", 08/28/2025 12:45:00 AM,"(UTC-07:00) Arizona",,,3546605.75,3527634,3570471.8,
PNTM9M2jMkKm3GLHpLiq3J4gE,"","North Campus",6c2573ce-592a-4519-989c-2fd21d6918b7,"W", 08/28/2025 01:00:00 AM,"(UTC-07:00) Arizona",,,3522789.06666667,3510594.2,3538643,
PNTM9M2jMkKm3GLHpLiq3J4gE,"","North Campus",6c2573ce-592a-4519-989c-2fd21d6918b7,"W", 08/28/2025 01:15:00 AM,"(UTC-07:00) Arizona",,,3536806.4,3522516.2,3560475,
PNTM9M2jMkKm3GLHpLiq3J4gE,"","North Campus",6c2573ce-592a-4519-989c-2fd21d6918b7,"W", 08/28/2025 01:30:00 AM,"(UTC-07:00) Arizona",,,3507669.06666667,3494150,3525671,
PNTM9M2jMkKm3GLHpLiq3J4gE,"","North Campus",6c2573ce-592a-4519-989c-2fd21d6918b7,"W", 08/28/2025 01:45:00 AM,"(UTC-07:00) Arizona",,,3570403.35,3567930.5,3572876.2,
PNTM9M2jMkKm3GLHpLiq3J4gE,"","North Campus",6c2573ce-592a-4519-989c-2fd21d6918b7,"W", 08/28/2025 02:00:00 AM,"(UTC-07:00) Arizona",,,3488865.53333333,3482590.8,3498978,
PNTM9M2jMkKm3GLHpLiq3J4gE,"","North Campus",6c2573ce-592a-4519-989c-2fd21d6918b7,"W", 08/28/2025 02:15:00 AM,"(UTC-07:00) Arizona",,,3482375.65,3467298,3501122.8,
PNTM9M2jMkKm3GLHpLiq3J4gE,"","North Campus",6c2573ce-592a-4519-989c-2fd21d6918b7,"W", 08/28/2025 02:30:00 AM,"(UTC-07:00) Arizona",,,3465246.43333333,3438093.5,3499094,
PNTM9M2jMkKm3GLHpLiq3J4gE,"","North Campus",6c2573ce-592a-4519-989c-2fd21d6918b7,"W", 08/28/2025 02:45:00 AM,"(UTC-07:00) Arizona",,,3477199.15,3466268.8,3488129.5,
PNTM9M2jMkKm3GLHpLiq3J4gE,"","North Campus",6c2573ce-592a-4519-989c-2fd21d6918b7,"W", 08/28/2025 03:00:00 AM,"(UTC-07:00) Arizona",,,3486397.96666667,3482030.5,3490743.2,
PNTM9M2jMkKm3GLHpLiq3J4gE,"","North Campus",6c2573ce-592a-4519-989c-2fd21d6918b7,"W", 08/28/2025 03:15:00 AM,"(UTC-07:00) Arizona",,,3500664.76666667,3461502.8,3552016,
PNTM9M2jMkKm3GLHpLiq3J4gE,"","North Campus",6c2573ce-592a-4519-989c-2fd21d6918b7,"W", 08/28/2025 03:30:00 AM,"(UTC-07:00) Arizona",,,3490518.925,3473626.5,3510608.8,
PNTM9M2jMkKm3GLHpLiq3J4gE,"","North Campus",6c2573ce-592a-4519-989c-2fd21d6918b7,"W", 08/28/2025 03:45:00 AM,"(UTC-07:00) Arizona",,,3511452.6,3509951,3512954.2,
PNTM9M2jMkKm3GLHpLiq3J4gE,"","North Campus",6c2573ce-592a-4519-989c-2fd21d6918b7,"W", 08/28/2025 04:00:00 AM,"(UTC-07:00) Arizona",,,3537537.3,3526983.8,3548090.8,
PNTM9M2jMkKm3GLHpLiq3J4gE,"","North Campus",6c2573ce-592a-4519-989c-2fd21d6918b7,"W", 08/28/2025 04:15:00 AM,"(UTC-07:00) Arizona",,,3565304.7,3525651.5,3604013.8,
PNTM9M2jMkKm3GLHpLiq3J4gE,"","North Campus",6c2573ce-592a-4519-989c-2fd21d6918b7,"W", 08/28/2025 04:30:00 AM,"(UTC-07:00) Arizona",,,3567759.3,3562067.8,3573450.8,
PNTM9M2jMkKm3GLHpLiq3J4gE,"","North Campus",6c2573ce-592a-4519-989c-2fd21d6918b7,"W", 08/28/2025 04:45:00 AM,"(UTC-07:00) Arizona",,,3604425.625,3574328.8,3631640,
PNTM9M2jMkKm3GLHpLiq3J4gE,"","North Campus",6c2573ce-592a-4519-989c-2fd21d6918b7,"W", 08/28/2025 05:00:00 AM,"(UTC-07:00) Arizona",,,3616527.8,3607389.8,3622160.8,
PNTM9M2jMkKm3GLHpLiq3J4gE,"","North Campus",6c2573ce-592a-4519-989c-2fd21d6918b7,"W", 08/28/2025 05:15:00 AM,"(UTC-07:00) Arizona",,,3624004.33333333,3607835.2,3651701,
PNTM9M2jMkKm3GLHpLiq3J4gE,"","North Campus",6c2573ce-592a-4519-989c-2fd21d6918b7,"W", 08/28/2025 05:30:00 AM,"(UTC-07:00) Arizona",,,3629035.1,3606708,3651362.2,
PNTM9M2jMkKm3GLHpLiq3J4gE,"","North Campus",6c2573ce-592a-4519-989c-2fd21d6918b7,"W", 08/28/2025 05:45:00 AM,"(UTC-07:00) Arizona",,,3670561.63333333,3616781.2,3772957.5,
PNTM9M2jMkKm3GLHpLiq3J4gE,"","North Campus",6c2573ce-592a-4519-989c-2fd21d6918b7,"W", 08/28/2025 06:00:00 AM,"(UTC-07:00) Arizona",,,3771082.83333333,3741406.8,3826160.5,
PNTM9M2jMkKm3GLHpLiq3J4gE,"","North Campus",6c2573ce-592a-4519-989c-2fd21d6918b7,"W", 08/28/2025 06:15:00 AM,"(UTC-07:00) Arizona",,,3772275.175,3752169.2,3800980,
PNTM9M2jMkKm3GLHpLiq3J4gE,"","North Campus",6c2573ce-592a-4519-989c-2fd21d6918b7,"W", 08/28/2025 06:30:00 AM,"(UTC-07:00) Arizona",,,3765576.3,3730412.8,3800739.8,
PNTM9M2jMkKm3GLHpLiq3J4gE,"","North Campus",6c2573ce-592a-4519-989c-2fd21d6918b7,"W", 08/28/2025 06:45:00 AM,"(UTC-07:00) Arizona",,,3866088.9,3774670,3990760,
PNTM9M2jMkKm3GLHpLiq3J4gE,"","North Campus",6c2573ce-592a-4519-989c-2fd21d6918b7,"W", 08/28/2025 07:00:00 AM,"(UTC-07:00) Arizona",,,3973298.1,3920771,4025825.2,
PNTM9M2jMkKm3GLHpLiq3J4gE,"","North Campus",6c2573ce-592a-4519-989c-2fd21d6918b7,"W", 08/28/2025 07:15:00 AM,"(UTC-07:00) Arizona",,,4039333.73333333,3998867,4091367,
PNTM9M2jMkKm3GLHpLiq3J4gE,"","North Campus",6c2573ce-592a-4519-989c-2fd21d6918b7,"W", 08/28/2025 07:30:00 AM,"(UTC-07:00) Arizona",,,4185673.2,4183185.8,4188804,
PNTM9M2jMkKm3GLHpLiq3J4gE,"","North Campus",6c2573ce-592a-4519-989c-2fd21d6918b7,"W", 08/28/2025 07:45:00 AM,"(UTC-07:00) Arizona",,,4274249.9,4193536.2,4349644,
PNTM9M2jMkKm3GLHpLiq3J4gE,"","North Campus",6c2573ce-592a-4519-989c-2fd21d6918b7,"W", 08/28/2025 08:00:00 AM,"(UTC-07:00) Arizona",,,4432048.33333333,4322758.5,4549636.5,
PNTM9M2jMkKm3GLHpLiq3J4gE,"","North Campus",6c2573ce-592a-4519-989c-2fd21d6918b7,"W", 08/28/2025 08:15:00 AM,"(UTC-07:00) Arizona",,,4549339.5,4518652,4570672,
PNTM9M2jMkKm3GLHpLiq3J4gE,"","North Campus",6c2573ce-592a-4519-989c-2fd21d6918b7,"W", 08/28/2025 08:30:00 AM,"(UTC-07:00) Arizona",,,4541375.5,4528369,4554382,
PNTM9M2jMkKm3GLHpLiq3J4gE,"","North Campus",6c2573ce-592a-4519-989c-2fd21d6918b7,"W", 08/28/2025 08:45:00 AM,"(UTC-07:00) Arizona",,,4651779.33333333,4590119,4733015.5,
PNTM9M2jMkKm3GLHpLiq3J4gE,"","North Campus",6c2573ce-592a-4519-989c-2fd21d6918b7,"W", 08/28/2025 09:00:00 AM,"(UTC-07:00) Arizona",,,4774853.25,4694928.5,4862653,
PNTM9M2jMkKm3GLHpLiq3J4gE,"","North Campus",6c2573ce-592a-4519-989c-2fd21d6918b7,"W", 08/28/2025 09:15:00 AM,"(UTC-07:00) Arizona",,,4607427.5,4573770.5,4641084.5,
PNTM9M2jMkKm3GLHpLiq3J4gE,"","North Campus",6c2573ce-592a-4519-989c-2fd21d6918b7,"W", 08/28/2025 09:30:00 AM,"(UTC-07:00) Arizona",,,4781609.5,4697830.5,4899993,
PNTM9M2jMkKm3GLHpLiq3J4gE,"","North Campus",6c2573ce-592a-4519-989c-2fd21d6918b7,"W", 08/28/2025 09:45:00 AM,"(UTC-07:00) Arizona",,,4792964.66666667,4652440.5,4867793,
PNTM9M2jMkKm3GLHpLiq3J4gE,"","North Campus",6c2573ce-592a-4519-989c-2fd21d6918b7,"W", 08/28/2025 10:00:00 AM,"(UTC-07:00) Arizona",,,4778713,4711913.5,4908657.5,
PNTM9M2jMkKm3GLHpLiq3J4gE,"","North Campus",6c2573ce-592a-4519-989c-2fd21d6918b7,"W", 08/28/2025 10:15:00 AM,"(UTC-07:00) Arizona",,,4815298.75,4804258.5,4826339,
PNTM9M2jMkKm3GLHpLiq3J4gE,"","North Campus",6c2573ce-592a-4519-989c-2fd21d6918b7,"W", 08/28/2025 10:30:00 AM,"(UTC-07:00) Arizona",,,4804229.83333333,4635231,4895290.5,
PNTM9M2jMkKm3GLHpLiq3J4gE,"","North Campus",6c2573ce-592a-4519-989c-2fd21d6918b7,"W", 08/28/2025 10:45:00 AM,"(UTC-07:00) Arizona",,,5160221.16666667,5003582.5,5268815.5,
PNTM9M2jMkKm3GLHpLiq3J4gE,"","North Campus",6c2573ce-592a-4519-989c-2fd21d6918b7,"W", 08/28/2025 11:00:00 AM,"(UTC-07:00) Arizona",,,5173809.75,5152716.5,5194903,
PNTM9M2jMkKm3GLHpLiq3J4gE,"","North Campus",6c2573ce-592a-4519-989c-2fd21d6918b7,"W", 08/28/2025 11:15:00 AM,"(UTC-07:00) Arizona",,,5020218.25,4944416,5096020.5,
PNTM9M2jMkKm3GLHpLiq3J4gE,"","North Campus",6c2573ce-592a-4519-989c-2fd21d6918b7,"W", 08/28/2025 11:30:00 AM,"(UTC-07:00) Arizona",,,5124871.16666667,5000206.5,5241613,
PNTM9M2jMkKm3GLHpLiq3J4gE,"","North Campus",6c2573ce-592a-4519-989c-2fd21d6918b7,"W", 08/28/2025 11:45:00 AM,"(UTC-07:00) Arizona",,,5298258,5271314,5325202,
PNTM9M2jMkKm3GLHpLiq3J4gE,"","North Campus",6c2573ce-592a-4519-989c-2fd21d6918b7,"W", 08/28/2025 12:00:00 PM,"(UTC-07:00) Arizona",,,5334889.16666667,5316753.5,5358015.5,
PNTM9M2jMkKm3GLHpLiq3J4gE,"","North Campus",6c2573ce-592a-4519-989c-2fd21d6918b7,"W", 08/28/2025 12:15:00 PM,"(UTC-07:00) Arizona",,,5383962.16666667,5369494,5404777.5,
PNTM9M2jMkKm3GLHpLiq3J4gE,"","North Campus",6c2573ce-592a-4519-989c-2fd21d6918b7,"W", 08/28/2025 12:30:00 PM,"(UTC-07:00) Arizona",,,5379412.33333333,5356865.5,5398885,
PNTM9M2jMkKm3GLHpLiq3J4gE,"","North Campus",6c2573ce-592a-4519-989c-2fd21d6918b7,"W", 08/28/2025 12:45:00 PM,"(UTC-07:00) Arizona",,,5262983,5201383.5,5342281.5,
PNTM9M2jMkKm3GLHpLiq3J4gE,"","North Campus",6c2573ce-592a-4519-989c-2fd21d6918b7,"W", 08/28/2025 01:00:00 PM,"(UTC-07:00) Arizona",,,5372734.25,5353251.5,5392217,
PNTM9M2jMkKm3GLHpLiq3J4gE,"","North Campus",6c2573ce-592a-4519-989c-2fd21d6918b7,"W", 08/28/2025 01:15:00 PM,"(UTC-07:00) Arizona",,,5273323,5208515,5313704,
PNTM9M2jMkKm3GLHpLiq3J4gE,"","North Campus",6c2573ce-592a-4519-989c-2fd21d6918b7,"W", 08/28/2025 01:30:00 PM,"(UTC-07:00) Arizona",,,5426105,5399881.5,5469061.5,
PNTM9M2jMkKm3GLHpLiq3J4gE,"","North Campus",6c2573ce-592a-4519-989c-2fd21d6918b7,"W", 08/28/2025 01:45:00 PM,"(UTC-07:00) Arizona",,,5344251.33333333,5304917.5,5395152.5,
PNTM9M2jMkKm3GLHpLiq3J4gE,"","North Campus",6c2573ce-592a-4519-989c-2fd21d6918b7,"W", 08/28/2025 02:00:00 PM,"(UTC-07:00) Arizona",,,5397032.5,5359598.5,5459962.5,
PNTM9M2jMkKm3GLHpLiq3J4gE,"","North Campus",6c2573ce-592a-4519-989c-2fd21d6918b7,"W", 08/28/2025 02:15:00 PM,"(UTC-07:00) Arizona",,,5383694,5337936.5,5429451.5,
PNTM9M2jMkKm3GLHpLiq3J4gE,"","North Campus",6c2573ce-592a-4519-989c-2fd21d6918b7,"W", 08/28/2025 02:30:00 PM,"(UTC-07:00) Arizona",,,5430190.66666667,5410880.5,5441576,
PNTM9M2jMkKm3GLHpLiq3J4gE,"","North Campus",6c2573ce-592a-4519-989c-2fd21d6918b7,"W", 08/28/2025 02:45:00 PM,"(UTC-07:00) Arizona",,,5381325.5,5361441.5,5401209.5,
PNTM9M2jMkKm3GLHpLiq3J4gE,"","North Campus",6c2573ce-592a-4519-989c-2fd21d6918b7,"W", 08/28/2025 03:00:00 PM,"(UTC-07:00) Arizona",,,5276624.25,5241852,5311396.5,
PNTM9M2jMkKm3GLHpLiq3J4gE,"","North Campus",6c2573ce-592a-4519-989c-2fd21d6918b7,"W", 08/28/2025 03:15:00 PM,"(UTC-07:00) Arizona",,,5305736.5,5264756.5,5346716.5,
PNTM9M2jMkKm3GLHpLiq3J4gE,"","North Campus",6c2573ce-592a-4519-989c-2fd21d6918b7,"W", 08/28/2025 03:30:00 PM,"(UTC-07:00) Arizona",,,5407648,5283784,5531793.5,
PNTM9M2jMkKm3GLHpLiq3J4gE,"","North Campus",6c2573ce-592a-4519-989c-2fd21d6918b7,"W", 08/28/2025 03:45:00 PM,"(UTC-07:00) Arizona",,,5484159.5,5470053,5498266,
PNTM9M2jMkKm3GLHpLiq3J4gE,"","North Campus",6c2573ce-592a-4519-989c-2fd21d6918b7,"W", 08/28/2025 04:00:00 PM,"(UTC-07:00) Arizona",,,5420122.5,5388436.5,5451808.5,
PNTM9M2jMkKm3GLHpLiq3J4gE,"","North Campus",6c2573ce-592a-4519-989c-2fd21d6918b7,"W", 08/28/2025 04:15:00 PM,"(UTC-07:00) Arizona",,,5381914.33333333,5352086,5423772,
PNTM9M2jMkKm3GLHpLiq3J4gE,"","North Campus",6c2573ce-592a-4519-989c-2fd21d6918b7,"W", 08/28/2025 04:30:00 PM,"(UTC-07:00) Arizona",,,5360800.25,5313092.5,5408508,
PNTM9M2jMkKm3GLHpLiq3J4gE,"","North Campus",6c2573ce-592a-4519-989c-2fd21d6918b7,"W", 08/28/2025 04:45:00 PM,"(UTC-07:00) Arizona",,,5308377,5250829.5,5348507.5,
PNTM9M2jMkKm3GLHpLiq3J4gE,"","North Campus",6c2573ce-592a-4519-989c-2fd21d6918b7,"W", 08/28/2025 05:00:00 PM,"(UTC-07:00) Arizona",,,5315692.75,5312782,5318603.5,
PNTM9M2jMkKm3GLHpLiq3J4gE,"","North Campus",6c2573ce-592a-4519-989c-2fd21d6918b7,"W", 08/28/2025 05:15:00 PM,"(UTC-07:00) Arizona",,,5231294.25,5212783,5253123.5,
PNTM9M2jMkKm3GLHpLiq3J4gE,"","North Campus",6c2573ce-592a-4519-989c-2fd21d6918b7,"W", 08/28/2025 05:30:00 PM,"(UTC-07:00) Arizona",,,5164103.5,5122364.5,5203765,
PNTM9M2jMkKm3GLHpLiq3J4gE,"","North Campus",6c2573ce-592a-4519-989c-2fd21d6918b7,"W", 08/28/2025 05:45:00 PM,"(UTC-07:00) Arizona",,,5045052.5,4956381.5,5133723.5,
PNTM9M2jMkKm3GLHpLiq3J4gE,"","North Campus",6c2573ce-592a-4519-989c-2fd21d6918b7,"W", 08/28/2025 06:00:00 PM,"(UTC-07:00) Arizona",,,4872745.33333333,4825152,4911173.5,
PNTM9M2jMkKm3GLHpLiq3J4gE,"","North Campus",6c2573ce-592a-4519-989c-2fd21d6918b7,"W", 08/28/2025 06:15:00 PM,"(UTC-07:00) Arizona",,,4861182.375,4829187.5,4908723,
PNTM9M2jMkKm3GLHpLiq3J4gE,"","North Campus",6c2573ce-592a-4519-989c-2fd21d6918b7,"W", 08/28/2025 06:30:00 PM,"(UTC-07:00) Arizona",,,4857384.5,4829362,4885407,
PNTM9M2jMkKm3GLHpLiq3J4gE,"","North Campus",6c2573ce-592a-4519-989c-2fd21d6918b7,"W", 08/28/2025 06:45:00 PM,"(UTC-07:00) Arizona",,,4788307.16666667,4668415,4851190,
PNTM9M2jMkKm3GLHpLiq3J4gE,"","North Campus",6c2573ce-592a-4519-989c-2fd21d6918b7,"W", 08/28/2025 07:00:00 PM,"(UTC-07:00) Arizona",,,4692478.25,4622399.5,4762557,
PNTM9M2jMkKm3GLHpLiq3J4gE,"","North Campus",6c2573ce-592a-4519-989c-2fd21d6918b7,"W", 08/28/2025 07:15:00 PM,"(UTC-07:00) Arizona",,,4668696.83333333,4630845,4722885,
PNTM9M2jMkKm3GLHpLiq3J4gE,"","North Campus",6c2573ce-592a-4519-989c-2fd21d6918b7,"W", 08/28/2025 07:30:00 PM,"(UTC-07:00) Arizona",,,4611724.75,4591609,4631840.5,
PNTM9M2jMkKm3GLHpLiq3J4gE,"","North Campus",6c2573ce-592a-4519-989c-2fd21d6918b7,"W", 08/28/2025 07:45:00 PM,"(UTC-07:00) Arizona",,,4646318,4589889,4692359.5,
PNTM9M2jMkKm3GLHpLiq3J4gE,"","North Campus",6c2573ce-592a-4519-989c-2fd21d6918b7,"W", 08/28/2025 08:00:00 PM,"(UTC-07:00) Arizona",,,4408296,4322936,4478991.5,
PNTM9M2jMkKm3GLHpLiq3J4gE,"","North Campus",6c2573ce-592a-4519-989c-2fd21d6918b7,"W", 08/28/2025 08:15:00 PM,"(UTC-07:00) Arizona",,,4410289,4359896.5,4459095,
PNTM9M2jMkKm3GLHpLiq3J4gE,"","North Campus",6c2573ce-592a-4519-989c-2fd21d6918b7,"W", 08/28/2025 08:30:00 PM,"(UTC-07:00) Arizona",,,4385734.83333333,4379016.5,4399056,
PNTM9M2jMkKm3GLHpLiq3J4gE,"","North Campus",6c2573ce-592a-4519-989c-2fd21d6918b7,"W", 08/28/2025 08:45:00 PM,"(UTC-07:00) Arizona",,,4343773,4336327,4351219,
PNTM9M2jMkKm3GLHpLiq3J4gE,"","North Campus",6c2573ce-592a-4519-989c-2fd21d6918b7,"W", 08/28/2025 09:00:00 PM,"(UTC-07:00) Arizona",,,4356864.66666667,4341644.5,4383742,
PNTM9M2jMkKm3GLHpLiq3J4gE,"","North Campus",6c2573ce-592a-4519-989c-2fd21d6918b7,"W", 08/28/2025 09:15:00 PM,"(UTC-07:00) Arizona",,,4324312.5,4276757.5,4361814,
PNTM9M2jMkKm3GLHpLiq3J4gE,"","North Campus",6c2573ce-592a-4519-989c-2fd21d6918b7,"W", 08/28/2025 09:30:00 PM,"(UTC-07:00) Arizona",,,4293822.5,4266622.5,4310319.5,
PNTM9M2jMkKm3GLHpLiq3J4gE,"","North Campus",6c2573ce-592a-4519-989c-2fd21d6918b7,"W", 08/28/2025 09:45:00 PM,"(UTC-07:00) Arizona",,,4270226.5,4243650.5,4304989,
PNTM9M2jMkKm3GLHpLiq3J4gE,"","North Campus",6c2573ce-592a-4519-989c-2fd21d6918b7,"W", 08/28/2025 10:00:00 PM,"(UTC-07:00) Arizona",,,4221744.23333333,4180947.2,4250338,
PNTM9M2jMkKm3GLHpLiq3J4gE,"","North Campus",6c2573ce-592a-4519-989c-2fd21d6918b7,"W", 08/28/2025 10:15:00 PM,"(UTC-07:00) Arizona",,,4147305.76666667,4131027.5,4166226,
PNTM9M2jMkKm3GLHpLiq3J4gE,"","North Campus",6c2573ce-592a-4519-989c-2fd21d6918b7,"W", 08/28/2025 10:30:00 PM,"(UTC-07:00) Arizona",,,4111127.03333333,4100811.8,4122448.5,
PNTM9M2jMkKm3GLHpLiq3J4gE,"","North Campus",6c2573ce-592a-4519-989c-2fd21d6918b7,"W", 08/28/2025 10:45:00 PM,"(UTC-07:00) Arizona",,,3979152.5,3866989.5,4039211,
PNTM9M2jMkKm3GLHpLiq3J4gE,"","North Campus",6c2573ce-592a-4519-989c-2fd21d6918b7,"W", 08/28/2025 11:00:00 PM,"(UTC-07:00) Arizona",,,3874802.4,3823809,3913518,
PNTM9M2jMkKm3GLHpLiq3J4gE,"","North Campus",6c2573ce-592a-4519-989c-2fd21d6918b7,"W", 08/28/2025 11:15:00 PM,"(UTC-07:00) Arizona",,,3814025.9,3803078,3821976.2,
PNTM9M2jMkKm3GLHpLiq3J4gE,"","North Campus",6c2573ce-592a-4519-989c-2fd21d6918b7,"W", 08/28/2025 11:30:00 PM,"(UTC-07:00) Arizona",,,3781697.66666667,3758158,3817428.2,
PNTM9M2jMkKm3GLHpLiq3J4gE,"","North Campus",6c2573ce-592a-4519-989c-2fd21d6918b7,"W", 08/28/2025 11:45:00 PM,"(UTC-07:00) Arizona",,,3738058.13333333,3701293.2,3763352,
PNTM9M2jMkKm3GLHpLiq3J4gE,"","North Campus",6c2573ce-592a-4519-989c-2fd21d6918b7,"W", 08/29/2025 12:00:00 AM,"(UTC-07:00) Arizona",,,3730909.53333333,3717736.8,3743705.8,
PNTM9M2jMkKm3GLHpLiq3J4gE,"","North Campus",6c2573ce-592a-4519-989c-2fd21d6918b7,"W", 08/29/2025 12:15:00 AM,"(UTC-07:00) Arizona",,,3648282,3641691.5,3654872.5,
PNTM9M2jMkKm3GLHpLiq3J4gE,"","North Campus",6c2573ce-592a-4519-989c-2fd21d6918b7,"W", 08/29/2025 12:30:00 AM,"(UTC-07:00) Arizona",,,3641697.5,3639543,3643852,
PNTM9M2jMkKm3GLHpLiq3J4gE,"","North Campus",6c2573ce-592a-4519-989c-2fd21d6918b7,"W", 08/29/2025 12:45:00 AM,"(UTC-07:00) Arizona",,,3617044.725,3597908.5,3632946.2,
PNTM9M2jMkKm3GLHpLiq3J4gE,"","North Campus",6c2573ce-592a-4519-989c-2fd21d6918b7,"W", 08/29/2025 01:00:00 AM,"(UTC-07:00) Arizona",,,3579116.03333333,3559080.8,3598710.5,
PNTM9M2jMkKm3GLHpLiq3J4gE,"","North Campus",6c2573ce-592a-4519-989c-2fd21d6918b7,"W", 08/29/2025 01:15:00 AM,"(UTC-07:00) Arizona",,,3590117.53333333,3582859.2,3599480.2,
PNTM9M2jMkKm3GLHpLiq3J4gE,"","North Campus",6c2573ce-592a-4519-989c-2fd21d6918b7,"W", 08/29/2025 01:30:00 AM,"(UTC-07:00) Arizona",,,3560156.8,3530695,3597598.2,
PNTM9M2jMkKm3GLHpLiq3J4gE,"","North Campus",6c2573ce-592a-4519-989c-2fd21d6918b7,"W", 08/29/2025 01:45:00 AM,"(UTC-07:00) Arizona",,,3528135.93333333,3524679,3531797.8,
PNTM9M2jMkKm3GLHpLiq3J4gE,"","North Campus",6c2573ce-592a-4519-989c-2fd21d6918b7,"W", 08/29/2025 02:00:00 AM,"(UTC-07:00) Arizona",,,3528135.16666667,3485608.5,3558378.2,
PNTM9M2jMkKm3GLHpLiq3J4gE,"","North Campus",6c2573ce-592a-4519-989c-2fd21d6918b7,"W", 08/29/2025 02:15:00 AM,"(UTC-07:00) Arizona",,,3513923.4,3511254.2,3516586.5,
PNTM9M2jMkKm3GLHpLiq3J4gE,"","North Campus",6c2573ce-592a-4519-989c-2fd21d6918b7,"W", 08/29/2025 02:30:00 AM,"(UTC-07:00) Arizona",,,3470081.15,3464205.5,3475956.8,
PNTM9M2jMkKm3GLHpLiq3J4gE,"","North Campus",6c2573ce-592a-4519-989c-2fd21d6918b7,"W", 08/29/2025 02:45:00 AM,"(UTC-07:00) Arizona",,,3500876.5,3486895.5,3508907.2,
PNTM9M2jMkKm3GLHpLiq3J4gE,"","North Campus",6c2573ce-592a-4519-989c-2fd21d6918b7,"W", 08/29/2025 03:00:00 AM,"(UTC-07:00) Arizona",,,3474161.4,3460502,3499556.8,
PNTM9M2jMkKm3GLHpLiq3J4gE,"","North Campus",6c2573ce-592a-4519-989c-2fd21d6918b7,"W", 08/29/2025 03:15:00 AM,"(UTC-07:00) Arizona",,,3492965.56666667,3479359,3510306.2,
PNTM9M2jMkKm3GLHpLiq3J4gE,"","North Campus",6c2573ce-592a-4519-989c-2fd21d6918b7,"W", 08/29/2025 03:30:00 AM,"(UTC-07:00) Arizona",,,3497021.73333333,3479999,3512104,
PNTM9M2jMkKm3GLHpLiq3J4gE,"","North Campus",6c2573ce-592a-4519-989c-2fd21d6918b7,"W", 08/29/2025 03:45:00 AM,"(UTC-07:00) Arizona",,,3519520,3504823.2,3534216.8,
PNTM9M2jMkKm3GLHpLiq3J4gE,"","North Campus",6c2573ce-592a-4519-989c-2fd21d6918b7,"W", 08/29/2025 04:00:00 AM,"(UTC-07:00) Arizona",,,3566604.7,3513575.2,3605953,
PNTM9M2jMkKm3GLHpLiq3J4gE,"","North Campus",6c2573ce-592a-4519-989c-2fd21d6918b7,"W", 08/29/2025 04:15:00 AM,"(UTC-07:00) Arizona",,,3646211.36666667,3624274.8,3665555.5,
PNTM9M2jMkKm3GLHpLiq3J4gE,"","North Campus",6c2573ce-592a-4519-989c-2fd21d6918b7,"W", 08/29/2025 04:30:00 AM,"(UTC-07:00) Arizona",,,3639680.9,3604132,3675229.8,
PNTM9M2jMkKm3GLHpLiq3J4gE,"","North Campus",6c2573ce-592a-4519-989c-2fd21d6918b7,"W", 08/29/2025 04:45:00 AM,"(UTC-07:00) Arizona",,,3644441.35,3635442.5,3653440.2,
PNTM9M2jMkKm3GLHpLiq3J4gE,"","North Campus",6c2573ce-592a-4519-989c-2fd21d6918b7,"W", 08/29/2025 05:00:00 AM,"(UTC-07:00) Arizona",,,3664888.26666667,3639486.8,3691238.2,
PNTM9M2jMkKm3GLHpLiq3J4gE,"","North Campus",6c2573ce-592a-4519-989c-2fd21d6918b7,"W", 08/29/2025 05:15:00 AM,"(UTC-07:00) Arizona",,,3678968.16666667,3665649.5,3700008,
PNTM9M2jMkKm3GLHpLiq3J4gE,"","North Campus",6c2573ce-592a-4519-989c-2fd21d6918b7,"W", 08/29/2025 05:30:00 AM,"(UTC-07:00) Arizona",,,3702095.25,3666124.5,3721814.2,
PNTM9M2jMkKm3GLHpLiq3J4gE,"","North Campus",6c2573ce-592a-4519-989c-2fd21d6918b7,"W", 08/29/2025 05:45:00 AM,"(UTC-07:00) Arizona",,,3768663.85,3755626.2,3781701.5,
PNTM9M2jMkKm3GLHpLiq3J4gE,"","North Campus",6c2573ce-592a-4519-989c-2fd21d6918b7,"W", 08/29/2025 06:00:00 AM,"(UTC-07:00) Arizona",,,3885526.1,3827169.5,3916459.8,
PNTM9M2jMkKm3GLHpLiq3J4gE,"","North Campus",6c2573ce-592a-4519-989c-2fd21d6918b7,"W", 08/29/2025 06:15:00 AM,"(UTC-07:00) Arizona",,,3830064.7,3818128.2,3842001.2,
PNTM9M2jMkKm3GLHpLiq3J4gE,"","North Campus",6c2573ce-592a-4519-989c-2fd21d6918b7,"W", 08/29/2025 06:30:00 AM,"(UTC-07:00) Arizona",,,3840773.43333333,3813005,3872798.8,
PNTM9M2jMkKm3GLHpLiq3J4gE,"","North Campus",6c2573ce-592a-4519-989c-2fd21d6918b7,"W", 08/29/2025 06:45:00 AM,"(UTC-07:00) Arizona",,,3812063.66666667,3738892.2,3857301,
PNTM9M2jMkKm3GLHpLiq3J4gE,"","North Campus",6c2573ce-592a-4519-989c-2fd21d6918b7,"W", 08/29/2025 07:00:00 AM,"(UTC-07:00) Arizona",,,3929188.06666667,3884224.2,4005944.8,
PNTM9M2jMkKm3GLHpLiq3J4gE,"","North Campus",6c2573ce-592a-4519-989c-2fd21d6918b7,"W", 08/29/2025 07:15:00 AM,"(UTC-07:00) Arizona",,,4047729.7,4024528.2,4070931.2,
PNTM9M2jMkKm3GLHpLiq3J4gE,"","North Campus",6c2573ce-592a-4519-989c-2fd21d6918b7,"W", 08/29/2025 07:30:00 AM,"(UTC-07:00) Arizona",,,4142018.5,4078794,4250409.5,
PNTM9M2jMkKm3GLHpLiq3J4gE,"","North Campus",6c2573ce-592a-4519-989c-2fd21d6918b7,"W", 08/29/2025 07:45:00 AM,"(UTC-07:00) Arizona",,,4219677,4216768,4224153.5,
PNTM9M2jMkKm3GLHpLiq3J4gE,"","North Campus",6c2573ce-592a-4519-989c-2fd21d6918b7,"W", 08/29/2025 08:00:00 AM,"(UTC-07:00) Arizona",,,4342949.16666667,4262596,4385878.5,
PNTM9M2jMkKm3GLHpLiq3J4gE,"","North Campus",6c2573ce-592a-4519-989c-2fd21d6918b7,"W", 08/29/2025 08:15:00 AM,"(UTC-07:00) Arizona",,,4655264.75,4613446,4697083.5,
PNTM9M2jMkKm3GLHpLiq3J4gE,"","North Campus",6c2573ce-592a-4519-989c-2fd21d6918b7,"W", 08/29/2025 08:30:00 AM,"(UTC-07:00) Arizona",,,4523284.5,4461173.5,4585395.5,
PNTM9M2jMkKm3GLHpLiq3J4gE,"","North Campus",6c2573ce-592a-4519-989c-2fd21d6918b7,"W", 08/29/2025 08:45:00 AM,"(UTC-07:00) Arizona",,,4608034.83333333,4543985.5,4676524,
PNTM9M2jMkKm3GLHpLiq3J4gE,"","North Campus",6c2573ce-592a-4519-989c-2fd21d6918b7,"W", 08/29/2025 09:00:00 AM,"(UTC-07:00) Arizona",,,4576191.33333333,4543992,4597403.5,
PNTM9M2jMkKm3GLHpLiq3J4gE,"","North Campus",6c2573ce-592a-4519-989c-2fd21d6918b7,"W", 08/29/2025 09:15:00 AM,"(UTC-07:00) Arizona",,,4602628.83333333,4553418.5,4657713,
PNTM9M2jMkKm3GLHpLiq3J4gE,"","North Campus",6c2573ce-592a-4519-989c-2fd21d6918b7,"W", 08/29/2025 09:30:00 AM,"(UTC-07:00) Arizona",,,4594383,4565481,4628828,
PNTM9M2jMkKm3GLHpLiq3J4gE,"","North Campus",6c2573ce-592a-4519-989c-2fd21d6918b7,"W", 08/29/2025 09:45:00 AM,"(UTC-07:00) Arizona",,,4682632.33333333,4627872.5,4778288.5,
PNTM9M2jMkKm3GLHpLiq3J4gE,"","North Campus",6c2573ce-592a-4519-989c-2fd21d6918b7,"W", 08/29/2025 10:00:00 AM,"(UTC-07:00) Arizona",,,4754066.66666667,4709661.5,4813831,
PNTM9M2jMkKm3GLHpLiq3J4gE,"","North Campus",6c2573ce-592a-4519-989c-2fd21d6918b7,"W", 08/29/2025 10:15:00 AM,"(UTC-07:00) Arizona",,,4807400,4752191.5,4859722,
PNTM9M2jMkKm3GLHpLiq3J4gE,"","North Campus",6c2573ce-592a-4519-989c-2fd21d6918b7,"W", 08/29/2025 10:30:00 AM,"(UTC-07:00) Arizona",,,4937612,4874555,5046463.5,
PNTM9M2jMkKm3GLHpLiq3J4gE,"","North Campus",6c2573ce-592a-4519-989c-2fd21d6918b7,"W", 08/29/2025 10:45:00 AM,"(UTC-07:00) Arizona",,,4998497.5,4781041,5142582.5,
PNTM9M2jMkKm3GLHpLiq3J4gE,"","North Campus",6c2573ce-592a-4519-989c-2fd21d6918b7,"W", 08/29/2025 11:00:00 AM,"(UTC-07:00) Arizona",,,5221286.16666667,5182813.5,5269406.5,
PNTM9M2jMkKm3GLHpLiq3J4gE,"","North Campus",6c2573ce-592a-4519-989c-2fd21d6918b7,"W", 08/29/2025 11:15:00 AM,"(UTC-07:00) Arizona",,,5044582.66666667,4766632,5207525,
PNTM9M2jMkKm3GLHpLiq3J4gE,"","North Campus",6c2573ce-592a-4519-989c-2fd21d6918b7,"W", 08/29/2025 11:30:00 AM,"(UTC-07:00) Arizona",,,4474561.5,4474561.5,4474561.5,
PNTM9M2jMkKm3GLHpLiq3J4gE,"","North Campus",6c2573ce-592a-4519-989c-2fd21d6918b7,"W", 08/29/2025 11:45:00 AM,"(UTC-07:00) Arizona",,,5153562.66666667,5090555.5,5262732.5,
PNTM9M2jMkKm3GLHpLiq3J4gE,"","North Campus",6c2573ce-592a-4519-989c-2fd21d6918b7,"W", 08/29/2025 12:00:00 PM,"(UTC-07:00) Arizona",,,5383399,5333551,5433247,
PNTM9M2jMkKm3GLHpLiq3J4gE,"","North Campus",6c2573ce-592a-4519-989c-2fd21d6918b7,"W", 08/29/2025 12:15:00 PM,"(UTC-07:00) Arizona",,,5199261.25,5035737,5362785.5,
PNTM9M2jMkKm3GLHpLiq3J4gE,"","North Campus",6c2573ce-592a-4519-989c-2fd21d6918b7,"W", 08/29/2025 12:30:00 PM,"(UTC-07:00) Arizona",,,5261256.5,5090263,5360684,
PNTM9M2jMkKm3GLHpLiq3J4gE,"","North Campus",6c2573ce-592a-4519-989c-2fd21d6918b7,"W", 08/29/2025 12:45:00 PM,"(UTC-07:00) Arizona",,,5351293,5282862,5419724,
PNTM9M2jMkKm3GLHpLiq3J4gE,"","North Campus",6c2573ce-592a-4519-989c-2fd21d6918b7,"W", 08/29/2025 01:00:00 PM,"(UTC-07:00) Arizona",,,4935753,4935753,4935753,
PNTM9M2jMkKm3GLHpLiq3J4gE,"","North Campus",6c2573ce-592a-4519-989c-2fd21d6918b7,"W", 08/29/2025 01:15:00 PM,"(UTC-07:00) Arizona",,,5062739.5,4904341.5,5175434,
PNTM9M2jMkKm3GLHpLiq3J4gE,"","North Campus",6c2573ce-592a-4519-989c-2fd21d6918b7,"W", 08/29/2025 01:30:00 PM,"(UTC-07:00) Arizona",,,5107227,5054276.5,5160177.5,
PNTM9M2jMkKm3GLHpLiq3J4gE,"","North Campus",6c2573ce-592a-4519-989c-2fd21d6918b7,"W", 08/29/2025 01:45:00 PM,"(UTC-07:00) Arizona",,,4958368.66666667,4837952.5,5133988,
PNTM9M2jMkKm3GLHpLiq3J4gE,"","North Campus",6c2573ce-592a-4519-989c-2fd21d6918b7,"W", 08/29/2025 02:00:00 PM,"(UTC-07:00) Arizona",,,4902305.66666667,4886769.5,4911957.5,
PNTM9M2jMkKm3GLHpLiq3J4gE,"","North Campus",6c2573ce-592a-4519-989c-2fd21d6918b7,"W", 08/29/2025 02:15:00 PM,"(UTC-07:00) Arizona",,,5202183.66666667,5198879,5204282,
PNTM9M2jMkKm3GLHpLiq3J4gE,"","North Campus",6c2573ce-592a-4519-989c-2fd21d6918b7,"W", 08/29/2025 02:30:00 PM,"(UTC-07:00) Arizona",,,5155724.5,5060746.5,5250702.5,
PNTM9M2jMkKm3GLHpLiq3J4gE,"","North Campus",6c2573ce-592a-4519-989c-2fd21d6918b7,"W", 08/29/2025 02:45:00 PM,"(UTC-07:00) Arizona",,,5262166.5,5197691.5,5351564,
PNTM9M2jMkKm3GLHpLiq3J4gE,"","North Campus",6c2573ce-592a-4519-989c-2fd21d6918b7,"W", 08/29/2025 03:00:00 PM,"(UTC-07:00) Arizona",,,5031226.5,4856749,5140028.5,
PNTM9M2jMkKm3GLHpLiq3J4gE,"","North Campus",6c2573ce-592a-4519-989c-2fd21d6918b7,"W", 08/29/2025 03:15:00 PM,"(UTC-07:00) Arizona",,,5079809,5003044.5,5144381.5,
PNTM9M2jMkKm3GLHpLiq3J4gE,"","North Campus",6c2573ce-592a-4519-989c-2fd21d6918b7,"W", 08/29/2025 03:30:00 PM,"(UTC-07:00) Arizona",,,5067397.83333333,4928433.5,5157411.5,
PNTM9M2jMkKm3GLHpLiq3J4gE,"","North Campus",6c2573ce-592a-4519-989c-2fd21d6918b7,"W", 08/29/2025 03:45:00 PM,"(UTC-07:00) Arizona",,,4931545.83333333,4893539,4951805.5,
PNTM9M2jMkKm3GLHpLiq3J4gE,"","North Campus",6c2573ce-592a-4519-989c-2fd21d6918b7,"W", 08/29/2025 04:00:00 PM,"(UTC-07:00) Arizona",,,5107622,5015672.5,5199571.5,
PNTM9M2jMkKm3GLHpLiq3J4gE,"","North Campus",6c2573ce-592a-4519-989c-2fd21d6918b7,"W", 08/29/2025 04:15:00 PM,"(UTC-07:00) Arizona",,,5023053,4962602,5083504,
PNTM9M2jMkKm3GLHpLiq3J4gE,"","North Campus",6c2573ce-592a-4519-989c-2fd21d6918b7,"W", 08/29/2025 04:30:00 PM,"(UTC-07:00) Arizona",,,5000019.875,4930347.5,5126030,
PNTM9M2jMkKm3GLHpLiq3J4gE,"","North Campus",6c2573ce-592a-4519-989c-2fd21d6918b7,"W", 08/29/2025 04:45:00 PM,"(UTC-07:00) Arizona",,,5036711.5,5036711.5,5036711.5,
PNTM9M2jMkKm3GLHpLiq3J4gE,"","North Campus",6c2573ce-592a-4519-989c-2fd21d6918b7,"W", 08/29/2025 05:00:00 PM,"(UTC-07:00) Arizona",,,4811882.83333333,4770060.5,4834270.5,
PNTM9M2jMkKm3GLHpLiq3J4gE,"","North Campus",6c2573ce-592a-4519-989c-2fd21d6918b7,"W", 08/29/2025 05:15:00 PM,"(UTC-07:00) Arizona",,,4764844.16666667,4732906.5,4780957.5,
PNTM9M2jMkKm3GLHpLiq3J4gE,"","North Campus",6c2573ce-592a-4519-989c-2fd21d6918b7,"W", 08/29/2025 05:30:00 PM,"(UTC-07:00) Arizona",,,4704509,4645555,4763463,
PNTM9M2jMkKm3GLHpLiq3J4gE,"","North Campus",6c2573ce-592a-4519-989c-2fd21d6918b7,"W", 08/29/2025 05:45:00 PM,"(UTC-07:00) Arizona",,,4672864.33333333,4615997.5,4703939,
PNTM9M2jMkKm3GLHpLiq3J4gE,"","North Campus",6c2573ce-592a-4519-989c-2fd21d6918b7,"W", 08/29/2025 06:00:00 PM,"(UTC-07:00) Arizona",,,4546611.75,4501847.5,4591376,
PNTM9M2jMkKm3GLHpLiq3J4gE,"","North Campus",6c2573ce-592a-4519-989c-2fd21d6918b7,"W", 08/29/2025 06:15:00 PM,"(UTC-07:00) Arizona",,,4580562.25,4545895,4615229.5,
PNTM9M2jMkKm3GLHpLiq3J4gE,"","North Campus",6c2573ce-592a-4519-989c-2fd21d6918b7,"W", 08/29/2025 06:30:00 PM,"(UTC-07:00) Arizona",,,4538881.25,4505294.5,4572468,
PNTM9M2jMkKm3GLHpLiq3J4gE,"","North Campus",6c2573ce-592a-4519-989c-2fd21d6918b7,"W", 08/29/2025 06:45:00 PM,"(UTC-07:00) Arizona",,,4605299.75,4580535.5,4637078.5,
PNTM9M2jMkKm3GLHpLiq3J4gE,"","North Campus",6c2573ce-592a-4519-989c-2fd21d6918b7,"W", 08/29/2025 07:00:00 PM,"(UTC-07:00) Arizona",,,4598687.25,4580369.5,4617005,
PNTM9M2jMkKm3GLHpLiq3J4gE,"","North Campus",6c2573ce-592a-4519-989c-2fd21d6918b7,"W", 08/29/2025 07:15:00 PM,"(UTC-07:00) Arizona",,,4552554.5,4497532,4621795,
PNTM9M2jMkKm3GLHpLiq3J4gE,"","North Campus",6c2573ce-592a-4519-989c-2fd21d6918b7,"W", 08/29/2025 07:30:00 PM,"(UTC-07:00) Arizona",,,4431683.75,4328000.5,4535367,
PNTM9M2jMkKm3GLHpLiq3J4gE,"","North Campus",6c2573ce-592a-4519-989c-2fd21d6918b7,"W", 08/29/2025 07:45:00 PM,"(UTC-07:00) Arizona",,,4355455.33333333,4340952,4374092.5,
PNTM9M2jMkKm3GLHpLiq3J4gE,"","North Campus",6c2573ce-592a-4519-989c-2fd21d6918b7,"W", 08/29/2025 08:00:00 PM,"(UTC-07:00) Arizona",,,4324208.16666667,4247285,4390557.5,
PNTM9M2jMkKm3GLHpLiq3J4gE,"","North Campus",6c2573ce-592a-4519-989c-2fd21d6918b7,"W", 08/29/2025 08:15:00 PM,"(UTC-07:00) Arizona",,,4244651,4243933.5,4245368.5,
PNTM9M2jMkKm3GLHpLiq3J4gE,"","North Campus",6c2573ce-592a-4519-989c-2fd21d6918b7,"W", 08/29/2025 08:30:00 PM,"(UTC-07:00) Arizona",,,4262533.25,4242718,4282348.5,
PNTM9M2jMkKm3GLHpLiq3J4gE,"","North Campus",6c2573ce-592a-4519-989c-2fd21d6918b7,"W", 08/29/2025 08:45:00 PM,"(UTC-07:00) Arizona",,,4085364,3989268,4181460,
PNTM9M2jMkKm3GLHpLiq3J4gE,"","North Campus",6c2573ce-592a-4519-989c-2fd21d6918b7,"W", 08/29/2025 09:00:00 PM,"(UTC-07:00) Arizona",,,3957942.4,3931563,4007168,
PNTM9M2jMkKm3GLHpLiq3J4gE,"","North Campus",6c2573ce-592a-4519-989c-2fd21d6918b7,"W", 08/29/2025 09:15:00 PM,"(UTC-07:00) Arizona",,,3943065.26666667,3929055.5,3962404.8,
PNTM9M2jMkKm3GLHpLiq3J4gE,"","North Campus",6c2573ce-592a-4519-989c-2fd21d6918b7,"W", 08/29/2025 09:30:00 PM,"(UTC-07:00) Arizona",,,3942991.83333333,3911792.5,3962821,
PNTM9M2jMkKm3GLHpLiq3J4gE,"","North Campus",6c2573ce-592a-4519-989c-2fd21d6918b7,"W", 08/29/2025 09:45:00 PM,"(UTC-07:00) Arizona",,,3883344.86666667,3839675.8,3923092,
PNTM9M2jMkKm3GLHpLiq3J4gE,"","North Campus",6c2573ce-592a-4519-989c-2fd21d6918b7,"W", 08/29/2025 10:00:00 PM,"(UTC-07:00) Arizona",,,3847326.83333333,3836982,3863560,
PNTM9M2jMkKm3GLHpLiq3J4gE,"","North Campus",6c2573ce-592a-4519-989c-2fd21d6918b7,"W", 08/29/2025 10:15:00 PM,"(UTC-07:00) Arizona",,,3863769.5,3828644.2,3907404.5,
PNTM9M2jMkKm3GLHpLiq3J4gE,"","North Campus",6c2573ce-592a-4519-989c-2fd21d6918b7,"W", 08/29/2025 10:30:00 PM,"(UTC-07:00) Arizona",,,3796091.2,3774016,3819509.8,
PNTM9M2jMkKm3GLHpLiq3J4gE,"","North Campus",6c2573ce-592a-4519-989c-2fd21d6918b7,"W", 08/29/2025 10:45:00 PM,"(UTC-07:00) Arizona",,,3819841.86666667,3767777.8,3877948,
PNTM9M2jMkKm3GLHpLiq3J4gE,"","North Campus",6c2573ce-592a-4519-989c-2fd21d6918b7,"W", 08/29/2025 11:00:00 PM,"(UTC-07:00) Arizona",,,3732012.15,3721895.5,3742128.8,
PNTM9M2jMkKm3GLHpLiq3J4gE,"","North Campus",6c2573ce-592a-4519-989c-2fd21d6918b7,"W", 08/29/2025 11:15:00 PM,"(UTC-07:00) Arizona",,,3738504.375,3690192.5,3777315,
PNTM9M2jMkKm3GLHpLiq3J4gE,"","North Campus",6c2573ce-592a-4519-989c-2fd21d6918b7,"W", 08/29/2025 11:30:00 PM,"(UTC-07:00) Arizona",,,3682783.65,3659916.8,3705650.5,
PNTM9M2jMkKm3GLHpLiq3J4gE,"","North Campus",6c2573ce-592a-4519-989c-2fd21d6918b7,"W", 08/29/2025 11:45:00 PM,"(UTC-07:00) Arizona",,,3659881.825,3612879,3718511,
PNTM9M2jMkKm3GLHpLiq3J4gE,"","North Campus",6c2573ce-592a-4519-989c-2fd21d6918b7,"W", 08/30/2025 12:00:00 AM,"(UTC-07:00) Arizona",,,3594646.93333333,3593345.5,3597044.8,
PNTM9M2jMkKm3GLHpLiq3J4gE,"","North Campus",6c2573ce-592a-4519-989c-2fd21d6918b7,"W", 08/30/2025 12:15:00 AM,"(UTC-07:00) Arizona",,,3544428.5,3489085,3621656,
PNTM9M2jMkKm3GLHpLiq3J4gE,"","North Campus",6c2573ce-592a-4519-989c-2fd21d6918b7,"W", 08/30/2025 12:30:00 AM,"(UTC-07:00) Arizona",,,3475074.63333333,3472109.2,3479361.5,
PNTM9M2jMkKm3GLHpLiq3J4gE,"","North Campus",6c2573ce-592a-4519-989c-2fd21d6918b7,"W", 08/30/2025 12:45:00 AM,"(UTC-07:00) Arizona",,,3425029.5,3411060.2,3435766.8,
PNTM9M2jMkKm3GLHpLiq3J4gE,"","North Campus",6c2573ce-592a-4519-989c-2fd21d6918b7,"W", 08/30/2025 01:00:00 AM,"(UTC-07:00) Arizona",,,3448536.7,3426751.2,3470322.2,
PNTM9M2jMkKm3GLHpLiq3J4gE,"","North Campus",6c2573ce-592a-4519-989c-2fd21d6918b7,"W", 08/30/2025 01:15:00 AM,"(UTC-07:00) Arizona",,,3406225.3,3376412,3450310.2,
PNTM9M2jMkKm3GLHpLiq3J4gE,"","North Campus",6c2573ce-592a-4519-989c-2fd21d6918b7,"W", 08/30/2025 01:30:00 AM,"(UTC-07:00) Arizona",,,3371636.83333333,3359409.2,3388920.8,
PNTM9M2jMkKm3GLHpLiq3J4gE,"","North Campus",6c2573ce-592a-4519-989c-2fd21d6918b7,"W", 08/30/2025 01:45:00 AM,"(UTC-07:00) Arizona",,,3354736.43333333,3336247.8,3380522.5,
PNTM9M2jMkKm3GLHpLiq3J4gE,"","North Campus",6c2573ce-592a-4519-989c-2fd21d6918b7,"W", 08/30/2025 02:00:00 AM,"(UTC-07:00) Arizona",,,3320261.85,3303046.2,3337477.5,
PNTM9M2jMkKm3GLHpLiq3J4gE,"","North Campus",6c2573ce-592a-4519-989c-2fd21d6918b7,"W", 08/30/2025 02:15:00 AM,"(UTC-07:00) Arizona",,,3282560.3,3265270.8,3299849.8,
PNTM9M2jMkKm3GLHpLiq3J4gE,"","North Campus",6c2573ce-592a-4519-989c-2fd21d6918b7,"W", 08/30/2025 02:30:00 AM,"(UTC-07:00) Arizona",,,3306108.46666667,3282382.8,3323584.8,
PNTM9M2jMkKm3GLHpLiq3J4gE,"","North Campus",6c2573ce-592a-4519-989c-2fd21d6918b7,"W", 08/30/2025 02:45:00 AM,"(UTC-07:00) Arizona",,,3331161.1,3318534.2,3343363,
PNTM9M2jMkKm3GLHpLiq3J4gE,"","North Campus",6c2573ce-592a-4519-989c-2fd21d6918b7,"W", 08/30/2025 03:00:00 AM,"(UTC-07:00) Arizona",,,3293059.4,3274683.8,3311435,
PNTM9M2jMkKm3GLHpLiq3J4gE,"","North Campus",6c2573ce-592a-4519-989c-2fd21d6918b7,"W", 08/30/2025 03:15:00 AM,"(UTC-07:00) Arizona",,,3289905.6,3266909.8,3313686.2,
PNTM9M2jMkKm3GLHpLiq3J4gE,"","North Campus",6c2573ce-592a-4519-989c-2fd21d6918b7,"W", 08/30/2025 03:30:00 AM,"(UTC-07:00) Arizona",,,3327845.35,3323494.5,3332196.2,
PNTM9M2jMkKm3GLHpLiq3J4gE,"","North Campus",6c2573ce-592a-4519-989c-2fd21d6918b7,"W", 08/30/2025 03:45:00 AM,"(UTC-07:00) Arizona",,,3351690.125,3330038.5,3380181.5,
PNTM9M2jMkKm3GLHpLiq3J4gE,"","North Campus",6c2573ce-592a-4519-989c-2fd21d6918b7,"W", 08/30/2025 04:00:00 AM,"(UTC-07:00) Arizona",,,3319852.83333333,3306864.2,3332173.5,
PNTM9M2jMkKm3GLHpLiq3J4gE,"","North Campus",6c2573ce-592a-4519-989c-2fd21d6918b7,"W", 08/30/2025 04:15:00 AM,"(UTC-07:00) Arizona",,,3341689.8,3341689.8,3341689.8,
PNTM9M2jMkKm3GLHpLiq3J4gE,"","North Campus",6c2573ce-592a-4519-989c-2fd21d6918b7,"W", 08/30/2025 04:30:00 AM,"(UTC-07:00) Arizona",,,3368369.93333333,3320242.5,3409830.8,
PNTM9M2jMkKm3GLHpLiq3J4gE,"","North Campus",6c2573ce-592a-4519-989c-2fd21d6918b7,"W", 08/30/2025 04:45:00 AM,"(UTC-07:00) Arizona",,,3327904.9,3321966.5,3335557.2,
PNTM9M2jMkKm3GLHpLiq3J4gE,"","North Campus",6c2573ce-592a-4519-989c-2fd21d6918b7,"W", 08/30/2025 05:00:00 AM,"(UTC-07:00) Arizona",,,3345488.5,3338544.2,3352432.8,
PNTM9M2jMkKm3GLHpLiq3J4gE,"","North Campus",6c2573ce-592a-4519-989c-2fd21d6918b7,"W", 08/30/2025 05:15:00 AM,"(UTC-07:00) Arizona",,,3370349.1,3356109,3384589.2,
PNTM9M2jMkKm3GLHpLiq3J4gE,"","North Campus",6c2573ce-592a-4519-989c-2fd21d6918b7,"W", 08/30/2025 05:30:00 AM,"(UTC-07:00) Arizona",,,3368912.275,3340344.2,3396706.2,
PNTM9M2jMkKm3GLHpLiq3J4gE,"","North Campus",6c2573ce-592a-4519-989c-2fd21d6918b7,"W", 08/30/2025 05:45:00 AM,"(UTC-07:00) Arizona",,,3401151.4,3367197,3435105.8,
PNTM9M2jMkKm3GLHpLiq3J4gE,"","North Campus",6c2573ce-592a-4519-989c-2fd21d6918b7,"W", 08/30/2025 06:00:00 AM,"(UTC-07:00) Arizona",,,3428251.9,3402522.8,3465775,
PNTM9M2jMkKm3GLHpLiq3J4gE,"","North Campus",6c2573ce-592a-4519-989c-2fd21d6918b7,"W", 08/30/2025 06:15:00 AM,"(UTC-07:00) Arizona",,,3428011.4,3390871.8,3465151,
PNTM9M2jMkKm3GLHpLiq3J4gE,"","North Campus",6c2573ce-592a-4519-989c-2fd21d6918b7,"W", 08/30/2025 06:30:00 AM,"(UTC-07:00) Arizona",,,3352896.6,3342489,3371803,
PNTM9M2jMkKm3GLHpLiq3J4gE,"","North Campus",6c2573ce-592a-4519-989c-2fd21d6918b7,"W", 08/30/2025 06:45:00 AM,"(UTC-07:00) Arizona",,,3317489,3317489,3317489,
PNTM9M2jMkKm3GLHpLiq3J4gE,"","North Campus",6c2573ce-592a-4519-989c-2fd21d6918b7,"W", 08/30/2025 07:00:00 AM,"(UTC-07:00) Arizona",,,3439546.05,3372023.2,3495137.8,
PNTM9M2jMkKm3GLHpLiq3J4gE,"","North Campus",6c2573ce-592a-4519-989c-2fd21d6918b7,"W", 08/30/2025 07:15:00 AM,"(UTC-07:00) Arizona",,,3442051.25,3397033.5,3487069,
PNTM9M2jMkKm3GLHpLiq3J4gE,"","North Campus",6c2573ce-592a-4519-989c-2fd21d6918b7,"W", 08/30/2025 07:30:00 AM,"(UTC-07:00) Arizona",,,3379377.4,3348677.2,3416654.5,
PNTM9M2jMkKm3GLHpLiq3J4gE,"","North Campus",6c2573ce-592a-4519-989c-2fd21d6918b7,"W", 08/30/2025 07:45:00 AM,"(UTC-07:00) Arizona",,,3446652.1,3420055.5,3474066.8,
PNTM9M2jMkKm3GLHpLiq3J4gE,"","North Campus",6c2573ce-592a-4519-989c-2fd21d6918b7,"W", 08/30/2025 08:00:00 AM,"(UTC-07:00) Arizona",,,3550850.6,3487506.2,3651485.8,
PNTM9M2jMkKm3GLHpLiq3J4gE,"","North Campus",6c2573ce-592a-4519-989c-2fd21d6918b7,"W", 08/30/2025 08:15:00 AM,"(UTC-07:00) Arizona",,,3646138.93333333,3594118.8,3683236,
PNTM9M2jMkKm3GLHpLiq3J4gE,"","North Campus",6c2573ce-592a-4519-989c-2fd21d6918b7,"W", 08/30/2025 08:30:00 AM,"(UTC-07:00) Arizona",,,3763492.5,3720673.5,3793799.8,
PNTM9M2jMkKm3GLHpLiq3J4gE,"","North Campus",6c2573ce-592a-4519-989c-2fd21d6918b7,"W", 08/30/2025 08:45:00 AM,"(UTC-07:00) Arizona",,,3788786.83333333,3746169.2,3833877.5,
PNTM9M2jMkKm3GLHpLiq3J4gE,"","North Campus",6c2573ce-592a-4519-989c-2fd21d6918b7,"W", 08/30/2025 09:00:00 AM,"(UTC-07:00) Arizona",,,3885558.06666667,3838803.2,3915751,
PNTM9M2jMkKm3GLHpLiq3J4gE,"","North Campus",6c2573ce-592a-4519-989c-2fd21d6918b7,"W", 08/30/2025 09:15:00 AM,"(UTC-07:00) Arizona",,,3906184.83333333,3874470.2,3944236.5,
PNTM9M2jMkKm3GLHpLiq3J4gE,"","North Campus",6c2573ce-592a-4519-989c-2fd21d6918b7,"W", 08/30/2025 09:30:00 AM,"(UTC-07:00) Arizona",,,3950436.06666667,3931894.2,3986401.2,
PNTM9M2jMkKm3GLHpLiq3J4gE,"","North Campus",6c2573ce-592a-4519-989c-2fd21d6918b7,"W", 08/30/2025 09:45:00 AM,"(UTC-07:00) Arizona",,,3930788.5,3928890.2,3934367.8,
PNTM9M2jMkKm3GLHpLiq3J4gE,"","North Campus",6c2573ce-592a-4519-989c-2fd21d6918b7,"W", 08/30/2025 10:00:00 AM,"(UTC-07:00) Arizona",,,3995367.1,3966950,4021734.8,
PNTM9M2jMkKm3GLHpLiq3J4gE,"","North Campus",6c2573ce-592a-4519-989c-2fd21d6918b7,"W", 08/30/2025 10:15:00 AM,"(UTC-07:00) Arizona",,,4038650.33333333,4018349,4049609.5,
PNTM9M2jMkKm3GLHpLiq3J4gE,"","North Campus",6c2573ce-592a-4519-989c-2fd21d6918b7,"W", 08/30/2025 10:30:00 AM,"(UTC-07:00) Arizona",,,4384697,4377524.5,4391869.5,
PNTM9M2jMkKm3GLHpLiq3J4gE,"","North Campus",6c2573ce-592a-4519-989c-2fd21d6918b7,"W", 08/30/2025 10:45:00 AM,"(UTC-07:00) Arizona",,,4415713.5,4415713.5,4415713.5,
PNTM9M2jMkKm3GLHpLiq3J4gE,"","North Campus",6c2573ce-592a-4519-989c-2fd21d6918b7,"W", 08/30/2025 11:00:00 AM,"(UTC-07:00) Arizona",,,4280596.5,4142943.5,4418249.5,
PNTM9M2jMkKm3GLHpLiq3J4gE,"","North Campus",6c2573ce-592a-4519-989c-2fd21d6918b7,"W", 08/30/2025 11:15:00 AM,"(UTC-07:00) Arizona",,,4227054.06666667,4179365.2,4321973,
PNTM9M2jMkKm3GLHpLiq3J4gE,"","North Campus",6c2573ce-592a-4519-989c-2fd21d6918b7,"W", 08/30/2025 11:30:00 AM,"(UTC-07:00) Arizona",,,4169988.16666667,3989151,4307594.5,
PNTM9M2jMkKm3GLHpLiq3J4gE,"","North Campus",6c2573ce-592a-4519-989c-2fd21d6918b7,"W", 08/30/2025 11:45:00 AM,"(UTC-07:00) Arizona",,,4372678.56666667,4159439.2,4531556,
PNTM9M2jMkKm3GLHpLiq3J4gE,"","North Campus",6c2573ce-592a-4519-989c-2fd21d6918b7,"W", 08/30/2025 12:00:00 PM,"(UTC-07:00) Arizona",,,4483058.33333333,4365897.5,4714420.5,
PNTM9M2jMkKm3GLHpLiq3J4gE,"","North Campus",6c2573ce-592a-4519-989c-2fd21d6918b7,"W", 08/30/2025 12:15:00 PM,"(UTC-07:00) Arizona",,,4453930.75,4255189.5,4652672,
PNTM9M2jMkKm3GLHpLiq3J4gE,"","North Campus",6c2573ce-592a-4519-989c-2fd21d6918b7,"W", 08/30/2025 12:30:00 PM,"(UTC-07:00) Arizona",,,4471021.5,4396495,4585434,
PNTM9M2jMkKm3GLHpLiq3J4gE,"","North Campus",6c2573ce-592a-4519-989c-2fd21d6918b7,"W", 08/30/2025 12:45:00 PM,"(UTC-07:00) Arizona",,,4262819.66666667,4233341,4278499.5,
PNTM9M2jMkKm3GLHpLiq3J4gE,"","North Campus",6c2573ce-592a-4519-989c-2fd21d6918b7,"W", 08/30/2025 01:00:00 PM,"(UTC-07:00) Arizona",,,4273869,4273869,4273869,
PNTM9M2jMkKm3GLHpLiq3J4gE,"","North Campus",6c2573ce-592a-4519-989c-2fd21d6918b7,"W", 08/30/2025 01:15:00 PM,"(UTC-07:00) Arizona",,,4436863.75,4398262.5,4475465,
PNTM9M2jMkKm3GLHpLiq3J4gE,"","North Campus",6c2573ce-592a-4519-989c-2fd21d6918b7,"W", 08/30/2025 01:30:00 PM,"(UTC-07:00) Arizona",,,4305527.5,4303815,4307240,
PNTM9M2jMkKm3GLHpLiq3J4gE,"","North Campus",6c2573ce-592a-4519-989c-2fd21d6918b7,"W", 08/30/2025 01:45:00 PM,"(UTC-07:00) Arizona",,,4251958.5,4246541,4257376,
PNTM9M2jMkKm3GLHpLiq3J4gE,"","North Campus",6c2573ce-592a-4519-989c-2fd21d6918b7,"W", 08/30/2025 02:00:00 PM,"(UTC-07:00) Arizona",,,4292302.25,4258302.5,4321998.5,
PNTM9M2jMkKm3GLHpLiq3J4gE,"","North Campus",6c2573ce-592a-4519-989c-2fd21d6918b7,"W", 08/30/2025 02:15:00 PM,"(UTC-07:00) Arizona",,,4283241,4253759.5,4312722.5,
PNTM9M2jMkKm3GLHpLiq3J4gE,"","North Campus",6c2573ce-592a-4519-989c-2fd21d6918b7,"W", 08/30/2025 02:30:00 PM,"(UTC-07:00) Arizona",,,4342315.125,4275878.5,4387803.5,
PNTM9M2jMkKm3GLHpLiq3J4gE,"","North Campus",6c2573ce-592a-4519-989c-2fd21d6918b7,"W", 08/30/2025 02:45:00 PM,"(UTC-07:00) Arizona",,,4571491.83333333,4402626.5,4680088.5,
PNTM9M2jMkKm3GLHpLiq3J4gE,"","North Campus",6c2573ce-592a-4519-989c-2fd21d6918b7,"W", 08/30/2025 03:00:00 PM,"(UTC-07:00) Arizona",,,4505601.33333333,4362117.5,4647613.5,
PNTM9M2jMkKm3GLHpLiq3J4gE,"","North Campus",6c2573ce-592a-4519-989c-2fd21d6918b7,"W", 08/30/2025 03:15:00 PM,"(UTC-07:00) Arizona",,,4403459.83333333,4359879.5,4447424,
PNTM9M2jMkKm3GLHpLiq3J4gE,"","North Campus",6c2573ce-592a-4519-989c-2fd21d6918b7,"W", 08/30/2025 03:30:00 PM,"(UTC-07:00) Arizona",,,4598481.25,4540738,4656224.5,
PNTM9M2jMkKm3GLHpLiq3J4gE,"","North Campus",6c2573ce-592a-4519-989c-2fd21d6918b7,"W", 08/30/2025 03:45:00 PM,"(UTC-07:00) Arizona",,,4596980.83333333,4446338,4735903.5,
PNTM9M2jMkKm3GLHpLiq3J4gE,"","North Campus",6c2573ce-592a-4519-989c-2fd21d6918b7,"W", 08/30/2025 04:00:00 PM,"(UTC-07:00) Arizona",,,4718419.33333333,4693931,4750465,
PNTM9M2jMkKm3GLHpLiq3J4gE,"","North Campus",6c2573ce-592a-4519-989c-2fd21d6918b7,"W", 08/30/2025 04:15:00 PM,"(UTC-07:00) Arizona",,,4690804.375,4603907.5,4757595.5,
PNTM9M2jMkKm3GLHpLiq3J4gE,"","North Campus",6c2573ce-592a-4519-989c-2fd21d6918b7,"W", 08/30/2025 04:30:00 PM,"(UTC-07:00) Arizona",,,4661202.66666667,4624058.5,4679851,
PNTM9M2jMkKm3GLHpLiq3J4gE,"","North Campus",6c2573ce-592a-4519-989c-2fd21d6918b7,"W", 08/30/2025 04:45:00 PM,"(UTC-07:00) Arizona",,,4611187.16666667,4565609,4651298,
PNTM9M2jMkKm3GLHpLiq3J4gE,"","North Campus",6c2573ce-592a-4519-989c-2fd21d6918b7,"W", 08/30/2025 05:00:00 PM,"(UTC-07:00) Arizona",,,4607376.16666667,4592568,4615602.5,
PNTM9M2jMkKm3GLHpLiq3J4gE,"","North Campus",6c2573ce-592a-4519-989c-2fd21d6918b7,"W", 08/30/2025 05:15:00 PM,"(UTC-07:00) Arizona",,,4589158.25,4556984,4621332.5,
PNTM9M2jMkKm3GLHpLiq3J4gE,"","North Campus",6c2573ce-592a-4519-989c-2fd21d6918b7,"W", 08/30/2025 05:30:00 PM,"(UTC-07:00) Arizona",,,4597315.83333333,4552119,4621575,
PNTM9M2jMkKm3GLHpLiq3J4gE,"","North Campus",6c2573ce-592a-4519-989c-2fd21d6918b7,"W", 08/30/2025 05:45:00 PM,"(UTC-07:00) Arizona",,,4584078.75,4574651.5,4593506,
PNTM9M2jMkKm3GLHpLiq3J4gE,"","North Campus",6c2573ce-592a-4519-989c-2fd21d6918b7,"W", 08/30/2025 06:00:00 PM,"(UTC-07:00) Arizona",,,4589510.66666667,4551203.5,4656012,
PNTM9M2jMkKm3GLHpLiq3J4gE,"","North Campus",6c2573ce-592a-4519-989c-2fd21d6918b7,"W", 08/30/2025 06:15:00 PM,"(UTC-07:00) Arizona",,,4601630,4556037,4647223,
PNTM9M2jMkKm3GLHpLiq3J4gE,"","North Campus",6c2573ce-592a-4519-989c-2fd21d6918b7,"W", 08/30/2025 06:30:00 PM,"(UTC-07:00) Arizona",,,4598497,4584760,4612234,
PNTM9M2jMkKm3GLHpLiq3J4gE,"","North Campus",6c2573ce-592a-4519-989c-2fd21d6918b7,"W", 08/30/2025 06:45:00 PM,"(UTC-07:00) Arizona",,,4544311.66666667,4491391.5,4581076,
PNTM9M2jMkKm3GLHpLiq3J4gE,"","North Campus",6c2573ce-592a-4519-989c-2fd21d6918b7,"W", 08/30/2025 07:00:00 PM,"(UTC-07:00) Arizona",,,4550100,4546432.5,4554596.5,
PNTM9M2jMkKm3GLHpLiq3J4gE,"","North Campus",6c2573ce-592a-4519-989c-2fd21d6918b7,"W", 08/30/2025 07:15:00 PM,"(UTC-07:00) Arizona",,,4536864,4530390.5,4543337.5,
PNTM9M2jMkKm3GLHpLiq3J4gE,"","North Campus",6c2573ce-592a-4519-989c-2fd21d6918b7,"W", 08/30/2025 07:30:00 PM,"(UTC-07:00) Arizona",,,4511937.16666667,4490306.5,4553720.5,
PNTM9M2jMkKm3GLHpLiq3J4gE,"","North Campus",6c2573ce-592a-4519-989c-2fd21d6918b7,"W", 08/30/2025 07:45:00 PM,"(UTC-07:00) Arizona",,,4474050.5,4440603.5,4507497.5,
PNTM9M2jMkKm3GLHpLiq3J4gE,"","North Campus",6c2573ce-592a-4519-989c-2fd21d6918b7,"W", 08/30/2025 08:00:00 PM,"(UTC-07:00) Arizona",,,4411693.83333333,4337705,4470093,
PNTM9M2jMkKm3GLHpLiq3J4gE,"","North Campus",6c2573ce-592a-4519-989c-2fd21d6918b7,"W", 08/30/2025 08:15:00 PM,"(UTC-07:00) Arizona",,,4363206.75,4359234,4367179.5,
PNTM9M2jMkKm3GLHpLiq3J4gE,"","North Campus",6c2573ce-592a-4519-989c-2fd21d6918b7,"W", 08/30/2025 08:30:00 PM,"(UTC-07:00) Arizona",,,4314119.5,4290410.5,4337828.5,
PNTM9M2jMkKm3GLHpLiq3J4gE,"","North Campus",6c2573ce-592a-4519-989c-2fd21d6918b7,"W", 08/30/2025 08:45:00 PM,"(UTC-07:00) Arizona",,,4300205.66666667,4210281.5,4374155.5,
PNTM9M2jMkKm3GLHpLiq3J4gE,"","North Campus",6c2573ce-592a-4519-989c-2fd21d6918b7,"W", 08/30/2025 09:00:00 PM,"(UTC-07:00) Arizona",,,4153138.25,4148817.5,4157459,
PNTM9M2jMkKm3GLHpLiq3J4gE,"","North Campus",6c2573ce-592a-4519-989c-2fd21d6918b7,"W", 08/30/2025 09:15:00 PM,"(UTC-07:00) Arizona",,,4021290.1,3963325,4079255.2,
PNTM9M2jMkKm3GLHpLiq3J4gE,"","North Campus",6c2573ce-592a-4519-989c-2fd21d6918b7,"W", 08/30/2025 09:30:00 PM,"(UTC-07:00) Arizona",,,4150152.53333333,4110992.2,4172143.2,
PNTM9M2jMkKm3GLHpLiq3J4gE,"","North Campus",6c2573ce-592a-4519-989c-2fd21d6918b7,"W", 08/30/2025 09:45:00 PM,"(UTC-07:00) Arizona",,,4164967.33333333,4135724.8,4197700,
PNTM9M2jMkKm3GLHpLiq3J4gE,"","North Campus",6c2573ce-592a-4519-989c-2fd21d6918b7,"W", 08/30/2025 10:00:00 PM,"(UTC-07:00) Arizona",,,4161818.83333333,4120564.5,4185807.2,
PNTM9M2jMkKm3GLHpLiq3J4gE,"","North Campus",6c2573ce-592a-4519-989c-2fd21d6918b7,"W", 08/30/2025 10:15:00 PM,"(UTC-07:00) Arizona",,,4119599.65,4099197.5,4140001.8,
PNTM9M2jMkKm3GLHpLiq3J4gE,"","North Campus",6c2573ce-592a-4519-989c-2fd21d6918b7,"W", 08/30/2025 10:30:00 PM,"(UTC-07:00) Arizona",,,4094293,4068891.5,4119694.5,
PNTM9M2jMkKm3GLHpLiq3J4gE,"","North Campus",6c2573ce-592a-4519-989c-2fd21d6918b7,"W", 08/30/2025 10:45:00 PM,"(UTC-07:00) Arizona",,,4003951.2,3986560.8,4020364.8,
PNTM9M2jMkKm3GLHpLiq3J4gE,"","North Campus",6c2573ce-592a-4519-989c-2fd21d6918b7,"W", 08/30/2025 11:00:00 PM,"(UTC-07:00) Arizona",,,4009082.1,4003803,4016655.8,
PNTM9M2jMkKm3GLHpLiq3J4gE,"","North Campus",6c2573ce-592a-4519-989c-2fd21d6918b7,"W", 08/30/2025 11:15:00 PM,"(UTC-07:00) Arizona",,,3985614.5,3975408.2,3995820.8,
PNTM9M2jMkKm3GLHpLiq3J4gE,"","North Campus",6c2573ce-592a-4519-989c-2fd21d6918b7,"W", 08/30/2025 11:30:00 PM,"(UTC-07:00) Arizona",,,3975737.875,3956648,4000581.8,
PNTM9M2jMkKm3GLHpLiq3J4gE,"","North Campus",6c2573ce-592a-4519-989c-2fd21d6918b7,"W", 08/30/2025 11:45:00 PM,"(UTC-07:00) Arizona",,,3910960.13333333,3740270.8,4014844.8,
PNTM9M2jMkKm3GLHpLiq3J4gE,"","North Campus",6c2573ce-592a-4519-989c-2fd21d6918b7,"W", 08/31/2025 12:00:00 AM,"(UTC-07:00) Arizona",,,3723359.9,3723088.8,3723631,
PNTM9M2jMkKm3GLHpLiq3J4gE,"","North Campus",6c2573ce-592a-4519-989c-2fd21d6918b7,"W", 08/31/2025 12:15:00 AM,"(UTC-07:00) Arizona",,,3595772.775,3520774.8,3653836.5,
PNTM9M2jMkKm3GLHpLiq3J4gE,"","North Campus",6c2573ce-592a-4519-989c-2fd21d6918b7,"W", 08/31/2025 12:30:00 AM,"(UTC-07:00) Arizona",,,3506942.4,3503958,3509926.8,
PNTM9M2jMkKm3GLHpLiq3J4gE,"","North Campus",6c2573ce-592a-4519-989c-2fd21d6918b7,"W", 08/31/2025 12:45:00 AM,"(UTC-07:00) Arizona",,,3521777.925,3482900.2,3566112.5,
PNTM9M2jMkKm3GLHpLiq3J4gE,"","North Campus",6c2573ce-592a-4519-989c-2fd21d6918b7,"W", 08/31/2025 01:00:00 AM,"(UTC-07:00) Arizona",,,3470568.35,3459359.5,3481777.2,
PNTM9M2jMkKm3GLHpLiq3J4gE,"","North Campus",6c2573ce-592a-4519-989c-2fd21d6918b7,"W", 08/31/2025 01:15:00 AM,"(UTC-07:00) Arizona",,,3461851.175,3422072.8,3488828.5,
PNTM9M2jMkKm3GLHpLiq3J4gE,"","North Campus",6c2573ce-592a-4519-989c-2fd21d6918b7,"W", 08/31/2025 01:30:00 AM,"(UTC-07:00) Arizona",,,3436809.8,3423074.8,3450544.8,
PNTM9M2jMkKm3GLHpLiq3J4gE,"","North Campus",6c2573ce-592a-4519-989c-2fd21d6918b7,"W", 08/31/2025 01:45:00 AM,"(UTC-07:00) Arizona",,,3384346.43333333,3376399.8,3391108.5,
PNTM9M2jMkKm3GLHpLiq3J4gE,"","North Campus",6c2573ce-592a-4519-989c-2fd21d6918b7,"W", 08/31/2025 02:00:00 AM,"(UTC-07:00) Arizona",,,3364134.4,3361194.8,3367074,
PNTM9M2jMkKm3GLHpLiq3J4gE,"","North Campus",6c2573ce-592a-4519-989c-2fd21d6918b7,"W", 08/31/2025 02:15:00 AM,"(UTC-07:00) Arizona",,,3346767,3343867,3349667,
PNTM9M2jMkKm3GLHpLiq3J4gE,"","North Campus",6c2573ce-592a-4519-989c-2fd21d6918b7,"W", 08/31/2025 02:30:00 AM,"(UTC-07:00) Arizona",,,3325846.83333333,3297378.5,3348159.5,
PNTM9M2jMkKm3GLHpLiq3J4gE,"","North Campus",6c2573ce-592a-4519-989c-2fd21d6918b7,"W", 08/31/2025 02:45:00 AM,"(UTC-07:00) Arizona",,,3336113.5,3313042,3359252.5,
PNTM9M2jMkKm3GLHpLiq3J4gE,"","North Campus",6c2573ce-592a-4519-989c-2fd21d6918b7,"W", 08/31/2025 03:00:00 AM,"(UTC-07:00) Arizona",,,3331849.16666667,3302936.8,3348862.5,
PNTM9M2jMkKm3GLHpLiq3J4gE,"","North Campus",6c2573ce-592a-4519-989c-2fd21d6918b7,"W", 08/31/2025 03:15:00 AM,"(UTC-07:00) Arizona",,,3325088.65,3310080.5,3340096.8,
PNTM9M2jMkKm3GLHpLiq3J4gE,"","North Campus",6c2573ce-592a-4519-989c-2fd21d6918b7,"W", 08/31/2025 03:30:00 AM,"(UTC-07:00) Arizona",,,3318594.43333333,3312518,3328511.5,
PNTM9M2jMkKm3GLHpLiq3J4gE,"","North Campus",6c2573ce-592a-4519-989c-2fd21d6918b7,"W", 08/31/2025 03:45:00 AM,"(UTC-07:00) Arizona",,,3318016.5,3307805.5,3323158.8,
PNTM9M2jMkKm3GLHpLiq3J4gE,"","North Campus",6c2573ce-592a-4519-989c-2fd21d6918b7,"W", 08/31/2025 04:00:00 AM,"(UTC-07:00) Arizona",,,3306725.4,3305070.5,3308654.5,
PNTM9M2jMkKm3GLHpLiq3J4gE,"","North Campus",6c2573ce-592a-4519-989c-2fd21d6918b7,"W", 08/31/2025 04:15:00 AM,"(UTC-07:00) Arizona",,,3319889.3,3306200.8,3333577.8,
PNTM9M2jMkKm3GLHpLiq3J4gE,"","North Campus",6c2573ce-592a-4519-989c-2fd21d6918b7,"W", 08/31/2025 04:30:00 AM,"(UTC-07:00) Arizona",,,3306062.925,3284404,3330920,
PNTM9M2jMkKm3GLHpLiq3J4gE,"","North Campus",6c2573ce-592a-4519-989c-2fd21d6918b7,"W", 08/31/2025 04:45:00 AM,"(UTC-07:00) Arizona",,,3326397.26666667,3297647.2,3342007.8,
PNTM9M2jMkKm3GLHpLiq3J4gE,"","North Campus",6c2573ce-592a-4519-989c-2fd21d6918b7,"W", 08/31/2025 05:00:00 AM,"(UTC-07:00) Arizona",,,3340674.1,3329474.8,3356072,
PNTM9M2jMkKm3GLHpLiq3J4gE,"","North Campus",6c2573ce-592a-4519-989c-2fd21d6918b7,"W", 08/31/2025 05:15:00 AM,"(UTC-07:00) Arizona",,,3371446.85,3356900.2,3385993.5,
PNTM9M2jMkKm3GLHpLiq3J4gE,"","North Campus",6c2573ce-592a-4519-989c-2fd21d6918b7,"W", 08/31/2025 05:30:00 AM,"(UTC-07:00) Arizona",,,3389654.93333333,3385246.5,3395904.8,
PNTM9M2jMkKm3GLHpLiq3J4gE,"","North Campus",6c2573ce-592a-4519-989c-2fd21d6918b7,"W", 08/31/2025 05:45:00 AM,"(UTC-07:00) Arizona",,,3387369.26666667,3356448.8,3404481.5,
PNTM9M2jMkKm3GLHpLiq3J4gE,"","North Campus",6c2573ce-592a-4519-989c-2fd21d6918b7,"W", 08/31/2025 06:00:00 AM,"(UTC-07:00) Arizona",,,3410682.25,3408053,3413311.5,
PNTM9M2jMkKm3GLHpLiq3J4gE,"","North Campus",6c2573ce-592a-4519-989c-2fd21d6918b7,"W", 08/31/2025 06:15:00 AM,"(UTC-07:00) Arizona",,,3384081.16666667,3367093,3410512.5,
PNTM9M2jMkKm3GLHpLiq3J4gE,"","North Campus",6c2573ce-592a-4519-989c-2fd21d6918b7,"W", 08/31/2025 06:30:00 AM,"(UTC-07:00) Arizona",,,3367047.075,3339954,3402077.5,
PNTM9M2jMkKm3GLHpLiq3J4gE,"","North Campus",6c2573ce-592a-4519-989c-2fd21d6918b7,"W", 08/31/2025 06:45:00 AM,"(UTC-07:00) Arizona",,,3367824.6,3356112.2,3379537,
PNTM9M2jMkKm3GLHpLiq3J4gE,"","North Campus",6c2573ce-592a-4519-989c-2fd21d6918b7,"W", 08/31/2025 07:00:00 AM,"(UTC-07:00) Arizona",,,3391829.875,3346341.8,3419193.5,
PNTM9M2jMkKm3GLHpLiq3J4gE,"","North Campus",6c2573ce-592a-4519-989c-2fd21d6918b7,"W", 08/31/2025 07:15:00 AM,"(UTC-07:00) Arizona",,,3534351.85,3481285.5,3587418.2,
PNTM9M2jMkKm3GLHpLiq3J4gE,"","North Campus",6c2573ce-592a-4519-989c-2fd21d6918b7,"W", 08/31/2025 07:30:00 AM,"(UTC-07:00) Arizona",,,3554752.325,3526081.8,3583216.5,
PNTM9M2jMkKm3GLHpLiq3J4gE,"","North Campus",6c2573ce-592a-4519-989c-2fd21d6918b7,"W", 08/31/2025 07:45:00 AM,"(UTC-07:00) Arizona",,,3612776.1,3550978.5,3651338.8,
PNTM9M2jMkKm3GLHpLiq3J4gE,"","North Campus",6c2573ce-592a-4519-989c-2fd21d6918b7,"W", 08/31/2025 08:00:00 AM,"(UTC-07:00) Arizona",,,3759411.1,3743297.2,3775525,
PNTM9M2jMkKm3GLHpLiq3J4gE,"","North Campus",6c2573ce-592a-4519-989c-2fd21d6918b7,"W", 08/31/2025 08:15:00 AM,"(UTC-07:00) Arizona",,,3799683,3781026.2,3836347,
PNTM9M2jMkKm3GLHpLiq3J4gE,"","North Campus",6c2573ce-592a-4519-989c-2fd21d6918b7,"W", 08/31/2025 08:30:00 AM,"(UTC-07:00) Arizona",,,3876071.33333333,3817794,3906940.2,
PNTM9M2jMkKm3GLHpLiq3J4gE,"","North Campus",6c2573ce-592a-4519-989c-2fd21d6918b7,"W", 08/31/2025 08:45:00 AM,"(UTC-07:00) Arizona",,,3869165.3,3838030.2,3904640.5,
PNTM9M2jMkKm3GLHpLiq3J4gE,"","North Campus",6c2573ce-592a-4519-989c-2fd21d6918b7,"W", 08/31/2025 09:00:00 AM,"(UTC-07:00) Arizona",,,3911739.15,3850421.5,3973056.8,
PNTM9M2jMkKm3GLHpLiq3J4gE,"","North Campus",6c2573ce-592a-4519-989c-2fd21d6918b7,"W", 08/31/2025 09:15:00 AM,"(UTC-07:00) Arizona",,,3914082.4,3902524,3927237.2,
PNTM9M2jMkKm3GLHpLiq3J4gE,"","North Campus",6c2573ce-592a-4519-989c-2fd21d6918b7,"W", 08/31/2025 09:30:00 AM,"(UTC-07:00) Arizona",,,3947499.35,3938329.2,3956669.5,
PNTM9M2jMkKm3GLHpLiq3J4gE,"","North Campus",6c2573ce-592a-4519-989c-2fd21d6918b7,"W", 08/31/2025 09:45:00 AM,"(UTC-07:00) Arizona",,,3940049.13333333,3920448.2,3950585,
PNTM9M2jMkKm3GLHpLiq3J4gE,"","North Campus",6c2573ce-592a-4519-989c-2fd21d6918b7,"W", 08/31/2025 10:00:00 AM,"(UTC-07:00) Arizona",,,3937561.56666667,3925442,3953555.2,
PNTM9M2jMkKm3GLHpLiq3J4gE,"","North Campus",6c2573ce-592a-4519-989c-2fd21d6918b7,"W", 08/31/2025 10:15:00 AM,"(UTC-07:00) Arizona",,,3798278.46666667,3648128.2,3948740,
PNTM9M2jMkKm3GLHpLiq3J4gE,"","North Campus",6c2573ce-592a-4519-989c-2fd21d6918b7,"W", 08/31/2025 10:30:00 AM,"(UTC-07:00) Arizona",,,3941775.5,3911878.8,3971672.2,
PNTM9M2jMkKm3GLHpLiq3J4gE,"","North Campus",6c2573ce-592a-4519-989c-2fd21d6918b7,"W", 08/31/2025 10:45:00 AM,"(UTC-07:00) Arizona",,,4052767.5,3979449,4126623,
PNTM9M2jMkKm3GLHpLiq3J4gE,"","North Campus",6c2573ce-592a-4519-989c-2fd21d6918b7,"W", 08/31/2025 11:00:00 AM,"(UTC-07:00) Arizona",,,4200179.5,4176670,4232453.5,
PNTM9M2jMkKm3GLHpLiq3J4gE,"","North Campus",6c2573ce-592a-4519-989c-2fd21d6918b7,"W", 08/31/2025 11:15:00 AM,"(UTC-07:00) Arizona",,,4131051.6,4098027.2,4164076,
PNTM9M2jMkKm3GLHpLiq3J4gE,"","North Campus",6c2573ce-592a-4519-989c-2fd21d6918b7,"W", 08/31/2025 11:30:00 AM,"(UTC-07:00) Arizona",,,4197655.16666667,4178334,4221417,
PNTM9M2jMkKm3GLHpLiq3J4gE,"","North Campus",6c2573ce-592a-4519-989c-2fd21d6918b7,"W", 08/31/2025 11:45:00 AM,"(UTC-07:00) Arizona",,,4102098.76666667,4067512.8,4119674.5,
PNTM9M2jMkKm3GLHpLiq3J4gE,"","North Campus",6c2573ce-592a-4519-989c-2fd21d6918b7,"W", 08/31/2025 12:00:00 PM,"(UTC-07:00) Arizona",,,4119342.9,4083178.2,4142410,
PNTM9M2jMkKm3GLHpLiq3J4gE,"","North Campus",6c2573ce-592a-4519-989c-2fd21d6918b7,"W", 08/31/2025 12:15:00 PM,"(UTC-07:00) Arizona",,,4145922.63333333,4138496.2,4160365.5,
PNTM9M2jMkKm3GLHpLiq3J4gE,"","North Campus",6c2573ce-592a-4519-989c-2fd21d6918b7,"W", 08/31/2025 12:30:00 PM,"(UTC-07:00) Arizona",,,4148928.06666667,4129060.8,4168021.2,
PNTM9M2jMkKm3GLHpLiq3J4gE,"","North Campus",6c2573ce-592a-4519-989c-2fd21d6918b7,"W", 08/31/2025 12:45:00 PM,"(UTC-07:00) Arizona",,,4198964.56666667,4152771.2,4242594,
PNTM9M2jMkKm3GLHpLiq3J4gE,"","North Campus",6c2573ce-592a-4519-989c-2fd21d6918b7,"W", 08/31/2025 01:00:00 PM,"(UTC-07:00) Arizona",,,4201029.66666667,4137587,4250388.5,
PNTM9M2jMkKm3GLHpLiq3J4gE,"","North Campus",6c2573ce-592a-4519-989c-2fd21d6918b7,"W", 08/31/2025 01:15:00 PM,"(UTC-07:00) Arizona",,,4202047.15,4188176.8,4215917.5,
PNTM9M2jMkKm3GLHpLiq3J4gE,"","North Campus",6c2573ce-592a-4519-989c-2fd21d6918b7,"W", 08/31/2025 01:30:00 PM,"(UTC-07:00) Arizona",,,4310102.25,4272287.5,4347917,
PNTM9M2jMkKm3GLHpLiq3J4gE,"","North Campus",6c2573ce-592a-4519-989c-2fd21d6918b7,"W", 08/31/2025 01:45:00 PM,"(UTC-07:00) Arizona",,,4342483,4315558.5,4365714.5,
PNTM9M2jMkKm3GLHpLiq3J4gE,"","North Campus",6c2573ce-592a-4519-989c-2fd21d6918b7,"W", 08/31/2025 02:00:00 PM,"(UTC-07:00) Arizona",,,4373953.5,4322045,4421237.5,
PNTM9M2jMkKm3GLHpLiq3J4gE,"","North Campus",6c2573ce-592a-4519-989c-2fd21d6918b7,"W", 08/31/2025 02:15:00 PM,"(UTC-07:00) Arizona",,,4371479.5,4355943.5,4381709.5,
PNTM9M2jMkKm3GLHpLiq3J4gE,"","North Campus",6c2573ce-592a-4519-989c-2fd21d6918b7,"W", 08/31/2025 02:30:00 PM,"(UTC-07:00) Arizona",,,4424802.83333333,4421565.5,4429779.5,
PNTM9M2jMkKm3GLHpLiq3J4gE,"","North Campus",6c2573ce-592a-4519-989c-2fd21d6918b7,"W", 08/31/2025 02:45:00 PM,"(UTC-07:00) Arizona",,,4447536.16666667,4416681,4488484.5,
PNTM9M2jMkKm3GLHpLiq3J4gE,"","North Campus",6c2573ce-592a-4519-989c-2fd21d6918b7,"W", 08/31/2025 03:00:00 PM,"(UTC-07:00) Arizona",,,4445543,4418354.5,4496394,
PNTM9M2jMkKm3GLHpLiq3J4gE,"","North Campus",6c2573ce-592a-4519-989c-2fd21d6918b7,"W", 08/31/2025 03:15:00 PM,"(UTC-07:00) Arizona",,,4484657.66666667,4393340,4616994,
PNTM9M2jMkKm3GLHpLiq3J4gE,"","North Campus",6c2573ce-592a-4519-989c-2fd21d6918b7,"W", 08/31/2025 03:30:00 PM,"(UTC-07:00) Arizona",,,4454377.5,4422861.5,4480192.5,
PNTM9M2jMkKm3GLHpLiq3J4gE,"","North Campus",6c2573ce-592a-4519-989c-2fd21d6918b7,"W", 08/31/2025 03:45:00 PM,"(UTC-07:00) Arizona",,,4502485.25,4445465,4559505.5,
PNTM9M2jMkKm3GLHpLiq3J4gE,"","North Campus",6c2573ce-592a-4519-989c-2fd21d6918b7,"W", 08/31/2025 04:00:00 PM,"(UTC-07:00) Arizona",,,4595334.5,4537663,4677180,
PNTM9M2jMkKm3GLHpLiq3J4gE,"","North Campus",6c2573ce-592a-4519-989c-2fd21d6918b7,"W", 08/31/2025 04:15:00 PM,"(UTC-07:00) Arizona",,,4695337.75,4569725.5,4758065,
PNTM9M2jMkKm3GLHpLiq3J4gE,"","North Campus",6c2573ce-592a-4519-989c-2fd21d6918b7,"W", 08/31/2025 04:30:00 PM,"(UTC-07:00) Arizona",,,4722001.33333333,4682382,4760973,
PNTM9M2jMkKm3GLHpLiq3J4gE,"","North Campus",6c2573ce-592a-4519-989c-2fd21d6918b7,"W", 08/31/2025 04:45:00 PM,"(UTC-07:00) Arizona",,,4635419.5,4600105.5,4670733.5,
PNTM9M2jMkKm3GLHpLiq3J4gE,"","North Campus",6c2573ce-592a-4519-989c-2fd21d6918b7,"W", 08/31/2025 05:00:00 PM,"(UTC-07:00) Arizona",,,4610969.5,4586625.5,4655653.5,
PNTM9M2jMkKm3GLHpLiq3J4gE,"","North Campus",6c2573ce-592a-4519-989c-2fd21d6918b7,"W", 08/31/2025 05:15:00 PM,"(UTC-07:00) Arizona",,,4620348.16666667,4583109,4663262.5,
PNTM9M2jMkKm3GLHpLiq3J4gE,"","North Campus",6c2573ce-592a-4519-989c-2fd21d6918b7,"W", 08/31/2025 05:30:00 PM,"(UTC-07:00) Arizona",,,4649296.5,4636697.5,4675460.5,
PNTM9M2jMkKm3GLHpLiq3J4gE,"","North Campus",6c2573ce-592a-4519-989c-2fd21d6918b7,"W", 08/31/2025 05:45:00 PM,"(UTC-07:00) Arizona",,,4659144.83333333,4639507.5,4669322.5,
PNTM9M2jMkKm3GLHpLiq3J4gE,"","North Campus",6c2573ce-592a-4519-989c-2fd21d6918b7,"W", 08/31/2025 06:00:00 PM,"(UTC-07:00) Arizona",,,4646845.33333333,4622107,4674027.5,
PNTM9M2jMkKm3GLHpLiq3J4gE,"","North Campus",6c2573ce-592a-4519-989c-2fd21d6918b7,"W", 08/31/2025 06:15:00 PM,"(UTC-07:00) Arizona",,,4614053,4575004,4653102,
PNTM9M2jMkKm3GLHpLiq3J4gE,"","North Campus",6c2573ce-592a-4519-989c-2fd21d6918b7,"W", 08/31/2025 06:30:00 PM,"(UTC-07:00) Arizona",,,4590654,4564980.5,4615693,
PNTM9M2jMkKm3GLHpLiq3J4gE,"","North Campus",6c2573ce-592a-4519-989c-2fd21d6918b7,"W", 08/31/2025 06:45:00 PM,"(UTC-07:00) Arizona",,,4618630,4614255.5,4623004.5,
PNTM9M2jMkKm3GLHpLiq3J4gE,"","North Campus",6c2573ce-592a-4519-989c-2fd21d6918b7,"W", 08/31/2025 07:00:00 PM,"(UTC-07:00) Arizona",,,4644782.375,4624578,4663520.5,
PNTM9M2jMkKm3GLHpLiq3J4gE,"","North Campus",6c2573ce-592a-4519-989c-2fd21d6918b7,"W", 08/31/2025 07:15:00 PM,"(UTC-07:00) Arizona",,,4620809.5,4548551,4691157.5,
PNTM9M2jMkKm3GLHpLiq3J4gE,"","North Campus",6c2573ce-592a-4519-989c-2fd21d6918b7,"W", 08/31/2025 07:30:00 PM,"(UTC-07:00) Arizona",,,4553987.75,4544499,4563476.5,
PNTM9M2jMkKm3GLHpLiq3J4gE,"","North Campus",6c2573ce-592a-4519-989c-2fd21d6918b7,"W", 08/31/2025 07:45:00 PM,"(UTC-07:00) Arizona",,,4552080.375,4530161.5,4596907.5,
PNTM9M2jMkKm3GLHpLiq3J4gE,"","North Campus",6c2573ce-592a-4519-989c-2fd21d6918b7,"W", 08/31/2025 08:00:00 PM,"(UTC-07:00) Arizona",,,4538250.25,4532832.5,4543668,
PNTM9M2jMkKm3GLHpLiq3J4gE,"","North Campus",6c2573ce-592a-4519-989c-2fd21d6918b7,"W", 08/31/2025 08:15:00 PM,"(UTC-07:00) Arizona",,,4531917,4508235,4553249.5,
PNTM9M2jMkKm3GLHpLiq3J4gE,"","North Campus",6c2573ce-592a-4519-989c-2fd21d6918b7,"W", 08/31/2025 08:30:00 PM,"(UTC-07:00) Arizona",,,4484429.16666667,4459378,4531593,
PNTM9M2jMkKm3GLHpLiq3J4gE,"","North Campus",6c2573ce-592a-4519-989c-2fd21d6918b7,"W", 08/31/2025 08:45:00 PM,"(UTC-07:00) Arizona",,,4381965.16666667,4331804.5,4420067,
PNTM9M2jMkKm3GLHpLiq3J4gE,"","North Campus",6c2573ce-592a-4519-989c-2fd21d6918b7,"W", 08/31/2025 09:00:00 PM,"(UTC-07:00) Arizona",,,4314064.5,4314064.5,4314064.5,
PNTM9M2jMkKm3GLHpLiq3J4gE,"","North Campus",6c2573ce-592a-4519-989c-2fd21d6918b7,"W", 08/31/2025 09:15:00 PM,"(UTC-07:00) Arizona",,,4278426.16666667,4257192.5,4297240.5,
PNTM9M2jMkKm3GLHpLiq3J4gE,"","North Campus",6c2573ce-592a-4519-989c-2fd21d6918b7,"W", 08/31/2025 09:30:00 PM,"(UTC-07:00) Arizona",,,4265486.16666667,4220515.5,4296751.5,
PNTM9M2jMkKm3GLHpLiq3J4gE,"","North Campus",6c2573ce-592a-4519-989c-2fd21d6918b7,"W", 08/31/2025 09:45:00 PM,"(UTC-07:00) Arizona",,,4189869.45,4165498,4208681,
PNTM9M2jMkKm3GLHpLiq3J4gE,"","North Campus",6c2573ce-592a-4519-989c-2fd21d6918b7,"W", 08/31/2025 10:00:00 PM,"(UTC-07:00) Arizona",,,4083460.85,4080706.5,4086215.2,
PNTM9M2jMkKm3GLHpLiq3J4gE,"","North Campus",6c2573ce-592a-4519-989c-2fd21d6918b7,"W", 08/31/2025 10:15:00 PM,"(UTC-07:00) Arizona",,,4093802.93333333,4061722.8,4150399.5,
PNTM9M2jMkKm3GLHpLiq3J4gE,"","North Campus",6c2573ce-592a-4519-989c-2fd21d6918b7,"W", 08/31/2025 10:30:00 PM,"(UTC-07:00) Arizona",,,4051736.43333333,4002516.8,4076434,
PNTM9M2jMkKm3GLHpLiq3J4gE,"","North Campus",6c2573ce-592a-4519-989c-2fd21d6918b7,"W", 08/31/2025 10:45:00 PM,"(UTC-07:00) Arizona",,,3969515.66666667,3930870.5,4004793.5,
PNTM9M2jMkKm3GLHpLiq3J4gE,"","North Campus",6c2573ce-592a-4519-989c-2fd21d6918b7,"W", 08/31/2025 11:00:00 PM,"(UTC-07:00) Arizona",,,3962423.43333333,3945668.8,3984593,
PNTM9M2jMkKm3GLHpLiq3J4gE,"","North Campus",6c2573ce-592a-4519-989c-2fd21d6918b7,"W", 08/31/2025 11:15:00 PM,"(UTC-07:00) Arizona",,,4003405.83333333,3952932.2,4041539.8,
PNTM9M2jMkKm3GLHpLiq3J4gE,"","North Campus",6c2573ce-592a-4519-989c-2fd21d6918b7,"W", 08/31/2025 11:30:00 PM,"(UTC-07:00) Arizona",,,3926799.53333333,3894316.8,3956490.8,
PNTM9M2jMkKm3GLHpLiq3J4gE,"","North Campus",6c2573ce-592a-4519-989c-2fd21d6918b7,"W", 08/31/2025 11:45:00 PM,"(UTC-07:00) Arizona",,,3862912.8,3758378.8,3932777.8,
