ExternalPointID,Tags,Parent Equipment Name,Site Name,FrequencyUnit,Time,Timezone,OnCount,OffCount,Average,Minimum,Maximum,Sum,State
PNTM9M2jMkKm3GLHpLiq3J4gE,"","North Campus",6c2573ce-592a-4519-989c-2fd21d6918b7,"W", 08/04/2025 12:00:00 AM,"(UTC-07:00) Arizona",,,3101734.06666667,3072707.2,3132849.5,
PNTM9M2jMkKm3GLHpLiq3J4gE,"","North Campus",6c2573ce-592a-4519-989c-2fd21d6918b7,"W", 08/04/2025 12:15:00 AM,"(UTC-07:00) Arizona",,,3089467.1,3086733.2,3092201,
PNTM9M2jMkKm3GLHpLiq3J4gE,"","North Campus",6c2573ce-592a-4519-989c-2fd21d6918b7,"W", 08/04/2025 12:30:00 AM,"(UTC-07:00) Arizona",,,3068244.575,3033529.5,3092000.8,
PNTM9M2jMkKm3GLHpLiq3J4gE,"","North Campus",6c2573ce-592a-4519-989c-2fd21d6918b7,"W", 08/04/2025 12:45:00 AM,"(UTC-07:00) Arizona",,,3063987.33333333,3051412,3073485.5,
PNTM9M2jMkKm3GLHpLiq3J4gE,"","North Campus",6c2573ce-592a-4519-989c-2fd21d6918b7,"W", 08/04/2025 01:00:00 AM,"(UTC-07:00) Arizona",,,3062306.16666667,3050264.8,3073104.5,
PNTM9M2jMkKm3GLHpLiq3J4gE,"","North Campus",6c2573ce-592a-4519-989c-2fd21d6918b7,"W", 08/04/2025 01:15:00 AM,"(UTC-07:00) Arizona",,,3065671.15,3043716.5,3087625.8,
PNTM9M2jMkKm3GLHpLiq3J4gE,"","North Campus",6c2573ce-592a-4519-989c-2fd21d6918b7,"W", 08/04/2025 01:30:00 AM,"(UTC-07:00) Arizona",,,3063402,3045311.5,3074892.5,
PNTM9M2jMkKm3GLHpLiq3J4gE,"","North Campus",6c2573ce-592a-4519-989c-2fd21d6918b7,"W", 08/04/2025 01:45:00 AM,"(UTC-07:00) Arizona",,,3045092.16666667,3018311,3084198,
PNTM9M2jMkKm3GLHpLiq3J4gE,"","North Campus",6c2573ce-592a-4519-989c-2fd21d6918b7,"W", 08/04/2025 02:00:00 AM,"(UTC-07:00) Arizona",,,3051051.63333333,3018902.5,3078344.2,
PNTM9M2jMkKm3GLHpLiq3J4gE,"","North Campus",6c2573ce-592a-4519-989c-2fd21d6918b7,"W", 08/04/2025 02:15:00 AM,"(UTC-07:00) Arizona",,,3023226.9,3015747.5,3027567.2,
PNTM9M2jMkKm3GLHpLiq3J4gE,"","North Campus",6c2573ce-592a-4519-989c-2fd21d6918b7,"W", 08/04/2025 02:30:00 AM,"(UTC-07:00) Arizona",,,3005566.15,2990600.8,3020531.5,
PNTM9M2jMkKm3GLHpLiq3J4gE,"","North Campus",6c2573ce-592a-4519-989c-2fd21d6918b7,"W", 08/04/2025 02:45:00 AM,"(UTC-07:00) Arizona",,,3016277.66666667,2993551,3030372,
PNTM9M2jMkKm3GLHpLiq3J4gE,"","North Campus",6c2573ce-592a-4519-989c-2fd21d6918b7,"W", 08/04/2025 03:00:00 AM,"(UTC-07:00) Arizona",,,3044633.025,3022702.2,3074235.5,
PNTM9M2jMkKm3GLHpLiq3J4gE,"","North Campus",6c2573ce-592a-4519-989c-2fd21d6918b7,"W", 08/04/2025 03:15:00 AM,"(UTC-07:00) Arizona",,,3015900.5,2988099.8,3043701.2,
PNTM9M2jMkKm3GLHpLiq3J4gE,"","North Campus",6c2573ce-592a-4519-989c-2fd21d6918b7,"W", 08/04/2025 03:30:00 AM,"(UTC-07:00) Arizona",,,3054769.6,2993466,3144366,
PNTM9M2jMkKm3GLHpLiq3J4gE,"","North Campus",6c2573ce-592a-4519-989c-2fd21d6918b7,"W", 08/04/2025 03:45:00 AM,"(UTC-07:00) Arizona",,,3150924.33333333,3149874.5,3152006,
PNTM9M2jMkKm3GLHpLiq3J4gE,"","North Campus",6c2573ce-592a-4519-989c-2fd21d6918b7,"W", 08/04/2025 04:00:00 AM,"(UTC-07:00) Arizona",,,3161442.9,3148793.5,3171103,
PNTM9M2jMkKm3GLHpLiq3J4gE,"","North Campus",6c2573ce-592a-4519-989c-2fd21d6918b7,"W", 08/04/2025 04:15:00 AM,"(UTC-07:00) Arizona",,,3197306.7,3158619.8,3218960.5,
PNTM9M2jMkKm3GLHpLiq3J4gE,"","North Campus",6c2573ce-592a-4519-989c-2fd21d6918b7,"W", 08/04/2025 04:30:00 AM,"(UTC-07:00) Arizona",,,3208992.06666667,3182974.5,3224281.5,
PNTM9M2jMkKm3GLHpLiq3J4gE,"","North Campus",6c2573ce-592a-4519-989c-2fd21d6918b7,"W", 08/04/2025 04:45:00 AM,"(UTC-07:00) Arizona",,,3203483.65,3200635.5,3206331.8,
PNTM9M2jMkKm3GLHpLiq3J4gE,"","North Campus",6c2573ce-592a-4519-989c-2fd21d6918b7,"W", 08/04/2025 05:00:00 AM,"(UTC-07:00) Arizona",,,3189872.23333333,3171448,3212557.2,
PNTM9M2jMkKm3GLHpLiq3J4gE,"","North Campus",6c2573ce-592a-4519-989c-2fd21d6918b7,"W", 08/04/2025 05:15:00 AM,"(UTC-07:00) Arizona",,,3249540.46666667,3219106.2,3282046,
PNTM9M2jMkKm3GLHpLiq3J4gE,"","North Campus",6c2573ce-592a-4519-989c-2fd21d6918b7,"W", 08/04/2025 05:30:00 AM,"(UTC-07:00) Arizona",,,3258640.93333333,3240535.8,3293483.8,
PNTM9M2jMkKm3GLHpLiq3J4gE,"","North Campus",6c2573ce-592a-4519-989c-2fd21d6918b7,"W", 08/04/2025 05:45:00 AM,"(UTC-07:00) Arizona",,,3221091.6,3191820.8,3243211.5,
PNTM9M2jMkKm3GLHpLiq3J4gE,"","North Campus",6c2573ce-592a-4519-989c-2fd21d6918b7,"W", 08/04/2025 06:00:00 AM,"(UTC-07:00) Arizona",,,3290751.9,3278829.2,3300428.5,
PNTM9M2jMkKm3GLHpLiq3J4gE,"","North Campus",6c2573ce-592a-4519-989c-2fd21d6918b7,"W", 08/04/2025 06:15:00 AM,"(UTC-07:00) Arizona",,,3332094.56666667,3318105.2,3340777.5,
PNTM9M2jMkKm3GLHpLiq3J4gE,"","North Campus",6c2573ce-592a-4519-989c-2fd21d6918b7,"W", 08/04/2025 06:30:00 AM,"(UTC-07:00) Arizona",,,3334990.4,3331339.8,3338641,
PNTM9M2jMkKm3GLHpLiq3J4gE,"","North Campus",6c2573ce-592a-4519-989c-2fd21d6918b7,"W", 08/04/2025 06:45:00 AM,"(UTC-07:00) Arizona",,,3370540.93333333,3338966.5,3418759.8,
PNTM9M2jMkKm3GLHpLiq3J4gE,"","North Campus",6c2573ce-592a-4519-989c-2fd21d6918b7,"W", 08/04/2025 07:00:00 AM,"(UTC-07:00) Arizona",,,3508906.1,3485816.5,3537429,
PNTM9M2jMkKm3GLHpLiq3J4gE,"","North Campus",6c2573ce-592a-4519-989c-2fd21d6918b7,"W", 08/04/2025 07:15:00 AM,"(UTC-07:00) Arizona",,,3556931,3454808,3685989.8,
PNTM9M2jMkKm3GLHpLiq3J4gE,"","North Campus",6c2573ce-592a-4519-989c-2fd21d6918b7,"W", 08/04/2025 07:30:00 AM,"(UTC-07:00) Arizona",,,3819619.23333333,3809409.2,3837895.5,
PNTM9M2jMkKm3GLHpLiq3J4gE,"","North Campus",6c2573ce-592a-4519-989c-2fd21d6918b7,"W", 08/04/2025 07:45:00 AM,"(UTC-07:00) Arizona",,,3907906.325,3856571,3960107.5,
PNTM9M2jMkKm3GLHpLiq3J4gE,"","North Campus",6c2573ce-592a-4519-989c-2fd21d6918b7,"W", 08/04/2025 08:00:00 AM,"(UTC-07:00) Arizona",,,4020326,3996028.8,4044623.2,
PNTM9M2jMkKm3GLHpLiq3J4gE,"","North Campus",6c2573ce-592a-4519-989c-2fd21d6918b7,"W", 08/04/2025 08:15:00 AM,"(UTC-07:00) Arizona",,,3981596.3,3978277.8,3984914.8,
PNTM9M2jMkKm3GLHpLiq3J4gE,"","North Campus",6c2573ce-592a-4519-989c-2fd21d6918b7,"W", 08/04/2025 08:30:00 AM,"(UTC-07:00) Arizona",,,3976110.73333333,3965634.2,3986676.5,
PNTM9M2jMkKm3GLHpLiq3J4gE,"","North Campus",6c2573ce-592a-4519-989c-2fd21d6918b7,"W", 08/04/2025 08:45:00 AM,"(UTC-07:00) Arizona",,,4441097.83333333,4360390,4511984,
PNTM9M2jMkKm3GLHpLiq3J4gE,"","North Campus",6c2573ce-592a-4519-989c-2fd21d6918b7,"W", 08/04/2025 09:00:00 AM,"(UTC-07:00) Arizona",,,4468358.16666667,4415178,4538177.5,
PNTM9M2jMkKm3GLHpLiq3J4gE,"","North Campus",6c2573ce-592a-4519-989c-2fd21d6918b7,"W", 08/04/2025 09:15:00 AM,"(UTC-07:00) Arizona",,,4432890.83333333,4413257.5,4447051.5,
PNTM9M2jMkKm3GLHpLiq3J4gE,"","North Campus",6c2573ce-592a-4519-989c-2fd21d6918b7,"W", 08/04/2025 09:30:00 AM,"(UTC-07:00) Arizona",,,4449927,4430505,4459638,
PNTM9M2jMkKm3GLHpLiq3J4gE,"","North Campus",6c2573ce-592a-4519-989c-2fd21d6918b7,"W", 08/04/2025 09:45:00 AM,"(UTC-07:00) Arizona",,,4425993.83333333,4401252.5,4449619,
PNTM9M2jMkKm3GLHpLiq3J4gE,"","North Campus",6c2573ce-592a-4519-989c-2fd21d6918b7,"W", 08/04/2025 10:00:00 AM,"(UTC-07:00) Arizona",,,4381851.83333333,4358761,4412524,
PNTM9M2jMkKm3GLHpLiq3J4gE,"","North Campus",6c2573ce-592a-4519-989c-2fd21d6918b7,"W", 08/04/2025 10:15:00 AM,"(UTC-07:00) Arizona",,,4357637.83333333,4344620.5,4368061.5,
PNTM9M2jMkKm3GLHpLiq3J4gE,"","North Campus",6c2573ce-592a-4519-989c-2fd21d6918b7,"W", 08/04/2025 10:30:00 AM,"(UTC-07:00) Arizona",,,4279336.83333333,4245532.5,4336230,
PNTM9M2jMkKm3GLHpLiq3J4gE,"","North Campus",6c2573ce-592a-4519-989c-2fd21d6918b7,"W", 08/04/2025 10:45:00 AM,"(UTC-07:00) Arizona",,,4270235.33333333,4215417.5,4338839,
PNTM9M2jMkKm3GLHpLiq3J4gE,"","North Campus",6c2573ce-592a-4519-989c-2fd21d6918b7,"W", 08/04/2025 11:00:00 AM,"(UTC-07:00) Arizona",,,4234587.5,4198820.5,4254981,
PNTM9M2jMkKm3GLHpLiq3J4gE,"","North Campus",6c2573ce-592a-4519-989c-2fd21d6918b7,"W", 08/04/2025 11:15:00 AM,"(UTC-07:00) Arizona",,,4214941.75,4207464,4222419.5,
PNTM9M2jMkKm3GLHpLiq3J4gE,"","North Campus",6c2573ce-592a-4519-989c-2fd21d6918b7,"W", 08/04/2025 11:30:00 AM,"(UTC-07:00) Arizona",,,4284132.33333333,4269069.5,4299309.5,
PNTM9M2jMkKm3GLHpLiq3J4gE,"","North Campus",6c2573ce-592a-4519-989c-2fd21d6918b7,"W", 08/04/2025 11:45:00 AM,"(UTC-07:00) Arizona",,,4287084.66666667,4250450,4309942.5,
PNTM9M2jMkKm3GLHpLiq3J4gE,"","North Campus",6c2573ce-592a-4519-989c-2fd21d6918b7,"W", 08/04/2025 12:00:00 PM,"(UTC-07:00) Arizona",,,4252847.83333333,4221794,4291360.5,
PNTM9M2jMkKm3GLHpLiq3J4gE,"","North Campus",6c2573ce-592a-4519-989c-2fd21d6918b7,"W", 08/04/2025 12:15:00 PM,"(UTC-07:00) Arizona",,,4232839,4227091.5,4236842,
PNTM9M2jMkKm3GLHpLiq3J4gE,"","North Campus",6c2573ce-592a-4519-989c-2fd21d6918b7,"W", 08/04/2025 12:30:00 PM,"(UTC-07:00) Arizona",,,4219992.66666667,4210721.5,4237724.5,
PNTM9M2jMkKm3GLHpLiq3J4gE,"","North Campus",6c2573ce-592a-4519-989c-2fd21d6918b7,"W", 08/04/2025 12:45:00 PM,"(UTC-07:00) Arizona",,,4236310.16666667,4211001,4260350,
PNTM9M2jMkKm3GLHpLiq3J4gE,"","North Campus",6c2573ce-592a-4519-989c-2fd21d6918b7,"W", 08/04/2025 01:00:00 PM,"(UTC-07:00) Arizona",,,4249321,4241875,4258914,
PNTM9M2jMkKm3GLHpLiq3J4gE,"","North Campus",6c2573ce-592a-4519-989c-2fd21d6918b7,"W", 08/04/2025 01:15:00 PM,"(UTC-07:00) Arizona",,,4276904.16666667,4225761.5,4335632,
PNTM9M2jMkKm3GLHpLiq3J4gE,"","North Campus",6c2573ce-592a-4519-989c-2fd21d6918b7,"W", 08/04/2025 01:30:00 PM,"(UTC-07:00) Arizona",,,4299767,4299767,4299767,
PNTM9M2jMkKm3GLHpLiq3J4gE,"","North Campus",6c2573ce-592a-4519-989c-2fd21d6918b7,"W", 08/04/2025 01:45:00 PM,"(UTC-07:00) Arizona",,,4346047.875,4299379.5,4380932.5,
PNTM9M2jMkKm3GLHpLiq3J4gE,"","North Campus",6c2573ce-592a-4519-989c-2fd21d6918b7,"W", 08/04/2025 02:00:00 PM,"(UTC-07:00) Arizona",,,4324430,4314545,4334315,
PNTM9M2jMkKm3GLHpLiq3J4gE,"","North Campus",6c2573ce-592a-4519-989c-2fd21d6918b7,"W", 08/04/2025 02:15:00 PM,"(UTC-07:00) Arizona",,,4294988.5,4286216.5,4309307.5,
PNTM9M2jMkKm3GLHpLiq3J4gE,"","North Campus",6c2573ce-592a-4519-989c-2fd21d6918b7,"W", 08/04/2025 02:30:00 PM,"(UTC-07:00) Arizona",,,4351298.33333333,4329737,4372887,
PNTM9M2jMkKm3GLHpLiq3J4gE,"","North Campus",6c2573ce-592a-4519-989c-2fd21d6918b7,"W", 08/04/2025 02:45:00 PM,"(UTC-07:00) Arizona",,,4407794,4405807,4411766,
PNTM9M2jMkKm3GLHpLiq3J4gE,"","North Campus",6c2573ce-592a-4519-989c-2fd21d6918b7,"W", 08/04/2025 03:00:00 PM,"(UTC-07:00) Arizona",,,4391092.5,4371846,4410339,
PNTM9M2jMkKm3GLHpLiq3J4gE,"","North Campus",6c2573ce-592a-4519-989c-2fd21d6918b7,"W", 08/04/2025 03:15:00 PM,"(UTC-07:00) Arizona",,,4459190,4424754.5,4502190.5,
PNTM9M2jMkKm3GLHpLiq3J4gE,"","North Campus",6c2573ce-592a-4519-989c-2fd21d6918b7,"W", 08/04/2025 03:30:00 PM,"(UTC-07:00) Arizona",,,4510085.375,4500666.5,4528222.5,
PNTM9M2jMkKm3GLHpLiq3J4gE,"","North Campus",6c2573ce-592a-4519-989c-2fd21d6918b7,"W", 08/04/2025 03:45:00 PM,"(UTC-07:00) Arizona",,,4494506.33333333,4481373,4506568,
PNTM9M2jMkKm3GLHpLiq3J4gE,"","North Campus",6c2573ce-592a-4519-989c-2fd21d6918b7,"W", 08/04/2025 04:00:00 PM,"(UTC-07:00) Arizona",,,4483065.33333333,4468771.5,4495947,
PNTM9M2jMkKm3GLHpLiq3J4gE,"","North Campus",6c2573ce-592a-4519-989c-2fd21d6918b7,"W", 08/04/2025 04:15:00 PM,"(UTC-07:00) Arizona",,,4560731.66666667,4539181.5,4572052.5,
PNTM9M2jMkKm3GLHpLiq3J4gE,"","North Campus",6c2573ce-592a-4519-989c-2fd21d6918b7,"W", 08/04/2025 04:30:00 PM,"(UTC-07:00) Arizona",,,4502272.5,4477908,4538659.5,
PNTM9M2jMkKm3GLHpLiq3J4gE,"","North Campus",6c2573ce-592a-4519-989c-2fd21d6918b7,"W", 08/04/2025 04:45:00 PM,"(UTC-07:00) Arizona",,,4496657,4470689.5,4522624.5,
PNTM9M2jMkKm3GLHpLiq3J4gE,"","North Campus",6c2573ce-592a-4519-989c-2fd21d6918b7,"W", 08/04/2025 05:00:00 PM,"(UTC-07:00) Arizona",,,4478085.625,4468238,4489252.5,
PNTM9M2jMkKm3GLHpLiq3J4gE,"","North Campus",6c2573ce-592a-4519-989c-2fd21d6918b7,"W", 08/04/2025 05:15:00 PM,"(UTC-07:00) Arizona",,,4490220.75,4482103,4498338.5,
PNTM9M2jMkKm3GLHpLiq3J4gE,"","North Campus",6c2573ce-592a-4519-989c-2fd21d6918b7,"W", 08/04/2025 05:30:00 PM,"(UTC-07:00) Arizona",,,4480685.33333333,4472134.5,4496295.5,
PNTM9M2jMkKm3GLHpLiq3J4gE,"","North Campus",6c2573ce-592a-4519-989c-2fd21d6918b7,"W", 08/04/2025 05:45:00 PM,"(UTC-07:00) Arizona",,,4514745.66666667,4494155.5,4526552.5,
PNTM9M2jMkKm3GLHpLiq3J4gE,"","North Campus",6c2573ce-592a-4519-989c-2fd21d6918b7,"W", 08/04/2025 06:00:00 PM,"(UTC-07:00) Arizona",,,4399691,4379010.5,4427214.5,
PNTM9M2jMkKm3GLHpLiq3J4gE,"","North Campus",6c2573ce-592a-4519-989c-2fd21d6918b7,"W", 08/04/2025 06:15:00 PM,"(UTC-07:00) Arizona",,,4415909,4382245.5,4431290.5,
PNTM9M2jMkKm3GLHpLiq3J4gE,"","North Campus",6c2573ce-592a-4519-989c-2fd21d6918b7,"W", 08/04/2025 06:30:00 PM,"(UTC-07:00) Arizona",,,4383453.75,4373652.5,4393255,
PNTM9M2jMkKm3GLHpLiq3J4gE,"","North Campus",6c2573ce-592a-4519-989c-2fd21d6918b7,"W", 08/04/2025 06:45:00 PM,"(UTC-07:00) Arizona",,,4327791.675,4190413.2,4417947.5,
PNTM9M2jMkKm3GLHpLiq3J4gE,"","North Campus",6c2573ce-592a-4519-989c-2fd21d6918b7,"W", 08/04/2025 07:00:00 PM,"(UTC-07:00) Arizona",,,4144004.6,4116091,4171918.2,
PNTM9M2jMkKm3GLHpLiq3J4gE,"","North Campus",6c2573ce-592a-4519-989c-2fd21d6918b7,"W", 08/04/2025 07:15:00 PM,"(UTC-07:00) Arizona",,,4118015.66666667,4041751.8,4164732,
PNTM9M2jMkKm3GLHpLiq3J4gE,"","North Campus",6c2573ce-592a-4519-989c-2fd21d6918b7,"W", 08/04/2025 07:30:00 PM,"(UTC-07:00) Arizona",,,3993915.8,3956831.2,4025944,
PNTM9M2jMkKm3GLHpLiq3J4gE,"","North Campus",6c2573ce-592a-4519-989c-2fd21d6918b7,"W", 08/04/2025 07:45:00 PM,"(UTC-07:00) Arizona",,,3963992.66666667,3939704.8,3988871.2,
PNTM9M2jMkKm3GLHpLiq3J4gE,"","North Campus",6c2573ce-592a-4519-989c-2fd21d6918b7,"W", 08/04/2025 08:00:00 PM,"(UTC-07:00) Arizona",,,3659126.23333333,3638091,3683894.2,
PNTM9M2jMkKm3GLHpLiq3J4gE,"","North Campus",6c2573ce-592a-4519-989c-2fd21d6918b7,"W", 08/04/2025 08:15:00 PM,"(UTC-07:00) Arizona",,,3621508,3581266.8,3668980.2,
PNTM9M2jMkKm3GLHpLiq3J4gE,"","North Campus",6c2573ce-592a-4519-989c-2fd21d6918b7,"W", 08/04/2025 08:30:00 PM,"(UTC-07:00) Arizona",,,3570748.5,3528773.8,3605260.5,
PNTM9M2jMkKm3GLHpLiq3J4gE,"","North Campus",6c2573ce-592a-4519-989c-2fd21d6918b7,"W", 08/04/2025 08:45:00 PM,"(UTC-07:00) Arizona",,,3503756.7,3461489.8,3530260.5,
PNTM9M2jMkKm3GLHpLiq3J4gE,"","North Campus",6c2573ce-592a-4519-989c-2fd21d6918b7,"W", 08/04/2025 09:00:00 PM,"(UTC-07:00) Arizona",,,3435012.33333333,3402838.8,3457113.2,
PNTM9M2jMkKm3GLHpLiq3J4gE,"","North Campus",6c2573ce-592a-4519-989c-2fd21d6918b7,"W", 08/04/2025 09:15:00 PM,"(UTC-07:00) Arizona",,,3445549.06666667,3443271.2,3449874.5,
PNTM9M2jMkKm3GLHpLiq3J4gE,"","North Campus",6c2573ce-592a-4519-989c-2fd21d6918b7,"W", 08/04/2025 09:30:00 PM,"(UTC-07:00) Arizona",,,3372297.16666667,3320156.8,3427373.2,
PNTM9M2jMkKm3GLHpLiq3J4gE,"","North Campus",6c2573ce-592a-4519-989c-2fd21d6918b7,"W", 08/04/2025 09:45:00 PM,"(UTC-07:00) Arizona",,,3309809.66666667,3302002,3320166.2,
PNTM9M2jMkKm3GLHpLiq3J4gE,"","North Campus",6c2573ce-592a-4519-989c-2fd21d6918b7,"W", 08/04/2025 10:00:00 PM,"(UTC-07:00) Arizona",,,3272303.65,3255363.8,3289243.5,
PNTM9M2jMkKm3GLHpLiq3J4gE,"","North Campus",6c2573ce-592a-4519-989c-2fd21d6918b7,"W", 08/04/2025 10:15:00 PM,"(UTC-07:00) Arizona",,,3269812.83333333,3252030.8,3289555.5,
PNTM9M2jMkKm3GLHpLiq3J4gE,"","North Campus",6c2573ce-592a-4519-989c-2fd21d6918b7,"W", 08/04/2025 10:30:00 PM,"(UTC-07:00) Arizona",,,3249862.23333333,3229310,3263797.5,
PNTM9M2jMkKm3GLHpLiq3J4gE,"","North Campus",6c2573ce-592a-4519-989c-2fd21d6918b7,"W", 08/04/2025 10:45:00 PM,"(UTC-07:00) Arizona",,,3232659.16666667,3212741.8,3247156.2,
PNTM9M2jMkKm3GLHpLiq3J4gE,"","North Campus",6c2573ce-592a-4519-989c-2fd21d6918b7,"W", 08/04/2025 11:00:00 PM,"(UTC-07:00) Arizona",,,3214927.8,3187699.2,3231281,
PNTM9M2jMkKm3GLHpLiq3J4gE,"","North Campus",6c2573ce-592a-4519-989c-2fd21d6918b7,"W", 08/04/2025 11:15:00 PM,"(UTC-07:00) Arizona",,,3181369,3165427,3198533.2,
PNTM9M2jMkKm3GLHpLiq3J4gE,"","North Campus",6c2573ce-592a-4519-989c-2fd21d6918b7,"W", 08/04/2025 11:30:00 PM,"(UTC-07:00) Arizona",,,3168614.03333333,3164416.8,3175450.8,
PNTM9M2jMkKm3GLHpLiq3J4gE,"","North Campus",6c2573ce-592a-4519-989c-2fd21d6918b7,"W", 08/04/2025 11:45:00 PM,"(UTC-07:00) Arizona",,,3186912.36666667,3181876.5,3190357.8,
PNTM9M2jMkKm3GLHpLiq3J4gE,"","North Campus",6c2573ce-592a-4519-989c-2fd21d6918b7,"W", 08/05/2025 12:00:00 AM,"(UTC-07:00) Arizona",,,3160451.1,3152227,3176885.5,
PNTM9M2jMkKm3GLHpLiq3J4gE,"","North Campus",6c2573ce-592a-4519-989c-2fd21d6918b7,"W", 08/05/2025 12:15:00 AM,"(UTC-07:00) Arizona",,,3128462.33333333,3125030.5,3130511.5,
PNTM9M2jMkKm3GLHpLiq3J4gE,"","North Campus",6c2573ce-592a-4519-989c-2fd21d6918b7,"W", 08/05/2025 12:30:00 AM,"(UTC-07:00) Arizona",,,3104697,3098907,3109170.2,
PNTM9M2jMkKm3GLHpLiq3J4gE,"","North Campus",6c2573ce-592a-4519-989c-2fd21d6918b7,"W", 08/05/2025 12:45:00 AM,"(UTC-07:00) Arizona",,,3096929.26666667,3087288,3102424,
PNTM9M2jMkKm3GLHpLiq3J4gE,"","North Campus",6c2573ce-592a-4519-989c-2fd21d6918b7,"W", 08/05/2025 01:00:00 AM,"(UTC-07:00) Arizona",,,3084588.33333333,3072537,3098789.2,
PNTM9M2jMkKm3GLHpLiq3J4gE,"","North Campus",6c2573ce-592a-4519-989c-2fd21d6918b7,"W", 08/05/2025 01:15:00 AM,"(UTC-07:00) Arizona",,,3063453.66666667,3056434,3067411.2,
PNTM9M2jMkKm3GLHpLiq3J4gE,"","North Campus",6c2573ce-592a-4519-989c-2fd21d6918b7,"W", 08/05/2025 01:30:00 AM,"(UTC-07:00) Arizona",,,3091984.46666667,3074985.2,3104845.2,
PNTM9M2jMkKm3GLHpLiq3J4gE,"","North Campus",6c2573ce-592a-4519-989c-2fd21d6918b7,"W", 08/05/2025 01:45:00 AM,"(UTC-07:00) Arizona",,,3078554.06666667,3061233,3095533,
PNTM9M2jMkKm3GLHpLiq3J4gE,"","North Campus",6c2573ce-592a-4519-989c-2fd21d6918b7,"W", 08/05/2025 02:00:00 AM,"(UTC-07:00) Arizona",,,3077267.25,3075047.5,3079487,
PNTM9M2jMkKm3GLHpLiq3J4gE,"","North Campus",6c2573ce-592a-4519-989c-2fd21d6918b7,"W", 08/05/2025 02:15:00 AM,"(UTC-07:00) Arizona",,,3060331.075,3047386.8,3086060.5,
PNTM9M2jMkKm3GLHpLiq3J4gE,"","North Campus",6c2573ce-592a-4519-989c-2fd21d6918b7,"W", 08/05/2025 02:30:00 AM,"(UTC-07:00) Arizona",,,3066865.26666667,3042264.5,3092357.5,
PNTM9M2jMkKm3GLHpLiq3J4gE,"","North Campus",6c2573ce-592a-4519-989c-2fd21d6918b7,"W", 08/05/2025 02:45:00 AM,"(UTC-07:00) Arizona",,,3038818.6,3036327.2,3041310,
PNTM9M2jMkKm3GLHpLiq3J4gE,"","North Campus",6c2573ce-592a-4519-989c-2fd21d6918b7,"W", 08/05/2025 03:00:00 AM,"(UTC-07:00) Arizona",,,3055278,3046877,3068187.5,
PNTM9M2jMkKm3GLHpLiq3J4gE,"","North Campus",6c2573ce-592a-4519-989c-2fd21d6918b7,"W", 08/05/2025 03:15:00 AM,"(UTC-07:00) Arizona",,,3072956.73333333,3054021.5,3097949.5,
PNTM9M2jMkKm3GLHpLiq3J4gE,"","North Campus",6c2573ce-592a-4519-989c-2fd21d6918b7,"W", 08/05/2025 03:30:00 AM,"(UTC-07:00) Arizona",,,3075594.5,3051143.2,3100045.8,
PNTM9M2jMkKm3GLHpLiq3J4gE,"","North Campus",6c2573ce-592a-4519-989c-2fd21d6918b7,"W", 08/05/2025 03:45:00 AM,"(UTC-07:00) Arizona",,,3151516.825,3122935.8,3163438.5,
PNTM9M2jMkKm3GLHpLiq3J4gE,"","North Campus",6c2573ce-592a-4519-989c-2fd21d6918b7,"W", 08/05/2025 04:00:00 AM,"(UTC-07:00) Arizona",,,3200347.1,3193736.5,3204493.8,
PNTM9M2jMkKm3GLHpLiq3J4gE,"","North Campus",6c2573ce-592a-4519-989c-2fd21d6918b7,"W", 08/05/2025 04:15:00 AM,"(UTC-07:00) Arizona",,,3226852.3,3220317.8,3233386.8,
PNTM9M2jMkKm3GLHpLiq3J4gE,"","North Campus",6c2573ce-592a-4519-989c-2fd21d6918b7,"W", 08/05/2025 04:30:00 AM,"(UTC-07:00) Arizona",,,3250908.66666667,3234899,3265837,
PNTM9M2jMkKm3GLHpLiq3J4gE,"","North Campus",6c2573ce-592a-4519-989c-2fd21d6918b7,"W", 08/05/2025 04:45:00 AM,"(UTC-07:00) Arizona",,,3246756.86666667,3225122,3283271.8,
PNTM9M2jMkKm3GLHpLiq3J4gE,"","North Campus",6c2573ce-592a-4519-989c-2fd21d6918b7,"W", 08/05/2025 05:00:00 AM,"(UTC-07:00) Arizona",,,3287824.33333333,3263422,3309677.2,
PNTM9M2jMkKm3GLHpLiq3J4gE,"","North Campus",6c2573ce-592a-4519-989c-2fd21d6918b7,"W", 08/05/2025 05:15:00 AM,"(UTC-07:00) Arizona",,,3266260.23333333,3246034.2,3299367.5,
PNTM9M2jMkKm3GLHpLiq3J4gE,"","North Campus",6c2573ce-592a-4519-989c-2fd21d6918b7,"W", 08/05/2025 05:30:00 AM,"(UTC-07:00) Arizona",,,3221224.03333333,3204230.8,3231449.5,
PNTM9M2jMkKm3GLHpLiq3J4gE,"","North Campus",6c2573ce-592a-4519-989c-2fd21d6918b7,"W", 08/05/2025 05:45:00 AM,"(UTC-07:00) Arizona",,,3217897.9,3186487,3263962.8,
PNTM9M2jMkKm3GLHpLiq3J4gE,"","North Campus",6c2573ce-592a-4519-989c-2fd21d6918b7,"W", 08/05/2025 06:00:00 AM,"(UTC-07:00) Arizona",,,3283312.85,3271823.2,3294802.5,
PNTM9M2jMkKm3GLHpLiq3J4gE,"","North Campus",6c2573ce-592a-4519-989c-2fd21d6918b7,"W", 08/05/2025 06:15:00 AM,"(UTC-07:00) Arizona",,,3339097,3307858.8,3354838,
PNTM9M2jMkKm3GLHpLiq3J4gE,"","North Campus",6c2573ce-592a-4519-989c-2fd21d6918b7,"W", 08/05/2025 06:30:00 AM,"(UTC-07:00) Arizona",,,3333621,3307448.5,3359793.5,
PNTM9M2jMkKm3GLHpLiq3J4gE,"","North Campus",6c2573ce-592a-4519-989c-2fd21d6918b7,"W", 08/05/2025 06:45:00 AM,"(UTC-07:00) Arizona",,,3394495.625,3323131,3507428,
PNTM9M2jMkKm3GLHpLiq3J4gE,"","North Campus",6c2573ce-592a-4519-989c-2fd21d6918b7,"W", 08/05/2025 07:00:00 AM,"(UTC-07:00) Arizona",,,3507837.9,3480457.8,3535218,
PNTM9M2jMkKm3GLHpLiq3J4gE,"","North Campus",6c2573ce-592a-4519-989c-2fd21d6918b7,"W", 08/05/2025 07:15:00 AM,"(UTC-07:00) Arizona",,,3637084.6,3608623,3656160,
PNTM9M2jMkKm3GLHpLiq3J4gE,"","North Campus",6c2573ce-592a-4519-989c-2fd21d6918b7,"W", 08/05/2025 07:30:00 AM,"(UTC-07:00) Arizona",,,3814420.56666667,3795136.5,3835645.2,
PNTM9M2jMkKm3GLHpLiq3J4gE,"","North Campus",6c2573ce-592a-4519-989c-2fd21d6918b7,"W", 08/05/2025 07:45:00 AM,"(UTC-07:00) Arizona",,,3811068.83333333,3765290.8,3853390.5,
PNTM9M2jMkKm3GLHpLiq3J4gE,"","North Campus",6c2573ce-592a-4519-989c-2fd21d6918b7,"W", 08/05/2025 08:00:00 AM,"(UTC-07:00) Arizona",,,4019571.9,3977442.2,4069056.5,
PNTM9M2jMkKm3GLHpLiq3J4gE,"","North Campus",6c2573ce-592a-4519-989c-2fd21d6918b7,"W", 08/05/2025 08:15:00 AM,"(UTC-07:00) Arizona",,,3922459.83333333,3857333,3956333.5,
PNTM9M2jMkKm3GLHpLiq3J4gE,"","North Campus",6c2573ce-592a-4519-989c-2fd21d6918b7,"W", 08/05/2025 08:30:00 AM,"(UTC-07:00) Arizona",,,3971690.6,3928204.8,4025192.2,
PNTM9M2jMkKm3GLHpLiq3J4gE,"","North Campus",6c2573ce-592a-4519-989c-2fd21d6918b7,"W", 08/05/2025 08:45:00 AM,"(UTC-07:00) Arizona",,,4080017.73333333,4055951.5,4114250.2,
PNTM9M2jMkKm3GLHpLiq3J4gE,"","North Campus",6c2573ce-592a-4519-989c-2fd21d6918b7,"W", 08/05/2025 09:00:00 AM,"(UTC-07:00) Arizona",,,4028414.83333333,3972267.5,4075603.8,
PNTM9M2jMkKm3GLHpLiq3J4gE,"","North Campus",6c2573ce-592a-4519-989c-2fd21d6918b7,"W", 08/05/2025 09:15:00 AM,"(UTC-07:00) Arizona",,,4069939.33333333,4025622.5,4104156.5,
PNTM9M2jMkKm3GLHpLiq3J4gE,"","North Campus",6c2573ce-592a-4519-989c-2fd21d6918b7,"W", 08/05/2025 09:30:00 AM,"(UTC-07:00) Arizona",,,4116262.83333333,4070383.8,4181355.5,
PNTM9M2jMkKm3GLHpLiq3J4gE,"","North Campus",6c2573ce-592a-4519-989c-2fd21d6918b7,"W", 08/05/2025 09:45:00 AM,"(UTC-07:00) Arizona",,,4141739.4,4084121,4232624,
PNTM9M2jMkKm3GLHpLiq3J4gE,"","North Campus",6c2573ce-592a-4519-989c-2fd21d6918b7,"W", 08/05/2025 10:00:00 AM,"(UTC-07:00) Arizona",,,4179793.76666667,4160341.8,4206554,
PNTM9M2jMkKm3GLHpLiq3J4gE,"","North Campus",6c2573ce-592a-4519-989c-2fd21d6918b7,"W", 08/05/2025 10:15:00 AM,"(UTC-07:00) Arizona",,,4210704.66666667,4165430,4241379.5,
PNTM9M2jMkKm3GLHpLiq3J4gE,"","North Campus",6c2573ce-592a-4519-989c-2fd21d6918b7,"W", 08/05/2025 10:30:00 AM,"(UTC-07:00) Arizona",,,4188127.83333333,4140233,4231827.5,
PNTM9M2jMkKm3GLHpLiq3J4gE,"","North Campus",6c2573ce-592a-4519-989c-2fd21d6918b7,"W", 08/05/2025 10:45:00 AM,"(UTC-07:00) Arizona",,,4270629.83333333,4201991.5,4314518,
PNTM9M2jMkKm3GLHpLiq3J4gE,"","North Campus",6c2573ce-592a-4519-989c-2fd21d6918b7,"W", 08/05/2025 11:00:00 AM,"(UTC-07:00) Arizona",,,4220592.16666667,4160144,4258754,
PNTM9M2jMkKm3GLHpLiq3J4gE,"","North Campus",6c2573ce-592a-4519-989c-2fd21d6918b7,"W", 08/05/2025 11:15:00 AM,"(UTC-07:00) Arizona",,,4260321,4221910.5,4288477.5,
PNTM9M2jMkKm3GLHpLiq3J4gE,"","North Campus",6c2573ce-592a-4519-989c-2fd21d6918b7,"W", 08/05/2025 11:30:00 AM,"(UTC-07:00) Arizona",,,4301007.33333333,4252227.5,4339427.5,
PNTM9M2jMkKm3GLHpLiq3J4gE,"","North Campus",6c2573ce-592a-4519-989c-2fd21d6918b7,"W", 08/05/2025 11:45:00 AM,"(UTC-07:00) Arizona",,,4263142.5,4216034,4311026.5,
PNTM9M2jMkKm3GLHpLiq3J4gE,"","North Campus",6c2573ce-592a-4519-989c-2fd21d6918b7,"W", 08/05/2025 12:00:00 PM,"(UTC-07:00) Arizona",,,4351943.33333333,4317913,4398326.5,
PNTM9M2jMkKm3GLHpLiq3J4gE,"","North Campus",6c2573ce-592a-4519-989c-2fd21d6918b7,"W", 08/05/2025 12:15:00 PM,"(UTC-07:00) Arizona",,,4342839,4307190,4389714.5,
PNTM9M2jMkKm3GLHpLiq3J4gE,"","North Campus",6c2573ce-592a-4519-989c-2fd21d6918b7,"W", 08/05/2025 12:30:00 PM,"(UTC-07:00) Arizona",,,4355092.25,4338102,4372082.5,
PNTM9M2jMkKm3GLHpLiq3J4gE,"","North Campus",6c2573ce-592a-4519-989c-2fd21d6918b7,"W", 08/05/2025 12:45:00 PM,"(UTC-07:00) Arizona",,,4449874,4337945,4591044.5,
PNTM9M2jMkKm3GLHpLiq3J4gE,"","North Campus",6c2573ce-592a-4519-989c-2fd21d6918b7,"W", 08/05/2025 01:00:00 PM,"(UTC-07:00) Arizona",,,4363787.66666667,4354554.5,4380714.5,
PNTM9M2jMkKm3GLHpLiq3J4gE,"","North Campus",6c2573ce-592a-4519-989c-2fd21d6918b7,"W", 08/05/2025 01:15:00 PM,"(UTC-07:00) Arizona",,,4386021.16666667,4360159.5,4421364,
PNTM9M2jMkKm3GLHpLiq3J4gE,"","North Campus",6c2573ce-592a-4519-989c-2fd21d6918b7,"W", 08/05/2025 01:30:00 PM,"(UTC-07:00) Arizona",,,4369163.5,4337017,4401310,
PNTM9M2jMkKm3GLHpLiq3J4gE,"","North Campus",6c2573ce-592a-4519-989c-2fd21d6918b7,"W", 08/05/2025 01:45:00 PM,"(UTC-07:00) Arizona",,,4431062.5,4421313.5,4436171,
PNTM9M2jMkKm3GLHpLiq3J4gE,"","North Campus",6c2573ce-592a-4519-989c-2fd21d6918b7,"W", 08/05/2025 02:00:00 PM,"(UTC-07:00) Arizona",,,4430036.5,4414463.5,4443799.5,
PNTM9M2jMkKm3GLHpLiq3J4gE,"","North Campus",6c2573ce-592a-4519-989c-2fd21d6918b7,"W", 08/05/2025 02:15:00 PM,"(UTC-07:00) Arizona",,,4463009.5,4458026.5,4465517.5,
PNTM9M2jMkKm3GLHpLiq3J4gE,"","North Campus",6c2573ce-592a-4519-989c-2fd21d6918b7,"W", 08/05/2025 02:30:00 PM,"(UTC-07:00) Arizona",,,4513395.5,4492010.5,4534780.5,
PNTM9M2jMkKm3GLHpLiq3J4gE,"","North Campus",6c2573ce-592a-4519-989c-2fd21d6918b7,"W", 08/05/2025 02:45:00 PM,"(UTC-07:00) Arizona",,,4538045.66666667,4499236.5,4564350,
PNTM9M2jMkKm3GLHpLiq3J4gE,"","North Campus",6c2573ce-592a-4519-989c-2fd21d6918b7,"W", 08/05/2025 03:00:00 PM,"(UTC-07:00) Arizona",,,4480566.5,4449236,4501028,
PNTM9M2jMkKm3GLHpLiq3J4gE,"","North Campus",6c2573ce-592a-4519-989c-2fd21d6918b7,"W", 08/05/2025 03:15:00 PM,"(UTC-07:00) Arizona",,,4693315.83333333,4485925.5,4806446.5,
PNTM9M2jMkKm3GLHpLiq3J4gE,"","North Campus",6c2573ce-592a-4519-989c-2fd21d6918b7,"W", 08/05/2025 03:30:00 PM,"(UTC-07:00) Arizona",,,4582618.33333333,4527855,4685386.5,
PNTM9M2jMkKm3GLHpLiq3J4gE,"","North Campus",6c2573ce-592a-4519-989c-2fd21d6918b7,"W", 08/05/2025 03:45:00 PM,"(UTC-07:00) Arizona",,,4582020.33333333,4554621,4612582.5,
PNTM9M2jMkKm3GLHpLiq3J4gE,"","North Campus",6c2573ce-592a-4519-989c-2fd21d6918b7,"W", 08/05/2025 04:00:00 PM,"(UTC-07:00) Arizona",,,4620772.66666667,4585569,4663938,
PNTM9M2jMkKm3GLHpLiq3J4gE,"","North Campus",6c2573ce-592a-4519-989c-2fd21d6918b7,"W", 08/05/2025 04:15:00 PM,"(UTC-07:00) Arizona",,,4616085.16666667,4573918,4641638.5,
PNTM9M2jMkKm3GLHpLiq3J4gE,"","North Campus",6c2573ce-592a-4519-989c-2fd21d6918b7,"W", 08/05/2025 04:30:00 PM,"(UTC-07:00) Arizona",,,4584962,4550172.5,4621381.5,
PNTM9M2jMkKm3GLHpLiq3J4gE,"","North Campus",6c2573ce-592a-4519-989c-2fd21d6918b7,"W", 08/05/2025 04:45:00 PM,"(UTC-07:00) Arizona",,,4617236.875,4589133,4681033.5,
PNTM9M2jMkKm3GLHpLiq3J4gE,"","North Campus",6c2573ce-592a-4519-989c-2fd21d6918b7,"W", 08/05/2025 05:00:00 PM,"(UTC-07:00) Arizona",,,4611368.25,4605871.5,4616865,
PNTM9M2jMkKm3GLHpLiq3J4gE,"","North Campus",6c2573ce-592a-4519-989c-2fd21d6918b7,"W", 08/05/2025 05:15:00 PM,"(UTC-07:00) Arizona",,,4570628.66666667,4556258,4579205,
PNTM9M2jMkKm3GLHpLiq3J4gE,"","North Campus",6c2573ce-592a-4519-989c-2fd21d6918b7,"W", 08/05/2025 05:30:00 PM,"(UTC-07:00) Arizona",,,4586182.33333333,4569311.5,4607435,
PNTM9M2jMkKm3GLHpLiq3J4gE,"","North Campus",6c2573ce-592a-4519-989c-2fd21d6918b7,"W", 08/05/2025 05:45:00 PM,"(UTC-07:00) Arizona",,,4598754.75,4556182.5,4622494,
PNTM9M2jMkKm3GLHpLiq3J4gE,"","North Campus",6c2573ce-592a-4519-989c-2fd21d6918b7,"W", 08/05/2025 06:00:00 PM,"(UTC-07:00) Arizona",,,4626281,4619990,4632572,
PNTM9M2jMkKm3GLHpLiq3J4gE,"","North Campus",6c2573ce-592a-4519-989c-2fd21d6918b7,"W", 08/05/2025 06:15:00 PM,"(UTC-07:00) Arizona",,,4641658,4614685.5,4666009,
PNTM9M2jMkKm3GLHpLiq3J4gE,"","North Campus",6c2573ce-592a-4519-989c-2fd21d6918b7,"W", 08/05/2025 06:30:00 PM,"(UTC-07:00) Arizona",,,4612965.33333333,4601063,4632050.5,
PNTM9M2jMkKm3GLHpLiq3J4gE,"","North Campus",6c2573ce-592a-4519-989c-2fd21d6918b7,"W", 08/05/2025 06:45:00 PM,"(UTC-07:00) Arizona",,,4519554.875,4396551.5,4592128,
PNTM9M2jMkKm3GLHpLiq3J4gE,"","North Campus",6c2573ce-592a-4519-989c-2fd21d6918b7,"W", 08/05/2025 07:00:00 PM,"(UTC-07:00) Arizona",,,4374579.25,4372083,4377075.5,
PNTM9M2jMkKm3GLHpLiq3J4gE,"","North Campus",6c2573ce-592a-4519-989c-2fd21d6918b7,"W", 08/05/2025 07:15:00 PM,"(UTC-07:00) Arizona",,,4313645,4285546.5,4363015.5,
PNTM9M2jMkKm3GLHpLiq3J4gE,"","North Campus",6c2573ce-592a-4519-989c-2fd21d6918b7,"W", 08/05/2025 07:30:00 PM,"(UTC-07:00) Arizona",,,4229626.33333333,4187717.5,4286114,
PNTM9M2jMkKm3GLHpLiq3J4gE,"","North Campus",6c2573ce-592a-4519-989c-2fd21d6918b7,"W", 08/05/2025 07:45:00 PM,"(UTC-07:00) Arizona",,,4207077,4139490,4259884,
PNTM9M2jMkKm3GLHpLiq3J4gE,"","North Campus",6c2573ce-592a-4519-989c-2fd21d6918b7,"W", 08/05/2025 08:00:00 PM,"(UTC-07:00) Arizona",,,3908548.13333333,3884502.2,3939935.2,
PNTM9M2jMkKm3GLHpLiq3J4gE,"","North Campus",6c2573ce-592a-4519-989c-2fd21d6918b7,"W", 08/05/2025 08:15:00 PM,"(UTC-07:00) Arizona",,,3859663.4,3835614.8,3890450.2,
PNTM9M2jMkKm3GLHpLiq3J4gE,"","North Campus",6c2573ce-592a-4519-989c-2fd21d6918b7,"W", 08/05/2025 08:30:00 PM,"(UTC-07:00) Arizona",,,3704325.26666667,3671939.8,3739949.5,
PNTM9M2jMkKm3GLHpLiq3J4gE,"","North Campus",6c2573ce-592a-4519-989c-2fd21d6918b7,"W", 08/05/2025 08:45:00 PM,"(UTC-07:00) Arizona",,,3676795,3665424.2,3683765,
PNTM9M2jMkKm3GLHpLiq3J4gE,"","North Campus",6c2573ce-592a-4519-989c-2fd21d6918b7,"W", 08/05/2025 09:00:00 PM,"(UTC-07:00) Arizona",,,3632693.4,3613033.5,3662386.5,
PNTM9M2jMkKm3GLHpLiq3J4gE,"","North Campus",6c2573ce-592a-4519-989c-2fd21d6918b7,"W", 08/05/2025 09:15:00 PM,"(UTC-07:00) Arizona",,,3596109.4,3586994.5,3606342.5,
PNTM9M2jMkKm3GLHpLiq3J4gE,"","North Campus",6c2573ce-592a-4519-989c-2fd21d6918b7,"W", 08/05/2025 09:30:00 PM,"(UTC-07:00) Arizona",,,3600452.26666667,3579972.8,3621253.2,
PNTM9M2jMkKm3GLHpLiq3J4gE,"","North Campus",6c2573ce-592a-4519-989c-2fd21d6918b7,"W", 08/05/2025 09:45:00 PM,"(UTC-07:00) Arizona",,,3602238.16666667,3578640.5,3618242.8,
PNTM9M2jMkKm3GLHpLiq3J4gE,"","North Campus",6c2573ce-592a-4519-989c-2fd21d6918b7,"W", 08/05/2025 10:00:00 PM,"(UTC-07:00) Arizona",,,3519160.6,3515793,3522761.8,
PNTM9M2jMkKm3GLHpLiq3J4gE,"","North Campus",6c2573ce-592a-4519-989c-2fd21d6918b7,"W", 08/05/2025 10:15:00 PM,"(UTC-07:00) Arizona",,,3473047.16666667,3450154.8,3491474.2,
PNTM9M2jMkKm3GLHpLiq3J4gE,"","North Campus",6c2573ce-592a-4519-989c-2fd21d6918b7,"W", 08/05/2025 10:30:00 PM,"(UTC-07:00) Arizona",,,3447075.53333333,3440489.8,3457764,
PNTM9M2jMkKm3GLHpLiq3J4gE,"","North Campus",6c2573ce-592a-4519-989c-2fd21d6918b7,"W", 08/05/2025 10:45:00 PM,"(UTC-07:00) Arizona",,,3427348.56666667,3410943.5,3446976,
PNTM9M2jMkKm3GLHpLiq3J4gE,"","North Campus",6c2573ce-592a-4519-989c-2fd21d6918b7,"W", 08/05/2025 11:00:00 PM,"(UTC-07:00) Arizona",,,3402702.1,3381340.2,3424064,
PNTM9M2jMkKm3GLHpLiq3J4gE,"","North Campus",6c2573ce-592a-4519-989c-2fd21d6918b7,"W", 08/05/2025 11:15:00 PM,"(UTC-07:00) Arizona",,,3383405.13333333,3378451.2,3385967.2,
PNTM9M2jMkKm3GLHpLiq3J4gE,"","North Campus",6c2573ce-592a-4519-989c-2fd21d6918b7,"W", 08/05/2025 11:30:00 PM,"(UTC-07:00) Arizona",,,3336912.1,3331124,3343139.5,
PNTM9M2jMkKm3GLHpLiq3J4gE,"","North Campus",6c2573ce-592a-4519-989c-2fd21d6918b7,"W", 08/05/2025 11:45:00 PM,"(UTC-07:00) Arizona",,,3397514.33333333,3379829.2,3407530,
PNTM9M2jMkKm3GLHpLiq3J4gE,"","North Campus",6c2573ce-592a-4519-989c-2fd21d6918b7,"W", 08/06/2025 12:00:00 AM,"(UTC-07:00) Arizona",,,3327898.16666667,3319237.8,3341691.5,
PNTM9M2jMkKm3GLHpLiq3J4gE,"","North Campus",6c2573ce-592a-4519-989c-2fd21d6918b7,"W", 08/06/2025 12:15:00 AM,"(UTC-07:00) Arizona",,,3304803.16666667,3282076.8,3317338.5,
PNTM9M2jMkKm3GLHpLiq3J4gE,"","North Campus",6c2573ce-592a-4519-989c-2fd21d6918b7,"W", 08/06/2025 12:30:00 AM,"(UTC-07:00) Arizona",,,3271646.5,3262118.5,3278551,
PNTM9M2jMkKm3GLHpLiq3J4gE,"","North Campus",6c2573ce-592a-4519-989c-2fd21d6918b7,"W", 08/06/2025 12:45:00 AM,"(UTC-07:00) Arizona",,,3274779.16666667,3257384,3295164,
PNTM9M2jMkKm3GLHpLiq3J4gE,"","North Campus",6c2573ce-592a-4519-989c-2fd21d6918b7,"W", 08/06/2025 01:00:00 AM,"(UTC-07:00) Arizona",,,3252579.9,3244179,3260798.2,
PNTM9M2jMkKm3GLHpLiq3J4gE,"","North Campus",6c2573ce-592a-4519-989c-2fd21d6918b7,"W", 08/06/2025 01:15:00 AM,"(UTC-07:00) Arizona",,,3227613.16666667,3214013.5,3235962.5,
PNTM9M2jMkKm3GLHpLiq3J4gE,"","North Campus",6c2573ce-592a-4519-989c-2fd21d6918b7,"W", 08/06/2025 01:30:00 AM,"(UTC-07:00) Arizona",,,3204951.1,3200147.5,3213302.8,
PNTM9M2jMkKm3GLHpLiq3J4gE,"","North Campus",6c2573ce-592a-4519-989c-2fd21d6918b7,"W", 08/06/2025 01:45:00 AM,"(UTC-07:00) Arizona",,,3223282.93333333,3181920.2,3246046.8,
PNTM9M2jMkKm3GLHpLiq3J4gE,"","North Campus",6c2573ce-592a-4519-989c-2fd21d6918b7,"W", 08/06/2025 02:00:00 AM,"(UTC-07:00) Arizona",,,3213893.93333333,3202286.5,3221304.8,
PNTM9M2jMkKm3GLHpLiq3J4gE,"","North Campus",6c2573ce-592a-4519-989c-2fd21d6918b7,"W", 08/06/2025 02:15:00 AM,"(UTC-07:00) Arizona",,,3213466.26666667,3200630.8,3221038.2,
PNTM9M2jMkKm3GLHpLiq3J4gE,"","North Campus",6c2573ce-592a-4519-989c-2fd21d6918b7,"W", 08/06/2025 02:30:00 AM,"(UTC-07:00) Arizona",,,3210063.25,3202469.5,3217657,
PNTM9M2jMkKm3GLHpLiq3J4gE,"","North Campus",6c2573ce-592a-4519-989c-2fd21d6918b7,"W", 08/06/2025 02:45:00 AM,"(UTC-07:00) Arizona",,,3229776.65,3204150.2,3245024.2,
PNTM9M2jMkKm3GLHpLiq3J4gE,"","North Campus",6c2573ce-592a-4519-989c-2fd21d6918b7,"W", 08/06/2025 03:00:00 AM,"(UTC-07:00) Arizona",,,3236839,3224151.8,3249526.2,
PNTM9M2jMkKm3GLHpLiq3J4gE,"","North Campus",6c2573ce-592a-4519-989c-2fd21d6918b7,"W", 08/06/2025 03:15:00 AM,"(UTC-07:00) Arizona",,,3212464.43333333,3203703.8,3221578.5,
PNTM9M2jMkKm3GLHpLiq3J4gE,"","North Campus",6c2573ce-592a-4519-989c-2fd21d6918b7,"W", 08/06/2025 03:30:00 AM,"(UTC-07:00) Arizona",,,3298435.1,3267646.8,3330620,
PNTM9M2jMkKm3GLHpLiq3J4gE,"","North Campus",6c2573ce-592a-4519-989c-2fd21d6918b7,"W", 08/06/2025 03:45:00 AM,"(UTC-07:00) Arizona",,,3353981.83333333,3347441.8,3358580.2,
PNTM9M2jMkKm3GLHpLiq3J4gE,"","North Campus",6c2573ce-592a-4519-989c-2fd21d6918b7,"W", 08/06/2025 04:00:00 AM,"(UTC-07:00) Arizona",,,3345867.1,3335580,3359699.8,
PNTM9M2jMkKm3GLHpLiq3J4gE,"","North Campus",6c2573ce-592a-4519-989c-2fd21d6918b7,"W", 08/06/2025 04:15:00 AM,"(UTC-07:00) Arizona",,,3387722.35,3387606.5,3387838.2,
PNTM9M2jMkKm3GLHpLiq3J4gE,"","North Campus",6c2573ce-592a-4519-989c-2fd21d6918b7,"W", 08/06/2025 04:30:00 AM,"(UTC-07:00) Arizona",,,3386384.3,3360500.2,3416867,
PNTM9M2jMkKm3GLHpLiq3J4gE,"","North Campus",6c2573ce-592a-4519-989c-2fd21d6918b7,"W", 08/06/2025 04:45:00 AM,"(UTC-07:00) Arizona",,,3321282.73333333,3305887.5,3343539.2,
PNTM9M2jMkKm3GLHpLiq3J4gE,"","North Campus",6c2573ce-592a-4519-989c-2fd21d6918b7,"W", 08/06/2025 05:00:00 AM,"(UTC-07:00) Arizona",,,3341058.86666667,3331479.8,3354838,
PNTM9M2jMkKm3GLHpLiq3J4gE,"","North Campus",6c2573ce-592a-4519-989c-2fd21d6918b7,"W", 08/06/2025 05:15:00 AM,"(UTC-07:00) Arizona",,,3337204.3,3317274.2,3348220.5,
PNTM9M2jMkKm3GLHpLiq3J4gE,"","North Campus",6c2573ce-592a-4519-989c-2fd21d6918b7,"W", 08/06/2025 05:30:00 AM,"(UTC-07:00) Arizona",,,3300012.25,3293356,3306668.5,
PNTM9M2jMkKm3GLHpLiq3J4gE,"","North Campus",6c2573ce-592a-4519-989c-2fd21d6918b7,"W", 08/06/2025 05:45:00 AM,"(UTC-07:00) Arizona",,,3298881.83333333,3279660,3312981,
PNTM9M2jMkKm3GLHpLiq3J4gE,"","North Campus",6c2573ce-592a-4519-989c-2fd21d6918b7,"W", 08/06/2025 06:00:00 AM,"(UTC-07:00) Arizona",,,3448154.83333333,3410807.8,3503928.5,
PNTM9M2jMkKm3GLHpLiq3J4gE,"","North Campus",6c2573ce-592a-4519-989c-2fd21d6918b7,"W", 08/06/2025 06:15:00 AM,"(UTC-07:00) Arizona",,,3418223.93333333,3406369.8,3431865.8,
PNTM9M2jMkKm3GLHpLiq3J4gE,"","North Campus",6c2573ce-592a-4519-989c-2fd21d6918b7,"W", 08/06/2025 06:30:00 AM,"(UTC-07:00) Arizona",,,3411528.675,3387102.5,3451946.8,
PNTM9M2jMkKm3GLHpLiq3J4gE,"","North Campus",6c2573ce-592a-4519-989c-2fd21d6918b7,"W", 08/06/2025 06:45:00 AM,"(UTC-07:00) Arizona",,,3426120.5,3404879,3447362,
PNTM9M2jMkKm3GLHpLiq3J4gE,"","North Campus",6c2573ce-592a-4519-989c-2fd21d6918b7,"W", 08/06/2025 07:00:00 AM,"(UTC-07:00) Arizona",,,3585668.4,3567365.5,3600314.5,
PNTM9M2jMkKm3GLHpLiq3J4gE,"","North Campus",6c2573ce-592a-4519-989c-2fd21d6918b7,"W", 08/06/2025 07:15:00 AM,"(UTC-07:00) Arizona",,,3707224.53333333,3671820.8,3725970.8,
PNTM9M2jMkKm3GLHpLiq3J4gE,"","North Campus",6c2573ce-592a-4519-989c-2fd21d6918b7,"W", 08/06/2025 07:30:00 AM,"(UTC-07:00) Arizona",,,3813008.33333333,3751473.8,3876212.2,
PNTM9M2jMkKm3GLHpLiq3J4gE,"","North Campus",6c2573ce-592a-4519-989c-2fd21d6918b7,"W", 08/06/2025 07:45:00 AM,"(UTC-07:00) Arizona",,,3959257.66666667,3916216,3998113.5,
PNTM9M2jMkKm3GLHpLiq3J4gE,"","North Campus",6c2573ce-592a-4519-989c-2fd21d6918b7,"W", 08/06/2025 08:00:00 AM,"(UTC-07:00) Arizona",,,4203890.66666667,4157244,4271230,
PNTM9M2jMkKm3GLHpLiq3J4gE,"","North Campus",6c2573ce-592a-4519-989c-2fd21d6918b7,"W", 08/06/2025 08:15:00 AM,"(UTC-07:00) Arizona",,,4283952.66666667,4259414.5,4311059.5,
PNTM9M2jMkKm3GLHpLiq3J4gE,"","North Campus",6c2573ce-592a-4519-989c-2fd21d6918b7,"W", 08/06/2025 08:30:00 AM,"(UTC-07:00) Arizona",,,4322635.33333333,4291713,4342281,
PNTM9M2jMkKm3GLHpLiq3J4gE,"","North Campus",6c2573ce-592a-4519-989c-2fd21d6918b7,"W", 08/06/2025 08:45:00 AM,"(UTC-07:00) Arizona",,,4355663.83333333,4296762.5,4408574,
PNTM9M2jMkKm3GLHpLiq3J4gE,"","North Campus",6c2573ce-592a-4519-989c-2fd21d6918b7,"W", 08/06/2025 09:00:00 AM,"(UTC-07:00) Arizona",,,4418724.5,4394096.5,4446375.5,
PNTM9M2jMkKm3GLHpLiq3J4gE,"","North Campus",6c2573ce-592a-4519-989c-2fd21d6918b7,"W", 08/06/2025 09:15:00 AM,"(UTC-07:00) Arizona",,,4455330.33333333,4370817.5,4561228.5,
PNTM9M2jMkKm3GLHpLiq3J4gE,"","North Campus",6c2573ce-592a-4519-989c-2fd21d6918b7,"W", 08/06/2025 09:30:00 AM,"(UTC-07:00) Arizona",,,4403822.33333333,4367026.5,4470457.5,
PNTM9M2jMkKm3GLHpLiq3J4gE,"","North Campus",6c2573ce-592a-4519-989c-2fd21d6918b7,"W", 08/06/2025 09:45:00 AM,"(UTC-07:00) Arizona",,,4457397.16666667,4379827,4516493.5,
PNTM9M2jMkKm3GLHpLiq3J4gE,"","North Campus",6c2573ce-592a-4519-989c-2fd21d6918b7,"W", 08/06/2025 10:00:00 AM,"(UTC-07:00) Arizona",,,4491300.16666667,4441572.5,4550016,
PNTM9M2jMkKm3GLHpLiq3J4gE,"","North Campus",6c2573ce-592a-4519-989c-2fd21d6918b7,"W", 08/06/2025 10:15:00 AM,"(UTC-07:00) Arizona",,,4458883.5,4443833,4468959,
PNTM9M2jMkKm3GLHpLiq3J4gE,"","North Campus",6c2573ce-592a-4519-989c-2fd21d6918b7,"W", 08/06/2025 10:30:00 AM,"(UTC-07:00) Arizona",,,4502279.83333333,4467061,4522757,
PNTM9M2jMkKm3GLHpLiq3J4gE,"","North Campus",6c2573ce-592a-4519-989c-2fd21d6918b7,"W", 08/06/2025 10:45:00 AM,"(UTC-07:00) Arizona",,,4496563.16666667,4480359,4508117.5,
PNTM9M2jMkKm3GLHpLiq3J4gE,"","North Campus",6c2573ce-592a-4519-989c-2fd21d6918b7,"W", 08/06/2025 11:00:00 AM,"(UTC-07:00) Arizona",,,4525786.83333333,4454200,4597771.5,
PNTM9M2jMkKm3GLHpLiq3J4gE,"","North Campus",6c2573ce-592a-4519-989c-2fd21d6918b7,"W", 08/06/2025 11:15:00 AM,"(UTC-07:00) Arizona",,,4506104.16666667,4444890,4559838,
PNTM9M2jMkKm3GLHpLiq3J4gE,"","North Campus",6c2573ce-592a-4519-989c-2fd21d6918b7,"W", 08/06/2025 11:30:00 AM,"(UTC-07:00) Arizona",,,4465709.5,4433149.5,4498269.5,
PNTM9M2jMkKm3GLHpLiq3J4gE,"","North Campus",6c2573ce-592a-4519-989c-2fd21d6918b7,"W", 08/06/2025 11:45:00 AM,"(UTC-07:00) Arizona",,,4503128.25,4491659.5,4514597,
PNTM9M2jMkKm3GLHpLiq3J4gE,"","North Campus",6c2573ce-592a-4519-989c-2fd21d6918b7,"W", 08/06/2025 12:00:00 PM,"(UTC-07:00) Arizona",,,4641340.625,4481027.5,4864359.5,
PNTM9M2jMkKm3GLHpLiq3J4gE,"","North Campus",6c2573ce-592a-4519-989c-2fd21d6918b7,"W", 08/06/2025 12:15:00 PM,"(UTC-07:00) Arizona",,,4488124.33333333,4475889.5,4511179,
PNTM9M2jMkKm3GLHpLiq3J4gE,"","North Campus",6c2573ce-592a-4519-989c-2fd21d6918b7,"W", 08/06/2025 12:30:00 PM,"(UTC-07:00) Arizona",,,4752153.83333333,4506798.5,4903328.5,
PNTM9M2jMkKm3GLHpLiq3J4gE,"","North Campus",6c2573ce-592a-4519-989c-2fd21d6918b7,"W", 08/06/2025 12:45:00 PM,"(UTC-07:00) Arizona",,,4861172.16666667,4671854,4996729.5,
PNTM9M2jMkKm3GLHpLiq3J4gE,"","North Campus",6c2573ce-592a-4519-989c-2fd21d6918b7,"W", 08/06/2025 01:00:00 PM,"(UTC-07:00) Arizona",,,4662616.16666667,4545647.5,4864380,
PNTM9M2jMkKm3GLHpLiq3J4gE,"","North Campus",6c2573ce-592a-4519-989c-2fd21d6918b7,"W", 08/06/2025 01:15:00 PM,"(UTC-07:00) Arizona",,,4689869,4588876.5,4890289.5,
PNTM9M2jMkKm3GLHpLiq3J4gE,"","North Campus",6c2573ce-592a-4519-989c-2fd21d6918b7,"W", 08/06/2025 01:30:00 PM,"(UTC-07:00) Arizona",,,4759893.5,4535325,4984462,
PNTM9M2jMkKm3GLHpLiq3J4gE,"","North Campus",6c2573ce-592a-4519-989c-2fd21d6918b7,"W", 08/06/2025 01:45:00 PM,"(UTC-07:00) Arizona",,,4668880.625,4620154,4747020,
PNTM9M2jMkKm3GLHpLiq3J4gE,"","North Campus",6c2573ce-592a-4519-989c-2fd21d6918b7,"W", 08/06/2025 02:00:00 PM,"(UTC-07:00) Arizona",,,4721277.75,4636281,4806274.5,
PNTM9M2jMkKm3GLHpLiq3J4gE,"","North Campus",6c2573ce-592a-4519-989c-2fd21d6918b7,"W", 08/06/2025 02:15:00 PM,"(UTC-07:00) Arizona",,,4759859.875,4614037.5,4900751.5,
PNTM9M2jMkKm3GLHpLiq3J4gE,"","North Campus",6c2573ce-592a-4519-989c-2fd21d6918b7,"W", 08/06/2025 02:30:00 PM,"(UTC-07:00) Arizona",,,4617356.33333333,4599591,4643976.5,
PNTM9M2jMkKm3GLHpLiq3J4gE,"","North Campus",6c2573ce-592a-4519-989c-2fd21d6918b7,"W", 08/06/2025 02:45:00 PM,"(UTC-07:00) Arizona",,,4774446,4681693.5,4867198.5,
PNTM9M2jMkKm3GLHpLiq3J4gE,"","North Campus",6c2573ce-592a-4519-989c-2fd21d6918b7,"W", 08/06/2025 03:00:00 PM,"(UTC-07:00) Arizona",,,4729046.375,4650851,4922491,
PNTM9M2jMkKm3GLHpLiq3J4gE,"","North Campus",6c2573ce-592a-4519-989c-2fd21d6918b7,"W", 08/06/2025 03:15:00 PM,"(UTC-07:00) Arizona",,,4682124.16666667,4581791,4877550.5,
PNTM9M2jMkKm3GLHpLiq3J4gE,"","North Campus",6c2573ce-592a-4519-989c-2fd21d6918b7,"W", 08/06/2025 03:30:00 PM,"(UTC-07:00) Arizona",,,4624065,4612080.5,4640403,
PNTM9M2jMkKm3GLHpLiq3J4gE,"","North Campus",6c2573ce-592a-4519-989c-2fd21d6918b7,"W", 08/06/2025 03:45:00 PM,"(UTC-07:00) Arizona",,,4694675.5,4692047,4697304,
PNTM9M2jMkKm3GLHpLiq3J4gE,"","North Campus",6c2573ce-592a-4519-989c-2fd21d6918b7,"W", 08/06/2025 04:00:00 PM,"(UTC-07:00) Arizona",,,4781982.75,4706161,4921763.5,
PNTM9M2jMkKm3GLHpLiq3J4gE,"","North Campus",6c2573ce-592a-4519-989c-2fd21d6918b7,"W", 08/06/2025 04:15:00 PM,"(UTC-07:00) Arizona",,,4856250,4790206.5,4922293.5,
PNTM9M2jMkKm3GLHpLiq3J4gE,"","North Campus",6c2573ce-592a-4519-989c-2fd21d6918b7,"W", 08/06/2025 04:30:00 PM,"(UTC-07:00) Arizona",,,4810941.5,4735774,4927620.5,
PNTM9M2jMkKm3GLHpLiq3J4gE,"","North Campus",6c2573ce-592a-4519-989c-2fd21d6918b7,"W", 08/06/2025 04:45:00 PM,"(UTC-07:00) Arizona",,,4800951.25,4647663.5,4890870.5,
PNTM9M2jMkKm3GLHpLiq3J4gE,"","North Campus",6c2573ce-592a-4519-989c-2fd21d6918b7,"W", 08/06/2025 05:00:00 PM,"(UTC-07:00) Arizona",,,4647339,4631349,4670170.5,
PNTM9M2jMkKm3GLHpLiq3J4gE,"","North Campus",6c2573ce-592a-4519-989c-2fd21d6918b7,"W", 08/06/2025 05:15:00 PM,"(UTC-07:00) Arizona",,,4646891.83333333,4637152.5,4661335.5,
PNTM9M2jMkKm3GLHpLiq3J4gE,"","North Campus",6c2573ce-592a-4519-989c-2fd21d6918b7,"W", 08/06/2025 05:30:00 PM,"(UTC-07:00) Arizona",,,4638877,4635900,4641460.5,
PNTM9M2jMkKm3GLHpLiq3J4gE,"","North Campus",6c2573ce-592a-4519-989c-2fd21d6918b7,"W", 08/06/2025 05:45:00 PM,"(UTC-07:00) Arizona",,,4636507.25,4626003,4647011.5,
PNTM9M2jMkKm3GLHpLiq3J4gE,"","North Campus",6c2573ce-592a-4519-989c-2fd21d6918b7,"W", 08/06/2025 06:00:00 PM,"(UTC-07:00) Arizona",,,4556520.875,4514954.5,4590068.5,
PNTM9M2jMkKm3GLHpLiq3J4gE,"","North Campus",6c2573ce-592a-4519-989c-2fd21d6918b7,"W", 08/06/2025 06:15:00 PM,"(UTC-07:00) Arizona",,,4549868.83333333,4514558,4574698,
PNTM9M2jMkKm3GLHpLiq3J4gE,"","North Campus",6c2573ce-592a-4519-989c-2fd21d6918b7,"W", 08/06/2025 06:30:00 PM,"(UTC-07:00) Arizona",,,4554180.75,4553858,4554503.5,
PNTM9M2jMkKm3GLHpLiq3J4gE,"","North Campus",6c2573ce-592a-4519-989c-2fd21d6918b7,"W", 08/06/2025 06:45:00 PM,"(UTC-07:00) Arizona",,,4497549,4475925.5,4511705.5,
PNTM9M2jMkKm3GLHpLiq3J4gE,"","North Campus",6c2573ce-592a-4519-989c-2fd21d6918b7,"W", 08/06/2025 07:00:00 PM,"(UTC-07:00) Arizona",,,4341669.66666667,4309701,4376711,
PNTM9M2jMkKm3GLHpLiq3J4gE,"","North Campus",6c2573ce-592a-4519-989c-2fd21d6918b7,"W", 08/06/2025 07:15:00 PM,"(UTC-07:00) Arizona",,,4307956.83333333,4169981,4390944.5,
PNTM9M2jMkKm3GLHpLiq3J4gE,"","North Campus",6c2573ce-592a-4519-989c-2fd21d6918b7,"W", 08/06/2025 07:30:00 PM,"(UTC-07:00) Arizona",,,4197183.43333333,4187648.8,4215253.5,
PNTM9M2jMkKm3GLHpLiq3J4gE,"","North Campus",6c2573ce-592a-4519-989c-2fd21d6918b7,"W", 08/06/2025 07:45:00 PM,"(UTC-07:00) Arizona",,,4146825.8,4131532.2,4159539,
PNTM9M2jMkKm3GLHpLiq3J4gE,"","North Campus",6c2573ce-592a-4519-989c-2fd21d6918b7,"W", 08/06/2025 08:00:00 PM,"(UTC-07:00) Arizona",,,3887170.23333333,3825120.2,3936583.5,
PNTM9M2jMkKm3GLHpLiq3J4gE,"","North Campus",6c2573ce-592a-4519-989c-2fd21d6918b7,"W", 08/06/2025 08:15:00 PM,"(UTC-07:00) Arizona",,,3818398.4,3789860,3846936.8,
PNTM9M2jMkKm3GLHpLiq3J4gE,"","North Campus",6c2573ce-592a-4519-989c-2fd21d6918b7,"W", 08/06/2025 08:30:00 PM,"(UTC-07:00) Arizona",,,3720573.66666667,3682157.5,3758356.5,
PNTM9M2jMkKm3GLHpLiq3J4gE,"","North Campus",6c2573ce-592a-4519-989c-2fd21d6918b7,"W", 08/06/2025 08:45:00 PM,"(UTC-07:00) Arizona",,,3692437.33333333,3680976.5,3702521,
PNTM9M2jMkKm3GLHpLiq3J4gE,"","North Campus",6c2573ce-592a-4519-989c-2fd21d6918b7,"W", 08/06/2025 09:00:00 PM,"(UTC-07:00) Arizona",,,3698362.6,3681349.5,3722940.5,
PNTM9M2jMkKm3GLHpLiq3J4gE,"","North Campus",6c2573ce-592a-4519-989c-2fd21d6918b7,"W", 08/06/2025 09:15:00 PM,"(UTC-07:00) Arizona",,,3652941.4,3642120.2,3661083,
PNTM9M2jMkKm3GLHpLiq3J4gE,"","North Campus",6c2573ce-592a-4519-989c-2fd21d6918b7,"W", 08/06/2025 09:30:00 PM,"(UTC-07:00) Arizona",,,3617480.4,3594472,3641364,
PNTM9M2jMkKm3GLHpLiq3J4gE,"","North Campus",6c2573ce-592a-4519-989c-2fd21d6918b7,"W", 08/06/2025 09:45:00 PM,"(UTC-07:00) Arizona",,,3599042.7,3588019.8,3604923.8,
PNTM9M2jMkKm3GLHpLiq3J4gE,"","North Campus",6c2573ce-592a-4519-989c-2fd21d6918b7,"W", 08/06/2025 10:00:00 PM,"(UTC-07:00) Arizona",,,3498422.86666667,3467666,3541311.8,
PNTM9M2jMkKm3GLHpLiq3J4gE,"","North Campus",6c2573ce-592a-4519-989c-2fd21d6918b7,"W", 08/06/2025 10:15:00 PM,"(UTC-07:00) Arizona",,,3465638.96666667,3457920.5,3478496.2,
PNTM9M2jMkKm3GLHpLiq3J4gE,"","North Campus",6c2573ce-592a-4519-989c-2fd21d6918b7,"W", 08/06/2025 10:30:00 PM,"(UTC-07:00) Arizona",,,3465734.4,3452047.5,3475625.5,
PNTM9M2jMkKm3GLHpLiq3J4gE,"","North Campus",6c2573ce-592a-4519-989c-2fd21d6918b7,"W", 08/06/2025 10:45:00 PM,"(UTC-07:00) Arizona",,,3441517.83333333,3411127,3501722.5,
PNTM9M2jMkKm3GLHpLiq3J4gE,"","North Campus",6c2573ce-592a-4519-989c-2fd21d6918b7,"W", 08/06/2025 11:00:00 PM,"(UTC-07:00) Arizona",,,3378570.5,3373227.2,3383546.5,
PNTM9M2jMkKm3GLHpLiq3J4gE,"","North Campus",6c2573ce-592a-4519-989c-2fd21d6918b7,"W", 08/06/2025 11:15:00 PM,"(UTC-07:00) Arizona",,,3382921.53333333,3373703.2,3395451.2,
PNTM9M2jMkKm3GLHpLiq3J4gE,"","North Campus",6c2573ce-592a-4519-989c-2fd21d6918b7,"W", 08/06/2025 11:30:00 PM,"(UTC-07:00) Arizona",,,3376250.96666667,3370825.2,3385555.2,
PNTM9M2jMkKm3GLHpLiq3J4gE,"","North Campus",6c2573ce-592a-4519-989c-2fd21d6918b7,"W", 08/06/2025 11:45:00 PM,"(UTC-07:00) Arizona",,,3380934.86666667,3373459,3389167.8,
PNTM9M2jMkKm3GLHpLiq3J4gE,"","North Campus",6c2573ce-592a-4519-989c-2fd21d6918b7,"W", 08/07/2025 12:00:00 AM,"(UTC-07:00) Arizona",,,3329180.5,3310624.5,3355378.8,
PNTM9M2jMkKm3GLHpLiq3J4gE,"","North Campus",6c2573ce-592a-4519-989c-2fd21d6918b7,"W", 08/07/2025 12:15:00 AM,"(UTC-07:00) Arizona",,,3307117.33333333,3295426.5,3315301,
PNTM9M2jMkKm3GLHpLiq3J4gE,"","North Campus",6c2573ce-592a-4519-989c-2fd21d6918b7,"W", 08/07/2025 12:30:00 AM,"(UTC-07:00) Arizona",,,3296102.5,3276801,3330193,
PNTM9M2jMkKm3GLHpLiq3J4gE,"","North Campus",6c2573ce-592a-4519-989c-2fd21d6918b7,"W", 08/07/2025 12:45:00 AM,"(UTC-07:00) Arizona",,,3259464.16666667,3227399.8,3288077.5,
PNTM9M2jMkKm3GLHpLiq3J4gE,"","North Campus",6c2573ce-592a-4519-989c-2fd21d6918b7,"W", 08/07/2025 01:00:00 AM,"(UTC-07:00) Arizona",,,3269864.33333333,3257010,3279388.5,
PNTM9M2jMkKm3GLHpLiq3J4gE,"","North Campus",6c2573ce-592a-4519-989c-2fd21d6918b7,"W", 08/07/2025 01:15:00 AM,"(UTC-07:00) Arizona",,,3243470.23333333,3235209,3252452.5,
PNTM9M2jMkKm3GLHpLiq3J4gE,"","North Campus",6c2573ce-592a-4519-989c-2fd21d6918b7,"W", 08/07/2025 01:30:00 AM,"(UTC-07:00) Arizona",,,3221288.23333333,3195492.2,3251008.5,
PNTM9M2jMkKm3GLHpLiq3J4gE,"","North Campus",6c2573ce-592a-4519-989c-2fd21d6918b7,"W", 08/07/2025 01:45:00 AM,"(UTC-07:00) Arizona",,,3201180.33333333,3177983.2,3214183,
PNTM9M2jMkKm3GLHpLiq3J4gE,"","North Campus",6c2573ce-592a-4519-989c-2fd21d6918b7,"W", 08/07/2025 02:00:00 AM,"(UTC-07:00) Arizona",,,3183624.16666667,3164479.2,3193730.5,
PNTM9M2jMkKm3GLHpLiq3J4gE,"","North Campus",6c2573ce-592a-4519-989c-2fd21d6918b7,"W", 08/07/2025 02:15:00 AM,"(UTC-07:00) Arizona",,,3172955.76666667,3155410.5,3194038,
PNTM9M2jMkKm3GLHpLiq3J4gE,"","North Campus",6c2573ce-592a-4519-989c-2fd21d6918b7,"W", 08/07/2025 02:30:00 AM,"(UTC-07:00) Arizona",,,3163887.6,3154894.8,3171260.5,
PNTM9M2jMkKm3GLHpLiq3J4gE,"","North Campus",6c2573ce-592a-4519-989c-2fd21d6918b7,"W", 08/07/2025 02:45:00 AM,"(UTC-07:00) Arizona",,,3154164.93333333,3124339.8,3190511.2,
PNTM9M2jMkKm3GLHpLiq3J4gE,"","North Campus",6c2573ce-592a-4519-989c-2fd21d6918b7,"W", 08/07/2025 03:00:00 AM,"(UTC-07:00) Arizona",,,3150917.1,3128204.8,3170753.5,
PNTM9M2jMkKm3GLHpLiq3J4gE,"","North Campus",6c2573ce-592a-4519-989c-2fd21d6918b7,"W", 08/07/2025 03:15:00 AM,"(UTC-07:00) Arizona",,,3172070.16666667,3152566,3182391,
PNTM9M2jMkKm3GLHpLiq3J4gE,"","North Campus",6c2573ce-592a-4519-989c-2fd21d6918b7,"W", 08/07/2025 03:30:00 AM,"(UTC-07:00) Arizona",,,3210085.33333333,3170688,3281841.8,
PNTM9M2jMkKm3GLHpLiq3J4gE,"","North Campus",6c2573ce-592a-4519-989c-2fd21d6918b7,"W", 08/07/2025 03:45:00 AM,"(UTC-07:00) Arizona",,,3303840.66666667,3265603.8,3332215.2,
PNTM9M2jMkKm3GLHpLiq3J4gE,"","North Campus",6c2573ce-592a-4519-989c-2fd21d6918b7,"W", 08/07/2025 04:00:00 AM,"(UTC-07:00) Arizona",,,3334604.33333333,3318597.5,3363442.5,
PNTM9M2jMkKm3GLHpLiq3J4gE,"","North Campus",6c2573ce-592a-4519-989c-2fd21d6918b7,"W", 08/07/2025 04:15:00 AM,"(UTC-07:00) Arizona",,,3340367.5,3318148,3355991.5,
PNTM9M2jMkKm3GLHpLiq3J4gE,"","North Campus",6c2573ce-592a-4519-989c-2fd21d6918b7,"W", 08/07/2025 04:30:00 AM,"(UTC-07:00) Arizona",,,3340725.4,3331374.2,3351598,
PNTM9M2jMkKm3GLHpLiq3J4gE,"","North Campus",6c2573ce-592a-4519-989c-2fd21d6918b7,"W", 08/07/2025 04:45:00 AM,"(UTC-07:00) Arizona",,,3366226.5,3365782.8,3366670.2,
PNTM9M2jMkKm3GLHpLiq3J4gE,"","North Campus",6c2573ce-592a-4519-989c-2fd21d6918b7,"W", 08/07/2025 05:00:00 AM,"(UTC-07:00) Arizona",,,3406413.875,3392213.8,3427006,
PNTM9M2jMkKm3GLHpLiq3J4gE,"","North Campus",6c2573ce-592a-4519-989c-2fd21d6918b7,"W", 08/07/2025 05:15:00 AM,"(UTC-07:00) Arizona",,,3366747.65,3358701.5,3374793.8,
PNTM9M2jMkKm3GLHpLiq3J4gE,"","North Campus",6c2573ce-592a-4519-989c-2fd21d6918b7,"W", 08/07/2025 05:30:00 AM,"(UTC-07:00) Arizona",,,3365730,3352210.8,3378342,
PNTM9M2jMkKm3GLHpLiq3J4gE,"","North Campus",6c2573ce-592a-4519-989c-2fd21d6918b7,"W", 08/07/2025 05:45:00 AM,"(UTC-07:00) Arizona",,,3321443.5,3291201.5,3351685.5,
PNTM9M2jMkKm3GLHpLiq3J4gE,"","North Campus",6c2573ce-592a-4519-989c-2fd21d6918b7,"W", 08/07/2025 06:00:00 AM,"(UTC-07:00) Arizona",,,3447450.975,3406510.2,3512781.5,
PNTM9M2jMkKm3GLHpLiq3J4gE,"","North Campus",6c2573ce-592a-4519-989c-2fd21d6918b7,"W", 08/07/2025 06:15:00 AM,"(UTC-07:00) Arizona",,,3500910.9,3494490.8,3507331,
PNTM9M2jMkKm3GLHpLiq3J4gE,"","North Campus",6c2573ce-592a-4519-989c-2fd21d6918b7,"W", 08/07/2025 06:30:00 AM,"(UTC-07:00) Arizona",,,3504769.13333333,3470873.8,3525801.8,
PNTM9M2jMkKm3GLHpLiq3J4gE,"","North Campus",6c2573ce-592a-4519-989c-2fd21d6918b7,"W", 08/07/2025 06:45:00 AM,"(UTC-07:00) Arizona",,,3517147.5,3448004.8,3672779.2,
PNTM9M2jMkKm3GLHpLiq3J4gE,"","North Campus",6c2573ce-592a-4519-989c-2fd21d6918b7,"W", 08/07/2025 07:00:00 AM,"(UTC-07:00) Arizona",,,3624451.5,3617151.2,3634256.8,
PNTM9M2jMkKm3GLHpLiq3J4gE,"","North Campus",6c2573ce-592a-4519-989c-2fd21d6918b7,"W", 08/07/2025 07:15:00 AM,"(UTC-07:00) Arizona",,,3700364.36666667,3689631.8,3706356.5,
PNTM9M2jMkKm3GLHpLiq3J4gE,"","North Campus",6c2573ce-592a-4519-989c-2fd21d6918b7,"W", 08/07/2025 07:30:00 AM,"(UTC-07:00) Arizona",,,3790544.03333333,3771669.8,3804619.5,
PNTM9M2jMkKm3GLHpLiq3J4gE,"","North Campus",6c2573ce-592a-4519-989c-2fd21d6918b7,"W", 08/07/2025 07:45:00 AM,"(UTC-07:00) Arizona",,,3882812.7,3866693.2,3898932.2,
PNTM9M2jMkKm3GLHpLiq3J4gE,"","North Campus",6c2573ce-592a-4519-989c-2fd21d6918b7,"W", 08/07/2025 08:00:00 AM,"(UTC-07:00) Arizona",,,4096926.625,3966700.2,4200222.5,
PNTM9M2jMkKm3GLHpLiq3J4gE,"","North Campus",6c2573ce-592a-4519-989c-2fd21d6918b7,"W", 08/07/2025 08:15:00 AM,"(UTC-07:00) Arizona",,,4203424.5,4167994.5,4243252,
PNTM9M2jMkKm3GLHpLiq3J4gE,"","North Campus",6c2573ce-592a-4519-989c-2fd21d6918b7,"W", 08/07/2025 08:30:00 AM,"(UTC-07:00) Arizona",,,4266189.16666667,4248375.5,4283059.5,
PNTM9M2jMkKm3GLHpLiq3J4gE,"","North Campus",6c2573ce-592a-4519-989c-2fd21d6918b7,"W", 08/07/2025 08:45:00 AM,"(UTC-07:00) Arizona",,,4319462,4303319.5,4335604.5,
PNTM9M2jMkKm3GLHpLiq3J4gE,"","North Campus",6c2573ce-592a-4519-989c-2fd21d6918b7,"W", 08/07/2025 09:00:00 AM,"(UTC-07:00) Arizona",,,4369069.5,4297312,4432721.5,
PNTM9M2jMkKm3GLHpLiq3J4gE,"","North Campus",6c2573ce-592a-4519-989c-2fd21d6918b7,"W", 08/07/2025 09:15:00 AM,"(UTC-07:00) Arizona",,,4358575.16666667,4318389,4398602.5,
PNTM9M2jMkKm3GLHpLiq3J4gE,"","North Campus",6c2573ce-592a-4519-989c-2fd21d6918b7,"W", 08/07/2025 09:30:00 AM,"(UTC-07:00) Arizona",,,4530943.25,4384558,4677328.5,
PNTM9M2jMkKm3GLHpLiq3J4gE,"","North Campus",6c2573ce-592a-4519-989c-2fd21d6918b7,"W", 08/07/2025 09:45:00 AM,"(UTC-07:00) Arizona",,,4568204.75,4410045.5,4726364,
PNTM9M2jMkKm3GLHpLiq3J4gE,"","North Campus",6c2573ce-592a-4519-989c-2fd21d6918b7,"W", 08/07/2025 10:00:00 AM,"(UTC-07:00) Arizona",,,4516153.5,4505885,4526422,
PNTM9M2jMkKm3GLHpLiq3J4gE,"","North Campus",6c2573ce-592a-4519-989c-2fd21d6918b7,"W", 08/07/2025 10:15:00 AM,"(UTC-07:00) Arizona",,,4645007.16666667,4596899.5,4688702.5,
PNTM9M2jMkKm3GLHpLiq3J4gE,"","North Campus",6c2573ce-592a-4519-989c-2fd21d6918b7,"W", 08/07/2025 10:30:00 AM,"(UTC-07:00) Arizona",,,4481698.25,4434661.5,4528735,
PNTM9M2jMkKm3GLHpLiq3J4gE,"","North Campus",6c2573ce-592a-4519-989c-2fd21d6918b7,"W", 08/07/2025 10:45:00 AM,"(UTC-07:00) Arizona",,,4540599.66666667,4435944.5,4606592,
PNTM9M2jMkKm3GLHpLiq3J4gE,"","North Campus",6c2573ce-592a-4519-989c-2fd21d6918b7,"W", 08/07/2025 11:00:00 AM,"(UTC-07:00) Arizona",,,4567244.66666667,4510779.5,4662158.5,
PNTM9M2jMkKm3GLHpLiq3J4gE,"","North Campus",6c2573ce-592a-4519-989c-2fd21d6918b7,"W", 08/07/2025 11:15:00 AM,"(UTC-07:00) Arizona",,,4714507.83333333,4623251,4773923.5,
PNTM9M2jMkKm3GLHpLiq3J4gE,"","North Campus",6c2573ce-592a-4519-989c-2fd21d6918b7,"W", 08/07/2025 11:30:00 AM,"(UTC-07:00) Arizona",,,4480951.33333333,4454225.5,4516478.5,
PNTM9M2jMkKm3GLHpLiq3J4gE,"","North Campus",6c2573ce-592a-4519-989c-2fd21d6918b7,"W", 08/07/2025 11:45:00 AM,"(UTC-07:00) Arizona",,,4466894.75,4444758.5,4489031,
PNTM9M2jMkKm3GLHpLiq3J4gE,"","North Campus",6c2573ce-592a-4519-989c-2fd21d6918b7,"W", 08/07/2025 12:00:00 PM,"(UTC-07:00) Arizona",,,4623168.66666667,4509704.5,4799651.5,
PNTM9M2jMkKm3GLHpLiq3J4gE,"","North Campus",6c2573ce-592a-4519-989c-2fd21d6918b7,"W", 08/07/2025 12:15:00 PM,"(UTC-07:00) Arizona",,,4542461.5,4492595.5,4570060,
PNTM9M2jMkKm3GLHpLiq3J4gE,"","North Campus",6c2573ce-592a-4519-989c-2fd21d6918b7,"W", 08/07/2025 12:30:00 PM,"(UTC-07:00) Arizona",,,4754628.33333333,4609499.5,4889395.5,
PNTM9M2jMkKm3GLHpLiq3J4gE,"","North Campus",6c2573ce-592a-4519-989c-2fd21d6918b7,"W", 08/07/2025 12:45:00 PM,"(UTC-07:00) Arizona",,,4810980.66666667,4776555.5,4835404.5,
PNTM9M2jMkKm3GLHpLiq3J4gE,"","North Campus",6c2573ce-592a-4519-989c-2fd21d6918b7,"W", 08/07/2025 01:00:00 PM,"(UTC-07:00) Arizona",,,4815349.66666667,4745520.5,4891612.5,
PNTM9M2jMkKm3GLHpLiq3J4gE,"","North Campus",6c2573ce-592a-4519-989c-2fd21d6918b7,"W", 08/07/2025 01:15:00 PM,"(UTC-07:00) Arizona",,,4739925.83333333,4526311,4847487.5,
PNTM9M2jMkKm3GLHpLiq3J4gE,"","North Campus",6c2573ce-592a-4519-989c-2fd21d6918b7,"W", 08/07/2025 01:30:00 PM,"(UTC-07:00) Arizona",,,4806452.16666667,4772471,4834852,
PNTM9M2jMkKm3GLHpLiq3J4gE,"","North Campus",6c2573ce-592a-4519-989c-2fd21d6918b7,"W", 08/07/2025 01:45:00 PM,"(UTC-07:00) Arizona",,,4770390,4723562.5,4802040,
PNTM9M2jMkKm3GLHpLiq3J4gE,"","North Campus",6c2573ce-592a-4519-989c-2fd21d6918b7,"W", 08/07/2025 02:00:00 PM,"(UTC-07:00) Arizona",,,4824963.5,4742812.5,4923237.5,
PNTM9M2jMkKm3GLHpLiq3J4gE,"","North Campus",6c2573ce-592a-4519-989c-2fd21d6918b7,"W", 08/07/2025 02:15:00 PM,"(UTC-07:00) Arizona",,,4751508.83333333,4633531,4936586.5,
PNTM9M2jMkKm3GLHpLiq3J4gE,"","North Campus",6c2573ce-592a-4519-989c-2fd21d6918b7,"W", 08/07/2025 02:30:00 PM,"(UTC-07:00) Arizona",,,4778015,4720678.5,4809600,
PNTM9M2jMkKm3GLHpLiq3J4gE,"","North Campus",6c2573ce-592a-4519-989c-2fd21d6918b7,"W", 08/07/2025 02:45:00 PM,"(UTC-07:00) Arizona",,,4831903.5,4822828,4840979,
PNTM9M2jMkKm3GLHpLiq3J4gE,"","North Campus",6c2573ce-592a-4519-989c-2fd21d6918b7,"W", 08/07/2025 03:00:00 PM,"(UTC-07:00) Arizona",,,4777825.75,4524961,4885087.5,
PNTM9M2jMkKm3GLHpLiq3J4gE,"","North Campus",6c2573ce-592a-4519-989c-2fd21d6918b7,"W", 08/07/2025 03:15:00 PM,"(UTC-07:00) Arizona",,,4788656.33333333,4587559,4929360.5,
PNTM9M2jMkKm3GLHpLiq3J4gE,"","North Campus",6c2573ce-592a-4519-989c-2fd21d6918b7,"W", 08/07/2025 03:30:00 PM,"(UTC-07:00) Arizona",,,4691668.83333333,4616595.5,4729485,
PNTM9M2jMkKm3GLHpLiq3J4gE,"","North Campus",6c2573ce-592a-4519-989c-2fd21d6918b7,"W", 08/07/2025 03:45:00 PM,"(UTC-07:00) Arizona",,,4714891.75,4706106.5,4723677,
PNTM9M2jMkKm3GLHpLiq3J4gE,"","North Campus",6c2573ce-592a-4519-989c-2fd21d6918b7,"W", 08/07/2025 04:00:00 PM,"(UTC-07:00) Arizona",,,4763774.25,4660448.5,4891790,
PNTM9M2jMkKm3GLHpLiq3J4gE,"","North Campus",6c2573ce-592a-4519-989c-2fd21d6918b7,"W", 08/07/2025 04:15:00 PM,"(UTC-07:00) Arizona",,,4692808.16666667,4676405,4712584,
PNTM9M2jMkKm3GLHpLiq3J4gE,"","North Campus",6c2573ce-592a-4519-989c-2fd21d6918b7,"W", 08/07/2025 04:30:00 PM,"(UTC-07:00) Arizona",,,4683345.5,4674263,4698546,
PNTM9M2jMkKm3GLHpLiq3J4gE,"","North Campus",6c2573ce-592a-4519-989c-2fd21d6918b7,"W", 08/07/2025 04:45:00 PM,"(UTC-07:00) Arizona",,,4718615.33333333,4697085.5,4731503,
PNTM9M2jMkKm3GLHpLiq3J4gE,"","North Campus",6c2573ce-592a-4519-989c-2fd21d6918b7,"W", 08/07/2025 05:00:00 PM,"(UTC-07:00) Arizona",,,4628893,4625894,4632209.5,
PNTM9M2jMkKm3GLHpLiq3J4gE,"","North Campus",6c2573ce-592a-4519-989c-2fd21d6918b7,"W", 08/07/2025 05:15:00 PM,"(UTC-07:00) Arizona",,,4629343.33333333,4619348,4648902,
PNTM9M2jMkKm3GLHpLiq3J4gE,"","North Campus",6c2573ce-592a-4519-989c-2fd21d6918b7,"W", 08/07/2025 05:30:00 PM,"(UTC-07:00) Arizona",,,4605869.33333333,4577914.5,4653827.5,
PNTM9M2jMkKm3GLHpLiq3J4gE,"","North Campus",6c2573ce-592a-4519-989c-2fd21d6918b7,"W", 08/07/2025 05:45:00 PM,"(UTC-07:00) Arizona",,,4634526,4566736.5,4670905.5,
PNTM9M2jMkKm3GLHpLiq3J4gE,"","North Campus",6c2573ce-592a-4519-989c-2fd21d6918b7,"W", 08/07/2025 06:00:00 PM,"(UTC-07:00) Arizona",,,4515438,4495891,4534985,
PNTM9M2jMkKm3GLHpLiq3J4gE,"","North Campus",6c2573ce-592a-4519-989c-2fd21d6918b7,"W", 08/07/2025 06:15:00 PM,"(UTC-07:00) Arizona",,,4551477.5,4525466,4577489,
PNTM9M2jMkKm3GLHpLiq3J4gE,"","North Campus",6c2573ce-592a-4519-989c-2fd21d6918b7,"W", 08/07/2025 06:30:00 PM,"(UTC-07:00) Arizona",,,4521380.125,4494747.5,4554552,
PNTM9M2jMkKm3GLHpLiq3J4gE,"","North Campus",6c2573ce-592a-4519-989c-2fd21d6918b7,"W", 08/07/2025 06:45:00 PM,"(UTC-07:00) Arizona",,,4448421.16666667,4395279,4501005.5,
PNTM9M2jMkKm3GLHpLiq3J4gE,"","North Campus",6c2573ce-592a-4519-989c-2fd21d6918b7,"W", 08/07/2025 07:00:00 PM,"(UTC-07:00) Arizona",,,4342645.75,4339964,4345327.5,
PNTM9M2jMkKm3GLHpLiq3J4gE,"","North Campus",6c2573ce-592a-4519-989c-2fd21d6918b7,"W", 08/07/2025 07:15:00 PM,"(UTC-07:00) Arizona",,,4347610.875,4305063,4405655.5,
PNTM9M2jMkKm3GLHpLiq3J4gE,"","North Campus",6c2573ce-592a-4519-989c-2fd21d6918b7,"W", 08/07/2025 07:30:00 PM,"(UTC-07:00) Arizona",,,4288271.83333333,4264510.5,4313169,
PNTM9M2jMkKm3GLHpLiq3J4gE,"","North Campus",6c2573ce-592a-4519-989c-2fd21d6918b7,"W", 08/07/2025 07:45:00 PM,"(UTC-07:00) Arizona",,,4209272.33333333,4150010,4242744,
PNTM9M2jMkKm3GLHpLiq3J4gE,"","North Campus",6c2573ce-592a-4519-989c-2fd21d6918b7,"W", 08/07/2025 08:00:00 PM,"(UTC-07:00) Arizona",,,3954350.06666667,3913588,3984869.2,
PNTM9M2jMkKm3GLHpLiq3J4gE,"","North Campus",6c2573ce-592a-4519-989c-2fd21d6918b7,"W", 08/07/2025 08:15:00 PM,"(UTC-07:00) Arizona",,,3868996.5,3860608.5,3877384.5,
PNTM9M2jMkKm3GLHpLiq3J4gE,"","North Campus",6c2573ce-592a-4519-989c-2fd21d6918b7,"W", 08/07/2025 08:30:00 PM,"(UTC-07:00) Arizona",,,3861243.23333333,3814372.5,3901294,
PNTM9M2jMkKm3GLHpLiq3J4gE,"","North Campus",6c2573ce-592a-4519-989c-2fd21d6918b7,"W", 08/07/2025 08:45:00 PM,"(UTC-07:00) Arizona",,,3805874.73333333,3785904,3825653,
PNTM9M2jMkKm3GLHpLiq3J4gE,"","North Campus",6c2573ce-592a-4519-989c-2fd21d6918b7,"W", 08/07/2025 09:00:00 PM,"(UTC-07:00) Arizona",,,3771209.075,3700264.8,3816735.5,
PNTM9M2jMkKm3GLHpLiq3J4gE,"","North Campus",6c2573ce-592a-4519-989c-2fd21d6918b7,"W", 08/07/2025 09:15:00 PM,"(UTC-07:00) Arizona",,,3657728.43333333,3634078.8,3702259.5,
PNTM9M2jMkKm3GLHpLiq3J4gE,"","North Campus",6c2573ce-592a-4519-989c-2fd21d6918b7,"W", 08/07/2025 09:30:00 PM,"(UTC-07:00) Arizona",,,3625651.46666667,3620644.2,3631129.2,
PNTM9M2jMkKm3GLHpLiq3J4gE,"","North Campus",6c2573ce-592a-4519-989c-2fd21d6918b7,"W", 08/07/2025 09:45:00 PM,"(UTC-07:00) Arizona",,,3623273.7,3606199.8,3641805.8,
PNTM9M2jMkKm3GLHpLiq3J4gE,"","North Campus",6c2573ce-592a-4519-989c-2fd21d6918b7,"W", 08/07/2025 10:00:00 PM,"(UTC-07:00) Arizona",,,3581928.25,3568264,3595592.5,
PNTM9M2jMkKm3GLHpLiq3J4gE,"","North Campus",6c2573ce-592a-4519-989c-2fd21d6918b7,"W", 08/07/2025 10:15:00 PM,"(UTC-07:00) Arizona",,,3533054.26666667,3519673.2,3557934.8,
PNTM9M2jMkKm3GLHpLiq3J4gE,"","North Campus",6c2573ce-592a-4519-989c-2fd21d6918b7,"W", 08/07/2025 10:30:00 PM,"(UTC-07:00) Arizona",,,3498961.23333333,3439892.2,3549968.5,
PNTM9M2jMkKm3GLHpLiq3J4gE,"","North Campus",6c2573ce-592a-4519-989c-2fd21d6918b7,"W", 08/07/2025 10:45:00 PM,"(UTC-07:00) Arizona",,,3452280.025,3447258,3457248.8,
PNTM9M2jMkKm3GLHpLiq3J4gE,"","North Campus",6c2573ce-592a-4519-989c-2fd21d6918b7,"W", 08/07/2025 11:00:00 PM,"(UTC-07:00) Arizona",,,3431635.06666667,3419231.2,3451829.5,
PNTM9M2jMkKm3GLHpLiq3J4gE,"","North Campus",6c2573ce-592a-4519-989c-2fd21d6918b7,"W", 08/07/2025 11:15:00 PM,"(UTC-07:00) Arizona",,,3407835,3393733.2,3421936.8,
PNTM9M2jMkKm3GLHpLiq3J4gE,"","North Campus",6c2573ce-592a-4519-989c-2fd21d6918b7,"W", 08/07/2025 11:30:00 PM,"(UTC-07:00) Arizona",,,3412768.93333333,3397881.8,3434594,
PNTM9M2jMkKm3GLHpLiq3J4gE,"","North Campus",6c2573ce-592a-4519-989c-2fd21d6918b7,"W", 08/07/2025 11:45:00 PM,"(UTC-07:00) Arizona",,,3385626.86666667,3372075.8,3405716,
PNTM9M2jMkKm3GLHpLiq3J4gE,"","North Campus",6c2573ce-592a-4519-989c-2fd21d6918b7,"W", 08/08/2025 12:00:00 AM,"(UTC-07:00) Arizona",,,3322258.93333333,3301043.8,3352448.5,
PNTM9M2jMkKm3GLHpLiq3J4gE,"","North Campus",6c2573ce-592a-4519-989c-2fd21d6918b7,"W", 08/08/2025 12:15:00 AM,"(UTC-07:00) Arizona",,,3290447.45,3276278.8,3310218.8,
PNTM9M2jMkKm3GLHpLiq3J4gE,"","North Campus",6c2573ce-592a-4519-989c-2fd21d6918b7,"W", 08/08/2025 12:30:00 AM,"(UTC-07:00) Arizona",,,3291589.35,3288453.5,3294725.2,
PNTM9M2jMkKm3GLHpLiq3J4gE,"","North Campus",6c2573ce-592a-4519-989c-2fd21d6918b7,"W", 08/08/2025 12:45:00 AM,"(UTC-07:00) Arizona",,,3293994.46666667,3277635,3323536.2,
PNTM9M2jMkKm3GLHpLiq3J4gE,"","North Campus",6c2573ce-592a-4519-989c-2fd21d6918b7,"W", 08/08/2025 01:00:00 AM,"(UTC-07:00) Arizona",,,3282595.175,3260172,3299611,
PNTM9M2jMkKm3GLHpLiq3J4gE,"","North Campus",6c2573ce-592a-4519-989c-2fd21d6918b7,"W", 08/08/2025 01:15:00 AM,"(UTC-07:00) Arizona",,,3253678.3,3252635.8,3254720.8,
PNTM9M2jMkKm3GLHpLiq3J4gE,"","North Campus",6c2573ce-592a-4519-989c-2fd21d6918b7,"W", 08/08/2025 01:30:00 AM,"(UTC-07:00) Arizona",,,3265503.625,3255608,3276084.5,
PNTM9M2jMkKm3GLHpLiq3J4gE,"","North Campus",6c2573ce-592a-4519-989c-2fd21d6918b7,"W", 08/08/2025 01:45:00 AM,"(UTC-07:00) Arizona",,,3265209.4,3255396.8,3275022,
PNTM9M2jMkKm3GLHpLiq3J4gE,"","North Campus",6c2573ce-592a-4519-989c-2fd21d6918b7,"W", 08/08/2025 02:00:00 AM,"(UTC-07:00) Arizona",,,3261841.93333333,3238012.5,3276446.8,
PNTM9M2jMkKm3GLHpLiq3J4gE,"","North Campus",6c2573ce-592a-4519-989c-2fd21d6918b7,"W", 08/08/2025 02:15:00 AM,"(UTC-07:00) Arizona",,,3216269.5,3214171.5,3218367.5,
PNTM9M2jMkKm3GLHpLiq3J4gE,"","North Campus",6c2573ce-592a-4519-989c-2fd21d6918b7,"W", 08/08/2025 02:30:00 AM,"(UTC-07:00) Arizona",,,3221285.4,3208341,3234933.2,
PNTM9M2jMkKm3GLHpLiq3J4gE,"","North Campus",6c2573ce-592a-4519-989c-2fd21d6918b7,"W", 08/08/2025 02:45:00 AM,"(UTC-07:00) Arizona",,,3229139.4,3219417.2,3244056.5,
PNTM9M2jMkKm3GLHpLiq3J4gE,"","North Campus",6c2573ce-592a-4519-989c-2fd21d6918b7,"W", 08/08/2025 03:00:00 AM,"(UTC-07:00) Arizona",,,3226709.675,3202278.2,3239770.5,
PNTM9M2jMkKm3GLHpLiq3J4gE,"","North Campus",6c2573ce-592a-4519-989c-2fd21d6918b7,"W", 08/08/2025 03:15:00 AM,"(UTC-07:00) Arizona",,,3229394.4,3222604,3237374.2,
PNTM9M2jMkKm3GLHpLiq3J4gE,"","North Campus",6c2573ce-592a-4519-989c-2fd21d6918b7,"W", 08/08/2025 03:30:00 AM,"(UTC-07:00) Arizona",,,3207391.15,3198778.5,3216003.8,
PNTM9M2jMkKm3GLHpLiq3J4gE,"","North Campus",6c2573ce-592a-4519-989c-2fd21d6918b7,"W", 08/08/2025 03:45:00 AM,"(UTC-07:00) Arizona",,,3314715.2,3293951,3328247.8,
PNTM9M2jMkKm3GLHpLiq3J4gE,"","North Campus",6c2573ce-592a-4519-989c-2fd21d6918b7,"W", 08/08/2025 04:00:00 AM,"(UTC-07:00) Arizona",,,3321819.3,3298192.2,3353417.2,
PNTM9M2jMkKm3GLHpLiq3J4gE,"","North Campus",6c2573ce-592a-4519-989c-2fd21d6918b7,"W", 08/08/2025 04:15:00 AM,"(UTC-07:00) Arizona",,,3347986.03333333,3334993.8,3361391.8,
PNTM9M2jMkKm3GLHpLiq3J4gE,"","North Campus",6c2573ce-592a-4519-989c-2fd21d6918b7,"W", 08/08/2025 04:30:00 AM,"(UTC-07:00) Arizona",,,3335771.83333333,3334001.5,3338325.8,
PNTM9M2jMkKm3GLHpLiq3J4gE,"","North Campus",6c2573ce-592a-4519-989c-2fd21d6918b7,"W", 08/08/2025 04:45:00 AM,"(UTC-07:00) Arizona",,,3343290.5,3334357.2,3353528.8,
PNTM9M2jMkKm3GLHpLiq3J4gE,"","North Campus",6c2573ce-592a-4519-989c-2fd21d6918b7,"W", 08/08/2025 05:00:00 AM,"(UTC-07:00) Arizona",,,3350069.53333333,3331297,3368048.8,
PNTM9M2jMkKm3GLHpLiq3J4gE,"","North Campus",6c2573ce-592a-4519-989c-2fd21d6918b7,"W", 08/08/2025 05:15:00 AM,"(UTC-07:00) Arizona",,,3333413,3309534.5,3362703,
PNTM9M2jMkKm3GLHpLiq3J4gE,"","North Campus",6c2573ce-592a-4519-989c-2fd21d6918b7,"W", 08/08/2025 05:30:00 AM,"(UTC-07:00) Arizona",,,3343121.93333333,3317230.8,3368044,
PNTM9M2jMkKm3GLHpLiq3J4gE,"","North Campus",6c2573ce-592a-4519-989c-2fd21d6918b7,"W", 08/08/2025 05:45:00 AM,"(UTC-07:00) Arizona",,,3338044,3323260,3352828,
PNTM9M2jMkKm3GLHpLiq3J4gE,"","North Campus",6c2573ce-592a-4519-989c-2fd21d6918b7,"W", 08/08/2025 06:00:00 AM,"(UTC-07:00) Arizona",,,3474524.73333333,3469489.2,3484595.8,
PNTM9M2jMkKm3GLHpLiq3J4gE,"","North Campus",6c2573ce-592a-4519-989c-2fd21d6918b7,"W", 08/08/2025 06:15:00 AM,"(UTC-07:00) Arizona",,,3435396.76666667,3430854.8,3443788,
PNTM9M2jMkKm3GLHpLiq3J4gE,"","North Campus",6c2573ce-592a-4519-989c-2fd21d6918b7,"W", 08/08/2025 06:30:00 AM,"(UTC-07:00) Arizona",,,3433703.1,3418324.5,3460785.8,
PNTM9M2jMkKm3GLHpLiq3J4gE,"","North Campus",6c2573ce-592a-4519-989c-2fd21d6918b7,"W", 08/08/2025 06:45:00 AM,"(UTC-07:00) Arizona",,,3450214.03333333,3436724.5,3463069.8,
PNTM9M2jMkKm3GLHpLiq3J4gE,"","North Campus",6c2573ce-592a-4519-989c-2fd21d6918b7,"W", 08/08/2025 07:00:00 AM,"(UTC-07:00) Arizona",,,3463642.7,3445365.5,3494919.8,
PNTM9M2jMkKm3GLHpLiq3J4gE,"","North Campus",6c2573ce-592a-4519-989c-2fd21d6918b7,"W", 08/08/2025 07:15:00 AM,"(UTC-07:00) Arizona",,,3501086.7,3452856.8,3560846.8,
PNTM9M2jMkKm3GLHpLiq3J4gE,"","North Campus",6c2573ce-592a-4519-989c-2fd21d6918b7,"W", 08/08/2025 07:30:00 AM,"(UTC-07:00) Arizona",,,3606238.4,3585561,3644307,
PNTM9M2jMkKm3GLHpLiq3J4gE,"","North Campus",6c2573ce-592a-4519-989c-2fd21d6918b7,"W", 08/08/2025 07:45:00 AM,"(UTC-07:00) Arizona",,,3637340.4,3622715.5,3664739.2,
PNTM9M2jMkKm3GLHpLiq3J4gE,"","North Campus",6c2573ce-592a-4519-989c-2fd21d6918b7,"W", 08/08/2025 08:00:00 AM,"(UTC-07:00) Arizona",,,3710778.83333333,3701782,3723846.5,
PNTM9M2jMkKm3GLHpLiq3J4gE,"","North Campus",6c2573ce-592a-4519-989c-2fd21d6918b7,"W", 08/08/2025 08:15:00 AM,"(UTC-07:00) Arizona",,,3800516.83333333,3778785.5,3817531.5,
PNTM9M2jMkKm3GLHpLiq3J4gE,"","North Campus",6c2573ce-592a-4519-989c-2fd21d6918b7,"W", 08/08/2025 08:30:00 AM,"(UTC-07:00) Arizona",,,3780343.7,3756625.8,3794503.8,
PNTM9M2jMkKm3GLHpLiq3J4gE,"","North Campus",6c2573ce-592a-4519-989c-2fd21d6918b7,"W", 08/08/2025 08:45:00 AM,"(UTC-07:00) Arizona",,,3865944.5,3814477.5,3903248.2,
PNTM9M2jMkKm3GLHpLiq3J4gE,"","North Campus",6c2573ce-592a-4519-989c-2fd21d6918b7,"W", 08/08/2025 09:00:00 AM,"(UTC-07:00) Arizona",,,3841645.06666667,3820385.2,3878548,
PNTM9M2jMkKm3GLHpLiq3J4gE,"","North Campus",6c2573ce-592a-4519-989c-2fd21d6918b7,"W", 08/08/2025 09:15:00 AM,"(UTC-07:00) Arizona",,,3803221.16666667,3780566,3844328,
PNTM9M2jMkKm3GLHpLiq3J4gE,"","North Campus",6c2573ce-592a-4519-989c-2fd21d6918b7,"W", 08/08/2025 09:30:00 AM,"(UTC-07:00) Arizona",,,3786910.33333333,3767311.2,3808627,
PNTM9M2jMkKm3GLHpLiq3J4gE,"","North Campus",6c2573ce-592a-4519-989c-2fd21d6918b7,"W", 08/08/2025 09:45:00 AM,"(UTC-07:00) Arizona",,,3803823.73333333,3780298,3830032,
PNTM9M2jMkKm3GLHpLiq3J4gE,"","North Campus",6c2573ce-592a-4519-989c-2fd21d6918b7,"W", 08/08/2025 10:00:00 AM,"(UTC-07:00) Arizona",,,3772426.86666667,3747949.2,3820213.2,
PNTM9M2jMkKm3GLHpLiq3J4gE,"","North Campus",6c2573ce-592a-4519-989c-2fd21d6918b7,"W", 08/08/2025 10:15:00 AM,"(UTC-07:00) Arizona",,,3812374.6,3776195.5,3859498.5,
PNTM9M2jMkKm3GLHpLiq3J4gE,"","North Campus",6c2573ce-592a-4519-989c-2fd21d6918b7,"W", 08/08/2025 10:30:00 AM,"(UTC-07:00) Arizona",,,3839878.9,3804427,3887801.5,
PNTM9M2jMkKm3GLHpLiq3J4gE,"","North Campus",6c2573ce-592a-4519-989c-2fd21d6918b7,"W", 08/08/2025 10:45:00 AM,"(UTC-07:00) Arizona",,,3883114.15,3864939.8,3901288.5,
PNTM9M2jMkKm3GLHpLiq3J4gE,"","North Campus",6c2573ce-592a-4519-989c-2fd21d6918b7,"W", 08/08/2025 11:00:00 AM,"(UTC-07:00) Arizona",,,3877053.975,3864651.5,3894056,
PNTM9M2jMkKm3GLHpLiq3J4gE,"","North Campus",6c2573ce-592a-4519-989c-2fd21d6918b7,"W", 08/08/2025 11:15:00 AM,"(UTC-07:00) Arizona",,,3892412.13333333,3862544,3917600.2,
PNTM9M2jMkKm3GLHpLiq3J4gE,"","North Campus",6c2573ce-592a-4519-989c-2fd21d6918b7,"W", 08/08/2025 11:30:00 AM,"(UTC-07:00) Arizona",,,3855261.6,3847694.2,3862397.8,
PNTM9M2jMkKm3GLHpLiq3J4gE,"","North Campus",6c2573ce-592a-4519-989c-2fd21d6918b7,"W", 08/08/2025 11:45:00 AM,"(UTC-07:00) Arizona",,,4014606.5,3932676.2,4159223.8,
PNTM9M2jMkKm3GLHpLiq3J4gE,"","North Campus",6c2573ce-592a-4519-989c-2fd21d6918b7,"W", 08/08/2025 12:00:00 PM,"(UTC-07:00) Arizona",,,3851152,3825508.5,3876795.5,
PNTM9M2jMkKm3GLHpLiq3J4gE,"","North Campus",6c2573ce-592a-4519-989c-2fd21d6918b7,"W", 08/08/2025 12:15:00 PM,"(UTC-07:00) Arizona",,,3915500.96666667,3885474.2,3941970.2,
PNTM9M2jMkKm3GLHpLiq3J4gE,"","North Campus",6c2573ce-592a-4519-989c-2fd21d6918b7,"W", 08/08/2025 12:30:00 PM,"(UTC-07:00) Arizona",,,3851098.9,3829716,3884514.8,
PNTM9M2jMkKm3GLHpLiq3J4gE,"","North Campus",6c2573ce-592a-4519-989c-2fd21d6918b7,"W", 08/08/2025 12:45:00 PM,"(UTC-07:00) Arizona",,,3931689.9,3889936.2,3966095.5,
PNTM9M2jMkKm3GLHpLiq3J4gE,"","North Campus",6c2573ce-592a-4519-989c-2fd21d6918b7,"W", 08/08/2025 01:00:00 PM,"(UTC-07:00) Arizona",,,3848531.2,3797679.2,3899383.2,
PNTM9M2jMkKm3GLHpLiq3J4gE,"","North Campus",6c2573ce-592a-4519-989c-2fd21d6918b7,"W", 08/08/2025 01:15:00 PM,"(UTC-07:00) Arizona",,,3887787.43333333,3869627,3922904.8,
PNTM9M2jMkKm3GLHpLiq3J4gE,"","North Campus",6c2573ce-592a-4519-989c-2fd21d6918b7,"W", 08/08/2025 01:30:00 PM,"(UTC-07:00) Arizona",,,3947925.575,3809789.8,4264059.5,
PNTM9M2jMkKm3GLHpLiq3J4gE,"","North Campus",6c2573ce-592a-4519-989c-2fd21d6918b7,"W", 08/08/2025 01:45:00 PM,"(UTC-07:00) Arizona",,,4058055.03333333,3940591.8,4291396.5,
PNTM9M2jMkKm3GLHpLiq3J4gE,"","North Campus",6c2573ce-592a-4519-989c-2fd21d6918b7,"W", 08/08/2025 02:00:00 PM,"(UTC-07:00) Arizona",,,3889041.85,3873717.5,3904366.2,
PNTM9M2jMkKm3GLHpLiq3J4gE,"","North Campus",6c2573ce-592a-4519-989c-2fd21d6918b7,"W", 08/08/2025 02:15:00 PM,"(UTC-07:00) Arizona",,,3989981.075,3851593.5,4238181.5,
PNTM9M2jMkKm3GLHpLiq3J4gE,"","North Campus",6c2573ce-592a-4519-989c-2fd21d6918b7,"W", 08/08/2025 02:30:00 PM,"(UTC-07:00) Arizona",,,3884143.76666667,3837787.5,3964318,
PNTM9M2jMkKm3GLHpLiq3J4gE,"","North Campus",6c2573ce-592a-4519-989c-2fd21d6918b7,"W", 08/08/2025 02:45:00 PM,"(UTC-07:00) Arizona",,,3897466.25,3849819.5,3945113,
PNTM9M2jMkKm3GLHpLiq3J4gE,"","North Campus",6c2573ce-592a-4519-989c-2fd21d6918b7,"W", 08/08/2025 03:00:00 PM,"(UTC-07:00) Arizona",,,3943273.8,3935511.8,3951035.8,
PNTM9M2jMkKm3GLHpLiq3J4gE,"","North Campus",6c2573ce-592a-4519-989c-2fd21d6918b7,"W", 08/08/2025 03:15:00 PM,"(UTC-07:00) Arizona",,,3954401.66666667,3919664,3994687.8,
PNTM9M2jMkKm3GLHpLiq3J4gE,"","North Campus",6c2573ce-592a-4519-989c-2fd21d6918b7,"W", 08/08/2025 03:30:00 PM,"(UTC-07:00) Arizona",,,4053371.4,3971077.5,4279959.5,
PNTM9M2jMkKm3GLHpLiq3J4gE,"","North Campus",6c2573ce-592a-4519-989c-2fd21d6918b7,"W", 08/08/2025 03:45:00 PM,"(UTC-07:00) Arizona",,,4059666.16666667,3960904,4238101.5,
PNTM9M2jMkKm3GLHpLiq3J4gE,"","North Campus",6c2573ce-592a-4519-989c-2fd21d6918b7,"W", 08/08/2025 04:00:00 PM,"(UTC-07:00) Arizona",,,4071332.8,4012296.2,4134436.2,
PNTM9M2jMkKm3GLHpLiq3J4gE,"","North Campus",6c2573ce-592a-4519-989c-2fd21d6918b7,"W", 08/08/2025 04:15:00 PM,"(UTC-07:00) Arizona",,,4063629.3,4058612.2,4068138.2,
PNTM9M2jMkKm3GLHpLiq3J4gE,"","North Campus",6c2573ce-592a-4519-989c-2fd21d6918b7,"W", 08/08/2025 04:30:00 PM,"(UTC-07:00) Arizona",,,4234214,4219722.5,4248705.5,
PNTM9M2jMkKm3GLHpLiq3J4gE,"","North Campus",6c2573ce-592a-4519-989c-2fd21d6918b7,"W", 08/08/2025 04:45:00 PM,"(UTC-07:00) Arizona",,,4096096.85,4065189.2,4130887.2,
PNTM9M2jMkKm3GLHpLiq3J4gE,"","North Campus",6c2573ce-592a-4519-989c-2fd21d6918b7,"W", 08/08/2025 05:00:00 PM,"(UTC-07:00) Arizona",,,4101628.5,4081449.8,4121807.2,
PNTM9M2jMkKm3GLHpLiq3J4gE,"","North Campus",6c2573ce-592a-4519-989c-2fd21d6918b7,"W", 08/08/2025 05:15:00 PM,"(UTC-07:00) Arizona",,,4063436.45,4028905.8,4096672.8,
PNTM9M2jMkKm3GLHpLiq3J4gE,"","North Campus",6c2573ce-592a-4519-989c-2fd21d6918b7,"W", 08/08/2025 05:30:00 PM,"(UTC-07:00) Arizona",,,3982209.65,3972979.5,3991439.8,
PNTM9M2jMkKm3GLHpLiq3J4gE,"","North Campus",6c2573ce-592a-4519-989c-2fd21d6918b7,"W", 08/08/2025 05:45:00 PM,"(UTC-07:00) Arizona",,,4075867.73333333,4027213.2,4100592.5,
PNTM9M2jMkKm3GLHpLiq3J4gE,"","North Campus",6c2573ce-592a-4519-989c-2fd21d6918b7,"W", 08/08/2025 06:00:00 PM,"(UTC-07:00) Arizona",,,4071947.53333333,4015617.2,4100784.2,
PNTM9M2jMkKm3GLHpLiq3J4gE,"","North Campus",6c2573ce-592a-4519-989c-2fd21d6918b7,"W", 08/08/2025 06:15:00 PM,"(UTC-07:00) Arizona",,,4048953.4,4024911.5,4068264.2,
PNTM9M2jMkKm3GLHpLiq3J4gE,"","North Campus",6c2573ce-592a-4519-989c-2fd21d6918b7,"W", 08/08/2025 06:30:00 PM,"(UTC-07:00) Arizona",,,4045721.36666667,4013808.8,4082985.8,
PNTM9M2jMkKm3GLHpLiq3J4gE,"","North Campus",6c2573ce-592a-4519-989c-2fd21d6918b7,"W", 08/08/2025 06:45:00 PM,"(UTC-07:00) Arizona",,,3995516.96666667,3986227.2,4000726.2,
PNTM9M2jMkKm3GLHpLiq3J4gE,"","North Campus",6c2573ce-592a-4519-989c-2fd21d6918b7,"W", 08/08/2025 07:00:00 PM,"(UTC-07:00) Arizona",,,3962495.16666667,3911081.2,4030037.8,
PNTM9M2jMkKm3GLHpLiq3J4gE,"","North Campus",6c2573ce-592a-4519-989c-2fd21d6918b7,"W", 08/08/2025 07:15:00 PM,"(UTC-07:00) Arizona",,,3837584.26666667,3818192.8,3852114,
PNTM9M2jMkKm3GLHpLiq3J4gE,"","North Campus",6c2573ce-592a-4519-989c-2fd21d6918b7,"W", 08/08/2025 07:30:00 PM,"(UTC-07:00) Arizona",,,3828441.5,3817473,3842078.5,
PNTM9M2jMkKm3GLHpLiq3J4gE,"","North Campus",6c2573ce-592a-4519-989c-2fd21d6918b7,"W", 08/08/2025 07:45:00 PM,"(UTC-07:00) Arizona",,,3811421.33333333,3801528.8,3817228.2,
PNTM9M2jMkKm3GLHpLiq3J4gE,"","North Campus",6c2573ce-592a-4519-989c-2fd21d6918b7,"W", 08/08/2025 08:00:00 PM,"(UTC-07:00) Arizona",,,3820195.83333333,3815363.2,3825060.8,
PNTM9M2jMkKm3GLHpLiq3J4gE,"","North Campus",6c2573ce-592a-4519-989c-2fd21d6918b7,"W", 08/08/2025 08:15:00 PM,"(UTC-07:00) Arizona",,,3789726.06666667,3783022.2,3801650.8,
PNTM9M2jMkKm3GLHpLiq3J4gE,"","North Campus",6c2573ce-592a-4519-989c-2fd21d6918b7,"W", 08/08/2025 08:30:00 PM,"(UTC-07:00) Arizona",,,3775557.56666667,3768270,3784381.5,
PNTM9M2jMkKm3GLHpLiq3J4gE,"","North Campus",6c2573ce-592a-4519-989c-2fd21d6918b7,"W", 08/08/2025 08:45:00 PM,"(UTC-07:00) Arizona",,,3715108.13333333,3684835.2,3746897.2,
PNTM9M2jMkKm3GLHpLiq3J4gE,"","North Campus",6c2573ce-592a-4519-989c-2fd21d6918b7,"W", 08/08/2025 09:00:00 PM,"(UTC-07:00) Arizona",,,3713853.16666667,3705386.5,3730304.8,
PNTM9M2jMkKm3GLHpLiq3J4gE,"","North Campus",6c2573ce-592a-4519-989c-2fd21d6918b7,"W", 08/08/2025 09:15:00 PM,"(UTC-07:00) Arizona",,,3637662.475,3610018.5,3654006.2,
PNTM9M2jMkKm3GLHpLiq3J4gE,"","North Campus",6c2573ce-592a-4519-989c-2fd21d6918b7,"W", 08/08/2025 09:30:00 PM,"(UTC-07:00) Arizona",,,3604193.65,3600834.8,3607552.5,
PNTM9M2jMkKm3GLHpLiq3J4gE,"","North Campus",6c2573ce-592a-4519-989c-2fd21d6918b7,"W", 08/08/2025 09:45:00 PM,"(UTC-07:00) Arizona",,,3549710.6,3472830.5,3610166.8,
PNTM9M2jMkKm3GLHpLiq3J4gE,"","North Campus",6c2573ce-592a-4519-989c-2fd21d6918b7,"W", 08/08/2025 10:00:00 PM,"(UTC-07:00) Arizona",,,3440324.26666667,3424674.8,3469911.8,
PNTM9M2jMkKm3GLHpLiq3J4gE,"","North Campus",6c2573ce-592a-4519-989c-2fd21d6918b7,"W", 08/08/2025 10:15:00 PM,"(UTC-07:00) Arizona",,,3481297.03333333,3406610.8,3576041.5,
PNTM9M2jMkKm3GLHpLiq3J4gE,"","North Campus",6c2573ce-592a-4519-989c-2fd21d6918b7,"W", 08/08/2025 10:30:00 PM,"(UTC-07:00) Arizona",,,3398488.9,3387989.5,3407684,
PNTM9M2jMkKm3GLHpLiq3J4gE,"","North Campus",6c2573ce-592a-4519-989c-2fd21d6918b7,"W", 08/08/2025 10:45:00 PM,"(UTC-07:00) Arizona",,,3357537.56666667,3343281,3367951.5,
PNTM9M2jMkKm3GLHpLiq3J4gE,"","North Campus",6c2573ce-592a-4519-989c-2fd21d6918b7,"W", 08/08/2025 11:00:00 PM,"(UTC-07:00) Arizona",,,3331435.6,3323618.8,3338102.5,
PNTM9M2jMkKm3GLHpLiq3J4gE,"","North Campus",6c2573ce-592a-4519-989c-2fd21d6918b7,"W", 08/08/2025 11:15:00 PM,"(UTC-07:00) Arizona",,,3332416.3,3315536.2,3356807.2,
PNTM9M2jMkKm3GLHpLiq3J4gE,"","North Campus",6c2573ce-592a-4519-989c-2fd21d6918b7,"W", 08/08/2025 11:30:00 PM,"(UTC-07:00) Arizona",,,3340116.66666667,3324215.5,3352232.5,
PNTM9M2jMkKm3GLHpLiq3J4gE,"","North Campus",6c2573ce-592a-4519-989c-2fd21d6918b7,"W", 08/08/2025 11:45:00 PM,"(UTC-07:00) Arizona",,,3317962.66666667,3295161.5,3332484.5,
PNTM9M2jMkKm3GLHpLiq3J4gE,"","North Campus",6c2573ce-592a-4519-989c-2fd21d6918b7,"W", 08/09/2025 12:00:00 AM,"(UTC-07:00) Arizona",,,3277673.43333333,3270876.8,3281639.5,
PNTM9M2jMkKm3GLHpLiq3J4gE,"","North Campus",6c2573ce-592a-4519-989c-2fd21d6918b7,"W", 08/09/2025 12:15:00 AM,"(UTC-07:00) Arizona",,,3267549.23333333,3253564.2,3295129,
PNTM9M2jMkKm3GLHpLiq3J4gE,"","North Campus",6c2573ce-592a-4519-989c-2fd21d6918b7,"W", 08/09/2025 12:30:00 AM,"(UTC-07:00) Arizona",,,3253425.43333333,3227107,3292090.8,
PNTM9M2jMkKm3GLHpLiq3J4gE,"","North Campus",6c2573ce-592a-4519-989c-2fd21d6918b7,"W", 08/09/2025 12:45:00 AM,"(UTC-07:00) Arizona",,,3208516.06666667,3191185,3224673.2,
PNTM9M2jMkKm3GLHpLiq3J4gE,"","North Campus",6c2573ce-592a-4519-989c-2fd21d6918b7,"W", 08/09/2025 01:00:00 AM,"(UTC-07:00) Arizona",,,3223054.2,3208055.8,3240733.8,
PNTM9M2jMkKm3GLHpLiq3J4gE,"","North Campus",6c2573ce-592a-4519-989c-2fd21d6918b7,"W", 08/09/2025 01:15:00 AM,"(UTC-07:00) Arizona",,,3221644.66666667,3198035.5,3243504,
PNTM9M2jMkKm3GLHpLiq3J4gE,"","North Campus",6c2573ce-592a-4519-989c-2fd21d6918b7,"W", 08/09/2025 01:30:00 AM,"(UTC-07:00) Arizona",,,3207299.6,3182555.8,3224248.2,
PNTM9M2jMkKm3GLHpLiq3J4gE,"","North Campus",6c2573ce-592a-4519-989c-2fd21d6918b7,"W", 08/09/2025 01:45:00 AM,"(UTC-07:00) Arizona",,,3181295.43333333,3174276,3189091.5,
PNTM9M2jMkKm3GLHpLiq3J4gE,"","North Campus",6c2573ce-592a-4519-989c-2fd21d6918b7,"W", 08/09/2025 02:00:00 AM,"(UTC-07:00) Arizona",,,3193390.73333333,3190216.8,3196991.2,
PNTM9M2jMkKm3GLHpLiq3J4gE,"","North Campus",6c2573ce-592a-4519-989c-2fd21d6918b7,"W", 08/09/2025 02:15:00 AM,"(UTC-07:00) Arizona",,,3207432.3,3186267.5,3218320.2,
PNTM9M2jMkKm3GLHpLiq3J4gE,"","North Campus",6c2573ce-592a-4519-989c-2fd21d6918b7,"W", 08/09/2025 02:30:00 AM,"(UTC-07:00) Arizona",,,3206724.9,3175010.5,3247951.2,
PNTM9M2jMkKm3GLHpLiq3J4gE,"","North Campus",6c2573ce-592a-4519-989c-2fd21d6918b7,"W", 08/09/2025 02:45:00 AM,"(UTC-07:00) Arizona",,,3187684.06666667,3174552,3200897.2,
PNTM9M2jMkKm3GLHpLiq3J4gE,"","North Campus",6c2573ce-592a-4519-989c-2fd21d6918b7,"W", 08/09/2025 03:00:00 AM,"(UTC-07:00) Arizona",,,3171215.9,3151090.2,3206789.5,
PNTM9M2jMkKm3GLHpLiq3J4gE,"","North Campus",6c2573ce-592a-4519-989c-2fd21d6918b7,"W", 08/09/2025 03:15:00 AM,"(UTC-07:00) Arizona",,,3167939.96666667,3142722.2,3182006.2,
PNTM9M2jMkKm3GLHpLiq3J4gE,"","North Campus",6c2573ce-592a-4519-989c-2fd21d6918b7,"W", 08/09/2025 03:30:00 AM,"(UTC-07:00) Arizona",,,3159726.56666667,3150977,3176425.2,
PNTM9M2jMkKm3GLHpLiq3J4gE,"","North Campus",6c2573ce-592a-4519-989c-2fd21d6918b7,"W", 08/09/2025 03:45:00 AM,"(UTC-07:00) Arizona",,,3151945.33333333,3127969,3172511.5,
PNTM9M2jMkKm3GLHpLiq3J4gE,"","North Campus",6c2573ce-592a-4519-989c-2fd21d6918b7,"W", 08/09/2025 04:00:00 AM,"(UTC-07:00) Arizona",,,3169462.53333333,3151570,3190523.8,
PNTM9M2jMkKm3GLHpLiq3J4gE,"","North Campus",6c2573ce-592a-4519-989c-2fd21d6918b7,"W", 08/09/2025 04:15:00 AM,"(UTC-07:00) Arizona",,,3126790.66666667,3117526,3133719.2,
PNTM9M2jMkKm3GLHpLiq3J4gE,"","North Campus",6c2573ce-592a-4519-989c-2fd21d6918b7,"W", 08/09/2025 04:30:00 AM,"(UTC-07:00) Arizona",,,3129233.5,3116651.2,3147544.8,
PNTM9M2jMkKm3GLHpLiq3J4gE,"","North Campus",6c2573ce-592a-4519-989c-2fd21d6918b7,"W", 08/09/2025 04:45:00 AM,"(UTC-07:00) Arizona",,,3136279.33333333,3124136,3151049.8,
PNTM9M2jMkKm3GLHpLiq3J4gE,"","North Campus",6c2573ce-592a-4519-989c-2fd21d6918b7,"W", 08/09/2025 05:00:00 AM,"(UTC-07:00) Arizona",,,3162358.23333333,3146952.2,3174314.5,
PNTM9M2jMkKm3GLHpLiq3J4gE,"","North Campus",6c2573ce-592a-4519-989c-2fd21d6918b7,"W", 08/09/2025 05:15:00 AM,"(UTC-07:00) Arizona",,,3168515.5,3159015.8,3182042.5,
PNTM9M2jMkKm3GLHpLiq3J4gE,"","North Campus",6c2573ce-592a-4519-989c-2fd21d6918b7,"W", 08/09/2025 05:30:00 AM,"(UTC-07:00) Arizona",,,3149346.5,3139253.5,3157841.2,
PNTM9M2jMkKm3GLHpLiq3J4gE,"","North Campus",6c2573ce-592a-4519-989c-2fd21d6918b7,"W", 08/09/2025 05:45:00 AM,"(UTC-07:00) Arizona",,,3108067.5,3092023.5,3122431.8,
PNTM9M2jMkKm3GLHpLiq3J4gE,"","North Campus",6c2573ce-592a-4519-989c-2fd21d6918b7,"W", 08/09/2025 06:00:00 AM,"(UTC-07:00) Arizona",,,3125207.36666667,3119702.5,3131854.8,
PNTM9M2jMkKm3GLHpLiq3J4gE,"","North Campus",6c2573ce-592a-4519-989c-2fd21d6918b7,"W", 08/09/2025 06:15:00 AM,"(UTC-07:00) Arizona",,,3080663.13333333,3001748.8,3169876.8,
PNTM9M2jMkKm3GLHpLiq3J4gE,"","North Campus",6c2573ce-592a-4519-989c-2fd21d6918b7,"W", 08/09/2025 06:30:00 AM,"(UTC-07:00) Arizona",,,3056957.83333333,3029768.5,3092418,
PNTM9M2jMkKm3GLHpLiq3J4gE,"","North Campus",6c2573ce-592a-4519-989c-2fd21d6918b7,"W", 08/09/2025 06:45:00 AM,"(UTC-07:00) Arizona",,,3010296.36666667,3004104.8,3019667.5,
PNTM9M2jMkKm3GLHpLiq3J4gE,"","North Campus",6c2573ce-592a-4519-989c-2fd21d6918b7,"W", 08/09/2025 07:00:00 AM,"(UTC-07:00) Arizona",,,3016646.06666667,2987592,3032113,
PNTM9M2jMkKm3GLHpLiq3J4gE,"","North Campus",6c2573ce-592a-4519-989c-2fd21d6918b7,"W", 08/09/2025 07:15:00 AM,"(UTC-07:00) Arizona",,,2991608.3,2975015.2,3008624.5,
PNTM9M2jMkKm3GLHpLiq3J4gE,"","North Campus",6c2573ce-592a-4519-989c-2fd21d6918b7,"W", 08/09/2025 07:30:00 AM,"(UTC-07:00) Arizona",,,2949127.33333333,2941425.5,2959958,
PNTM9M2jMkKm3GLHpLiq3J4gE,"","North Campus",6c2573ce-592a-4519-989c-2fd21d6918b7,"W", 08/09/2025 07:45:00 AM,"(UTC-07:00) Arizona",,,2986960.46666667,2958356,3026709.2,
PNTM9M2jMkKm3GLHpLiq3J4gE,"","North Campus",6c2573ce-592a-4519-989c-2fd21d6918b7,"W", 08/09/2025 08:00:00 AM,"(UTC-07:00) Arizona",,,3059215.4,3039721,3078709.8,
PNTM9M2jMkKm3GLHpLiq3J4gE,"","North Campus",6c2573ce-592a-4519-989c-2fd21d6918b7,"W", 08/09/2025 08:15:00 AM,"(UTC-07:00) Arizona",,,3207278.875,3122693.8,3290359.5,
PNTM9M2jMkKm3GLHpLiq3J4gE,"","North Campus",6c2573ce-592a-4519-989c-2fd21d6918b7,"W", 08/09/2025 08:30:00 AM,"(UTC-07:00) Arizona",,,3306802.85,3293133.2,3320472.5,
PNTM9M2jMkKm3GLHpLiq3J4gE,"","North Campus",6c2573ce-592a-4519-989c-2fd21d6918b7,"W", 08/09/2025 08:45:00 AM,"(UTC-07:00) Arizona",,,3332323.66666667,3303701.8,3364304.2,
PNTM9M2jMkKm3GLHpLiq3J4gE,"","North Campus",6c2573ce-592a-4519-989c-2fd21d6918b7,"W", 08/09/2025 09:00:00 AM,"(UTC-07:00) Arizona",,,3383225.325,3363635.2,3427410.5,
PNTM9M2jMkKm3GLHpLiq3J4gE,"","North Campus",6c2573ce-592a-4519-989c-2fd21d6918b7,"W", 08/09/2025 09:15:00 AM,"(UTC-07:00) Arizona",,,3360737,3359181,3362293,
PNTM9M2jMkKm3GLHpLiq3J4gE,"","North Campus",6c2573ce-592a-4519-989c-2fd21d6918b7,"W", 08/09/2025 09:30:00 AM,"(UTC-07:00) Arizona",,,3348426.375,3317023.8,3381576,
PNTM9M2jMkKm3GLHpLiq3J4gE,"","North Campus",6c2573ce-592a-4519-989c-2fd21d6918b7,"W", 08/09/2025 09:45:00 AM,"(UTC-07:00) Arizona",,,3350967.63333333,3341307.5,3357470.2,
PNTM9M2jMkKm3GLHpLiq3J4gE,"","North Campus",6c2573ce-592a-4519-989c-2fd21d6918b7,"W", 08/09/2025 10:00:00 AM,"(UTC-07:00) Arizona",,,3322414.65,3311538.8,3333290.5,
PNTM9M2jMkKm3GLHpLiq3J4gE,"","North Campus",6c2573ce-592a-4519-989c-2fd21d6918b7,"W", 08/09/2025 10:15:00 AM,"(UTC-07:00) Arizona",,,3307636.475,3270770.5,3326028,
PNTM9M2jMkKm3GLHpLiq3J4gE,"","North Campus",6c2573ce-592a-4519-989c-2fd21d6918b7,"W", 08/09/2025 10:30:00 AM,"(UTC-07:00) Arizona",,,3559440.25,3534386,3584494.5,
PNTM9M2jMkKm3GLHpLiq3J4gE,"","North Campus",6c2573ce-592a-4519-989c-2fd21d6918b7,"W", 08/09/2025 10:45:00 AM,"(UTC-07:00) Arizona",,,3399184.5,3237991,3629510.8,
PNTM9M2jMkKm3GLHpLiq3J4gE,"","North Campus",6c2573ce-592a-4519-989c-2fd21d6918b7,"W", 08/09/2025 11:00:00 AM,"(UTC-07:00) Arizona",,,3350154.9,3339416.8,3360893,
PNTM9M2jMkKm3GLHpLiq3J4gE,"","North Campus",6c2573ce-592a-4519-989c-2fd21d6918b7,"W", 08/09/2025 11:15:00 AM,"(UTC-07:00) Arizona",,,3317304.125,3290867.5,3330430.8,
PNTM9M2jMkKm3GLHpLiq3J4gE,"","North Campus",6c2573ce-592a-4519-989c-2fd21d6918b7,"W", 08/09/2025 11:30:00 AM,"(UTC-07:00) Arizona",,,3317346.7,3302695.5,3325733.8,
PNTM9M2jMkKm3GLHpLiq3J4gE,"","North Campus",6c2573ce-592a-4519-989c-2fd21d6918b7,"W", 08/09/2025 11:45:00 AM,"(UTC-07:00) Arizona",,,3360190.3,3295215.8,3425164.8,
PNTM9M2jMkKm3GLHpLiq3J4gE,"","North Campus",6c2573ce-592a-4519-989c-2fd21d6918b7,"W", 08/09/2025 12:00:00 PM,"(UTC-07:00) Arizona",,,3463958.9,3324038.2,3697191.5,
PNTM9M2jMkKm3GLHpLiq3J4gE,"","North Campus",6c2573ce-592a-4519-989c-2fd21d6918b7,"W", 08/09/2025 12:15:00 PM,"(UTC-07:00) Arizona",,,3599060.43333333,3379755.5,3735893,
PNTM9M2jMkKm3GLHpLiq3J4gE,"","North Campus",6c2573ce-592a-4519-989c-2fd21d6918b7,"W", 08/09/2025 12:30:00 PM,"(UTC-07:00) Arizona",,,3568698.75,3319220.5,3744072.5,
PNTM9M2jMkKm3GLHpLiq3J4gE,"","North Campus",6c2573ce-592a-4519-989c-2fd21d6918b7,"W", 08/09/2025 12:45:00 PM,"(UTC-07:00) Arizona",,,3432949.15,3410556.8,3455341.5,
PNTM9M2jMkKm3GLHpLiq3J4gE,"","North Campus",6c2573ce-592a-4519-989c-2fd21d6918b7,"W", 08/09/2025 01:00:00 PM,"(UTC-07:00) Arizona",,,3446394.93333333,3337949.8,3652334,
PNTM9M2jMkKm3GLHpLiq3J4gE,"","North Campus",6c2573ce-592a-4519-989c-2fd21d6918b7,"W", 08/09/2025 01:15:00 PM,"(UTC-07:00) Arizona",,,3400679.56666667,3380105,3424828.5,
PNTM9M2jMkKm3GLHpLiq3J4gE,"","North Campus",6c2573ce-592a-4519-989c-2fd21d6918b7,"W", 08/09/2025 01:30:00 PM,"(UTC-07:00) Arizona",,,3384138.9,3342450.5,3415977,
PNTM9M2jMkKm3GLHpLiq3J4gE,"","North Campus",6c2573ce-592a-4519-989c-2fd21d6918b7,"W", 08/09/2025 01:45:00 PM,"(UTC-07:00) Arizona",,,3503687.13333333,3393464.2,3715847,
PNTM9M2jMkKm3GLHpLiq3J4gE,"","North Campus",6c2573ce-592a-4519-989c-2fd21d6918b7,"W", 08/09/2025 02:00:00 PM,"(UTC-07:00) Arizona",,,3432938.875,3407685,3462752,
PNTM9M2jMkKm3GLHpLiq3J4gE,"","North Campus",6c2573ce-592a-4519-989c-2fd21d6918b7,"W", 08/09/2025 02:15:00 PM,"(UTC-07:00) Arizona",,,3588290.1,3387907,3788673.2,
PNTM9M2jMkKm3GLHpLiq3J4gE,"","North Campus",6c2573ce-592a-4519-989c-2fd21d6918b7,"W", 08/09/2025 02:30:00 PM,"(UTC-07:00) Arizona",,,3496898.5,3446577.8,3547219.2,
PNTM9M2jMkKm3GLHpLiq3J4gE,"","North Campus",6c2573ce-592a-4519-989c-2fd21d6918b7,"W", 08/09/2025 02:45:00 PM,"(UTC-07:00) Arizona",,,3487795.9,3388331,3588904.5,
PNTM9M2jMkKm3GLHpLiq3J4gE,"","North Campus",6c2573ce-592a-4519-989c-2fd21d6918b7,"W", 08/09/2025 03:00:00 PM,"(UTC-07:00) Arizona",,,3478799.73333333,3375263.8,3613537.2,
PNTM9M2jMkKm3GLHpLiq3J4gE,"","North Campus",6c2573ce-592a-4519-989c-2fd21d6918b7,"W", 08/09/2025 03:15:00 PM,"(UTC-07:00) Arizona",,,3586940.33333333,3465798.8,3798080,
PNTM9M2jMkKm3GLHpLiq3J4gE,"","North Campus",6c2573ce-592a-4519-989c-2fd21d6918b7,"W", 08/09/2025 03:30:00 PM,"(UTC-07:00) Arizona",,,3582830.73333333,3465829.8,3644538.2,
PNTM9M2jMkKm3GLHpLiq3J4gE,"","North Campus",6c2573ce-592a-4519-989c-2fd21d6918b7,"W", 08/09/2025 03:45:00 PM,"(UTC-07:00) Arizona",,,3734235.6,3726257.2,3738224.8,
PNTM9M2jMkKm3GLHpLiq3J4gE,"","North Campus",6c2573ce-592a-4519-989c-2fd21d6918b7,"W", 08/09/2025 04:00:00 PM,"(UTC-07:00) Arizona",,,3798316.7,3772877.5,3825152.8,
PNTM9M2jMkKm3GLHpLiq3J4gE,"","North Campus",6c2573ce-592a-4519-989c-2fd21d6918b7,"W", 08/09/2025 04:15:00 PM,"(UTC-07:00) Arizona",,,3705279.66666667,3704584,3705627.5,
PNTM9M2jMkKm3GLHpLiq3J4gE,"","North Campus",6c2573ce-592a-4519-989c-2fd21d6918b7,"W", 08/09/2025 04:30:00 PM,"(UTC-07:00) Arizona",,,3715667.5,3704920,3736614,
PNTM9M2jMkKm3GLHpLiq3J4gE,"","North Campus",6c2573ce-592a-4519-989c-2fd21d6918b7,"W", 08/09/2025 04:45:00 PM,"(UTC-07:00) Arizona",,,3699330.16666667,3652961.8,3761170.5,
PNTM9M2jMkKm3GLHpLiq3J4gE,"","North Campus",6c2573ce-592a-4519-989c-2fd21d6918b7,"W", 08/09/2025 05:00:00 PM,"(UTC-07:00) Arizona",,,3791696.26666667,3764281.8,3809711,
PNTM9M2jMkKm3GLHpLiq3J4gE,"","North Campus",6c2573ce-592a-4519-989c-2fd21d6918b7,"W", 08/09/2025 05:15:00 PM,"(UTC-07:00) Arizona",,,3707401.6,3655052.8,3734344,
PNTM9M2jMkKm3GLHpLiq3J4gE,"","North Campus",6c2573ce-592a-4519-989c-2fd21d6918b7,"W", 08/09/2025 05:30:00 PM,"(UTC-07:00) Arizona",,,3731932.33333333,3695150.2,3797922,
PNTM9M2jMkKm3GLHpLiq3J4gE,"","North Campus",6c2573ce-592a-4519-989c-2fd21d6918b7,"W", 08/09/2025 05:45:00 PM,"(UTC-07:00) Arizona",,,3727976.9,3717596,3742030.2,
PNTM9M2jMkKm3GLHpLiq3J4gE,"","North Campus",6c2573ce-592a-4519-989c-2fd21d6918b7,"W", 08/09/2025 06:00:00 PM,"(UTC-07:00) Arizona",,,3705330.5,3671746.8,3770861.2,
PNTM9M2jMkKm3GLHpLiq3J4gE,"","North Campus",6c2573ce-592a-4519-989c-2fd21d6918b7,"W", 08/09/2025 06:15:00 PM,"(UTC-07:00) Arizona",,,3673050.93333333,3646928.2,3700477.8,
PNTM9M2jMkKm3GLHpLiq3J4gE,"","North Campus",6c2573ce-592a-4519-989c-2fd21d6918b7,"W", 08/09/2025 06:30:00 PM,"(UTC-07:00) Arizona",,,3677899.2,3648165.2,3693461.2,
PNTM9M2jMkKm3GLHpLiq3J4gE,"","North Campus",6c2573ce-592a-4519-989c-2fd21d6918b7,"W", 08/09/2025 06:45:00 PM,"(UTC-07:00) Arizona",,,3608009.26666667,3579108.5,3629428.5,
PNTM9M2jMkKm3GLHpLiq3J4gE,"","North Campus",6c2573ce-592a-4519-989c-2fd21d6918b7,"W", 08/09/2025 07:00:00 PM,"(UTC-07:00) Arizona",,,3614786,3614786,3614786,
PNTM9M2jMkKm3GLHpLiq3J4gE,"","North Campus",6c2573ce-592a-4519-989c-2fd21d6918b7,"W", 08/09/2025 07:15:00 PM,"(UTC-07:00) Arizona",,,3646654.43333333,3611650.8,3695030.5,
PNTM9M2jMkKm3GLHpLiq3J4gE,"","North Campus",6c2573ce-592a-4519-989c-2fd21d6918b7,"W", 08/09/2025 07:30:00 PM,"(UTC-07:00) Arizona",,,3635211.4,3632354,3640537.2,
PNTM9M2jMkKm3GLHpLiq3J4gE,"","North Campus",6c2573ce-592a-4519-989c-2fd21d6918b7,"W", 08/09/2025 07:45:00 PM,"(UTC-07:00) Arizona",,,3650194.53333333,3640882.8,3667228,
PNTM9M2jMkKm3GLHpLiq3J4gE,"","North Campus",6c2573ce-592a-4519-989c-2fd21d6918b7,"W", 08/09/2025 08:00:00 PM,"(UTC-07:00) Arizona",,,3685041.73333333,3655686.2,3725883.2,
PNTM9M2jMkKm3GLHpLiq3J4gE,"","North Campus",6c2573ce-592a-4519-989c-2fd21d6918b7,"W", 08/09/2025 08:15:00 PM,"(UTC-07:00) Arizona",,,3665313.9,3645770,3684857.8,
PNTM9M2jMkKm3GLHpLiq3J4gE,"","North Campus",6c2573ce-592a-4519-989c-2fd21d6918b7,"W", 08/09/2025 08:30:00 PM,"(UTC-07:00) Arizona",,,3620115.8,3590598,3660144,
PNTM9M2jMkKm3GLHpLiq3J4gE,"","North Campus",6c2573ce-592a-4519-989c-2fd21d6918b7,"W", 08/09/2025 08:45:00 PM,"(UTC-07:00) Arizona",,,3557367.75,3512838.5,3601897,
PNTM9M2jMkKm3GLHpLiq3J4gE,"","North Campus",6c2573ce-592a-4519-989c-2fd21d6918b7,"W", 08/09/2025 09:00:00 PM,"(UTC-07:00) Arizona",,,3597301.65,3583307.5,3621220.5,
PNTM9M2jMkKm3GLHpLiq3J4gE,"","North Campus",6c2573ce-592a-4519-989c-2fd21d6918b7,"W", 08/09/2025 09:15:00 PM,"(UTC-07:00) Arizona",,,3618284.96666667,3589348.2,3650339.2,
PNTM9M2jMkKm3GLHpLiq3J4gE,"","North Campus",6c2573ce-592a-4519-989c-2fd21d6918b7,"W", 08/09/2025 09:30:00 PM,"(UTC-07:00) Arizona",,,3514612.5,3511092.8,3518132.2,
PNTM9M2jMkKm3GLHpLiq3J4gE,"","North Campus",6c2573ce-592a-4519-989c-2fd21d6918b7,"W", 08/09/2025 09:45:00 PM,"(UTC-07:00) Arizona",,,3492601.5,3484610.8,3500592.2,
PNTM9M2jMkKm3GLHpLiq3J4gE,"","North Campus",6c2573ce-592a-4519-989c-2fd21d6918b7,"W", 08/09/2025 10:00:00 PM,"(UTC-07:00) Arizona",,,3427942.5,3402386,3467538.5,
PNTM9M2jMkKm3GLHpLiq3J4gE,"","North Campus",6c2573ce-592a-4519-989c-2fd21d6918b7,"W", 08/09/2025 10:15:00 PM,"(UTC-07:00) Arizona",,,3429091.925,3403508.2,3467184,
PNTM9M2jMkKm3GLHpLiq3J4gE,"","North Campus",6c2573ce-592a-4519-989c-2fd21d6918b7,"W", 08/09/2025 10:30:00 PM,"(UTC-07:00) Arizona",,,3406766,3391769,3421763,
PNTM9M2jMkKm3GLHpLiq3J4gE,"","North Campus",6c2573ce-592a-4519-989c-2fd21d6918b7,"W", 08/09/2025 10:45:00 PM,"(UTC-07:00) Arizona",,,3399980.83333333,3366074.5,3420283.5,
PNTM9M2jMkKm3GLHpLiq3J4gE,"","North Campus",6c2573ce-592a-4519-989c-2fd21d6918b7,"W", 08/09/2025 11:00:00 PM,"(UTC-07:00) Arizona",,,3373613.9,3354979,3392248.8,
PNTM9M2jMkKm3GLHpLiq3J4gE,"","North Campus",6c2573ce-592a-4519-989c-2fd21d6918b7,"W", 08/09/2025 11:15:00 PM,"(UTC-07:00) Arizona",,,3361422.625,3327151.8,3382947.5,
PNTM9M2jMkKm3GLHpLiq3J4gE,"","North Campus",6c2573ce-592a-4519-989c-2fd21d6918b7,"W", 08/09/2025 11:30:00 PM,"(UTC-07:00) Arizona",,,3317392.35,3301204.2,3333580.5,
PNTM9M2jMkKm3GLHpLiq3J4gE,"","North Campus",6c2573ce-592a-4519-989c-2fd21d6918b7,"W", 08/09/2025 11:45:00 PM,"(UTC-07:00) Arizona",,,3328294.93333333,3308805.2,3338521.8,
PNTM9M2jMkKm3GLHpLiq3J4gE,"","North Campus",6c2573ce-592a-4519-989c-2fd21d6918b7,"W", 08/10/2025 12:00:00 AM,"(UTC-07:00) Arizona",,,3261567.73333333,3250232,3274846,
PNTM9M2jMkKm3GLHpLiq3J4gE,"","North Campus",6c2573ce-592a-4519-989c-2fd21d6918b7,"W", 08/10/2025 12:15:00 AM,"(UTC-07:00) Arizona",,,3247756.63333333,3232294.2,3268426.2,
PNTM9M2jMkKm3GLHpLiq3J4gE,"","North Campus",6c2573ce-592a-4519-989c-2fd21d6918b7,"W", 08/10/2025 12:30:00 AM,"(UTC-07:00) Arizona",,,3248910.9,3228498,3267940.2,
PNTM9M2jMkKm3GLHpLiq3J4gE,"","North Campus",6c2573ce-592a-4519-989c-2fd21d6918b7,"W", 08/10/2025 12:45:00 AM,"(UTC-07:00) Arizona",,,3208087.425,3198292.8,3217268.2,
PNTM9M2jMkKm3GLHpLiq3J4gE,"","North Campus",6c2573ce-592a-4519-989c-2fd21d6918b7,"W", 08/10/2025 01:00:00 AM,"(UTC-07:00) Arizona",,,3196049.5,3176799.5,3215299.5,
PNTM9M2jMkKm3GLHpLiq3J4gE,"","North Campus",6c2573ce-592a-4519-989c-2fd21d6918b7,"W", 08/10/2025 01:15:00 AM,"(UTC-07:00) Arizona",,,3220559.23333333,3211602.5,3231048.2,
PNTM9M2jMkKm3GLHpLiq3J4gE,"","North Campus",6c2573ce-592a-4519-989c-2fd21d6918b7,"W", 08/10/2025 01:30:00 AM,"(UTC-07:00) Arizona",,,3197209,3186550.2,3207867.8,
PNTM9M2jMkKm3GLHpLiq3J4gE,"","North Campus",6c2573ce-592a-4519-989c-2fd21d6918b7,"W", 08/10/2025 01:45:00 AM,"(UTC-07:00) Arizona",,,3182393.5,3175023.2,3187208.8,
PNTM9M2jMkKm3GLHpLiq3J4gE,"","North Campus",6c2573ce-592a-4519-989c-2fd21d6918b7,"W", 08/10/2025 02:00:00 AM,"(UTC-07:00) Arizona",,,3219279.63333333,3208874.5,3229418.2,
PNTM9M2jMkKm3GLHpLiq3J4gE,"","North Campus",6c2573ce-592a-4519-989c-2fd21d6918b7,"W", 08/10/2025 02:15:00 AM,"(UTC-07:00) Arizona",,,3201770.66666667,3178631.2,3225546,
PNTM9M2jMkKm3GLHpLiq3J4gE,"","North Campus",6c2573ce-592a-4519-989c-2fd21d6918b7,"W", 08/10/2025 02:30:00 AM,"(UTC-07:00) Arizona",,,3170199.43333333,3154977,3178897.8,
PNTM9M2jMkKm3GLHpLiq3J4gE,"","North Campus",6c2573ce-592a-4519-989c-2fd21d6918b7,"W", 08/10/2025 02:45:00 AM,"(UTC-07:00) Arizona",,,3175024.66666667,3170168,3180425,
PNTM9M2jMkKm3GLHpLiq3J4gE,"","North Campus",6c2573ce-592a-4519-989c-2fd21d6918b7,"W", 08/10/2025 03:00:00 AM,"(UTC-07:00) Arizona",,,3177405.4,3164184.5,3186937.2,
PNTM9M2jMkKm3GLHpLiq3J4gE,"","North Campus",6c2573ce-592a-4519-989c-2fd21d6918b7,"W", 08/10/2025 03:15:00 AM,"(UTC-07:00) Arizona",,,3211616.6,3205064.8,3214892.5,
PNTM9M2jMkKm3GLHpLiq3J4gE,"","North Campus",6c2573ce-592a-4519-989c-2fd21d6918b7,"W", 08/10/2025 03:30:00 AM,"(UTC-07:00) Arizona",,,3176282.43333333,3154078.8,3200336,
PNTM9M2jMkKm3GLHpLiq3J4gE,"","North Campus",6c2573ce-592a-4519-989c-2fd21d6918b7,"W", 08/10/2025 03:45:00 AM,"(UTC-07:00) Arizona",,,3182324.03333333,3160613.5,3196893.8,
PNTM9M2jMkKm3GLHpLiq3J4gE,"","North Campus",6c2573ce-592a-4519-989c-2fd21d6918b7,"W", 08/10/2025 04:00:00 AM,"(UTC-07:00) Arizona",,,3168467.65,3165904.8,3171030.5,
PNTM9M2jMkKm3GLHpLiq3J4gE,"","North Campus",6c2573ce-592a-4519-989c-2fd21d6918b7,"W", 08/10/2025 04:15:00 AM,"(UTC-07:00) Arizona",,,3153255.23333333,3146928.5,3160954,
PNTM9M2jMkKm3GLHpLiq3J4gE,"","North Campus",6c2573ce-592a-4519-989c-2fd21d6918b7,"W", 08/10/2025 04:30:00 AM,"(UTC-07:00) Arizona",,,3202238.3,3190558.2,3220130.5,
PNTM9M2jMkKm3GLHpLiq3J4gE,"","North Campus",6c2573ce-592a-4519-989c-2fd21d6918b7,"W", 08/10/2025 04:45:00 AM,"(UTC-07:00) Arizona",,,3138680.1,3133597.8,3145530.5,
PNTM9M2jMkKm3GLHpLiq3J4gE,"","North Campus",6c2573ce-592a-4519-989c-2fd21d6918b7,"W", 08/10/2025 05:00:00 AM,"(UTC-07:00) Arizona",,,3146463.33333333,3137369.2,3155677.8,
PNTM9M2jMkKm3GLHpLiq3J4gE,"","North Campus",6c2573ce-592a-4519-989c-2fd21d6918b7,"W", 08/10/2025 05:15:00 AM,"(UTC-07:00) Arizona",,,3141296.83333333,3119529.2,3165000.8,
PNTM9M2jMkKm3GLHpLiq3J4gE,"","North Campus",6c2573ce-592a-4519-989c-2fd21d6918b7,"W", 08/10/2025 05:30:00 AM,"(UTC-07:00) Arizona",,,3116803.9,3078620.2,3143422.5,
PNTM9M2jMkKm3GLHpLiq3J4gE,"","North Campus",6c2573ce-592a-4519-989c-2fd21d6918b7,"W", 08/10/2025 05:45:00 AM,"(UTC-07:00) Arizona",,,3125392.5,3078829.8,3149264.2,
PNTM9M2jMkKm3GLHpLiq3J4gE,"","North Campus",6c2573ce-592a-4519-989c-2fd21d6918b7,"W", 08/10/2025 06:00:00 AM,"(UTC-07:00) Arizona",,,3144903.33333333,3123352,3166136.2,
PNTM9M2jMkKm3GLHpLiq3J4gE,"","North Campus",6c2573ce-592a-4519-989c-2fd21d6918b7,"W", 08/10/2025 06:15:00 AM,"(UTC-07:00) Arizona",,,3199367.15,3198863.5,3199870.8,
PNTM9M2jMkKm3GLHpLiq3J4gE,"","North Campus",6c2573ce-592a-4519-989c-2fd21d6918b7,"W", 08/10/2025 06:30:00 AM,"(UTC-07:00) Arizona",,,3120895.1,3106109.8,3133407.5,
PNTM9M2jMkKm3GLHpLiq3J4gE,"","North Campus",6c2573ce-592a-4519-989c-2fd21d6918b7,"W", 08/10/2025 06:45:00 AM,"(UTC-07:00) Arizona",,,3122595.675,3112525,3135059.2,
PNTM9M2jMkKm3GLHpLiq3J4gE,"","North Campus",6c2573ce-592a-4519-989c-2fd21d6918b7,"W", 08/10/2025 07:00:00 AM,"(UTC-07:00) Arizona",,,3107455.85,3094409.5,3120502.2,
PNTM9M2jMkKm3GLHpLiq3J4gE,"","North Campus",6c2573ce-592a-4519-989c-2fd21d6918b7,"W", 08/10/2025 07:15:00 AM,"(UTC-07:00) Arizona",,,3122792.5,3096247,3166517.5,
PNTM9M2jMkKm3GLHpLiq3J4gE,"","North Campus",6c2573ce-592a-4519-989c-2fd21d6918b7,"W", 08/10/2025 07:30:00 AM,"(UTC-07:00) Arizona",,,3156069.83333333,3152539.5,3162250.5,
PNTM9M2jMkKm3GLHpLiq3J4gE,"","North Campus",6c2573ce-592a-4519-989c-2fd21d6918b7,"W", 08/10/2025 07:45:00 AM,"(UTC-07:00) Arizona",,,3125334,3113026.2,3137641.8,
PNTM9M2jMkKm3GLHpLiq3J4gE,"","North Campus",6c2573ce-592a-4519-989c-2fd21d6918b7,"W", 08/10/2025 08:00:00 AM,"(UTC-07:00) Arizona",,,3147720.1,3118428,3168768.8,
PNTM9M2jMkKm3GLHpLiq3J4gE,"","North Campus",6c2573ce-592a-4519-989c-2fd21d6918b7,"W", 08/10/2025 08:15:00 AM,"(UTC-07:00) Arizona",,,3198465.56666667,3132529.5,3235758,
PNTM9M2jMkKm3GLHpLiq3J4gE,"","North Campus",6c2573ce-592a-4519-989c-2fd21d6918b7,"W", 08/10/2025 08:30:00 AM,"(UTC-07:00) Arizona",,,3230720.76666667,3227047,3232894.5,
PNTM9M2jMkKm3GLHpLiq3J4gE,"","North Campus",6c2573ce-592a-4519-989c-2fd21d6918b7,"W", 08/10/2025 08:45:00 AM,"(UTC-07:00) Arizona",,,3273234.35,3270540.2,3275928.5,
PNTM9M2jMkKm3GLHpLiq3J4gE,"","North Campus",6c2573ce-592a-4519-989c-2fd21d6918b7,"W", 08/10/2025 09:00:00 AM,"(UTC-07:00) Arizona",,,3277807.93333333,3244364.5,3305218.5,
PNTM9M2jMkKm3GLHpLiq3J4gE,"","North Campus",6c2573ce-592a-4519-989c-2fd21d6918b7,"W", 08/10/2025 09:15:00 AM,"(UTC-07:00) Arizona",,,3308811.66666667,3304443.8,3311899.2,
PNTM9M2jMkKm3GLHpLiq3J4gE,"","North Campus",6c2573ce-592a-4519-989c-2fd21d6918b7,"W", 08/10/2025 09:30:00 AM,"(UTC-07:00) Arizona",,,3302279.375,3283151.8,3328020.2,
PNTM9M2jMkKm3GLHpLiq3J4gE,"","North Campus",6c2573ce-592a-4519-989c-2fd21d6918b7,"W", 08/10/2025 09:45:00 AM,"(UTC-07:00) Arizona",,,3336998.85,3335732.2,3338265.5,
PNTM9M2jMkKm3GLHpLiq3J4gE,"","North Campus",6c2573ce-592a-4519-989c-2fd21d6918b7,"W", 08/10/2025 10:00:00 AM,"(UTC-07:00) Arizona",,,3335898.06666667,3314891.2,3348481.2,
PNTM9M2jMkKm3GLHpLiq3J4gE,"","North Campus",6c2573ce-592a-4519-989c-2fd21d6918b7,"W", 08/10/2025 10:15:00 AM,"(UTC-07:00) Arizona",,,3293151.125,3272439,3325093.2,
PNTM9M2jMkKm3GLHpLiq3J4gE,"","North Campus",6c2573ce-592a-4519-989c-2fd21d6918b7,"W", 08/10/2025 10:30:00 AM,"(UTC-07:00) Arizona",,,3269638.8,3246984.8,3292292.8,
PNTM9M2jMkKm3GLHpLiq3J4gE,"","North Campus",6c2573ce-592a-4519-989c-2fd21d6918b7,"W", 08/10/2025 10:45:00 AM,"(UTC-07:00) Arizona",,,3269112.86666667,3253375.8,3283839,
PNTM9M2jMkKm3GLHpLiq3J4gE,"","North Campus",6c2573ce-592a-4519-989c-2fd21d6918b7,"W", 08/10/2025 11:00:00 AM,"(UTC-07:00) Arizona",,,3302176.6,3268192.8,3336482.5,
PNTM9M2jMkKm3GLHpLiq3J4gE,"","North Campus",6c2573ce-592a-4519-989c-2fd21d6918b7,"W", 08/10/2025 11:15:00 AM,"(UTC-07:00) Arizona",,,3290770.4,3168651.2,3438770,
PNTM9M2jMkKm3GLHpLiq3J4gE,"","North Campus",6c2573ce-592a-4519-989c-2fd21d6918b7,"W", 08/10/2025 11:30:00 AM,"(UTC-07:00) Arizona",,,3341968.83333333,3226711.2,3540697.5,
PNTM9M2jMkKm3GLHpLiq3J4gE,"","North Campus",6c2573ce-592a-4519-989c-2fd21d6918b7,"W", 08/10/2025 11:45:00 AM,"(UTC-07:00) Arizona",,,3267935.16666667,3231135,3329094.5,
PNTM9M2jMkKm3GLHpLiq3J4gE,"","North Campus",6c2573ce-592a-4519-989c-2fd21d6918b7,"W", 08/10/2025 12:00:00 PM,"(UTC-07:00) Arizona",,,3321981.2,3306082.8,3341515.8,
PNTM9M2jMkKm3GLHpLiq3J4gE,"","North Campus",6c2573ce-592a-4519-989c-2fd21d6918b7,"W", 08/10/2025 12:15:00 PM,"(UTC-07:00) Arizona",,,3433336,3277451,3589221,
PNTM9M2jMkKm3GLHpLiq3J4gE,"","North Campus",6c2573ce-592a-4519-989c-2fd21d6918b7,"W", 08/10/2025 12:30:00 PM,"(UTC-07:00) Arizona",,,3251353.56666667,3243674.2,3265760.5,
PNTM9M2jMkKm3GLHpLiq3J4gE,"","North Campus",6c2573ce-592a-4519-989c-2fd21d6918b7,"W", 08/10/2025 12:45:00 PM,"(UTC-07:00) Arizona",,,3263543.33333333,3226480,3322200.8,
PNTM9M2jMkKm3GLHpLiq3J4gE,"","North Campus",6c2573ce-592a-4519-989c-2fd21d6918b7,"W", 08/10/2025 01:00:00 PM,"(UTC-07:00) Arizona",,,3271387.1,3228928,3338300.5,
PNTM9M2jMkKm3GLHpLiq3J4gE,"","North Campus",6c2573ce-592a-4519-989c-2fd21d6918b7,"W", 08/10/2025 01:15:00 PM,"(UTC-07:00) Arizona",,,3314554.33333333,3277689.5,3364051.5,
PNTM9M2jMkKm3GLHpLiq3J4gE,"","North Campus",6c2573ce-592a-4519-989c-2fd21d6918b7,"W", 08/10/2025 01:30:00 PM,"(UTC-07:00) Arizona",,,3320824.33333333,3288498,3341105,
PNTM9M2jMkKm3GLHpLiq3J4gE,"","North Campus",6c2573ce-592a-4519-989c-2fd21d6918b7,"W", 08/10/2025 01:45:00 PM,"(UTC-07:00) Arizona",,,3330195.76666667,3243737.8,3416766.5,
PNTM9M2jMkKm3GLHpLiq3J4gE,"","North Campus",6c2573ce-592a-4519-989c-2fd21d6918b7,"W", 08/10/2025 02:00:00 PM,"(UTC-07:00) Arizona",,,3308321.4,3293106.8,3318374.2,
PNTM9M2jMkKm3GLHpLiq3J4gE,"","North Campus",6c2573ce-592a-4519-989c-2fd21d6918b7,"W", 08/10/2025 02:15:00 PM,"(UTC-07:00) Arizona",,,3510585.8,3295270.2,3622628.2,
PNTM9M2jMkKm3GLHpLiq3J4gE,"","North Campus",6c2573ce-592a-4519-989c-2fd21d6918b7,"W", 08/10/2025 02:30:00 PM,"(UTC-07:00) Arizona",,,3620184.83333333,3617803.2,3621611.8,
PNTM9M2jMkKm3GLHpLiq3J4gE,"","North Campus",6c2573ce-592a-4519-989c-2fd21d6918b7,"W", 08/10/2025 02:45:00 PM,"(UTC-07:00) Arizona",,,3383949.73333333,3360454.2,3405385.8,
PNTM9M2jMkKm3GLHpLiq3J4gE,"","North Campus",6c2573ce-592a-4519-989c-2fd21d6918b7,"W", 08/10/2025 03:00:00 PM,"(UTC-07:00) Arizona",,,3363461.5,3336756.5,3378659,
PNTM9M2jMkKm3GLHpLiq3J4gE,"","North Campus",6c2573ce-592a-4519-989c-2fd21d6918b7,"W", 08/10/2025 03:15:00 PM,"(UTC-07:00) Arizona",,,3554232.26666667,3373123.5,3645139.8,
PNTM9M2jMkKm3GLHpLiq3J4gE,"","North Campus",6c2573ce-592a-4519-989c-2fd21d6918b7,"W", 08/10/2025 03:30:00 PM,"(UTC-07:00) Arizona",,,3662339.06666667,3623534,3689037.2,
PNTM9M2jMkKm3GLHpLiq3J4gE,"","North Campus",6c2573ce-592a-4519-989c-2fd21d6918b7,"W", 08/10/2025 03:45:00 PM,"(UTC-07:00) Arizona",,,3632274.96666667,3624364.2,3644916.2,
PNTM9M2jMkKm3GLHpLiq3J4gE,"","North Campus",6c2573ce-592a-4519-989c-2fd21d6918b7,"W", 08/10/2025 04:00:00 PM,"(UTC-07:00) Arizona",,,3643207.06666667,3608730,3686427.2,
PNTM9M2jMkKm3GLHpLiq3J4gE,"","North Campus",6c2573ce-592a-4519-989c-2fd21d6918b7,"W", 08/10/2025 04:15:00 PM,"(UTC-07:00) Arizona",,,3621271.6,3563527.8,3650906.5,
PNTM9M2jMkKm3GLHpLiq3J4gE,"","North Campus",6c2573ce-592a-4519-989c-2fd21d6918b7,"W", 08/10/2025 04:30:00 PM,"(UTC-07:00) Arizona",,,3547883.85,3469023.5,3626744.2,
PNTM9M2jMkKm3GLHpLiq3J4gE,"","North Campus",6c2573ce-592a-4519-989c-2fd21d6918b7,"W", 08/10/2025 04:45:00 PM,"(UTC-07:00) Arizona",,,3653704.625,3630375.8,3670319,
PNTM9M2jMkKm3GLHpLiq3J4gE,"","North Campus",6c2573ce-592a-4519-989c-2fd21d6918b7,"W", 08/10/2025 05:00:00 PM,"(UTC-07:00) Arizona",,,3618688.16666667,3580961.5,3640256,
PNTM9M2jMkKm3GLHpLiq3J4gE,"","North Campus",6c2573ce-592a-4519-989c-2fd21d6918b7,"W", 08/10/2025 05:15:00 PM,"(UTC-07:00) Arizona",,,3646114.2,3645573.2,3646655.2,
PNTM9M2jMkKm3GLHpLiq3J4gE,"","North Campus",6c2573ce-592a-4519-989c-2fd21d6918b7,"W", 08/10/2025 05:30:00 PM,"(UTC-07:00) Arizona",,,3649265.26666667,3641612.5,3664570.8,
PNTM9M2jMkKm3GLHpLiq3J4gE,"","North Campus",6c2573ce-592a-4519-989c-2fd21d6918b7,"W", 08/10/2025 05:45:00 PM,"(UTC-07:00) Arizona",,,3644734.9,3636520.8,3654319,
PNTM9M2jMkKm3GLHpLiq3J4gE,"","North Campus",6c2573ce-592a-4519-989c-2fd21d6918b7,"W", 08/10/2025 06:00:00 PM,"(UTC-07:00) Arizona",,,3694496.75,3663519,3725474.5,
PNTM9M2jMkKm3GLHpLiq3J4gE,"","North Campus",6c2573ce-592a-4519-989c-2fd21d6918b7,"W", 08/10/2025 06:15:00 PM,"(UTC-07:00) Arizona",,,3711482.73333333,3693796.2,3721951.2,
PNTM9M2jMkKm3GLHpLiq3J4gE,"","North Campus",6c2573ce-592a-4519-989c-2fd21d6918b7,"W", 08/10/2025 06:30:00 PM,"(UTC-07:00) Arizona",,,3761874.075,3692142.5,3794608.8,
PNTM9M2jMkKm3GLHpLiq3J4gE,"","North Campus",6c2573ce-592a-4519-989c-2fd21d6918b7,"W", 08/10/2025 06:45:00 PM,"(UTC-07:00) Arizona",,,3793267.75,3786859.5,3799676,
PNTM9M2jMkKm3GLHpLiq3J4gE,"","North Campus",6c2573ce-592a-4519-989c-2fd21d6918b7,"W", 08/10/2025 07:00:00 PM,"(UTC-07:00) Arizona",,,3779113.575,3766591.8,3789859.5,
PNTM9M2jMkKm3GLHpLiq3J4gE,"","North Campus",6c2573ce-592a-4519-989c-2fd21d6918b7,"W", 08/10/2025 07:15:00 PM,"(UTC-07:00) Arizona",,,3737200.3,3711772.2,3778309.2,
PNTM9M2jMkKm3GLHpLiq3J4gE,"","North Campus",6c2573ce-592a-4519-989c-2fd21d6918b7,"W", 08/10/2025 07:30:00 PM,"(UTC-07:00) Arizona",,,3730337.46666667,3724912.8,3737604.8,
PNTM9M2jMkKm3GLHpLiq3J4gE,"","North Campus",6c2573ce-592a-4519-989c-2fd21d6918b7,"W", 08/10/2025 07:45:00 PM,"(UTC-07:00) Arizona",,,3577714.7,3551993.2,3603436.2,
PNTM9M2jMkKm3GLHpLiq3J4gE,"","North Campus",6c2573ce-592a-4519-989c-2fd21d6918b7,"W", 08/10/2025 08:00:00 PM,"(UTC-07:00) Arizona",,,3604713,3586402.5,3627008.5,
PNTM9M2jMkKm3GLHpLiq3J4gE,"","North Campus",6c2573ce-592a-4519-989c-2fd21d6918b7,"W", 08/10/2025 08:15:00 PM,"(UTC-07:00) Arizona",,,3608125.5,3598888.2,3628153.8,
PNTM9M2jMkKm3GLHpLiq3J4gE,"","North Campus",6c2573ce-592a-4519-989c-2fd21d6918b7,"W", 08/10/2025 08:30:00 PM,"(UTC-07:00) Arizona",,,3588760.56666667,3555288.2,3609166.5,
PNTM9M2jMkKm3GLHpLiq3J4gE,"","North Campus",6c2573ce-592a-4519-989c-2fd21d6918b7,"W", 08/10/2025 08:45:00 PM,"(UTC-07:00) Arizona",,,3596603.1,3596142.2,3597064,
PNTM9M2jMkKm3GLHpLiq3J4gE,"","North Campus",6c2573ce-592a-4519-989c-2fd21d6918b7,"W", 08/10/2025 09:00:00 PM,"(UTC-07:00) Arizona",,,3538160.23333333,3525204.5,3546295.2,
PNTM9M2jMkKm3GLHpLiq3J4gE,"","North Campus",6c2573ce-592a-4519-989c-2fd21d6918b7,"W", 08/10/2025 09:15:00 PM,"(UTC-07:00) Arizona",,,3501726.33333333,3476602.8,3521256.2,
PNTM9M2jMkKm3GLHpLiq3J4gE,"","North Campus",6c2573ce-592a-4519-989c-2fd21d6918b7,"W", 08/10/2025 09:30:00 PM,"(UTC-07:00) Arizona",,,3509079.73333333,3507028.5,3513182.2,
PNTM9M2jMkKm3GLHpLiq3J4gE,"","North Campus",6c2573ce-592a-4519-989c-2fd21d6918b7,"W", 08/10/2025 09:45:00 PM,"(UTC-07:00) Arizona",,,3528409.5,3528409.5,3528409.5,
PNTM9M2jMkKm3GLHpLiq3J4gE,"","North Campus",6c2573ce-592a-4519-989c-2fd21d6918b7,"W", 08/10/2025 10:00:00 PM,"(UTC-07:00) Arizona",,,3438663.675,3415484.2,3469111,
PNTM9M2jMkKm3GLHpLiq3J4gE,"","North Campus",6c2573ce-592a-4519-989c-2fd21d6918b7,"W", 08/10/2025 10:15:00 PM,"(UTC-07:00) Arizona",,,3423649.2,3409799.2,3437499.2,
PNTM9M2jMkKm3GLHpLiq3J4gE,"","North Campus",6c2573ce-592a-4519-989c-2fd21d6918b7,"W", 08/10/2025 10:30:00 PM,"(UTC-07:00) Arizona",,,3396495.875,3360685.5,3449074.2,
PNTM9M2jMkKm3GLHpLiq3J4gE,"","North Campus",6c2573ce-592a-4519-989c-2fd21d6918b7,"W", 08/10/2025 10:45:00 PM,"(UTC-07:00) Arizona",,,3369595.4,3359856.8,3379334,
PNTM9M2jMkKm3GLHpLiq3J4gE,"","North Campus",6c2573ce-592a-4519-989c-2fd21d6918b7,"W", 08/10/2025 11:00:00 PM,"(UTC-07:00) Arizona",,,3352173.1,3341040.5,3374137.8,
PNTM9M2jMkKm3GLHpLiq3J4gE,"","North Campus",6c2573ce-592a-4519-989c-2fd21d6918b7,"W", 08/10/2025 11:15:00 PM,"(UTC-07:00) Arizona",,,3331819,3306154,3362395.2,
PNTM9M2jMkKm3GLHpLiq3J4gE,"","North Campus",6c2573ce-592a-4519-989c-2fd21d6918b7,"W", 08/10/2025 11:30:00 PM,"(UTC-07:00) Arizona",,,3334685.4,3323307.2,3343898,
PNTM9M2jMkKm3GLHpLiq3J4gE,"","North Campus",6c2573ce-592a-4519-989c-2fd21d6918b7,"W", 08/10/2025 11:45:00 PM,"(UTC-07:00) Arizona",,,3321885.775,3305173,3329727.5,
