ExternalPointID,Tags,Parent Equipment Name,Site Name,FrequencyUnit,Time,Timezone,OnCount,OffCount,Average,Minimum,Maximum,Sum,State
PNTM9M2jMkKm3GLHpLiq3J4gE,"","North Campus",6c2573ce-592a-4519-989c-2fd21d6918b7,"W", 11/17/2025 07:30:00 PM,"(UTC-07:00) Arizona",,,4502182.333333333,4458814,4533014,
PNTM9M2jMkKm3GLHpLiq3J4gE,"","North Campus",6c2573ce-592a-4519-989c-2fd21d6918b7,"W", 11/17/2025 07:45:00 PM,"(UTC-07:00) Arizona",,,4432983.5,4391563,4474404,
PNTM9M2jMkKm3GLHpLiq3J4gE,"","North Campus",6c2573ce-592a-4519-989c-2fd21d6918b7,"W", 11/17/2025 08:00:00 PM,"(UTC-07:00) Arizona",,,4347470,4298905,4396035,
PNTM9M2jMkKm3GLHpLiq3J4gE,"","North Campus",6c2573ce-592a-4519-989c-2fd21d6918b7,"W", 11/17/2025 08:15:00 PM,"(UTC-07:00) Arizona",,,4289273,4289273,4289273,
PNTM9M2jMkKm3GLHpLiq3J4gE,"","North Campus",6c2573ce-592a-4519-989c-2fd21d6918b7,"W", 11/17/2025 08:30:00 PM,"(UTC-07:00) Arizona",,,4291351.5,4291351.5,4291351.5,
PNTM9M2jMkKm3GLHpLiq3J4gE,"","North Campus",6c2573ce-592a-4519-989c-2fd21d6918b7,"W", 11/17/2025 08:45:00 PM,"(UTC-07:00) Arizona",,,4254839,4237262.5,4272415.5,
PNTM9M2jMkKm3GLHpLiq3J4gE,"","North Campus",6c2573ce-592a-4519-989c-2fd21d6918b7,"W", 11/17/2025 09:00:00 PM,"(UTC-07:00) Arizona",,,4139587.85,4133300.5,4145875.2,
PNTM9M2jMkKm3GLHpLiq3J4gE,"","North Campus",6c2573ce-592a-4519-989c-2fd21d6918b7,"W", 11/17/2025 09:15:00 PM,"(UTC-07:00) Arizona",,,4145344.1,4138212.2,4152476,
PNTM9M2jMkKm3GLHpLiq3J4gE,"","North Campus",6c2573ce-592a-4519-989c-2fd21d6918b7,"W", 11/17/2025 09:30:00 PM,"(UTC-07:00) Arizona",,,4158315.9,4149393,4167238.8,
PNTM9M2jMkKm3GLHpLiq3J4gE,"","North Campus",6c2573ce-592a-4519-989c-2fd21d6918b7,"W", 11/17/2025 09:45:00 PM,"(UTC-07:00) Arizona",,,4122113.266666667,4079473.5,4177542.8,
PNTM9M2jMkKm3GLHpLiq3J4gE,"","North Campus",6c2573ce-592a-4519-989c-2fd21d6918b7,"W", 11/17/2025 10:00:00 PM,"(UTC-07:00) Arizona",,,4045202.8,4045202.8,4045202.8,
PNTM9M2jMkKm3GLHpLiq3J4gE,"","North Campus",6c2573ce-592a-4519-989c-2fd21d6918b7,"W", 11/17/2025 10:15:00 PM,"(UTC-07:00) Arizona",,,3981464.2,3981464.2,3981464.2,
PNTM9M2jMkKm3GLHpLiq3J4gE,"","North Campus",6c2573ce-592a-4519-989c-2fd21d6918b7,"W", 11/17/2025 10:30:00 PM,"(UTC-07:00) Arizona",,,3923250.1999999997,3896988.8,3944612,
PNTM9M2jMkKm3GLHpLiq3J4gE,"","North Campus",6c2573ce-592a-4519-989c-2fd21d6918b7,"W", 11/17/2025 10:45:00 PM,"(UTC-07:00) Arizona",,,3942041.5,3907505,3976578,
PNTM9M2jMkKm3GLHpLiq3J4gE,"","North Campus",6c2573ce-592a-4519-989c-2fd21d6918b7,"W", 11/17/2025 11:00:00 PM,"(UTC-07:00) Arizona",,,3756231.1,3738409,3774320.8,
PNTM9M2jMkKm3GLHpLiq3J4gE,"","North Campus",6c2573ce-592a-4519-989c-2fd21d6918b7,"W", 11/17/2025 11:15:00 PM,"(UTC-07:00) Arizona",,,3728229.4,3723570.5,3733113.2,
PNTM9M2jMkKm3GLHpLiq3J4gE,"","North Campus",6c2573ce-592a-4519-989c-2fd21d6918b7,"W", 11/17/2025 11:30:00 PM,"(UTC-07:00) Arizona",,,3700048.8666666667,3678473,3730168.8,
PNTM9M2jMkKm3GLHpLiq3J4gE,"","North Campus",6c2573ce-592a-4519-989c-2fd21d6918b7,"W", 11/17/2025 11:45:00 PM,"(UTC-07:00) Arizona",,,3709374.35,3660702.2,3758046.5,
PNTM9M2jMkKm3GLHpLiq3J4gE,"","North Campus",6c2573ce-592a-4519-989c-2fd21d6918b7,"W", 11/18/2025 12:00:00 AM,"(UTC-07:00) Arizona",,,3607605.6,3554997.2,3660214,
PNTM9M2jMkKm3GLHpLiq3J4gE,"","North Campus",6c2573ce-592a-4519-989c-2fd21d6918b7,"W", 11/18/2025 12:15:00 AM,"(UTC-07:00) Arizona",,,3567579.4,3544573.8,3590585,
PNTM9M2jMkKm3GLHpLiq3J4gE,"","North Campus",6c2573ce-592a-4519-989c-2fd21d6918b7,"W", 11/18/2025 12:30:00 AM,"(UTC-07:00) Arizona",,,3555871.8,3555871.8,3555871.8,
PNTM9M2jMkKm3GLHpLiq3J4gE,"","North Campus",6c2573ce-592a-4519-989c-2fd21d6918b7,"W", 11/18/2025 12:45:00 AM,"(UTC-07:00) Arizona",,,3526167.5666666664,3506324.5,3544089,
PNTM9M2jMkKm3GLHpLiq3J4gE,"","North Campus",6c2573ce-592a-4519-989c-2fd21d6918b7,"W", 11/18/2025 01:00:00 AM,"(UTC-07:00) Arizona",,,3572381.0666666664,3562569.2,3584912.5,
PNTM9M2jMkKm3GLHpLiq3J4gE,"","North Campus",6c2573ce-592a-4519-989c-2fd21d6918b7,"W", 11/18/2025 01:15:00 AM,"(UTC-07:00) Arizona",,,3536099,3506351,3565847,
PNTM9M2jMkKm3GLHpLiq3J4gE,"","North Campus",6c2573ce-592a-4519-989c-2fd21d6918b7,"W", 11/18/2025 01:30:00 AM,"(UTC-07:00) Arizona",,,3483524.4,3460935.8,3517239.2,
PNTM9M2jMkKm3GLHpLiq3J4gE,"","North Campus",6c2573ce-592a-4519-989c-2fd21d6918b7,"W", 11/18/2025 01:45:00 AM,"(UTC-07:00) Arizona",,,3442657,3435469.8,3449844.2,
PNTM9M2jMkKm3GLHpLiq3J4gE,"","North Campus",6c2573ce-592a-4519-989c-2fd21d6918b7,"W", 11/18/2025 02:00:00 AM,"(UTC-07:00) Arizona",,,3409858.35,3395998.5,3423718.2,
PNTM9M2jMkKm3GLHpLiq3J4gE,"","North Campus",6c2573ce-592a-4519-989c-2fd21d6918b7,"W", 11/18/2025 02:15:00 AM,"(UTC-07:00) Arizona",,,3403691.733333333,3387410,3432262.2,
PNTM9M2jMkKm3GLHpLiq3J4gE,"","North Campus",6c2573ce-592a-4519-989c-2fd21d6918b7,"W", 11/18/2025 02:30:00 AM,"(UTC-07:00) Arizona",,,3398494.8000000003,3376061.2,3412742,
PNTM9M2jMkKm3GLHpLiq3J4gE,"","North Campus",6c2573ce-592a-4519-989c-2fd21d6918b7,"W", 11/18/2025 02:45:00 AM,"(UTC-07:00) Arizona",,,3376311.8,3376311.8,3376311.8,
PNTM9M2jMkKm3GLHpLiq3J4gE,"","North Campus",6c2573ce-592a-4519-989c-2fd21d6918b7,"W", 11/18/2025 03:00:00 AM,"(UTC-07:00) Arizona",,,3392028.3000000003,3380669.5,3403396.2,
PNTM9M2jMkKm3GLHpLiq3J4gE,"","North Campus",6c2573ce-592a-4519-989c-2fd21d6918b7,"W", 11/18/2025 03:15:00 AM,"(UTC-07:00) Arizona",,,3417345.266666667,3397941.8,3441097.5,
PNTM9M2jMkKm3GLHpLiq3J4gE,"","North Campus",6c2573ce-592a-4519-989c-2fd21d6918b7,"W", 11/18/2025 03:30:00 AM,"(UTC-07:00) Arizona",,,3391679,3391679,3391679,
PNTM9M2jMkKm3GLHpLiq3J4gE,"","North Campus",6c2573ce-592a-4519-989c-2fd21d6918b7,"W", 11/18/2025 03:45:00 AM,"(UTC-07:00) Arizona",,,3441368.25,3438738.5,3443998,
PNTM9M2jMkKm3GLHpLiq3J4gE,"","North Campus",6c2573ce-592a-4519-989c-2fd21d6918b7,"W", 11/18/2025 04:00:00 AM,"(UTC-07:00) Arizona",,,3518772.85,3510327.2,3527218.5,
PNTM9M2jMkKm3GLHpLiq3J4gE,"","North Campus",6c2573ce-592a-4519-989c-2fd21d6918b7,"W", 11/18/2025 04:15:00 AM,"(UTC-07:00) Arizona",,,3550101.6999999997,3534650.5,3577329.8,
PNTM9M2jMkKm3GLHpLiq3J4gE,"","North Campus",6c2573ce-592a-4519-989c-2fd21d6918b7,"W", 11/18/2025 04:30:00 AM,"(UTC-07:00) Arizona",,,3544996.5,3544996.5,3544996.5,
PNTM9M2jMkKm3GLHpLiq3J4gE,"","North Campus",6c2573ce-592a-4519-989c-2fd21d6918b7,"W", 11/18/2025 04:45:00 AM,"(UTC-07:00) Arizona",,,3573549.7,3548242.2,3598857.2,
PNTM9M2jMkKm3GLHpLiq3J4gE,"","North Campus",6c2573ce-592a-4519-989c-2fd21d6918b7,"W", 11/18/2025 05:00:00 AM,"(UTC-07:00) Arizona",,,3584443.4333333336,3550725.8,3613904,
PNTM9M2jMkKm3GLHpLiq3J4gE,"","North Campus",6c2573ce-592a-4519-989c-2fd21d6918b7,"W", 11/18/2025 05:15:00 AM,"(UTC-07:00) Arizona",,,3670639.4,3669248,3672030.8,
PNTM9M2jMkKm3GLHpLiq3J4gE,"","North Campus",6c2573ce-592a-4519-989c-2fd21d6918b7,"W", 11/18/2025 05:30:00 AM,"(UTC-07:00) Arizona",,,3633206.125,3604928,3661294.2,
PNTM9M2jMkKm3GLHpLiq3J4gE,"","North Campus",6c2573ce-592a-4519-989c-2fd21d6918b7,"W", 11/18/2025 05:45:00 AM,"(UTC-07:00) Arizona",,,3671695.8,3671695.8,3671695.8,
PNTM9M2jMkKm3GLHpLiq3J4gE,"","North Campus",6c2573ce-592a-4519-989c-2fd21d6918b7,"W", 11/18/2025 06:00:00 AM,"(UTC-07:00) Arizona",,,3820389.5,3789487.5,3862051.5,
PNTM9M2jMkKm3GLHpLiq3J4gE,"","North Campus",6c2573ce-592a-4519-989c-2fd21d6918b7,"W", 11/18/2025 06:15:00 AM,"(UTC-07:00) Arizona",,,3832669.85,3829053.5,3836286.2,
PNTM9M2jMkKm3GLHpLiq3J4gE,"","North Campus",6c2573ce-592a-4519-989c-2fd21d6918b7,"W", 11/18/2025 06:30:00 AM,"(UTC-07:00) Arizona",,,3869331.9,3862765.5,3876931.2,
PNTM9M2jMkKm3GLHpLiq3J4gE,"","North Campus",6c2573ce-592a-4519-989c-2fd21d6918b7,"W", 11/18/2025 06:45:00 AM,"(UTC-07:00) Arizona",,,3922973.1333333333,3903191,3940913.2,
PNTM9M2jMkKm3GLHpLiq3J4gE,"","North Campus",6c2573ce-592a-4519-989c-2fd21d6918b7,"W", 11/18/2025 07:00:00 AM,"(UTC-07:00) Arizona",,,4139242.6,4102427.2,4176058,
PNTM9M2jMkKm3GLHpLiq3J4gE,"","North Campus",6c2573ce-592a-4519-989c-2fd21d6918b7,"W", 11/18/2025 07:15:00 AM,"(UTC-07:00) Arizona",,,4229064,4198519,4259609,
PNTM9M2jMkKm3GLHpLiq3J4gE,"","North Campus",6c2573ce-592a-4519-989c-2fd21d6918b7,"W", 11/18/2025 07:30:00 AM,"(UTC-07:00) Arizona",,,4302631.75,4284211,4321052.5,
PNTM9M2jMkKm3GLHpLiq3J4gE,"","North Campus",6c2573ce-592a-4519-989c-2fd21d6918b7,"W", 11/18/2025 07:45:00 AM,"(UTC-07:00) Arizona",,,4431164.5,4378280.5,4484048.5,
PNTM9M2jMkKm3GLHpLiq3J4gE,"","North Campus",6c2573ce-592a-4519-989c-2fd21d6918b7,"W", 11/18/2025 08:00:00 AM,"(UTC-07:00) Arizona",,,4587547.666666667,4531465.5,4655828,
PNTM9M2jMkKm3GLHpLiq3J4gE,"","North Campus",6c2573ce-592a-4519-989c-2fd21d6918b7,"W", 11/18/2025 08:15:00 AM,"(UTC-07:00) Arizona",,,4613916.5,4602773,4625060,
PNTM9M2jMkKm3GLHpLiq3J4gE,"","North Campus",6c2573ce-592a-4519-989c-2fd21d6918b7,"W", 11/18/2025 08:30:00 AM,"(UTC-07:00) Arizona",,,4438324,4323214,4553434,
PNTM9M2jMkKm3GLHpLiq3J4gE,"","North Campus",6c2573ce-592a-4519-989c-2fd21d6918b7,"W", 11/18/2025 08:45:00 AM,"(UTC-07:00) Arizona",,,4581490.5,4581490.5,4581490.5,
PNTM9M2jMkKm3GLHpLiq3J4gE,"","North Campus",6c2573ce-592a-4519-989c-2fd21d6918b7,"W", 11/18/2025 09:00:00 AM,"(UTC-07:00) Arizona",,,4623381.166666667,4508126,4716323,
PNTM9M2jMkKm3GLHpLiq3J4gE,"","North Campus",6c2573ce-592a-4519-989c-2fd21d6918b7,"W", 11/18/2025 09:15:00 AM,"(UTC-07:00) Arizona",,,4653192.5,4631279,4675106,
PNTM9M2jMkKm3GLHpLiq3J4gE,"","North Campus",6c2573ce-592a-4519-989c-2fd21d6918b7,"W", 11/18/2025 09:30:00 AM,"(UTC-07:00) Arizona",,,4755583.25,4723843,4787323.5,
PNTM9M2jMkKm3GLHpLiq3J4gE,"","North Campus",6c2573ce-592a-4519-989c-2fd21d6918b7,"W", 11/18/2025 09:45:00 AM,"(UTC-07:00) Arizona",,,4748714.75,4729551.5,4767878,
PNTM9M2jMkKm3GLHpLiq3J4gE,"","North Campus",6c2573ce-592a-4519-989c-2fd21d6918b7,"W", 11/18/2025 10:00:00 AM,"(UTC-07:00) Arizona",,,4831696.5,4766915.5,4914207,
PNTM9M2jMkKm3GLHpLiq3J4gE,"","North Campus",6c2573ce-592a-4519-989c-2fd21d6918b7,"W", 11/18/2025 10:15:00 AM,"(UTC-07:00) Arizona",,,4922518.333333333,4869644.5,5006026.5,
PNTM9M2jMkKm3GLHpLiq3J4gE,"","North Campus",6c2573ce-592a-4519-989c-2fd21d6918b7,"W", 11/18/2025 10:30:00 AM,"(UTC-07:00) Arizona",,,5085654.166666667,5029073,5172402,
PNTM9M2jMkKm3GLHpLiq3J4gE,"","North Campus",6c2573ce-592a-4519-989c-2fd21d6918b7,"W", 11/18/2025 10:45:00 AM,"(UTC-07:00) Arizona",,,5194196.166666667,5175492,5216214,
PNTM9M2jMkKm3GLHpLiq3J4gE,"","North Campus",6c2573ce-592a-4519-989c-2fd21d6918b7,"W", 11/18/2025 11:00:00 AM,"(UTC-07:00) Arizona",,,5216946.833333333,5164687.5,5261090.5,
PNTM9M2jMkKm3GLHpLiq3J4gE,"","North Campus",6c2573ce-592a-4519-989c-2fd21d6918b7,"W", 11/18/2025 11:15:00 AM,"(UTC-07:00) Arizona",,,5137985.333333333,5120349,5148921.5,
PNTM9M2jMkKm3GLHpLiq3J4gE,"","North Campus",6c2573ce-592a-4519-989c-2fd21d6918b7,"W", 11/18/2025 11:30:00 AM,"(UTC-07:00) Arizona",,,4987582.5,4880937,5094228,
PNTM9M2jMkKm3GLHpLiq3J4gE,"","North Campus",6c2573ce-592a-4519-989c-2fd21d6918b7,"W", 11/18/2025 11:45:00 AM,"(UTC-07:00) Arizona",,,4827466,4705437.5,4949494.5,
PNTM9M2jMkKm3GLHpLiq3J4gE,"","North Campus",6c2573ce-592a-4519-989c-2fd21d6918b7,"W", 11/18/2025 12:00:00 PM,"(UTC-07:00) Arizona",,,4909427.5,4884197,4934658,
PNTM9M2jMkKm3GLHpLiq3J4gE,"","North Campus",6c2573ce-592a-4519-989c-2fd21d6918b7,"W", 11/18/2025 12:15:00 PM,"(UTC-07:00) Arizona",,,5144103.5,5144103.5,5144103.5,
PNTM9M2jMkKm3GLHpLiq3J4gE,"","North Campus",6c2573ce-592a-4519-989c-2fd21d6918b7,"W", 11/18/2025 12:30:00 PM,"(UTC-07:00) Arizona",,,5043035.5,4947483.5,5153076,
PNTM9M2jMkKm3GLHpLiq3J4gE,"","North Campus",6c2573ce-592a-4519-989c-2fd21d6918b7,"W", 11/18/2025 12:45:00 PM,"(UTC-07:00) Arizona",,,5138484,5092356.5,5184611.5,
PNTM9M2jMkKm3GLHpLiq3J4gE,"","North Campus",6c2573ce-592a-4519-989c-2fd21d6918b7,"W", 11/18/2025 01:00:00 PM,"(UTC-07:00) Arizona",,,5081303.5,5018134,5185658,
PNTM9M2jMkKm3GLHpLiq3J4gE,"","North Campus",6c2573ce-592a-4519-989c-2fd21d6918b7,"W", 11/18/2025 01:15:00 PM,"(UTC-07:00) Arizona",,,4996290.5,4986852.5,5005728.5,
PNTM9M2jMkKm3GLHpLiq3J4gE,"","North Campus",6c2573ce-592a-4519-989c-2fd21d6918b7,"W", 11/18/2025 01:30:00 PM,"(UTC-07:00) Arizona",,,5056125,5029445,5082805,
PNTM9M2jMkKm3GLHpLiq3J4gE,"","North Campus",6c2573ce-592a-4519-989c-2fd21d6918b7,"W", 11/18/2025 01:45:00 PM,"(UTC-07:00) Arizona",,,5072283.166666667,5008668,5151921.5,
PNTM9M2jMkKm3GLHpLiq3J4gE,"","North Campus",6c2573ce-592a-4519-989c-2fd21d6918b7,"W", 11/18/2025 02:00:00 PM,"(UTC-07:00) Arizona",,,5198234.75,5149001.5,5247468,
PNTM9M2jMkKm3GLHpLiq3J4gE,"","North Campus",6c2573ce-592a-4519-989c-2fd21d6918b7,"W", 11/18/2025 02:15:00 PM,"(UTC-07:00) Arizona",,,5116787.166666667,5075449.5,5139681.5,
PNTM9M2jMkKm3GLHpLiq3J4gE,"","North Campus",6c2573ce-592a-4519-989c-2fd21d6918b7,"W", 11/18/2025 02:30:00 PM,"(UTC-07:00) Arizona",,,5121233,5114112,5132604,
PNTM9M2jMkKm3GLHpLiq3J4gE,"","North Campus",6c2573ce-592a-4519-989c-2fd21d6918b7,"W", 11/18/2025 02:45:00 PM,"(UTC-07:00) Arizona",,,5106782.5,5103690.5,5109874.5,
PNTM9M2jMkKm3GLHpLiq3J4gE,"","North Campus",6c2573ce-592a-4519-989c-2fd21d6918b7,"W", 11/18/2025 03:00:00 PM,"(UTC-07:00) Arizona",,,5072419,5072419,5072419,
PNTM9M2jMkKm3GLHpLiq3J4gE,"","North Campus",6c2573ce-592a-4519-989c-2fd21d6918b7,"W", 11/18/2025 03:15:00 PM,"(UTC-07:00) Arizona",,,5121079.25,5085079.5,5157079,
PNTM9M2jMkKm3GLHpLiq3J4gE,"","North Campus",6c2573ce-592a-4519-989c-2fd21d6918b7,"W", 11/18/2025 03:30:00 PM,"(UTC-07:00) Arizona",,,5172162,5169878,5174446,
PNTM9M2jMkKm3GLHpLiq3J4gE,"","North Campus",6c2573ce-592a-4519-989c-2fd21d6918b7,"W", 11/18/2025 03:45:00 PM,"(UTC-07:00) Arizona",,,5212841.5,5212841.5,5212841.5,
PNTM9M2jMkKm3GLHpLiq3J4gE,"","North Campus",6c2573ce-592a-4519-989c-2fd21d6918b7,"W", 11/18/2025 04:00:00 PM,"(UTC-07:00) Arizona",,,5106987.75,5023435,5190540.5,
PNTM9M2jMkKm3GLHpLiq3J4gE,"","North Campus",6c2573ce-592a-4519-989c-2fd21d6918b7,"W", 11/18/2025 04:15:00 PM,"(UTC-07:00) Arizona",,,5000906.5,5000906.5,5000906.5,
PNTM9M2jMkKm3GLHpLiq3J4gE,"","North Campus",6c2573ce-592a-4519-989c-2fd21d6918b7,"W", 11/18/2025 04:30:00 PM,"(UTC-07:00) Arizona",,,5034859.833333333,5012489.5,5075717.5,
PNTM9M2jMkKm3GLHpLiq3J4gE,"","North Campus",6c2573ce-592a-4519-989c-2fd21d6918b7,"W", 11/18/2025 04:45:00 PM,"(UTC-07:00) Arizona",,,4984814,4971465.5,4998162.5,
PNTM9M2jMkKm3GLHpLiq3J4gE,"","North Campus",6c2573ce-592a-4519-989c-2fd21d6918b7,"W", 11/18/2025 05:00:00 PM,"(UTC-07:00) Arizona",,,4866399,4845830,4886968,
PNTM9M2jMkKm3GLHpLiq3J4gE,"","North Campus",6c2573ce-592a-4519-989c-2fd21d6918b7,"W", 11/18/2025 05:15:00 PM,"(UTC-07:00) Arizona",,,4901201.25,4827526.5,4974876,
PNTM9M2jMkKm3GLHpLiq3J4gE,"","North Campus",6c2573ce-592a-4519-989c-2fd21d6918b7,"W", 11/18/2025 05:30:00 PM,"(UTC-07:00) Arizona",,,4887871,4874483,4901259,
PNTM9M2jMkKm3GLHpLiq3J4gE,"","North Campus",6c2573ce-592a-4519-989c-2fd21d6918b7,"W", 11/18/2025 05:45:00 PM,"(UTC-07:00) Arizona",,,4854381.166666667,4813567,4893539,
PNTM9M2jMkKm3GLHpLiq3J4gE,"","North Campus",6c2573ce-592a-4519-989c-2fd21d6918b7,"W", 11/18/2025 06:00:00 PM,"(UTC-07:00) Arizona",,,4771223.25,4756496,4785950.5,
PNTM9M2jMkKm3GLHpLiq3J4gE,"","North Campus",6c2573ce-592a-4519-989c-2fd21d6918b7,"W", 11/18/2025 06:15:00 PM,"(UTC-07:00) Arizona",,,4811103.5,4776285.5,4845921.5,
PNTM9M2jMkKm3GLHpLiq3J4gE,"","North Campus",6c2573ce-592a-4519-989c-2fd21d6918b7,"W", 11/18/2025 06:30:00 PM,"(UTC-07:00) Arizona",,,4766681.75,4762823,4770540.5,
PNTM9M2jMkKm3GLHpLiq3J4gE,"","North Campus",6c2573ce-592a-4519-989c-2fd21d6918b7,"W", 11/18/2025 06:45:00 PM,"(UTC-07:00) Arizona",,,4729592.333333333,4675737.5,4816098.5,
PNTM9M2jMkKm3GLHpLiq3J4gE,"","North Campus",6c2573ce-592a-4519-989c-2fd21d6918b7,"W", 11/18/2025 07:00:00 PM,"(UTC-07:00) Arizona",,,4543899,4471545,4616253,
PNTM9M2jMkKm3GLHpLiq3J4gE,"","North Campus",6c2573ce-592a-4519-989c-2fd21d6918b7,"W", 11/18/2025 07:15:00 PM,"(UTC-07:00) Arizona",,,4514839.5,4514839.5,4514839.5,
PNTM9M2jMkKm3GLHpLiq3J4gE,"","North Campus",6c2573ce-592a-4519-989c-2fd21d6918b7,"W", 11/18/2025 07:30:00 PM,"(UTC-07:00) Arizona",,,4558216.5,4531481.5,4592105,
PNTM9M2jMkKm3GLHpLiq3J4gE,"","North Campus",6c2573ce-592a-4519-989c-2fd21d6918b7,"W", 11/18/2025 07:45:00 PM,"(UTC-07:00) Arizona",,,4553220,4549891.5,4559276,
PNTM9M2jMkKm3GLHpLiq3J4gE,"","North Campus",6c2573ce-592a-4519-989c-2fd21d6918b7,"W", 11/18/2025 08:00:00 PM,"(UTC-07:00) Arizona",,,4398723.75,4368259,4429188.5,
PNTM9M2jMkKm3GLHpLiq3J4gE,"","North Campus",6c2573ce-592a-4519-989c-2fd21d6918b7,"W", 11/18/2025 08:15:00 PM,"(UTC-07:00) Arizona",,,4373984.833333333,4361011.5,4382410.5,
PNTM9M2jMkKm3GLHpLiq3J4gE,"","North Campus",6c2573ce-592a-4519-989c-2fd21d6918b7,"W", 11/18/2025 08:30:00 PM,"(UTC-07:00) Arizona",,,4246215.166666667,4238969,4255625,
PNTM9M2jMkKm3GLHpLiq3J4gE,"","North Campus",6c2573ce-592a-4519-989c-2fd21d6918b7,"W", 11/18/2025 08:45:00 PM,"(UTC-07:00) Arizona",,,4234544.5,4234544.5,4234544.5,
PNTM9M2jMkKm3GLHpLiq3J4gE,"","North Campus",6c2573ce-592a-4519-989c-2fd21d6918b7,"W", 11/18/2025 09:00:00 PM,"(UTC-07:00) Arizona",,,4166083,4132106.5,4195945.5,
PNTM9M2jMkKm3GLHpLiq3J4gE,"","North Campus",6c2573ce-592a-4519-989c-2fd21d6918b7,"W", 11/18/2025 09:15:00 PM,"(UTC-07:00) Arizona",,,4141254,4141254,4141254,
PNTM9M2jMkKm3GLHpLiq3J4gE,"","North Campus",6c2573ce-592a-4519-989c-2fd21d6918b7,"W", 11/18/2025 09:30:00 PM,"(UTC-07:00) Arizona",,,4130094.3,4125778.8,4134409.8,
PNTM9M2jMkKm3GLHpLiq3J4gE,"","North Campus",6c2573ce-592a-4519-989c-2fd21d6918b7,"W", 11/18/2025 09:45:00 PM,"(UTC-07:00) Arizona",,,4123792.1666666665,4103892.5,4136070,
PNTM9M2jMkKm3GLHpLiq3J4gE,"","North Campus",6c2573ce-592a-4519-989c-2fd21d6918b7,"W", 11/18/2025 10:00:00 PM,"(UTC-07:00) Arizona",,,4035574,4029002.2,4042145.8,
PNTM9M2jMkKm3GLHpLiq3J4gE,"","North Campus",6c2573ce-592a-4519-989c-2fd21d6918b7,"W", 11/18/2025 10:15:00 PM,"(UTC-07:00) Arizona",,,4011350.85,3999998.5,4022703.2,
PNTM9M2jMkKm3GLHpLiq3J4gE,"","North Campus",6c2573ce-592a-4519-989c-2fd21d6918b7,"W", 11/18/2025 10:30:00 PM,"(UTC-07:00) Arizona",,,3968282.1,3959559,3977005.2,
PNTM9M2jMkKm3GLHpLiq3J4gE,"","North Campus",6c2573ce-592a-4519-989c-2fd21d6918b7,"W", 11/18/2025 10:45:00 PM,"(UTC-07:00) Arizona",,,3908297.15,3897662.8,3918931.5,
PNTM9M2jMkKm3GLHpLiq3J4gE,"","North Campus",6c2573ce-592a-4519-989c-2fd21d6918b7,"W", 11/18/2025 11:00:00 PM,"(UTC-07:00) Arizona",,,3747766.85,3739626.5,3755907.2,
PNTM9M2jMkKm3GLHpLiq3J4gE,"","North Campus",6c2573ce-592a-4519-989c-2fd21d6918b7,"W", 11/18/2025 11:15:00 PM,"(UTC-07:00) Arizona",,,3743680.2,3720681.2,3766679.2,
PNTM9M2jMkKm3GLHpLiq3J4gE,"","North Campus",6c2573ce-592a-4519-989c-2fd21d6918b7,"W", 11/18/2025 11:30:00 PM,"(UTC-07:00) Arizona",,,3730202.65,3717186.5,3743218.8,
PNTM9M2jMkKm3GLHpLiq3J4gE,"","North Campus",6c2573ce-592a-4519-989c-2fd21d6918b7,"W", 11/18/2025 11:45:00 PM,"(UTC-07:00) Arizona",,,3683110,3673956.5,3692263.5,
PNTM9M2jMkKm3GLHpLiq3J4gE,"","North Campus",6c2573ce-592a-4519-989c-2fd21d6918b7,"W", 11/19/2025 12:00:00 AM,"(UTC-07:00) Arizona",,,3630345.1666666665,3614293.2,3661416.5,
PNTM9M2jMkKm3GLHpLiq3J4gE,"","North Campus",6c2573ce-592a-4519-989c-2fd21d6918b7,"W", 11/19/2025 12:15:00 AM,"(UTC-07:00) Arizona",,,3592615.7999999993,3567747.8,3619597.8,
PNTM9M2jMkKm3GLHpLiq3J4gE,"","North Campus",6c2573ce-592a-4519-989c-2fd21d6918b7,"W", 11/19/2025 12:30:00 AM,"(UTC-07:00) Arizona",,,3542940.5,3542940.5,3542940.5,
PNTM9M2jMkKm3GLHpLiq3J4gE,"","North Campus",6c2573ce-592a-4519-989c-2fd21d6918b7,"W", 11/19/2025 12:45:00 AM,"(UTC-07:00) Arizona",,,3584626.6333333333,3568206.5,3606436.2,
PNTM9M2jMkKm3GLHpLiq3J4gE,"","North Campus",6c2573ce-592a-4519-989c-2fd21d6918b7,"W", 11/19/2025 01:00:00 AM,"(UTC-07:00) Arizona",,,3544372.2,3506773.2,3581971.2,
PNTM9M2jMkKm3GLHpLiq3J4gE,"","North Campus",6c2573ce-592a-4519-989c-2fd21d6918b7,"W", 11/19/2025 01:15:00 AM,"(UTC-07:00) Arizona",,,3486251.75,3482747.5,3489756,
PNTM9M2jMkKm3GLHpLiq3J4gE,"","North Campus",6c2573ce-592a-4519-989c-2fd21d6918b7,"W", 11/19/2025 01:30:00 AM,"(UTC-07:00) Arizona",,,3492367.35,3488797.5,3495937.2,
PNTM9M2jMkKm3GLHpLiq3J4gE,"","North Campus",6c2573ce-592a-4519-989c-2fd21d6918b7,"W", 11/19/2025 01:45:00 AM,"(UTC-07:00) Arizona",,,3469247.7,3453991.2,3484504.2,
PNTM9M2jMkKm3GLHpLiq3J4gE,"","North Campus",6c2573ce-592a-4519-989c-2fd21d6918b7,"W", 11/19/2025 02:00:00 AM,"(UTC-07:00) Arizona",,,3391536.1666666665,3380620.8,3401584.5,
PNTM9M2jMkKm3GLHpLiq3J4gE,"","North Campus",6c2573ce-592a-4519-989c-2fd21d6918b7,"W", 11/19/2025 02:15:00 AM,"(UTC-07:00) Arizona",,,3381180.625,3371279,3392255.8,
PNTM9M2jMkKm3GLHpLiq3J4gE,"","North Campus",6c2573ce-592a-4519-989c-2fd21d6918b7,"W", 11/19/2025 02:30:00 AM,"(UTC-07:00) Arizona",,,3384721.15,3377095.8,3392346.5,
PNTM9M2jMkKm3GLHpLiq3J4gE,"","North Campus",6c2573ce-592a-4519-989c-2fd21d6918b7,"W", 11/19/2025 02:45:00 AM,"(UTC-07:00) Arizona",,,3415604.3,3411116.8,3420091.8,
PNTM9M2jMkKm3GLHpLiq3J4gE,"","North Campus",6c2573ce-592a-4519-989c-2fd21d6918b7,"W", 11/19/2025 03:00:00 AM,"(UTC-07:00) Arizona",,,3382751.675,3370965.2,3393820.5,
PNTM9M2jMkKm3GLHpLiq3J4gE,"","North Campus",6c2573ce-592a-4519-989c-2fd21d6918b7,"W", 11/19/2025 03:15:00 AM,"(UTC-07:00) Arizona",,,3411823.8333333335,3394368.5,3443189.2,
PNTM9M2jMkKm3GLHpLiq3J4gE,"","North Campus",6c2573ce-592a-4519-989c-2fd21d6918b7,"W", 11/19/2025 03:30:00 AM,"(UTC-07:00) Arizona",,,3380188.1,3367103,3393273.2,
PNTM9M2jMkKm3GLHpLiq3J4gE,"","North Campus",6c2573ce-592a-4519-989c-2fd21d6918b7,"W", 11/19/2025 03:45:00 AM,"(UTC-07:00) Arizona",,,3382127.15,3346733.5,3417520.8,
PNTM9M2jMkKm3GLHpLiq3J4gE,"","North Campus",6c2573ce-592a-4519-989c-2fd21d6918b7,"W", 11/19/2025 04:00:00 AM,"(UTC-07:00) Arizona",,,3458443.6,3436285.5,3486404.5,
PNTM9M2jMkKm3GLHpLiq3J4gE,"","North Campus",6c2573ce-592a-4519-989c-2fd21d6918b7,"W", 11/19/2025 04:15:00 AM,"(UTC-07:00) Arizona",,,3555624,3548997.2,3562250.8,
PNTM9M2jMkKm3GLHpLiq3J4gE,"","North Campus",6c2573ce-592a-4519-989c-2fd21d6918b7,"W", 11/19/2025 04:30:00 AM,"(UTC-07:00) Arizona",,,3522022,3519793.8,3524250.2,
PNTM9M2jMkKm3GLHpLiq3J4gE,"","North Campus",6c2573ce-592a-4519-989c-2fd21d6918b7,"W", 11/19/2025 04:45:00 AM,"(UTC-07:00) Arizona",,,3554736.75,3552587.5,3556886,
PNTM9M2jMkKm3GLHpLiq3J4gE,"","North Campus",6c2573ce-592a-4519-989c-2fd21d6918b7,"W", 11/19/2025 05:00:00 AM,"(UTC-07:00) Arizona",,,3603089.6,3587317.2,3618862,
PNTM9M2jMkKm3GLHpLiq3J4gE,"","North Campus",6c2573ce-592a-4519-989c-2fd21d6918b7,"W", 11/19/2025 05:15:00 AM,"(UTC-07:00) Arizona",,,3601395.6,3591529.8,3612768.2,
PNTM9M2jMkKm3GLHpLiq3J4gE,"","North Campus",6c2573ce-592a-4519-989c-2fd21d6918b7,"W", 11/19/2025 05:30:00 AM,"(UTC-07:00) Arizona",,,3695714.625,3667324.5,3724253.5,
PNTM9M2jMkKm3GLHpLiq3J4gE,"","North Campus",6c2573ce-592a-4519-989c-2fd21d6918b7,"W", 11/19/2025 05:45:00 AM,"(UTC-07:00) Arizona",,,3715553.1666666665,3677360.2,3761549.8,
PNTM9M2jMkKm3GLHpLiq3J4gE,"","North Campus",6c2573ce-592a-4519-989c-2fd21d6918b7,"W", 11/19/2025 06:00:00 AM,"(UTC-07:00) Arizona",,,3840045.4333333336,3813243,3874086.8,
PNTM9M2jMkKm3GLHpLiq3J4gE,"","North Campus",6c2573ce-592a-4519-989c-2fd21d6918b7,"W", 11/19/2025 06:15:00 AM,"(UTC-07:00) Arizona",,,3891081.3333333335,3884642.2,3901498,
PNTM9M2jMkKm3GLHpLiq3J4gE,"","North Campus",6c2573ce-592a-4519-989c-2fd21d6918b7,"W", 11/19/2025 06:30:00 AM,"(UTC-07:00) Arizona",,,3911247,3894226,3920438.8,
PNTM9M2jMkKm3GLHpLiq3J4gE,"","North Campus",6c2573ce-592a-4519-989c-2fd21d6918b7,"W", 11/19/2025 06:45:00 AM,"(UTC-07:00) Arizona",,,3958243.6,3929115.2,3987372,
PNTM9M2jMkKm3GLHpLiq3J4gE,"","North Campus",6c2573ce-592a-4519-989c-2fd21d6918b7,"W", 11/19/2025 07:00:00 AM,"(UTC-07:00) Arizona",,,4133332.766666667,4082865.5,4167185,
PNTM9M2jMkKm3GLHpLiq3J4gE,"","North Campus",6c2573ce-592a-4519-989c-2fd21d6918b7,"W", 11/19/2025 07:15:00 AM,"(UTC-07:00) Arizona",,,4170922.3666666667,4161899.5,4187727.8,
PNTM9M2jMkKm3GLHpLiq3J4gE,"","North Campus",6c2573ce-592a-4519-989c-2fd21d6918b7,"W", 11/19/2025 07:30:00 AM,"(UTC-07:00) Arizona",,,4284040,4257098,4312815,
PNTM9M2jMkKm3GLHpLiq3J4gE,"","North Campus",6c2573ce-592a-4519-989c-2fd21d6918b7,"W", 11/19/2025 07:45:00 AM,"(UTC-07:00) Arizona",,,4315944,4288194,4351793.5,
PNTM9M2jMkKm3GLHpLiq3J4gE,"","North Campus",6c2573ce-592a-4519-989c-2fd21d6918b7,"W", 11/19/2025 08:00:00 AM,"(UTC-07:00) Arizona",,,4500243,4465112.5,4563793,
PNTM9M2jMkKm3GLHpLiq3J4gE,"","North Campus",6c2573ce-592a-4519-989c-2fd21d6918b7,"W", 11/19/2025 08:15:00 AM,"(UTC-07:00) Arizona",,,4717264.166666667,4691465.5,4734177.5,
PNTM9M2jMkKm3GLHpLiq3J4gE,"","North Campus",6c2573ce-592a-4519-989c-2fd21d6918b7,"W", 11/19/2025 08:30:00 AM,"(UTC-07:00) Arizona",,,4731318.75,4724150,4738487.5,
PNTM9M2jMkKm3GLHpLiq3J4gE,"","North Campus",6c2573ce-592a-4519-989c-2fd21d6918b7,"W", 11/19/2025 08:45:00 AM,"(UTC-07:00) Arizona",,,4820317.333333333,4765781.5,4849248.5,
PNTM9M2jMkKm3GLHpLiq3J4gE,"","North Campus",6c2573ce-592a-4519-989c-2fd21d6918b7,"W", 11/19/2025 09:00:00 AM,"(UTC-07:00) Arizona",,,4953003.75,4911344,4994663.5,
PNTM9M2jMkKm3GLHpLiq3J4gE,"","North Campus",6c2573ce-592a-4519-989c-2fd21d6918b7,"W", 11/19/2025 09:15:00 AM,"(UTC-07:00) Arizona",,,4888264.75,4840195,4936334.5,
PNTM9M2jMkKm3GLHpLiq3J4gE,"","North Campus",6c2573ce-592a-4519-989c-2fd21d6918b7,"W", 11/19/2025 09:30:00 AM,"(UTC-07:00) Arizona",,,4917648.5,4879775.5,4955521.5,
PNTM9M2jMkKm3GLHpLiq3J4gE,"","North Campus",6c2573ce-592a-4519-989c-2fd21d6918b7,"W", 11/19/2025 09:45:00 AM,"(UTC-07:00) Arizona",,,5033784.5,4994002,5073567,
PNTM9M2jMkKm3GLHpLiq3J4gE,"","North Campus",6c2573ce-592a-4519-989c-2fd21d6918b7,"W", 11/19/2025 10:00:00 AM,"(UTC-07:00) Arizona",,,5070395.25,5051928.5,5088862,
PNTM9M2jMkKm3GLHpLiq3J4gE,"","North Campus",6c2573ce-592a-4519-989c-2fd21d6918b7,"W", 11/19/2025 10:15:00 AM,"(UTC-07:00) Arizona",,,5072308,5060672.5,5083943.5,
PNTM9M2jMkKm3GLHpLiq3J4gE,"","North Campus",6c2573ce-592a-4519-989c-2fd21d6918b7,"W", 11/19/2025 10:30:00 AM,"(UTC-07:00) Arizona",,,5113544,5028780.5,5198307.5,
PNTM9M2jMkKm3GLHpLiq3J4gE,"","North Campus",6c2573ce-592a-4519-989c-2fd21d6918b7,"W", 11/19/2025 10:45:00 AM,"(UTC-07:00) Arizona",,,5217214.25,5176212,5258216.5,
PNTM9M2jMkKm3GLHpLiq3J4gE,"","North Campus",6c2573ce-592a-4519-989c-2fd21d6918b7,"W", 11/19/2025 11:00:00 AM,"(UTC-07:00) Arizona",,,5142484.333333333,5082056,5212195.5,
PNTM9M2jMkKm3GLHpLiq3J4gE,"","North Campus",6c2573ce-592a-4519-989c-2fd21d6918b7,"W", 11/19/2025 11:15:00 AM,"(UTC-07:00) Arizona",,,5154503.5,5123981,5185026,
PNTM9M2jMkKm3GLHpLiq3J4gE,"","North Campus",6c2573ce-592a-4519-989c-2fd21d6918b7,"W", 11/19/2025 11:30:00 AM,"(UTC-07:00) Arizona",,,5147058.166666667,5095633.5,5195066.5,
PNTM9M2jMkKm3GLHpLiq3J4gE,"","North Campus",6c2573ce-592a-4519-989c-2fd21d6918b7,"W", 11/19/2025 11:45:00 AM,"(UTC-07:00) Arizona",,,5047173.75,5013156,5081191.5,
PNTM9M2jMkKm3GLHpLiq3J4gE,"","North Campus",6c2573ce-592a-4519-989c-2fd21d6918b7,"W", 11/19/2025 12:00:00 PM,"(UTC-07:00) Arizona",,,5099623.25,5070533.5,5128713,
PNTM9M2jMkKm3GLHpLiq3J4gE,"","North Campus",6c2573ce-592a-4519-989c-2fd21d6918b7,"W", 11/19/2025 12:15:00 PM,"(UTC-07:00) Arizona",,,5083496.75,5057671,5109322.5,
PNTM9M2jMkKm3GLHpLiq3J4gE,"","North Campus",6c2573ce-592a-4519-989c-2fd21d6918b7,"W", 11/19/2025 12:30:00 PM,"(UTC-07:00) Arizona",,,5100217,5082929,5117505,
PNTM9M2jMkKm3GLHpLiq3J4gE,"","North Campus",6c2573ce-592a-4519-989c-2fd21d6918b7,"W", 11/19/2025 12:45:00 PM,"(UTC-07:00) Arizona",,,5072406.25,5010517,5134295.5,
PNTM9M2jMkKm3GLHpLiq3J4gE,"","North Campus",6c2573ce-592a-4519-989c-2fd21d6918b7,"W", 11/19/2025 01:00:00 PM,"(UTC-07:00) Arizona",,,5102063.666666667,5083041.5,5133710,
PNTM9M2jMkKm3GLHpLiq3J4gE,"","North Campus",6c2573ce-592a-4519-989c-2fd21d6918b7,"W", 11/19/2025 01:15:00 PM,"(UTC-07:00) Arizona",,,5101200.166666667,5058666.5,5134037,
PNTM9M2jMkKm3GLHpLiq3J4gE,"","North Campus",6c2573ce-592a-4519-989c-2fd21d6918b7,"W", 11/19/2025 01:30:00 PM,"(UTC-07:00) Arizona",,,5098185.25,5064774.5,5131596,
PNTM9M2jMkKm3GLHpLiq3J4gE,"","North Campus",6c2573ce-592a-4519-989c-2fd21d6918b7,"W", 11/19/2025 01:45:00 PM,"(UTC-07:00) Arizona",,,5083672.25,5075748.5,5091596,
PNTM9M2jMkKm3GLHpLiq3J4gE,"","North Campus",6c2573ce-592a-4519-989c-2fd21d6918b7,"W", 11/19/2025 02:00:00 PM,"(UTC-07:00) Arizona",,,5096229.25,5050310,5142148.5,
PNTM9M2jMkKm3GLHpLiq3J4gE,"","North Campus",6c2573ce-592a-4519-989c-2fd21d6918b7,"W", 11/19/2025 02:15:00 PM,"(UTC-07:00) Arizona",,,5088082,5062499.5,5118675.5,
PNTM9M2jMkKm3GLHpLiq3J4gE,"","North Campus",6c2573ce-592a-4519-989c-2fd21d6918b7,"W", 11/19/2025 02:30:00 PM,"(UTC-07:00) Arizona",,,5106836,5105845,5107827,
PNTM9M2jMkKm3GLHpLiq3J4gE,"","North Campus",6c2573ce-592a-4519-989c-2fd21d6918b7,"W", 11/19/2025 02:45:00 PM,"(UTC-07:00) Arizona",,,5118752,5104070,5137038.5,
PNTM9M2jMkKm3GLHpLiq3J4gE,"","North Campus",6c2573ce-592a-4519-989c-2fd21d6918b7,"W", 11/19/2025 03:00:00 PM,"(UTC-07:00) Arizona",,,5170598.25,5144827.5,5196369,
PNTM9M2jMkKm3GLHpLiq3J4gE,"","North Campus",6c2573ce-592a-4519-989c-2fd21d6918b7,"W", 11/19/2025 03:15:00 PM,"(UTC-07:00) Arizona",,,5145488,5120875,5194478.5,
PNTM9M2jMkKm3GLHpLiq3J4gE,"","North Campus",6c2573ce-592a-4519-989c-2fd21d6918b7,"W", 11/19/2025 03:30:00 PM,"(UTC-07:00) Arizona",,,5157251.833333333,5113812,5209074,
PNTM9M2jMkKm3GLHpLiq3J4gE,"","North Campus",6c2573ce-592a-4519-989c-2fd21d6918b7,"W", 11/19/2025 03:45:00 PM,"(UTC-07:00) Arizona",,,5063021.333333333,5049422.5,5087815,
PNTM9M2jMkKm3GLHpLiq3J4gE,"","North Campus",6c2573ce-592a-4519-989c-2fd21d6918b7,"W", 11/19/2025 04:00:00 PM,"(UTC-07:00) Arizona",,,5036868.333333333,5022928,5045182.5,
PNTM9M2jMkKm3GLHpLiq3J4gE,"","North Campus",6c2573ce-592a-4519-989c-2fd21d6918b7,"W", 11/19/2025 04:15:00 PM,"(UTC-07:00) Arizona",,,5088118.75,5071848.5,5104389,
PNTM9M2jMkKm3GLHpLiq3J4gE,"","North Campus",6c2573ce-592a-4519-989c-2fd21d6918b7,"W", 11/19/2025 04:30:00 PM,"(UTC-07:00) Arizona",,,5033344.5,5017439.5,5049249.5,
PNTM9M2jMkKm3GLHpLiq3J4gE,"","North Campus",6c2573ce-592a-4519-989c-2fd21d6918b7,"W", 11/19/2025 04:45:00 PM,"(UTC-07:00) Arizona",,,5033908.5,4983616,5084201,
PNTM9M2jMkKm3GLHpLiq3J4gE,"","North Campus",6c2573ce-592a-4519-989c-2fd21d6918b7,"W", 11/19/2025 05:00:00 PM,"(UTC-07:00) Arizona",,,4919979.5,4903699,4936260,
PNTM9M2jMkKm3GLHpLiq3J4gE,"","North Campus",6c2573ce-592a-4519-989c-2fd21d6918b7,"W", 11/19/2025 05:15:00 PM,"(UTC-07:00) Arizona",,,4908960.75,4900375.5,4917546,
PNTM9M2jMkKm3GLHpLiq3J4gE,"","North Campus",6c2573ce-592a-4519-989c-2fd21d6918b7,"W", 11/19/2025 05:30:00 PM,"(UTC-07:00) Arizona",,,4912662.333333333,4825896,4976211.5,
PNTM9M2jMkKm3GLHpLiq3J4gE,"","North Campus",6c2573ce-592a-4519-989c-2fd21d6918b7,"W", 11/19/2025 05:45:00 PM,"(UTC-07:00) Arizona",,,4910810.75,4889250,4932371.5,
PNTM9M2jMkKm3GLHpLiq3J4gE,"","North Campus",6c2573ce-592a-4519-989c-2fd21d6918b7,"W", 11/19/2025 06:00:00 PM,"(UTC-07:00) Arizona",,,4774477.833333333,4733035,4811301.5,
PNTM9M2jMkKm3GLHpLiq3J4gE,"","North Campus",6c2573ce-592a-4519-989c-2fd21d6918b7,"W", 11/19/2025 06:15:00 PM,"(UTC-07:00) Arizona",,,4675306.5,4655366,4695255.5,
PNTM9M2jMkKm3GLHpLiq3J4gE,"","North Campus",6c2573ce-592a-4519-989c-2fd21d6918b7,"W", 11/19/2025 06:30:00 PM,"(UTC-07:00) Arizona",,,4623274.5,4621451.5,4625097.5,
PNTM9M2jMkKm3GLHpLiq3J4gE,"","North Campus",6c2573ce-592a-4519-989c-2fd21d6918b7,"W", 11/19/2025 06:45:00 PM,"(UTC-07:00) Arizona",,,4610285.75,4600990.5,4619581,
PNTM9M2jMkKm3GLHpLiq3J4gE,"","North Campus",6c2573ce-592a-4519-989c-2fd21d6918b7,"W", 11/19/2025 07:00:00 PM,"(UTC-07:00) Arizona",,,4458300,4416138,4500462,
PNTM9M2jMkKm3GLHpLiq3J4gE,"","North Campus",6c2573ce-592a-4519-989c-2fd21d6918b7,"W", 11/19/2025 07:15:00 PM,"(UTC-07:00) Arizona",,,4453856.666666667,4412263.5,4492468,
PNTM9M2jMkKm3GLHpLiq3J4gE,"","North Campus",6c2573ce-592a-4519-989c-2fd21d6918b7,"W", 11/19/2025 07:30:00 PM,"(UTC-07:00) Arizona",,,4421288,4415887,4426689,
PNTM9M2jMkKm3GLHpLiq3J4gE,"","North Campus",6c2573ce-592a-4519-989c-2fd21d6918b7,"W", 11/19/2025 07:45:00 PM,"(UTC-07:00) Arizona",,,4338971.5,4252721.5,4398638,
PNTM9M2jMkKm3GLHpLiq3J4gE,"","North Campus",6c2573ce-592a-4519-989c-2fd21d6918b7,"W", 11/19/2025 08:00:00 PM,"(UTC-07:00) Arizona",,,4269293.333333333,4244777,4303856,
PNTM9M2jMkKm3GLHpLiq3J4gE,"","North Campus",6c2573ce-592a-4519-989c-2fd21d6918b7,"W", 11/19/2025 08:15:00 PM,"(UTC-07:00) Arizona",,,4355115.25,4334100,4376130.5,
PNTM9M2jMkKm3GLHpLiq3J4gE,"","North Campus",6c2573ce-592a-4519-989c-2fd21d6918b7,"W", 11/19/2025 08:30:00 PM,"(UTC-07:00) Arizona",,,4311164,4284002.5,4338325.5,
PNTM9M2jMkKm3GLHpLiq3J4gE,"","North Campus",6c2573ce-592a-4519-989c-2fd21d6918b7,"W", 11/19/2025 08:45:00 PM,"(UTC-07:00) Arizona",,,4267049.5,4250466.5,4281948,
PNTM9M2jMkKm3GLHpLiq3J4gE,"","North Campus",6c2573ce-592a-4519-989c-2fd21d6918b7,"W", 11/19/2025 09:00:00 PM,"(UTC-07:00) Arizona",,,4199437.766666667,4194263.8,4207682,
PNTM9M2jMkKm3GLHpLiq3J4gE,"","North Campus",6c2573ce-592a-4519-989c-2fd21d6918b7,"W", 11/19/2025 09:15:00 PM,"(UTC-07:00) Arizona",,,4140442.9,4132253,4154663.2,
PNTM9M2jMkKm3GLHpLiq3J4gE,"","North Campus",6c2573ce-592a-4519-989c-2fd21d6918b7,"W", 11/19/2025 09:30:00 PM,"(UTC-07:00) Arizona",,,4177413.9333333336,4123765,4239469,
PNTM9M2jMkKm3GLHpLiq3J4gE,"","North Campus",6c2573ce-592a-4519-989c-2fd21d6918b7,"W", 11/19/2025 09:45:00 PM,"(UTC-07:00) Arizona",,,4192976.8333333335,4171511.5,4208697,
PNTM9M2jMkKm3GLHpLiq3J4gE,"","North Campus",6c2573ce-592a-4519-989c-2fd21d6918b7,"W", 11/19/2025 10:00:00 PM,"(UTC-07:00) Arizona",,,4031038.8,4031038.8,4031038.8,
PNTM9M2jMkKm3GLHpLiq3J4gE,"","North Campus",6c2573ce-592a-4519-989c-2fd21d6918b7,"W", 11/19/2025 10:15:00 PM,"(UTC-07:00) Arizona",,,4006511.35,3980907.2,4032115.5,
PNTM9M2jMkKm3GLHpLiq3J4gE,"","North Campus",6c2573ce-592a-4519-989c-2fd21d6918b7,"W", 11/19/2025 10:30:00 PM,"(UTC-07:00) Arizona",,,3920847.4,3905630,3936924,
PNTM9M2jMkKm3GLHpLiq3J4gE,"","North Campus",6c2573ce-592a-4519-989c-2fd21d6918b7,"W", 11/19/2025 10:45:00 PM,"(UTC-07:00) Arizona",,,3857458.233333333,3852689.5,3866590.2,
PNTM9M2jMkKm3GLHpLiq3J4gE,"","North Campus",6c2573ce-592a-4519-989c-2fd21d6918b7,"W", 11/19/2025 11:00:00 PM,"(UTC-07:00) Arizona",,,3718898.0666666664,3683648.2,3741853,
PNTM9M2jMkKm3GLHpLiq3J4gE,"","North Campus",6c2573ce-592a-4519-989c-2fd21d6918b7,"W", 11/19/2025 11:15:00 PM,"(UTC-07:00) Arizona",,,3714859.75,3700728,3728991.5,
PNTM9M2jMkKm3GLHpLiq3J4gE,"","North Campus",6c2573ce-592a-4519-989c-2fd21d6918b7,"W", 11/19/2025 11:30:00 PM,"(UTC-07:00) Arizona",,,3661429.65,3659397.5,3663461.8,
PNTM9M2jMkKm3GLHpLiq3J4gE,"","North Campus",6c2573ce-592a-4519-989c-2fd21d6918b7,"W", 11/19/2025 11:45:00 PM,"(UTC-07:00) Arizona",,,3638829.6666666665,3591169.2,3678699.8,
PNTM9M2jMkKm3GLHpLiq3J4gE,"","North Campus",6c2573ce-592a-4519-989c-2fd21d6918b7,"W", 11/20/2025 12:00:00 AM,"(UTC-07:00) Arizona",,,3633667,3617048.8,3650285.2,
PNTM9M2jMkKm3GLHpLiq3J4gE,"","North Campus",6c2573ce-592a-4519-989c-2fd21d6918b7,"W", 11/20/2025 12:15:00 AM,"(UTC-07:00) Arizona",,,3613729.5,3577153.2,3650305.8,
PNTM9M2jMkKm3GLHpLiq3J4gE,"","North Campus",6c2573ce-592a-4519-989c-2fd21d6918b7,"W", 11/20/2025 12:30:00 AM,"(UTC-07:00) Arizona",,,3566749.4,3564665,3568833.8,
PNTM9M2jMkKm3GLHpLiq3J4gE,"","North Campus",6c2573ce-592a-4519-989c-2fd21d6918b7,"W", 11/20/2025 12:45:00 AM,"(UTC-07:00) Arizona",,,3539938.15,3514893.8,3564982.5,
PNTM9M2jMkKm3GLHpLiq3J4gE,"","North Campus",6c2573ce-592a-4519-989c-2fd21d6918b7,"W", 11/20/2025 01:00:00 AM,"(UTC-07:00) Arizona",,,3497586.15,3497552.8,3497619.5,
PNTM9M2jMkKm3GLHpLiq3J4gE,"","North Campus",6c2573ce-592a-4519-989c-2fd21d6918b7,"W", 11/20/2025 01:15:00 AM,"(UTC-07:00) Arizona",,,3484699.233333333,3480161.2,3489659.5,
PNTM9M2jMkKm3GLHpLiq3J4gE,"","North Campus",6c2573ce-592a-4519-989c-2fd21d6918b7,"W", 11/20/2025 01:30:00 AM,"(UTC-07:00) Arizona",,,3492180,3480565.8,3503794.2,
PNTM9M2jMkKm3GLHpLiq3J4gE,"","North Campus",6c2573ce-592a-4519-989c-2fd21d6918b7,"W", 11/20/2025 01:45:00 AM,"(UTC-07:00) Arizona",,,3444323.266666667,3412353.8,3469547.8,
PNTM9M2jMkKm3GLHpLiq3J4gE,"","North Campus",6c2573ce-592a-4519-989c-2fd21d6918b7,"W", 11/20/2025 02:00:00 AM,"(UTC-07:00) Arizona",,,3438627.1,3438527.2,3438727,
PNTM9M2jMkKm3GLHpLiq3J4gE,"","North Campus",6c2573ce-592a-4519-989c-2fd21d6918b7,"W", 11/20/2025 02:15:00 AM,"(UTC-07:00) Arizona",,,3418178.8,3417906.8,3418450.8,
PNTM9M2jMkKm3GLHpLiq3J4gE,"","North Campus",6c2573ce-592a-4519-989c-2fd21d6918b7,"W", 11/20/2025 02:30:00 AM,"(UTC-07:00) Arizona",,,3399795.5666666664,3381164.5,3420389,
PNTM9M2jMkKm3GLHpLiq3J4gE,"","North Campus",6c2573ce-592a-4519-989c-2fd21d6918b7,"W", 11/20/2025 02:45:00 AM,"(UTC-07:00) Arizona",,,3419006.9,3384997.5,3462670,
PNTM9M2jMkKm3GLHpLiq3J4gE,"","North Campus",6c2573ce-592a-4519-989c-2fd21d6918b7,"W", 11/20/2025 03:00:00 AM,"(UTC-07:00) Arizona",,,3390954.1666666665,3377691,3403687.5,
PNTM9M2jMkKm3GLHpLiq3J4gE,"","North Campus",6c2573ce-592a-4519-989c-2fd21d6918b7,"W", 11/20/2025 03:15:00 AM,"(UTC-07:00) Arizona",,,3402836.4,3394471.2,3410742.5,
PNTM9M2jMkKm3GLHpLiq3J4gE,"","North Campus",6c2573ce-592a-4519-989c-2fd21d6918b7,"W", 11/20/2025 03:30:00 AM,"(UTC-07:00) Arizona",,,3421163.85,3380098.2,3462229.5,
PNTM9M2jMkKm3GLHpLiq3J4gE,"","North Campus",6c2573ce-592a-4519-989c-2fd21d6918b7,"W", 11/20/2025 03:45:00 AM,"(UTC-07:00) Arizona",,,3395290.8333333335,3377026.8,3420798.5,
PNTM9M2jMkKm3GLHpLiq3J4gE,"","North Campus",6c2573ce-592a-4519-989c-2fd21d6918b7,"W", 11/20/2025 04:00:00 AM,"(UTC-07:00) Arizona",,,3515488.65,3465995.5,3564981.8,
PNTM9M2jMkKm3GLHpLiq3J4gE,"","North Campus",6c2573ce-592a-4519-989c-2fd21d6918b7,"W", 11/20/2025 04:15:00 AM,"(UTC-07:00) Arizona",,,3502022.35,3483839.5,3520205.2,
PNTM9M2jMkKm3GLHpLiq3J4gE,"","North Campus",6c2573ce-592a-4519-989c-2fd21d6918b7,"W", 11/20/2025 04:30:00 AM,"(UTC-07:00) Arizona",,,3544241.75,3540691.5,3547792,
PNTM9M2jMkKm3GLHpLiq3J4gE,"","North Campus",6c2573ce-592a-4519-989c-2fd21d6918b7,"W", 11/20/2025 04:45:00 AM,"(UTC-07:00) Arizona",,,3573136.466666667,3561396,3582034.2,
PNTM9M2jMkKm3GLHpLiq3J4gE,"","North Campus",6c2573ce-592a-4519-989c-2fd21d6918b7,"W", 11/20/2025 05:00:00 AM,"(UTC-07:00) Arizona",,,3615721.1,3596317,3635125.2,
PNTM9M2jMkKm3GLHpLiq3J4gE,"","North Campus",6c2573ce-592a-4519-989c-2fd21d6918b7,"W", 11/20/2025 05:15:00 AM,"(UTC-07:00) Arizona",,,3683628.3000000003,3664307.5,3698991.2,
PNTM9M2jMkKm3GLHpLiq3J4gE,"","North Campus",6c2573ce-592a-4519-989c-2fd21d6918b7,"W", 11/20/2025 05:30:00 AM,"(UTC-07:00) Arizona",,,3730963.8,3730963.8,3730963.8,
PNTM9M2jMkKm3GLHpLiq3J4gE,"","North Campus",6c2573ce-592a-4519-989c-2fd21d6918b7,"W", 11/20/2025 05:45:00 AM,"(UTC-07:00) Arizona",,,3666127.9333333336,3646848,3688947,
PNTM9M2jMkKm3GLHpLiq3J4gE,"","North Campus",6c2573ce-592a-4519-989c-2fd21d6918b7,"W", 11/20/2025 06:00:00 AM,"(UTC-07:00) Arizona",,,3822529.6666666665,3775780.5,3851649.5,
PNTM9M2jMkKm3GLHpLiq3J4gE,"","North Campus",6c2573ce-592a-4519-989c-2fd21d6918b7,"W", 11/20/2025 06:15:00 AM,"(UTC-07:00) Arizona",,,3893002.25,3882146.5,3903858,
PNTM9M2jMkKm3GLHpLiq3J4gE,"","North Campus",6c2573ce-592a-4519-989c-2fd21d6918b7,"W", 11/20/2025 06:30:00 AM,"(UTC-07:00) Arizona",,,3929766,3923622.2,3935122,
PNTM9M2jMkKm3GLHpLiq3J4gE,"","North Campus",6c2573ce-592a-4519-989c-2fd21d6918b7,"W", 11/20/2025 06:45:00 AM,"(UTC-07:00) Arizona",,,3957982.5666666664,3916625,4009080.5,
PNTM9M2jMkKm3GLHpLiq3J4gE,"","North Campus",6c2573ce-592a-4519-989c-2fd21d6918b7,"W", 11/20/2025 07:00:00 AM,"(UTC-07:00) Arizona",,,4115666.966666667,4101649.2,4127396.2,
PNTM9M2jMkKm3GLHpLiq3J4gE,"","North Campus",6c2573ce-592a-4519-989c-2fd21d6918b7,"W", 11/20/2025 07:15:00 AM,"(UTC-07:00) Arizona",,,4229177.5,4180132,4297188,
PNTM9M2jMkKm3GLHpLiq3J4gE,"","North Campus",6c2573ce-592a-4519-989c-2fd21d6918b7,"W", 11/20/2025 07:30:00 AM,"(UTC-07:00) Arizona",,,4348003.5,4326216,4369791,
PNTM9M2jMkKm3GLHpLiq3J4gE,"","North Campus",6c2573ce-592a-4519-989c-2fd21d6918b7,"W", 11/20/2025 07:45:00 AM,"(UTC-07:00) Arizona",,,4396290.166666667,4361333.5,4458461.5,
PNTM9M2jMkKm3GLHpLiq3J4gE,"","North Campus",6c2573ce-592a-4519-989c-2fd21d6918b7,"W", 11/20/2025 08:00:00 AM,"(UTC-07:00) Arizona",,,4574964.75,4540665,4609264.5,
PNTM9M2jMkKm3GLHpLiq3J4gE,"","North Campus",6c2573ce-592a-4519-989c-2fd21d6918b7,"W", 11/20/2025 08:15:00 AM,"(UTC-07:00) Arizona",,,4605700.25,4602728,4608672.5,
PNTM9M2jMkKm3GLHpLiq3J4gE,"","North Campus",6c2573ce-592a-4519-989c-2fd21d6918b7,"W", 11/20/2025 08:30:00 AM,"(UTC-07:00) Arizona",,,4731577.5,4731577.5,4731577.5,
PNTM9M2jMkKm3GLHpLiq3J4gE,"","North Campus",6c2573ce-592a-4519-989c-2fd21d6918b7,"W", 11/20/2025 08:45:00 AM,"(UTC-07:00) Arizona",,,4744749.25,4693951.5,4795547,
PNTM9M2jMkKm3GLHpLiq3J4gE,"","North Campus",6c2573ce-592a-4519-989c-2fd21d6918b7,"W", 11/20/2025 09:00:00 AM,"(UTC-07:00) Arizona",,,4929603.5,4851029.5,5008177.5,
PNTM9M2jMkKm3GLHpLiq3J4gE,"","North Campus",6c2573ce-592a-4519-989c-2fd21d6918b7,"W", 11/20/2025 09:15:00 AM,"(UTC-07:00) Arizona",,,4915119.5,4907827.5,4922411.5,
PNTM9M2jMkKm3GLHpLiq3J4gE,"","North Campus",6c2573ce-592a-4519-989c-2fd21d6918b7,"W", 11/20/2025 09:30:00 AM,"(UTC-07:00) Arizona",,,4963814.5,4959957,4967672,
PNTM9M2jMkKm3GLHpLiq3J4gE,"","North Campus",6c2573ce-592a-4519-989c-2fd21d6918b7,"W", 11/20/2025 09:45:00 AM,"(UTC-07:00) Arizona",,,5013204.25,4980088.5,5046320,
PNTM9M2jMkKm3GLHpLiq3J4gE,"","North Campus",6c2573ce-592a-4519-989c-2fd21d6918b7,"W", 11/20/2025 10:00:00 AM,"(UTC-07:00) Arizona",,,5069918.625,5032858.5,5145546,
PNTM9M2jMkKm3GLHpLiq3J4gE,"","North Campus",6c2573ce-592a-4519-989c-2fd21d6918b7,"W", 11/20/2025 10:15:00 AM,"(UTC-07:00) Arizona",,,5065296.5,5040531,5090062,
PNTM9M2jMkKm3GLHpLiq3J4gE,"","North Campus",6c2573ce-592a-4519-989c-2fd21d6918b7,"W", 11/20/2025 10:30:00 AM,"(UTC-07:00) Arizona",,,4983294.5,4967816.5,4998772.5,
PNTM9M2jMkKm3GLHpLiq3J4gE,"","North Campus",6c2573ce-592a-4519-989c-2fd21d6918b7,"W", 11/20/2025 10:45:00 AM,"(UTC-07:00) Arizona",,,4985395.5,4923512,5047279,
PNTM9M2jMkKm3GLHpLiq3J4gE,"","North Campus",6c2573ce-592a-4519-989c-2fd21d6918b7,"W", 11/20/2025 11:00:00 AM,"(UTC-07:00) Arizona",,,5019429.25,4971117,5067741.5,
PNTM9M2jMkKm3GLHpLiq3J4gE,"","North Campus",6c2573ce-592a-4519-989c-2fd21d6918b7,"W", 11/20/2025 11:15:00 AM,"(UTC-07:00) Arizona",,,5007534.25,4966833.5,5048235,
PNTM9M2jMkKm3GLHpLiq3J4gE,"","North Campus",6c2573ce-592a-4519-989c-2fd21d6918b7,"W", 11/20/2025 11:30:00 AM,"(UTC-07:00) Arizona",,,4962783.5,4947573.5,4977537.5,
PNTM9M2jMkKm3GLHpLiq3J4gE,"","North Campus",6c2573ce-592a-4519-989c-2fd21d6918b7,"W", 11/20/2025 11:45:00 AM,"(UTC-07:00) Arizona",,,5036787.5,5036787.5,5036787.5,
PNTM9M2jMkKm3GLHpLiq3J4gE,"","North Campus",6c2573ce-592a-4519-989c-2fd21d6918b7,"W", 11/20/2025 12:00:00 PM,"(UTC-07:00) Arizona",,,5010533.5,4993843,5027224,
PNTM9M2jMkKm3GLHpLiq3J4gE,"","North Campus",6c2573ce-592a-4519-989c-2fd21d6918b7,"W", 11/20/2025 12:15:00 PM,"(UTC-07:00) Arizona",,,5133504,5094583.5,5195679,
PNTM9M2jMkKm3GLHpLiq3J4gE,"","North Campus",6c2573ce-592a-4519-989c-2fd21d6918b7,"W", 11/20/2025 12:30:00 PM,"(UTC-07:00) Arizona",,,5136592.833333333,5110888,5184728,
PNTM9M2jMkKm3GLHpLiq3J4gE,"","North Campus",6c2573ce-592a-4519-989c-2fd21d6918b7,"W", 11/20/2025 12:45:00 PM,"(UTC-07:00) Arizona",,,5184760.5,5142205,5227316,
PNTM9M2jMkKm3GLHpLiq3J4gE,"","North Campus",6c2573ce-592a-4519-989c-2fd21d6918b7,"W", 11/20/2025 01:00:00 PM,"(UTC-07:00) Arizona",,,5131035.5,5127730,5134341,
PNTM9M2jMkKm3GLHpLiq3J4gE,"","North Campus",6c2573ce-592a-4519-989c-2fd21d6918b7,"W", 11/20/2025 01:15:00 PM,"(UTC-07:00) Arizona",,,5090098.5,5020045,5160152,
PNTM9M2jMkKm3GLHpLiq3J4gE,"","North Campus",6c2573ce-592a-4519-989c-2fd21d6918b7,"W", 11/20/2025 01:30:00 PM,"(UTC-07:00) Arizona",,,4998767.333333333,4972374,5040174.5,
PNTM9M2jMkKm3GLHpLiq3J4gE,"","North Campus",6c2573ce-592a-4519-989c-2fd21d6918b7,"W", 11/20/2025 01:45:00 PM,"(UTC-07:00) Arizona",,,5084978.5,5083762.5,5086194.5,
PNTM9M2jMkKm3GLHpLiq3J4gE,"","North Campus",6c2573ce-592a-4519-989c-2fd21d6918b7,"W", 11/20/2025 02:00:00 PM,"(UTC-07:00) Arizona",,,5042934.166666667,5003356.5,5074065,
PNTM9M2jMkKm3GLHpLiq3J4gE,"","North Campus",6c2573ce-592a-4519-989c-2fd21d6918b7,"W", 11/20/2025 02:15:00 PM,"(UTC-07:00) Arizona",,,5104865.75,5083073.5,5126658,
PNTM9M2jMkKm3GLHpLiq3J4gE,"","North Campus",6c2573ce-592a-4519-989c-2fd21d6918b7,"W", 11/20/2025 02:30:00 PM,"(UTC-07:00) Arizona",,,5021960.166666667,4959851,5068172,
PNTM9M2jMkKm3GLHpLiq3J4gE,"","North Campus",6c2573ce-592a-4519-989c-2fd21d6918b7,"W", 11/20/2025 02:45:00 PM,"(UTC-07:00) Arizona",,,5005335,5001086,5009584,
PNTM9M2jMkKm3GLHpLiq3J4gE,"","North Campus",6c2573ce-592a-4519-989c-2fd21d6918b7,"W", 11/20/2025 03:00:00 PM,"(UTC-07:00) Arizona",,,4995758.75,4945254.5,5046263,
PNTM9M2jMkKm3GLHpLiq3J4gE,"","North Campus",6c2573ce-592a-4519-989c-2fd21d6918b7,"W", 11/20/2025 03:15:00 PM,"(UTC-07:00) Arizona",,,5109175.5,5109175.5,5109175.5,
PNTM9M2jMkKm3GLHpLiq3J4gE,"","North Campus",6c2573ce-592a-4519-989c-2fd21d6918b7,"W", 11/20/2025 03:30:00 PM,"(UTC-07:00) Arizona",,,5015005.25,4982247,5047763.5,
PNTM9M2jMkKm3GLHpLiq3J4gE,"","North Campus",6c2573ce-592a-4519-989c-2fd21d6918b7,"W", 11/20/2025 03:45:00 PM,"(UTC-07:00) Arizona",,,4969728.5,4919239,5020218,
PNTM9M2jMkKm3GLHpLiq3J4gE,"","North Campus",6c2573ce-592a-4519-989c-2fd21d6918b7,"W", 11/20/2025 04:00:00 PM,"(UTC-07:00) Arizona",,,4973152.333333333,4944711.5,5020752.5,
PNTM9M2jMkKm3GLHpLiq3J4gE,"","North Campus",6c2573ce-592a-4519-989c-2fd21d6918b7,"W", 11/20/2025 04:15:00 PM,"(UTC-07:00) Arizona",,,5010409.5,4953785,5064388,
PNTM9M2jMkKm3GLHpLiq3J4gE,"","North Campus",6c2573ce-592a-4519-989c-2fd21d6918b7,"W", 11/20/2025 04:30:00 PM,"(UTC-07:00) Arizona",,,4970585.333333333,4923813,5030285.5,
PNTM9M2jMkKm3GLHpLiq3J4gE,"","North Campus",6c2573ce-592a-4519-989c-2fd21d6918b7,"W", 11/20/2025 04:45:00 PM,"(UTC-07:00) Arizona",,,4941372,4941372,4941372,
PNTM9M2jMkKm3GLHpLiq3J4gE,"","North Campus",6c2573ce-592a-4519-989c-2fd21d6918b7,"W", 11/20/2025 05:00:00 PM,"(UTC-07:00) Arizona",,,4883612,4870142.5,4897081.5,
PNTM9M2jMkKm3GLHpLiq3J4gE,"","North Campus",6c2573ce-592a-4519-989c-2fd21d6918b7,"W", 11/20/2025 05:15:00 PM,"(UTC-07:00) Arizona",,,4917311.875,4876059,4976426,
PNTM9M2jMkKm3GLHpLiq3J4gE,"","North Campus",6c2573ce-592a-4519-989c-2fd21d6918b7,"W", 11/20/2025 05:30:00 PM,"(UTC-07:00) Arizona",,,4858193,4855097,4861289,
PNTM9M2jMkKm3GLHpLiq3J4gE,"","North Campus",6c2573ce-592a-4519-989c-2fd21d6918b7,"W", 11/20/2025 05:45:00 PM,"(UTC-07:00) Arizona",,,4836413.375,4800633,4869262.5,
PNTM9M2jMkKm3GLHpLiq3J4gE,"","North Campus",6c2573ce-592a-4519-989c-2fd21d6918b7,"W", 11/20/2025 06:00:00 PM,"(UTC-07:00) Arizona",,,4696136.5,4686124,4706149,
PNTM9M2jMkKm3GLHpLiq3J4gE,"","North Campus",6c2573ce-592a-4519-989c-2fd21d6918b7,"W", 11/20/2025 06:15:00 PM,"(UTC-07:00) Arizona",,,4646414.75,4626123,4666706.5,
PNTM9M2jMkKm3GLHpLiq3J4gE,"","North Campus",6c2573ce-592a-4519-989c-2fd21d6918b7,"W", 11/20/2025 06:30:00 PM,"(UTC-07:00) Arizona",,,4736089.5,4695235.5,4776943.5,
PNTM9M2jMkKm3GLHpLiq3J4gE,"","North Campus",6c2573ce-592a-4519-989c-2fd21d6918b7,"W", 11/20/2025 06:45:00 PM,"(UTC-07:00) Arizona",,,4749945,4749945,4749945,
PNTM9M2jMkKm3GLHpLiq3J4gE,"","North Campus",6c2573ce-592a-4519-989c-2fd21d6918b7,"W", 11/20/2025 07:00:00 PM,"(UTC-07:00) Arizona",,,4491590,4477027.5,4506152.5,
PNTM9M2jMkKm3GLHpLiq3J4gE,"","North Campus",6c2573ce-592a-4519-989c-2fd21d6918b7,"W", 11/20/2025 07:15:00 PM,"(UTC-07:00) Arizona",,,4458928.75,4445150.5,4472707,
PNTM9M2jMkKm3GLHpLiq3J4gE,"","North Campus",6c2573ce-592a-4519-989c-2fd21d6918b7,"W", 11/20/2025 07:30:00 PM,"(UTC-07:00) Arizona",,,4459055.25,4424936.5,4493174,
PNTM9M2jMkKm3GLHpLiq3J4gE,"","North Campus",6c2573ce-592a-4519-989c-2fd21d6918b7,"W", 11/20/2025 07:45:00 PM,"(UTC-07:00) Arizona",,,4468997.75,4425129.5,4512866,
PNTM9M2jMkKm3GLHpLiq3J4gE,"","North Campus",6c2573ce-592a-4519-989c-2fd21d6918b7,"W", 11/20/2025 08:00:00 PM,"(UTC-07:00) Arizona",,,4397326.5,4397326.5,4397326.5,
PNTM9M2jMkKm3GLHpLiq3J4gE,"","North Campus",6c2573ce-592a-4519-989c-2fd21d6918b7,"W", 11/20/2025 08:15:00 PM,"(UTC-07:00) Arizona",,,4322936,4251768.5,4370326.5,
PNTM9M2jMkKm3GLHpLiq3J4gE,"","North Campus",6c2573ce-592a-4519-989c-2fd21d6918b7,"W", 11/20/2025 08:30:00 PM,"(UTC-07:00) Arizona",,,4256571.833333333,4231490,4272270.5,
PNTM9M2jMkKm3GLHpLiq3J4gE,"","North Campus",6c2573ce-592a-4519-989c-2fd21d6918b7,"W", 11/20/2025 08:45:00 PM,"(UTC-07:00) Arizona",,,4233508,4233508,4233508,
PNTM9M2jMkKm3GLHpLiq3J4gE,"","North Campus",6c2573ce-592a-4519-989c-2fd21d6918b7,"W", 11/20/2025 09:00:00 PM,"(UTC-07:00) Arizona",,,4177547.6666666665,4133617,4202765,
PNTM9M2jMkKm3GLHpLiq3J4gE,"","North Campus",6c2573ce-592a-4519-989c-2fd21d6918b7,"W", 11/20/2025 09:15:00 PM,"(UTC-07:00) Arizona",,,4132100,4121312.2,4142887.8,
PNTM9M2jMkKm3GLHpLiq3J4gE,"","North Campus",6c2573ce-592a-4519-989c-2fd21d6918b7,"W", 11/20/2025 09:30:00 PM,"(UTC-07:00) Arizona",,,4097760.9333333336,4069250.8,4116415,
PNTM9M2jMkKm3GLHpLiq3J4gE,"","North Campus",6c2573ce-592a-4519-989c-2fd21d6918b7,"W", 11/20/2025 09:45:00 PM,"(UTC-07:00) Arizona",,,4063444.9333333336,4038668.2,4088748.8,
PNTM9M2jMkKm3GLHpLiq3J4gE,"","North Campus",6c2573ce-592a-4519-989c-2fd21d6918b7,"W", 11/20/2025 10:00:00 PM,"(UTC-07:00) Arizona",,,4023414.1,4014125,4032703.2,
PNTM9M2jMkKm3GLHpLiq3J4gE,"","North Campus",6c2573ce-592a-4519-989c-2fd21d6918b7,"W", 11/20/2025 10:15:00 PM,"(UTC-07:00) Arizona",,,3971181.5,3931070.2,3988293.8,
PNTM9M2jMkKm3GLHpLiq3J4gE,"","North Campus",6c2573ce-592a-4519-989c-2fd21d6918b7,"W", 11/20/2025 10:30:00 PM,"(UTC-07:00) Arizona",,,3981634.6,3947764.2,4015505,
PNTM9M2jMkKm3GLHpLiq3J4gE,"","North Campus",6c2573ce-592a-4519-989c-2fd21d6918b7,"W", 11/20/2025 10:45:00 PM,"(UTC-07:00) Arizona",,,3919783.5,3919783.5,3919783.5,
PNTM9M2jMkKm3GLHpLiq3J4gE,"","North Campus",6c2573ce-592a-4519-989c-2fd21d6918b7,"W", 11/20/2025 11:00:00 PM,"(UTC-07:00) Arizona",,,3773239.1,3693334,3872592.5,
PNTM9M2jMkKm3GLHpLiq3J4gE,"","North Campus",6c2573ce-592a-4519-989c-2fd21d6918b7,"W", 11/20/2025 11:15:00 PM,"(UTC-07:00) Arizona",,,3714324.5666666664,3681813.5,3760849.2,
PNTM9M2jMkKm3GLHpLiq3J4gE,"","North Campus",6c2573ce-592a-4519-989c-2fd21d6918b7,"W", 11/20/2025 11:30:00 PM,"(UTC-07:00) Arizona",,,3666115.5333333337,3643932.2,3678618.2,
PNTM9M2jMkKm3GLHpLiq3J4gE,"","North Campus",6c2573ce-592a-4519-989c-2fd21d6918b7,"W", 11/20/2025 11:45:00 PM,"(UTC-07:00) Arizona",,,3653911.033333333,3612414.5,3687158.8,
PNTM9M2jMkKm3GLHpLiq3J4gE,"","North Campus",6c2573ce-592a-4519-989c-2fd21d6918b7,"W", 11/21/2025 12:00:00 AM,"(UTC-07:00) Arizona",,,3663760,3663760,3663760,
PNTM9M2jMkKm3GLHpLiq3J4gE,"","North Campus",6c2573ce-592a-4519-989c-2fd21d6918b7,"W", 11/21/2025 12:15:00 AM,"(UTC-07:00) Arizona",,,3546131.5,3524515.8,3578570.5,
PNTM9M2jMkKm3GLHpLiq3J4gE,"","North Campus",6c2573ce-592a-4519-989c-2fd21d6918b7,"W", 11/21/2025 12:30:00 AM,"(UTC-07:00) Arizona",,,3558341.25,3553682.5,3563000,
PNTM9M2jMkKm3GLHpLiq3J4gE,"","North Campus",6c2573ce-592a-4519-989c-2fd21d6918b7,"W", 11/21/2025 12:45:00 AM,"(UTC-07:00) Arizona",,,3536878.4,3529301,3544455.8,
PNTM9M2jMkKm3GLHpLiq3J4gE,"","North Campus",6c2573ce-592a-4519-989c-2fd21d6918b7,"W", 11/21/2025 01:00:00 AM,"(UTC-07:00) Arizona",,,3528678.1666666665,3500057.2,3546323.5,
PNTM9M2jMkKm3GLHpLiq3J4gE,"","North Campus",6c2573ce-592a-4519-989c-2fd21d6918b7,"W", 11/21/2025 01:15:00 AM,"(UTC-07:00) Arizona",,,3498896,3498896,3498896,
PNTM9M2jMkKm3GLHpLiq3J4gE,"","North Campus",6c2573ce-592a-4519-989c-2fd21d6918b7,"W", 11/21/2025 01:30:00 AM,"(UTC-07:00) Arizona",,,3451587.0666666664,3429770.2,3474648.5,
PNTM9M2jMkKm3GLHpLiq3J4gE,"","North Campus",6c2573ce-592a-4519-989c-2fd21d6918b7,"W", 11/21/2025 01:45:00 AM,"(UTC-07:00) Arizona",,,3428204.6,3405855.2,3450554,
PNTM9M2jMkKm3GLHpLiq3J4gE,"","North Campus",6c2573ce-592a-4519-989c-2fd21d6918b7,"W", 11/21/2025 02:00:00 AM,"(UTC-07:00) Arizona",,,3403611.0666666664,3382427.2,3421496.2,
PNTM9M2jMkKm3GLHpLiq3J4gE,"","North Campus",6c2573ce-592a-4519-989c-2fd21d6918b7,"W", 11/21/2025 02:15:00 AM,"(UTC-07:00) Arizona",,,3412593.25,3390773.5,3434413,
PNTM9M2jMkKm3GLHpLiq3J4gE,"","North Campus",6c2573ce-592a-4519-989c-2fd21d6918b7,"W", 11/21/2025 02:30:00 AM,"(UTC-07:00) Arizona",,,3383940,3379624.2,3388255.8,
PNTM9M2jMkKm3GLHpLiq3J4gE,"","North Campus",6c2573ce-592a-4519-989c-2fd21d6918b7,"W", 11/21/2025 02:45:00 AM,"(UTC-07:00) Arizona",,,3381627.6666666665,3360688.5,3393142,
PNTM9M2jMkKm3GLHpLiq3J4gE,"","North Campus",6c2573ce-592a-4519-989c-2fd21d6918b7,"W", 11/21/2025 03:00:00 AM,"(UTC-07:00) Arizona",,,3403934,3403934,3403934,
PNTM9M2jMkKm3GLHpLiq3J4gE,"","North Campus",6c2573ce-592a-4519-989c-2fd21d6918b7,"W", 11/21/2025 03:15:00 AM,"(UTC-07:00) Arizona",,,3403991.7,3384215,3442197,
PNTM9M2jMkKm3GLHpLiq3J4gE,"","North Campus",6c2573ce-592a-4519-989c-2fd21d6918b7,"W", 11/21/2025 03:30:00 AM,"(UTC-07:00) Arizona",,,3400106.1,3377360,3422852.2,
PNTM9M2jMkKm3GLHpLiq3J4gE,"","North Campus",6c2573ce-592a-4519-989c-2fd21d6918b7,"W", 11/21/2025 03:45:00 AM,"(UTC-07:00) Arizona",,,3415196.4,3398375.8,3432017,
PNTM9M2jMkKm3GLHpLiq3J4gE,"","North Campus",6c2573ce-592a-4519-989c-2fd21d6918b7,"W", 11/21/2025 04:00:00 AM,"(UTC-07:00) Arizona",,,3506626.5,3506626.5,3506626.5,
PNTM9M2jMkKm3GLHpLiq3J4gE,"","North Campus",6c2573ce-592a-4519-989c-2fd21d6918b7,"W", 11/21/2025 04:15:00 AM,"(UTC-07:00) Arizona",,,3571941.375,3542111.8,3600697.2,
PNTM9M2jMkKm3GLHpLiq3J4gE,"","North Campus",6c2573ce-592a-4519-989c-2fd21d6918b7,"W", 11/21/2025 04:30:00 AM,"(UTC-07:00) Arizona",,,3587230.65,3584456.8,3590004.5,
PNTM9M2jMkKm3GLHpLiq3J4gE,"","North Campus",6c2573ce-592a-4519-989c-2fd21d6918b7,"W", 11/21/2025 04:45:00 AM,"(UTC-07:00) Arizona",,,3623335.85,3606142.2,3640529.5,
PNTM9M2jMkKm3GLHpLiq3J4gE,"","North Campus",6c2573ce-592a-4519-989c-2fd21d6918b7,"W", 11/21/2025 05:00:00 AM,"(UTC-07:00) Arizona",,,3642090.75,3628803.5,3655378,
PNTM9M2jMkKm3GLHpLiq3J4gE,"","North Campus",6c2573ce-592a-4519-989c-2fd21d6918b7,"W", 11/21/2025 05:15:00 AM,"(UTC-07:00) Arizona",,,3673300.6666666665,3648189.2,3696422,
PNTM9M2jMkKm3GLHpLiq3J4gE,"","North Campus",6c2573ce-592a-4519-989c-2fd21d6918b7,"W", 11/21/2025 05:30:00 AM,"(UTC-07:00) Arizona",,,3629833.75,3614533.5,3645134,
PNTM9M2jMkKm3GLHpLiq3J4gE,"","North Campus",6c2573ce-592a-4519-989c-2fd21d6918b7,"W", 11/21/2025 05:45:00 AM,"(UTC-07:00) Arizona",,,3670560.05,3634365.2,3691547.8,
PNTM9M2jMkKm3GLHpLiq3J4gE,"","North Campus",6c2573ce-592a-4519-989c-2fd21d6918b7,"W", 11/21/2025 06:00:00 AM,"(UTC-07:00) Arizona",,,3874033.65,3873972.5,3874094.8,
PNTM9M2jMkKm3GLHpLiq3J4gE,"","North Campus",6c2573ce-592a-4519-989c-2fd21d6918b7,"W", 11/21/2025 06:15:00 AM,"(UTC-07:00) Arizona",,,3806425.85,3757078.5,3855773.2,
PNTM9M2jMkKm3GLHpLiq3J4gE,"","North Campus",6c2573ce-592a-4519-989c-2fd21d6918b7,"W", 11/21/2025 06:30:00 AM,"(UTC-07:00) Arizona",,,3785375.1999999997,3740479.8,3861704.8,
PNTM9M2jMkKm3GLHpLiq3J4gE,"","North Campus",6c2573ce-592a-4519-989c-2fd21d6918b7,"W", 11/21/2025 06:45:00 AM,"(UTC-07:00) Arizona",,,3820584.65,3810753.8,3830415.5,
PNTM9M2jMkKm3GLHpLiq3J4gE,"","North Campus",6c2573ce-592a-4519-989c-2fd21d6918b7,"W", 11/21/2025 07:00:00 AM,"(UTC-07:00) Arizona",,,3981557.8,3916417.8,4046697.8,
PNTM9M2jMkKm3GLHpLiq3J4gE,"","North Campus",6c2573ce-592a-4519-989c-2fd21d6918b7,"W", 11/21/2025 07:15:00 AM,"(UTC-07:00) Arizona",,,4059927.85,3998880.2,4120975.5,
PNTM9M2jMkKm3GLHpLiq3J4gE,"","North Campus",6c2573ce-592a-4519-989c-2fd21d6918b7,"W", 11/21/2025 07:30:00 AM,"(UTC-07:00) Arizona",,,4187195.9333333336,4157244.8,4207779.5,
PNTM9M2jMkKm3GLHpLiq3J4gE,"","North Campus",6c2573ce-592a-4519-989c-2fd21d6918b7,"W", 11/21/2025 07:45:00 AM,"(UTC-07:00) Arizona",,,4312114.5,4312114.5,4312114.5,
PNTM9M2jMkKm3GLHpLiq3J4gE,"","North Campus",6c2573ce-592a-4519-989c-2fd21d6918b7,"W", 11/21/2025 08:00:00 AM,"(UTC-07:00) Arizona",,,4376390.75,4371012.5,4381769,
PNTM9M2jMkKm3GLHpLiq3J4gE,"","North Campus",6c2573ce-592a-4519-989c-2fd21d6918b7,"W", 11/21/2025 08:15:00 AM,"(UTC-07:00) Arizona",,,4447583.333333333,4423724,4475911.5,
PNTM9M2jMkKm3GLHpLiq3J4gE,"","North Campus",6c2573ce-592a-4519-989c-2fd21d6918b7,"W", 11/21/2025 08:30:00 AM,"(UTC-07:00) Arizona",,,4400581.833333333,4363261,4456361,
PNTM9M2jMkKm3GLHpLiq3J4gE,"","North Campus",6c2573ce-592a-4519-989c-2fd21d6918b7,"W", 11/21/2025 08:45:00 AM,"(UTC-07:00) Arizona",,,4477821.75,4440580,4515063.5,
PNTM9M2jMkKm3GLHpLiq3J4gE,"","North Campus",6c2573ce-592a-4519-989c-2fd21d6918b7,"W", 11/21/2025 09:00:00 AM,"(UTC-07:00) Arizona",,,4583534,4567957,4599111,
PNTM9M2jMkKm3GLHpLiq3J4gE,"","North Campus",6c2573ce-592a-4519-989c-2fd21d6918b7,"W", 11/21/2025 09:15:00 AM,"(UTC-07:00) Arizona",,,4554480.5,4538602.5,4584776,
PNTM9M2jMkKm3GLHpLiq3J4gE,"","North Campus",6c2573ce-592a-4519-989c-2fd21d6918b7,"W", 11/21/2025 09:30:00 AM,"(UTC-07:00) Arizona",,,4627428,4602462.5,4652393.5,
PNTM9M2jMkKm3GLHpLiq3J4gE,"","North Campus",6c2573ce-592a-4519-989c-2fd21d6918b7,"W", 11/21/2025 09:45:00 AM,"(UTC-07:00) Arizona",,,4699951.833333333,4530966,4825448.5,
PNTM9M2jMkKm3GLHpLiq3J4gE,"","North Campus",6c2573ce-592a-4519-989c-2fd21d6918b7,"W", 11/21/2025 10:00:00 AM,"(UTC-07:00) Arizona",,,4737067.25,4715452,4758682.5,
PNTM9M2jMkKm3GLHpLiq3J4gE,"","North Campus",6c2573ce-592a-4519-989c-2fd21d6918b7,"W", 11/21/2025 10:15:00 AM,"(UTC-07:00) Arizona",,,4788953.25,4767585,4810321.5,
PNTM9M2jMkKm3GLHpLiq3J4gE,"","North Campus",6c2573ce-592a-4519-989c-2fd21d6918b7,"W", 11/21/2025 10:30:00 AM,"(UTC-07:00) Arizona",,,4831902,4797623,4866181,
PNTM9M2jMkKm3GLHpLiq3J4gE,"","North Campus",6c2573ce-592a-4519-989c-2fd21d6918b7,"W", 11/21/2025 10:45:00 AM,"(UTC-07:00) Arizona",,,4722770.5,4722770.5,4722770.5,
PNTM9M2jMkKm3GLHpLiq3J4gE,"","North Campus",6c2573ce-592a-4519-989c-2fd21d6918b7,"W", 11/21/2025 11:00:00 AM,"(UTC-07:00) Arizona",,,4808751.166666667,4689250.5,4882562,
PNTM9M2jMkKm3GLHpLiq3J4gE,"","North Campus",6c2573ce-592a-4519-989c-2fd21d6918b7,"W", 11/21/2025 11:15:00 AM,"(UTC-07:00) Arizona",,,4916005.25,4897586,4934424.5,
PNTM9M2jMkKm3GLHpLiq3J4gE,"","North Campus",6c2573ce-592a-4519-989c-2fd21d6918b7,"W", 11/21/2025 11:30:00 AM,"(UTC-07:00) Arizona",,,4894101.333333333,4858830.5,4958080.5,
PNTM9M2jMkKm3GLHpLiq3J4gE,"","North Campus",6c2573ce-592a-4519-989c-2fd21d6918b7,"W", 11/21/2025 11:45:00 AM,"(UTC-07:00) Arizona",,,4885193.666666667,4820938,4918009.5,
PNTM9M2jMkKm3GLHpLiq3J4gE,"","North Campus",6c2573ce-592a-4519-989c-2fd21d6918b7,"W", 11/21/2025 12:00:00 PM,"(UTC-07:00) Arizona",,,4902000.75,4853999.5,4950002,
PNTM9M2jMkKm3GLHpLiq3J4gE,"","North Campus",6c2573ce-592a-4519-989c-2fd21d6918b7,"W", 11/21/2025 12:15:00 PM,"(UTC-07:00) Arizona",,,4831071,4803858,4858284,
PNTM9M2jMkKm3GLHpLiq3J4gE,"","North Campus",6c2573ce-592a-4519-989c-2fd21d6918b7,"W", 11/21/2025 12:30:00 PM,"(UTC-07:00) Arizona",,,4783286.75,4728528.5,4838045,
PNTM9M2jMkKm3GLHpLiq3J4gE,"","North Campus",6c2573ce-592a-4519-989c-2fd21d6918b7,"W", 11/21/2025 12:45:00 PM,"(UTC-07:00) Arizona",,,4836140.166666667,4766640,4878501.5,
PNTM9M2jMkKm3GLHpLiq3J4gE,"","North Campus",6c2573ce-592a-4519-989c-2fd21d6918b7,"W", 11/21/2025 01:00:00 PM,"(UTC-07:00) Arizona",,,4750209,4693489.5,4812844,
PNTM9M2jMkKm3GLHpLiq3J4gE,"","North Campus",6c2573ce-592a-4519-989c-2fd21d6918b7,"W", 11/21/2025 01:15:00 PM,"(UTC-07:00) Arizona",,,4756550,4701442,4811658,
PNTM9M2jMkKm3GLHpLiq3J4gE,"","North Campus",6c2573ce-592a-4519-989c-2fd21d6918b7,"W", 11/21/2025 01:30:00 PM,"(UTC-07:00) Arizona",,,4832938.75,4809821.5,4856056,
PNTM9M2jMkKm3GLHpLiq3J4gE,"","North Campus",6c2573ce-592a-4519-989c-2fd21d6918b7,"W", 11/21/2025 01:45:00 PM,"(UTC-07:00) Arizona",,,4850183.25,4799522,4900844.5,
PNTM9M2jMkKm3GLHpLiq3J4gE,"","North Campus",6c2573ce-592a-4519-989c-2fd21d6918b7,"W", 11/21/2025 02:00:00 PM,"(UTC-07:00) Arizona",,,4875985.25,4835812.5,4916158,
PNTM9M2jMkKm3GLHpLiq3J4gE,"","North Campus",6c2573ce-592a-4519-989c-2fd21d6918b7,"W", 11/21/2025 02:15:00 PM,"(UTC-07:00) Arizona",,,4838484,4738130,4938838,
PNTM9M2jMkKm3GLHpLiq3J4gE,"","North Campus",6c2573ce-592a-4519-989c-2fd21d6918b7,"W", 11/21/2025 02:30:00 PM,"(UTC-07:00) Arizona",,,4760504.75,4738898.5,4782111,
PNTM9M2jMkKm3GLHpLiq3J4gE,"","North Campus",6c2573ce-592a-4519-989c-2fd21d6918b7,"W", 11/21/2025 02:45:00 PM,"(UTC-07:00) Arizona",,,4716425.25,4681455.5,4751395,
PNTM9M2jMkKm3GLHpLiq3J4gE,"","North Campus",6c2573ce-592a-4519-989c-2fd21d6918b7,"W", 11/21/2025 03:00:00 PM,"(UTC-07:00) Arizona",,,4803199.5,4794646.5,4811752.5,
PNTM9M2jMkKm3GLHpLiq3J4gE,"","North Campus",6c2573ce-592a-4519-989c-2fd21d6918b7,"W", 11/21/2025 03:15:00 PM,"(UTC-07:00) Arizona",,,4844946.75,4742831,4947062.5,
PNTM9M2jMkKm3GLHpLiq3J4gE,"","North Campus",6c2573ce-592a-4519-989c-2fd21d6918b7,"W", 11/21/2025 03:30:00 PM,"(UTC-07:00) Arizona",,,4794813.75,4781444.5,4808183,
PNTM9M2jMkKm3GLHpLiq3J4gE,"","North Campus",6c2573ce-592a-4519-989c-2fd21d6918b7,"W", 11/21/2025 03:45:00 PM,"(UTC-07:00) Arizona",,,4788671.75,4783485.5,4793858,
PNTM9M2jMkKm3GLHpLiq3J4gE,"","North Campus",6c2573ce-592a-4519-989c-2fd21d6918b7,"W", 11/21/2025 04:00:00 PM,"(UTC-07:00) Arizona",,,4687878,4687878,4687878,
PNTM9M2jMkKm3GLHpLiq3J4gE,"","North Campus",6c2573ce-592a-4519-989c-2fd21d6918b7,"W", 11/21/2025 04:15:00 PM,"(UTC-07:00) Arizona",,,4710037.5,4710037.5,4710037.5,
PNTM9M2jMkKm3GLHpLiq3J4gE,"","North Campus",6c2573ce-592a-4519-989c-2fd21d6918b7,"W", 11/21/2025 04:30:00 PM,"(UTC-07:00) Arizona",,,4746671.5,4683665.5,4824605,
PNTM9M2jMkKm3GLHpLiq3J4gE,"","North Campus",6c2573ce-592a-4519-989c-2fd21d6918b7,"W", 11/21/2025 04:45:00 PM,"(UTC-07:00) Arizona",,,4704382.5,4692385.5,4716379.5,
PNTM9M2jMkKm3GLHpLiq3J4gE,"","North Campus",6c2573ce-592a-4519-989c-2fd21d6918b7,"W", 11/21/2025 05:00:00 PM,"(UTC-07:00) Arizona",,,4611019,4585755,4636283,
PNTM9M2jMkKm3GLHpLiq3J4gE,"","North Campus",6c2573ce-592a-4519-989c-2fd21d6918b7,"W", 11/21/2025 05:15:00 PM,"(UTC-07:00) Arizona",,,4633676.5,4611123,4656230,
PNTM9M2jMkKm3GLHpLiq3J4gE,"","North Campus",6c2573ce-592a-4519-989c-2fd21d6918b7,"W", 11/21/2025 05:30:00 PM,"(UTC-07:00) Arizona",,,4627104.5,4614614.5,4639594.5,
PNTM9M2jMkKm3GLHpLiq3J4gE,"","North Campus",6c2573ce-592a-4519-989c-2fd21d6918b7,"W", 11/21/2025 05:45:00 PM,"(UTC-07:00) Arizona",,,4545382.5,4543027.5,4547737.5,
PNTM9M2jMkKm3GLHpLiq3J4gE,"","North Campus",6c2573ce-592a-4519-989c-2fd21d6918b7,"W", 11/21/2025 06:00:00 PM,"(UTC-07:00) Arizona",,,4488501.833333333,4438205,4542933.5,
PNTM9M2jMkKm3GLHpLiq3J4gE,"","North Campus",6c2573ce-592a-4519-989c-2fd21d6918b7,"W", 11/21/2025 06:15:00 PM,"(UTC-07:00) Arizona",,,4473191.666666667,4435481,4532923,
PNTM9M2jMkKm3GLHpLiq3J4gE,"","North Campus",6c2573ce-592a-4519-989c-2fd21d6918b7,"W", 11/21/2025 06:30:00 PM,"(UTC-07:00) Arizona",,,4427398.75,4416633.5,4438164,
PNTM9M2jMkKm3GLHpLiq3J4gE,"","North Campus",6c2573ce-592a-4519-989c-2fd21d6918b7,"W", 11/21/2025 06:45:00 PM,"(UTC-07:00) Arizona",,,4434873.5,4387871,4481876,
PNTM9M2jMkKm3GLHpLiq3J4gE,"","North Campus",6c2573ce-592a-4519-989c-2fd21d6918b7,"W", 11/21/2025 07:00:00 PM,"(UTC-07:00) Arizona",,,4404037,4390538.5,4417535.5,
PNTM9M2jMkKm3GLHpLiq3J4gE,"","North Campus",6c2573ce-592a-4519-989c-2fd21d6918b7,"W", 11/21/2025 07:15:00 PM,"(UTC-07:00) Arizona",,,4332292.833333333,4309303,4360097,
PNTM9M2jMkKm3GLHpLiq3J4gE,"","North Campus",6c2573ce-592a-4519-989c-2fd21d6918b7,"W", 11/21/2025 07:30:00 PM,"(UTC-07:00) Arizona",,,4289913.166666667,4263077.5,4308558,
PNTM9M2jMkKm3GLHpLiq3J4gE,"","North Campus",6c2573ce-592a-4519-989c-2fd21d6918b7,"W", 11/21/2025 07:45:00 PM,"(UTC-07:00) Arizona",,,4254737.25,4248554,4260920.5,
PNTM9M2jMkKm3GLHpLiq3J4gE,"","North Campus",6c2573ce-592a-4519-989c-2fd21d6918b7,"W", 11/21/2025 08:00:00 PM,"(UTC-07:00) Arizona",,,4218821.25,4212406,4225236.5,
PNTM9M2jMkKm3GLHpLiq3J4gE,"","North Campus",6c2573ce-592a-4519-989c-2fd21d6918b7,"W", 11/21/2025 08:15:00 PM,"(UTC-07:00) Arizona",,,4207490.5,4194421.5,4220559.5,
PNTM9M2jMkKm3GLHpLiq3J4gE,"","North Campus",6c2573ce-592a-4519-989c-2fd21d6918b7,"W", 11/21/2025 08:30:00 PM,"(UTC-07:00) Arizona",,,4142738.05,4128039.2,4167010,
PNTM9M2jMkKm3GLHpLiq3J4gE,"","North Campus",6c2573ce-592a-4519-989c-2fd21d6918b7,"W", 11/21/2025 08:45:00 PM,"(UTC-07:00) Arizona",,,4091348.6,4065161,4117536.2,
PNTM9M2jMkKm3GLHpLiq3J4gE,"","North Campus",6c2573ce-592a-4519-989c-2fd21d6918b7,"W", 11/21/2025 09:00:00 PM,"(UTC-07:00) Arizona",,,3916708.15,3898102.5,3935313.8,
PNTM9M2jMkKm3GLHpLiq3J4gE,"","North Campus",6c2573ce-592a-4519-989c-2fd21d6918b7,"W", 11/21/2025 09:15:00 PM,"(UTC-07:00) Arizona",,,3927033.8,3927033.8,3927033.8,
PNTM9M2jMkKm3GLHpLiq3J4gE,"","North Campus",6c2573ce-592a-4519-989c-2fd21d6918b7,"W", 11/21/2025 09:30:00 PM,"(UTC-07:00) Arizona",,,3845551.3333333335,3808691,3895122.5,
PNTM9M2jMkKm3GLHpLiq3J4gE,"","North Campus",6c2573ce-592a-4519-989c-2fd21d6918b7,"W", 11/21/2025 09:45:00 PM,"(UTC-07:00) Arizona",,,3813326.233333333,3799668.5,3825210,
PNTM9M2jMkKm3GLHpLiq3J4gE,"","North Campus",6c2573ce-592a-4519-989c-2fd21d6918b7,"W", 11/21/2025 10:00:00 PM,"(UTC-07:00) Arizona",,,3802495.9,3782383,3822608.8,
PNTM9M2jMkKm3GLHpLiq3J4gE,"","North Campus",6c2573ce-592a-4519-989c-2fd21d6918b7,"W", 11/21/2025 10:15:00 PM,"(UTC-07:00) Arizona",,,3760333.85,3750278.5,3770389.2,
PNTM9M2jMkKm3GLHpLiq3J4gE,"","North Campus",6c2573ce-592a-4519-989c-2fd21d6918b7,"W", 11/21/2025 10:30:00 PM,"(UTC-07:00) Arizona",,,3712112.5,3704027.8,3720197.2,
PNTM9M2jMkKm3GLHpLiq3J4gE,"","North Campus",6c2573ce-592a-4519-989c-2fd21d6918b7,"W", 11/21/2025 10:45:00 PM,"(UTC-07:00) Arizona",,,3728221.766666667,3719094,3743650.5,
PNTM9M2jMkKm3GLHpLiq3J4gE,"","North Campus",6c2573ce-592a-4519-989c-2fd21d6918b7,"W", 11/21/2025 11:00:00 PM,"(UTC-07:00) Arizona",,,3665751.4333333336,3654467.5,3682930.8,
PNTM9M2jMkKm3GLHpLiq3J4gE,"","North Campus",6c2573ce-592a-4519-989c-2fd21d6918b7,"W", 11/21/2025 11:15:00 PM,"(UTC-07:00) Arizona",,,3659077.5,3659077.5,3659077.5,
PNTM9M2jMkKm3GLHpLiq3J4gE,"","North Campus",6c2573ce-592a-4519-989c-2fd21d6918b7,"W", 11/21/2025 11:30:00 PM,"(UTC-07:00) Arizona",,,3631939.3,3616554.8,3647323.8,
PNTM9M2jMkKm3GLHpLiq3J4gE,"","North Campus",6c2573ce-592a-4519-989c-2fd21d6918b7,"W", 11/21/2025 11:45:00 PM,"(UTC-07:00) Arizona",,,3623506.4,3584252.8,3662760,
PNTM9M2jMkKm3GLHpLiq3J4gE,"","North Campus",6c2573ce-592a-4519-989c-2fd21d6918b7,"W", 11/22/2025 12:00:00 AM,"(UTC-07:00) Arizona",,,3563967,3543972.5,3583961.5,
PNTM9M2jMkKm3GLHpLiq3J4gE,"","North Campus",6c2573ce-592a-4519-989c-2fd21d6918b7,"W", 11/22/2025 12:15:00 AM,"(UTC-07:00) Arizona",,,3471985.35,3471913.5,3472057.2,
PNTM9M2jMkKm3GLHpLiq3J4gE,"","North Campus",6c2573ce-592a-4519-989c-2fd21d6918b7,"W", 11/22/2025 12:30:00 AM,"(UTC-07:00) Arizona",,,3510965.6666666665,3463486,3554128,
PNTM9M2jMkKm3GLHpLiq3J4gE,"","North Campus",6c2573ce-592a-4519-989c-2fd21d6918b7,"W", 11/22/2025 12:45:00 AM,"(UTC-07:00) Arizona",,,3439548.1,3423494,3455602.2,
PNTM9M2jMkKm3GLHpLiq3J4gE,"","North Campus",6c2573ce-592a-4519-989c-2fd21d6918b7,"W", 11/22/2025 01:00:00 AM,"(UTC-07:00) Arizona",,,3457480.0666666664,3441905.5,3467700.5,
PNTM9M2jMkKm3GLHpLiq3J4gE,"","North Campus",6c2573ce-592a-4519-989c-2fd21d6918b7,"W", 11/22/2025 01:15:00 AM,"(UTC-07:00) Arizona",,,3452681.1666666665,3420851,3470297,
PNTM9M2jMkKm3GLHpLiq3J4gE,"","North Campus",6c2573ce-592a-4519-989c-2fd21d6918b7,"W", 11/22/2025 01:30:00 AM,"(UTC-07:00) Arizona",,,3419878.35,3395208.5,3444548.2,
PNTM9M2jMkKm3GLHpLiq3J4gE,"","North Campus",6c2573ce-592a-4519-989c-2fd21d6918b7,"W", 11/22/2025 01:45:00 AM,"(UTC-07:00) Arizona",,,3423091.7,3398492.2,3447691.2,
PNTM9M2jMkKm3GLHpLiq3J4gE,"","North Campus",6c2573ce-592a-4519-989c-2fd21d6918b7,"W", 11/22/2025 02:00:00 AM,"(UTC-07:00) Arizona",,,3457667.1,3416569.2,3498765,
PNTM9M2jMkKm3GLHpLiq3J4gE,"","North Campus",6c2573ce-592a-4519-989c-2fd21d6918b7,"W", 11/22/2025 02:15:00 AM,"(UTC-07:00) Arizona",,,3419269.266666667,3375316,3447332.8,
PNTM9M2jMkKm3GLHpLiq3J4gE,"","North Campus",6c2573ce-592a-4519-989c-2fd21d6918b7,"W", 11/22/2025 02:30:00 AM,"(UTC-07:00) Arizona",,,3359387.5,3341576.2,3381337.5,
PNTM9M2jMkKm3GLHpLiq3J4gE,"","North Campus",6c2573ce-592a-4519-989c-2fd21d6918b7,"W", 11/22/2025 02:45:00 AM,"(UTC-07:00) Arizona",,,3315821.4333333336,3277062,3344339.8,
PNTM9M2jMkKm3GLHpLiq3J4gE,"","North Campus",6c2573ce-592a-4519-989c-2fd21d6918b7,"W", 11/22/2025 03:00:00 AM,"(UTC-07:00) Arizona",,,3368638.3666666667,3341459.8,3387220.8,
PNTM9M2jMkKm3GLHpLiq3J4gE,"","North Campus",6c2573ce-592a-4519-989c-2fd21d6918b7,"W", 11/22/2025 03:15:00 AM,"(UTC-07:00) Arizona",,,3390435.25,3360906,3419964.5,
PNTM9M2jMkKm3GLHpLiq3J4gE,"","North Campus",6c2573ce-592a-4519-989c-2fd21d6918b7,"W", 11/22/2025 03:30:00 AM,"(UTC-07:00) Arizona",,,3423691.5,3423691.5,3423691.5,
PNTM9M2jMkKm3GLHpLiq3J4gE,"","North Campus",6c2573ce-592a-4519-989c-2fd21d6918b7,"W", 11/22/2025 03:45:00 AM,"(UTC-07:00) Arizona",,,3340791.8,3334933.8,3346649.8,
PNTM9M2jMkKm3GLHpLiq3J4gE,"","North Campus",6c2573ce-592a-4519-989c-2fd21d6918b7,"W", 11/22/2025 04:00:00 AM,"(UTC-07:00) Arizona",,,3353690.466666667,3319722,3384589.2,
PNTM9M2jMkKm3GLHpLiq3J4gE,"","North Campus",6c2573ce-592a-4519-989c-2fd21d6918b7,"W", 11/22/2025 04:15:00 AM,"(UTC-07:00) Arizona",,,3364195.35,3358699.2,3369691.5,
PNTM9M2jMkKm3GLHpLiq3J4gE,"","North Campus",6c2573ce-592a-4519-989c-2fd21d6918b7,"W", 11/22/2025 04:30:00 AM,"(UTC-07:00) Arizona",,,3392573.15,3377714.8,3407431.5,
PNTM9M2jMkKm3GLHpLiq3J4gE,"","North Campus",6c2573ce-592a-4519-989c-2fd21d6918b7,"W", 11/22/2025 04:45:00 AM,"(UTC-07:00) Arizona",,,3374759.4666666663,3363428.8,3388304.8,
PNTM9M2jMkKm3GLHpLiq3J4gE,"","North Campus",6c2573ce-592a-4519-989c-2fd21d6918b7,"W", 11/22/2025 05:00:00 AM,"(UTC-07:00) Arizona",,,3393429.733333333,3375157.2,3405020,
PNTM9M2jMkKm3GLHpLiq3J4gE,"","North Campus",6c2573ce-592a-4519-989c-2fd21d6918b7,"W", 11/22/2025 05:15:00 AM,"(UTC-07:00) Arizona",,,3405873.5,3405873.5,3405873.5,
PNTM9M2jMkKm3GLHpLiq3J4gE,"","North Campus",6c2573ce-592a-4519-989c-2fd21d6918b7,"W", 11/22/2025 05:30:00 AM,"(UTC-07:00) Arizona",,,3447776.266666667,3428062.8,3477359.2,
PNTM9M2jMkKm3GLHpLiq3J4gE,"","North Campus",6c2573ce-592a-4519-989c-2fd21d6918b7,"W", 11/22/2025 05:45:00 AM,"(UTC-07:00) Arizona",,,3483703.4,3454364,3513042.8,
PNTM9M2jMkKm3GLHpLiq3J4gE,"","North Campus",6c2573ce-592a-4519-989c-2fd21d6918b7,"W", 11/22/2025 06:00:00 AM,"(UTC-07:00) Arizona",,,3548879.6666666665,3520102.2,3590173.8,
PNTM9M2jMkKm3GLHpLiq3J4gE,"","North Campus",6c2573ce-592a-4519-989c-2fd21d6918b7,"W", 11/22/2025 06:15:00 AM,"(UTC-07:00) Arizona",,,3534539.3,3516354.8,3552723.8,
PNTM9M2jMkKm3GLHpLiq3J4gE,"","North Campus",6c2573ce-592a-4519-989c-2fd21d6918b7,"W", 11/22/2025 06:30:00 AM,"(UTC-07:00) Arizona",,,3536982.266666667,3525282.8,3556110.8,
PNTM9M2jMkKm3GLHpLiq3J4gE,"","North Campus",6c2573ce-592a-4519-989c-2fd21d6918b7,"W", 11/22/2025 06:45:00 AM,"(UTC-07:00) Arizona",,,3558813.1,3542064.2,3575562,
PNTM9M2jMkKm3GLHpLiq3J4gE,"","North Campus",6c2573ce-592a-4519-989c-2fd21d6918b7,"W", 11/22/2025 07:00:00 AM,"(UTC-07:00) Arizona",,,3629955.1,3616836,3643074.2,
PNTM9M2jMkKm3GLHpLiq3J4gE,"","North Campus",6c2573ce-592a-4519-989c-2fd21d6918b7,"W", 11/22/2025 07:15:00 AM,"(UTC-07:00) Arizona",,,3621361.75,3602825.5,3639898,
PNTM9M2jMkKm3GLHpLiq3J4gE,"","North Campus",6c2573ce-592a-4519-989c-2fd21d6918b7,"W", 11/22/2025 07:30:00 AM,"(UTC-07:00) Arizona",,,3595031.6,3582568.8,3602675,
PNTM9M2jMkKm3GLHpLiq3J4gE,"","North Campus",6c2573ce-592a-4519-989c-2fd21d6918b7,"W", 11/22/2025 07:45:00 AM,"(UTC-07:00) Arizona",,,3589183.65,3588053.8,3590313.5,
PNTM9M2jMkKm3GLHpLiq3J4gE,"","North Campus",6c2573ce-592a-4519-989c-2fd21d6918b7,"W", 11/22/2025 08:00:00 AM,"(UTC-07:00) Arizona",,,3614977,3612235,3617719,
PNTM9M2jMkKm3GLHpLiq3J4gE,"","North Campus",6c2573ce-592a-4519-989c-2fd21d6918b7,"W", 11/22/2025 08:15:00 AM,"(UTC-07:00) Arizona",,,3652929.8,3652929.8,3652929.8,
PNTM9M2jMkKm3GLHpLiq3J4gE,"","North Campus",6c2573ce-592a-4519-989c-2fd21d6918b7,"W", 11/22/2025 08:30:00 AM,"(UTC-07:00) Arizona",,,3652819.65,3635630.8,3670008.5,
PNTM9M2jMkKm3GLHpLiq3J4gE,"","North Campus",6c2573ce-592a-4519-989c-2fd21d6918b7,"W", 11/22/2025 08:45:00 AM,"(UTC-07:00) Arizona",,,3594373.9,3586530,3602217.8,
PNTM9M2jMkKm3GLHpLiq3J4gE,"","North Campus",6c2573ce-592a-4519-989c-2fd21d6918b7,"W", 11/22/2025 09:00:00 AM,"(UTC-07:00) Arizona",,,3749062.533333333,3742254.8,3762499,
PNTM9M2jMkKm3GLHpLiq3J4gE,"","North Campus",6c2573ce-592a-4519-989c-2fd21d6918b7,"W", 11/22/2025 09:15:00 AM,"(UTC-07:00) Arizona",,,3875709.5333333337,3837261.2,3896549.2,
PNTM9M2jMkKm3GLHpLiq3J4gE,"","North Campus",6c2573ce-592a-4519-989c-2fd21d6918b7,"W", 11/22/2025 09:30:00 AM,"(UTC-07:00) Arizona",,,3881633.5,3881633.5,3881633.5,
PNTM9M2jMkKm3GLHpLiq3J4gE,"","North Campus",6c2573ce-592a-4519-989c-2fd21d6918b7,"W", 11/22/2025 09:45:00 AM,"(UTC-07:00) Arizona",,,3733279.6,3683037,3783522.2,
PNTM9M2jMkKm3GLHpLiq3J4gE,"","North Campus",6c2573ce-592a-4519-989c-2fd21d6918b7,"W", 11/22/2025 10:00:00 AM,"(UTC-07:00) Arizona",,,3800103.266666667,3776943.8,3819442,
PNTM9M2jMkKm3GLHpLiq3J4gE,"","North Campus",6c2573ce-592a-4519-989c-2fd21d6918b7,"W", 11/22/2025 10:15:00 AM,"(UTC-07:00) Arizona",,,3740103.9,3676232,3803975.8,
PNTM9M2jMkKm3GLHpLiq3J4gE,"","North Campus",6c2573ce-592a-4519-989c-2fd21d6918b7,"W", 11/22/2025 10:30:00 AM,"(UTC-07:00) Arizona",,,3914455.5,3914455.5,3914455.5,
PNTM9M2jMkKm3GLHpLiq3J4gE,"","North Campus",6c2573ce-592a-4519-989c-2fd21d6918b7,"W", 11/22/2025 10:45:00 AM,"(UTC-07:00) Arizona",,,3684624.2,3675377.2,3693871.2,
PNTM9M2jMkKm3GLHpLiq3J4gE,"","North Campus",6c2573ce-592a-4519-989c-2fd21d6918b7,"W", 11/22/2025 11:00:00 AM,"(UTC-07:00) Arizona",,,3775585.85,3743828.5,3807343.2,
PNTM9M2jMkKm3GLHpLiq3J4gE,"","North Campus",6c2573ce-592a-4519-989c-2fd21d6918b7,"W", 11/22/2025 11:15:00 AM,"(UTC-07:00) Arizona",,,3897913.9,3787619,4008208.8,
PNTM9M2jMkKm3GLHpLiq3J4gE,"","North Campus",6c2573ce-592a-4519-989c-2fd21d6918b7,"W", 11/22/2025 11:30:00 AM,"(UTC-07:00) Arizona",,,3894843.7,3845266.2,3944421.2,
PNTM9M2jMkKm3GLHpLiq3J4gE,"","North Campus",6c2573ce-592a-4519-989c-2fd21d6918b7,"W", 11/22/2025 11:45:00 AM,"(UTC-07:00) Arizona",,,3828119.1,3814524,3841714.2,
PNTM9M2jMkKm3GLHpLiq3J4gE,"","North Campus",6c2573ce-592a-4519-989c-2fd21d6918b7,"W", 11/22/2025 12:00:00 PM,"(UTC-07:00) Arizona",,,3894870.3,3887070.8,3902669.8,
PNTM9M2jMkKm3GLHpLiq3J4gE,"","North Campus",6c2573ce-592a-4519-989c-2fd21d6918b7,"W", 11/22/2025 12:15:00 PM,"(UTC-07:00) Arizona",,,3981035.1,3864995.2,4097075,
PNTM9M2jMkKm3GLHpLiq3J4gE,"","North Campus",6c2573ce-592a-4519-989c-2fd21d6918b7,"W", 11/22/2025 12:30:00 PM,"(UTC-07:00) Arizona",,,3967069.5250000004,3907245.2,4042016.2,
PNTM9M2jMkKm3GLHpLiq3J4gE,"","North Campus",6c2573ce-592a-4519-989c-2fd21d6918b7,"W", 11/22/2025 12:45:00 PM,"(UTC-07:00) Arizona",,,4055858,4022712,4089004,
PNTM9M2jMkKm3GLHpLiq3J4gE,"","North Campus",6c2573ce-592a-4519-989c-2fd21d6918b7,"W", 11/22/2025 01:00:00 PM,"(UTC-07:00) Arizona",,,3914191.9333333336,3873786.8,3941812.8,
PNTM9M2jMkKm3GLHpLiq3J4gE,"","North Campus",6c2573ce-592a-4519-989c-2fd21d6918b7,"W", 11/22/2025 01:15:00 PM,"(UTC-07:00) Arizona",,,3946941,3946941,3946941,
PNTM9M2jMkKm3GLHpLiq3J4gE,"","North Campus",6c2573ce-592a-4519-989c-2fd21d6918b7,"W", 11/22/2025 01:30:00 PM,"(UTC-07:00) Arizona",,,3943762.6999999997,3881738.5,4006941.8,
PNTM9M2jMkKm3GLHpLiq3J4gE,"","North Campus",6c2573ce-592a-4519-989c-2fd21d6918b7,"W", 11/22/2025 01:45:00 PM,"(UTC-07:00) Arizona",,,4008158,3960745.2,4055570.8,
PNTM9M2jMkKm3GLHpLiq3J4gE,"","North Campus",6c2573ce-592a-4519-989c-2fd21d6918b7,"W", 11/22/2025 02:00:00 PM,"(UTC-07:00) Arizona",,,4067008,4060139.5,4073876.5,
PNTM9M2jMkKm3GLHpLiq3J4gE,"","North Campus",6c2573ce-592a-4519-989c-2fd21d6918b7,"W", 11/22/2025 02:15:00 PM,"(UTC-07:00) Arizona",,,4003619,3988600.5,4018637.5,
PNTM9M2jMkKm3GLHpLiq3J4gE,"","North Campus",6c2573ce-592a-4519-989c-2fd21d6918b7,"W", 11/22/2025 02:30:00 PM,"(UTC-07:00) Arizona",,,4062966.85,4035460.2,4090473.5,
PNTM9M2jMkKm3GLHpLiq3J4gE,"","North Campus",6c2573ce-592a-4519-989c-2fd21d6918b7,"W", 11/22/2025 02:45:00 PM,"(UTC-07:00) Arizona",,,4020996.6999999997,4003204.5,4038102.8,
PNTM9M2jMkKm3GLHpLiq3J4gE,"","North Campus",6c2573ce-592a-4519-989c-2fd21d6918b7,"W", 11/22/2025 03:00:00 PM,"(UTC-07:00) Arizona",,,4053381.25,4043633.5,4063129,
PNTM9M2jMkKm3GLHpLiq3J4gE,"","North Campus",6c2573ce-592a-4519-989c-2fd21d6918b7,"W", 11/22/2025 03:15:00 PM,"(UTC-07:00) Arizona",,,4123505.5,4120331.2,4126679.8,
PNTM9M2jMkKm3GLHpLiq3J4gE,"","North Campus",6c2573ce-592a-4519-989c-2fd21d6918b7,"W", 11/22/2025 03:30:00 PM,"(UTC-07:00) Arizona",,,4147616.6666666665,4104538.2,4203726,
PNTM9M2jMkKm3GLHpLiq3J4gE,"","North Campus",6c2573ce-592a-4519-989c-2fd21d6918b7,"W", 11/22/2025 03:45:00 PM,"(UTC-07:00) Arizona",,,4207543.25,4190775,4224311.5,
PNTM9M2jMkKm3GLHpLiq3J4gE,"","North Campus",6c2573ce-592a-4519-989c-2fd21d6918b7,"W", 11/22/2025 04:00:00 PM,"(UTC-07:00) Arizona",,,4199974,4199974,4199974,
PNTM9M2jMkKm3GLHpLiq3J4gE,"","North Campus",6c2573ce-592a-4519-989c-2fd21d6918b7,"W", 11/22/2025 04:15:00 PM,"(UTC-07:00) Arizona",,,4300705,4299059.5,4302350.5,
PNTM9M2jMkKm3GLHpLiq3J4gE,"","North Campus",6c2573ce-592a-4519-989c-2fd21d6918b7,"W", 11/22/2025 04:30:00 PM,"(UTC-07:00) Arizona",,,4296471,4296471,4296471,
PNTM9M2jMkKm3GLHpLiq3J4gE,"","North Campus",6c2573ce-592a-4519-989c-2fd21d6918b7,"W", 11/22/2025 04:45:00 PM,"(UTC-07:00) Arizona",,,4238657.25,4236410,4240904.5,
PNTM9M2jMkKm3GLHpLiq3J4gE,"","North Campus",6c2573ce-592a-4519-989c-2fd21d6918b7,"W", 11/22/2025 05:00:00 PM,"(UTC-07:00) Arizona",,,4283632,4274661.5,4300871.5,
PNTM9M2jMkKm3GLHpLiq3J4gE,"","North Campus",6c2573ce-592a-4519-989c-2fd21d6918b7,"W", 11/22/2025 05:15:00 PM,"(UTC-07:00) Arizona",,,4279873.5,4266068.5,4293678.5,
PNTM9M2jMkKm3GLHpLiq3J4gE,"","North Campus",6c2573ce-592a-4519-989c-2fd21d6918b7,"W", 11/22/2025 05:30:00 PM,"(UTC-07:00) Arizona",,,4302766,4302766,4302766,
PNTM9M2jMkKm3GLHpLiq3J4gE,"","North Campus",6c2573ce-592a-4519-989c-2fd21d6918b7,"W", 11/22/2025 05:45:00 PM,"(UTC-07:00) Arizona",,,4269208.75,4227523,4310894.5,
PNTM9M2jMkKm3GLHpLiq3J4gE,"","North Campus",6c2573ce-592a-4519-989c-2fd21d6918b7,"W", 11/22/2025 06:00:00 PM,"(UTC-07:00) Arizona",,,4250234.166666667,4232206.5,4266021,
PNTM9M2jMkKm3GLHpLiq3J4gE,"","North Campus",6c2573ce-592a-4519-989c-2fd21d6918b7,"W", 11/22/2025 06:15:00 PM,"(UTC-07:00) Arizona",,,4240240.75,4227203.5,4253278,
PNTM9M2jMkKm3GLHpLiq3J4gE,"","North Campus",6c2573ce-592a-4519-989c-2fd21d6918b7,"W", 11/22/2025 06:30:00 PM,"(UTC-07:00) Arizona",,,4222413.35,4194007.2,4250819.5,
PNTM9M2jMkKm3GLHpLiq3J4gE,"","North Campus",6c2573ce-592a-4519-989c-2fd21d6918b7,"W", 11/22/2025 06:45:00 PM,"(UTC-07:00) Arizona",,,4223542.166666667,4150448.5,4324555,
PNTM9M2jMkKm3GLHpLiq3J4gE,"","North Campus",6c2573ce-592a-4519-989c-2fd21d6918b7,"W", 11/22/2025 07:00:00 PM,"(UTC-07:00) Arizona",,,4067315.8,4067315.8,4067315.8,
PNTM9M2jMkKm3GLHpLiq3J4gE,"","North Campus",6c2573ce-592a-4519-989c-2fd21d6918b7,"W", 11/22/2025 07:15:00 PM,"(UTC-07:00) Arizona",,,4073569.9333333336,4046720.8,4110685.5,
PNTM9M2jMkKm3GLHpLiq3J4gE,"","North Campus",6c2573ce-592a-4519-989c-2fd21d6918b7,"W", 11/22/2025 07:30:00 PM,"(UTC-07:00) Arizona",,,4025435.1,4011880.2,4038990,
PNTM9M2jMkKm3GLHpLiq3J4gE,"","North Campus",6c2573ce-592a-4519-989c-2fd21d6918b7,"W", 11/22/2025 07:45:00 PM,"(UTC-07:00) Arizona",,,3998936.5,3975250.5,4022622.5,
PNTM9M2jMkKm3GLHpLiq3J4gE,"","North Campus",6c2573ce-592a-4519-989c-2fd21d6918b7,"W", 11/22/2025 08:00:00 PM,"(UTC-07:00) Arizona",,,3928641.375,3901773.5,3965026,
PNTM9M2jMkKm3GLHpLiq3J4gE,"","North Campus",6c2573ce-592a-4519-989c-2fd21d6918b7,"W", 11/22/2025 08:15:00 PM,"(UTC-07:00) Arizona",,,3941224.0666666664,3924990,3961635,
PNTM9M2jMkKm3GLHpLiq3J4gE,"","North Campus",6c2573ce-592a-4519-989c-2fd21d6918b7,"W", 11/22/2025 08:30:00 PM,"(UTC-07:00) Arizona",,,3959729.3333333335,3953211.8,3969515,
PNTM9M2jMkKm3GLHpLiq3J4gE,"","North Campus",6c2573ce-592a-4519-989c-2fd21d6918b7,"W", 11/22/2025 08:45:00 PM,"(UTC-07:00) Arizona",,,3892656,3877433.5,3907878.5,
PNTM9M2jMkKm3GLHpLiq3J4gE,"","North Campus",6c2573ce-592a-4519-989c-2fd21d6918b7,"W", 11/22/2025 09:00:00 PM,"(UTC-07:00) Arizona",,,3822721.5,3822721.5,3822721.5,
PNTM9M2jMkKm3GLHpLiq3J4gE,"","North Campus",6c2573ce-592a-4519-989c-2fd21d6918b7,"W", 11/22/2025 09:15:00 PM,"(UTC-07:00) Arizona",,,3788260,3757092.2,3819427.8,
PNTM9M2jMkKm3GLHpLiq3J4gE,"","North Campus",6c2573ce-592a-4519-989c-2fd21d6918b7,"W", 11/22/2025 09:30:00 PM,"(UTC-07:00) Arizona",,,3752615.65,3717248.8,3787982.5,
PNTM9M2jMkKm3GLHpLiq3J4gE,"","North Campus",6c2573ce-592a-4519-989c-2fd21d6918b7,"W", 11/22/2025 09:45:00 PM,"(UTC-07:00) Arizona",,,3732018.25,3714005.5,3750031,
PNTM9M2jMkKm3GLHpLiq3J4gE,"","North Campus",6c2573ce-592a-4519-989c-2fd21d6918b7,"W", 11/22/2025 10:00:00 PM,"(UTC-07:00) Arizona",,,3668035.1,3656647,3679423.2,
PNTM9M2jMkKm3GLHpLiq3J4gE,"","North Campus",6c2573ce-592a-4519-989c-2fd21d6918b7,"W", 11/22/2025 10:15:00 PM,"(UTC-07:00) Arizona",,,3646348.45,3633920.5,3670718.8,
PNTM9M2jMkKm3GLHpLiq3J4gE,"","North Campus",6c2573ce-592a-4519-989c-2fd21d6918b7,"W", 11/22/2025 10:30:00 PM,"(UTC-07:00) Arizona",,,3644495.233333333,3610596.2,3664844.5,
PNTM9M2jMkKm3GLHpLiq3J4gE,"","North Campus",6c2573ce-592a-4519-989c-2fd21d6918b7,"W", 11/22/2025 10:45:00 PM,"(UTC-07:00) Arizona",,,3629583.5,3615104,3644063,
PNTM9M2jMkKm3GLHpLiq3J4gE,"","North Campus",6c2573ce-592a-4519-989c-2fd21d6918b7,"W", 11/22/2025 11:00:00 PM,"(UTC-07:00) Arizona",,,3648700.25,3645999,3651401.5,
PNTM9M2jMkKm3GLHpLiq3J4gE,"","North Campus",6c2573ce-592a-4519-989c-2fd21d6918b7,"W", 11/22/2025 11:15:00 PM,"(UTC-07:00) Arizona",,,3592131.6666666665,3571986.8,3605023.2,
PNTM9M2jMkKm3GLHpLiq3J4gE,"","North Campus",6c2573ce-592a-4519-989c-2fd21d6918b7,"W", 11/22/2025 11:30:00 PM,"(UTC-07:00) Arizona",,,3617893.2,3617893.2,3617893.2,
PNTM9M2jMkKm3GLHpLiq3J4gE,"","North Campus",6c2573ce-592a-4519-989c-2fd21d6918b7,"W", 11/22/2025 11:45:00 PM,"(UTC-07:00) Arizona",,,3574449.3,3561863.8,3587034.8,
PNTM9M2jMkKm3GLHpLiq3J4gE,"","North Campus",6c2573ce-592a-4519-989c-2fd21d6918b7,"W", 11/23/2025 12:00:00 AM,"(UTC-07:00) Arizona",,,3512310.65,3496114.8,3528506.5,
PNTM9M2jMkKm3GLHpLiq3J4gE,"","North Campus",6c2573ce-592a-4519-989c-2fd21d6918b7,"W", 11/23/2025 12:15:00 AM,"(UTC-07:00) Arizona",,,3482562.8,3482562.8,3482562.8,
PNTM9M2jMkKm3GLHpLiq3J4gE,"","North Campus",6c2573ce-592a-4519-989c-2fd21d6918b7,"W", 11/23/2025 12:30:00 AM,"(UTC-07:00) Arizona",,,3470496.8333333335,3454434.2,3485120.8,
PNTM9M2jMkKm3GLHpLiq3J4gE,"","North Campus",6c2573ce-592a-4519-989c-2fd21d6918b7,"W", 11/23/2025 12:45:00 AM,"(UTC-07:00) Arizona",,,3499397.75,3460239.5,3538556,
PNTM9M2jMkKm3GLHpLiq3J4gE,"","North Campus",6c2573ce-592a-4519-989c-2fd21d6918b7,"W", 11/23/2025 01:00:00 AM,"(UTC-07:00) Arizona",,,3495206.25,3492663,3497749.5,
PNTM9M2jMkKm3GLHpLiq3J4gE,"","North Campus",6c2573ce-592a-4519-989c-2fd21d6918b7,"W", 11/23/2025 01:15:00 AM,"(UTC-07:00) Arizona",,,3466485.5,3450948,3487723,
PNTM9M2jMkKm3GLHpLiq3J4gE,"","North Campus",6c2573ce-592a-4519-989c-2fd21d6918b7,"W", 11/23/2025 01:30:00 AM,"(UTC-07:00) Arizona",,,3433109.7,3401848.2,3464371.2,
PNTM9M2jMkKm3GLHpLiq3J4gE,"","North Campus",6c2573ce-592a-4519-989c-2fd21d6918b7,"W", 11/23/2025 01:45:00 AM,"(UTC-07:00) Arizona",,,3404159.6333333333,3381897.2,3440079.5,
PNTM9M2jMkKm3GLHpLiq3J4gE,"","North Campus",6c2573ce-592a-4519-989c-2fd21d6918b7,"W", 11/23/2025 02:00:00 AM,"(UTC-07:00) Arizona",,,3374653.1999999997,3368624.8,3384250,
PNTM9M2jMkKm3GLHpLiq3J4gE,"","North Campus",6c2573ce-592a-4519-989c-2fd21d6918b7,"W", 11/23/2025 02:15:00 AM,"(UTC-07:00) Arizona",,,3387873.3333333335,3364914.5,3399766,
PNTM9M2jMkKm3GLHpLiq3J4gE,"","North Campus",6c2573ce-592a-4519-989c-2fd21d6918b7,"W", 11/23/2025 02:30:00 AM,"(UTC-07:00) Arizona",,,3370851.15,3358449.8,3383252.5,
PNTM9M2jMkKm3GLHpLiq3J4gE,"","North Campus",6c2573ce-592a-4519-989c-2fd21d6918b7,"W", 11/23/2025 02:45:00 AM,"(UTC-07:00) Arizona",,,3374397.733333333,3341014.5,3420799.2,
PNTM9M2jMkKm3GLHpLiq3J4gE,"","North Campus",6c2573ce-592a-4519-989c-2fd21d6918b7,"W", 11/23/2025 03:00:00 AM,"(UTC-07:00) Arizona",,,3343775.15,3340493.8,3347056.5,
PNTM9M2jMkKm3GLHpLiq3J4gE,"","North Campus",6c2573ce-592a-4519-989c-2fd21d6918b7,"W", 11/23/2025 03:15:00 AM,"(UTC-07:00) Arizona",,,3347730.033333333,3340562.8,3352815.8,
PNTM9M2jMkKm3GLHpLiq3J4gE,"","North Campus",6c2573ce-592a-4519-989c-2fd21d6918b7,"W", 11/23/2025 03:30:00 AM,"(UTC-07:00) Arizona",,,3355209.5,3345855.2,3364563.8,
PNTM9M2jMkKm3GLHpLiq3J4gE,"","North Campus",6c2573ce-592a-4519-989c-2fd21d6918b7,"W", 11/23/2025 03:45:00 AM,"(UTC-07:00) Arizona",,,3368254.6666666665,3359420,3385373,
PNTM9M2jMkKm3GLHpLiq3J4gE,"","North Campus",6c2573ce-592a-4519-989c-2fd21d6918b7,"W", 11/23/2025 04:00:00 AM,"(UTC-07:00) Arizona",,,3333265.9,3325123.8,3341408,
PNTM9M2jMkKm3GLHpLiq3J4gE,"","North Campus",6c2573ce-592a-4519-989c-2fd21d6918b7,"W", 11/23/2025 04:15:00 AM,"(UTC-07:00) Arizona",,,3356225.6,3328564.5,3397040.8,
PNTM9M2jMkKm3GLHpLiq3J4gE,"","North Campus",6c2573ce-592a-4519-989c-2fd21d6918b7,"W", 11/23/2025 04:30:00 AM,"(UTC-07:00) Arizona",,,3361172.4,3346296.8,3376048,
PNTM9M2jMkKm3GLHpLiq3J4gE,"","North Campus",6c2573ce-592a-4519-989c-2fd21d6918b7,"W", 11/23/2025 04:45:00 AM,"(UTC-07:00) Arizona",,,3410789.4666666663,3385281.8,3436790.8,
PNTM9M2jMkKm3GLHpLiq3J4gE,"","North Campus",6c2573ce-592a-4519-989c-2fd21d6918b7,"W", 11/23/2025 05:00:00 AM,"(UTC-07:00) Arizona",,,3424181.15,3389871.8,3458490.5,
PNTM9M2jMkKm3GLHpLiq3J4gE,"","North Campus",6c2573ce-592a-4519-989c-2fd21d6918b7,"W", 11/23/2025 05:15:00 AM,"(UTC-07:00) Arizona",,,3391309.266666667,3353320.8,3422439.5,
PNTM9M2jMkKm3GLHpLiq3J4gE,"","North Campus",6c2573ce-592a-4519-989c-2fd21d6918b7,"W", 11/23/2025 05:30:00 AM,"(UTC-07:00) Arizona",,,3381855.85,3357516.5,3406195.2,
PNTM9M2jMkKm3GLHpLiq3J4gE,"","North Campus",6c2573ce-592a-4519-989c-2fd21d6918b7,"W", 11/23/2025 05:45:00 AM,"(UTC-07:00) Arizona",,,3391438.75,3383620,3399257.5,
PNTM9M2jMkKm3GLHpLiq3J4gE,"","North Campus",6c2573ce-592a-4519-989c-2fd21d6918b7,"W", 11/23/2025 06:00:00 AM,"(UTC-07:00) Arizona",,,3498566.5,3433536.5,3563596.5,
PNTM9M2jMkKm3GLHpLiq3J4gE,"","North Campus",6c2573ce-592a-4519-989c-2fd21d6918b7,"W", 11/23/2025 06:15:00 AM,"(UTC-07:00) Arizona",,,3521074.4333333336,3511397,3532946.5,
PNTM9M2jMkKm3GLHpLiq3J4gE,"","North Campus",6c2573ce-592a-4519-989c-2fd21d6918b7,"W", 11/23/2025 06:30:00 AM,"(UTC-07:00) Arizona",,,3520530,3478628,3562432,
PNTM9M2jMkKm3GLHpLiq3J4gE,"","North Campus",6c2573ce-592a-4519-989c-2fd21d6918b7,"W", 11/23/2025 06:45:00 AM,"(UTC-07:00) Arizona",,,3516820.5,3514388.8,3519252.2,
PNTM9M2jMkKm3GLHpLiq3J4gE,"","North Campus",6c2573ce-592a-4519-989c-2fd21d6918b7,"W", 11/23/2025 07:00:00 AM,"(UTC-07:00) Arizona",,,3561763.5,3530231.8,3593295.2,
PNTM9M2jMkKm3GLHpLiq3J4gE,"","North Campus",6c2573ce-592a-4519-989c-2fd21d6918b7,"W", 11/23/2025 07:15:00 AM,"(UTC-07:00) Arizona",,,3520673.5,3497458.2,3543888.8,
PNTM9M2jMkKm3GLHpLiq3J4gE,"","North Campus",6c2573ce-592a-4519-989c-2fd21d6918b7,"W", 11/23/2025 07:30:00 AM,"(UTC-07:00) Arizona",,,3467075.6666666665,3438206,3490351.5,
PNTM9M2jMkKm3GLHpLiq3J4gE,"","North Campus",6c2573ce-592a-4519-989c-2fd21d6918b7,"W", 11/23/2025 07:45:00 AM,"(UTC-07:00) Arizona",,,3483645.8666666667,3467402.8,3512394,
PNTM9M2jMkKm3GLHpLiq3J4gE,"","North Campus",6c2573ce-592a-4519-989c-2fd21d6918b7,"W", 11/23/2025 08:00:00 AM,"(UTC-07:00) Arizona",,,3524864.0666666664,3481047.5,3601098.5,
PNTM9M2jMkKm3GLHpLiq3J4gE,"","North Campus",6c2573ce-592a-4519-989c-2fd21d6918b7,"W", 11/23/2025 08:15:00 AM,"(UTC-07:00) Arizona",,,3599801,3580874.5,3618727.5,
PNTM9M2jMkKm3GLHpLiq3J4gE,"","North Campus",6c2573ce-592a-4519-989c-2fd21d6918b7,"W", 11/23/2025 08:30:00 AM,"(UTC-07:00) Arizona",,,3622427.7999999993,3595852.8,3637339.8,
PNTM9M2jMkKm3GLHpLiq3J4gE,"","North Campus",6c2573ce-592a-4519-989c-2fd21d6918b7,"W", 11/23/2025 08:45:00 AM,"(UTC-07:00) Arizona",,,3680470.1333333333,3639105.2,3722667.2,
PNTM9M2jMkKm3GLHpLiq3J4gE,"","North Campus",6c2573ce-592a-4519-989c-2fd21d6918b7,"W", 11/23/2025 09:00:00 AM,"(UTC-07:00) Arizona",,,3696580.75,3676356,3716805.5,
PNTM9M2jMkKm3GLHpLiq3J4gE,"","North Campus",6c2573ce-592a-4519-989c-2fd21d6918b7,"W", 11/23/2025 09:15:00 AM,"(UTC-07:00) Arizona",,,3655642.0666666664,3652668.2,3659125.8,
PNTM9M2jMkKm3GLHpLiq3J4gE,"","North Campus",6c2573ce-592a-4519-989c-2fd21d6918b7,"W", 11/23/2025 09:30:00 AM,"(UTC-07:00) Arizona",,,3698604,3677228.2,3719979.8,
PNTM9M2jMkKm3GLHpLiq3J4gE,"","North Campus",6c2573ce-592a-4519-989c-2fd21d6918b7,"W", 11/23/2025 09:45:00 AM,"(UTC-07:00) Arizona",,,3710970.6,3665850.2,3756091,
PNTM9M2jMkKm3GLHpLiq3J4gE,"","North Campus",6c2573ce-592a-4519-989c-2fd21d6918b7,"W", 11/23/2025 10:00:00 AM,"(UTC-07:00) Arizona",,,3698443.6666666665,3665798.5,3717202.5,
PNTM9M2jMkKm3GLHpLiq3J4gE,"","North Campus",6c2573ce-592a-4519-989c-2fd21d6918b7,"W", 11/23/2025 10:15:00 AM,"(UTC-07:00) Arizona",,,3754055.65,3752946.8,3755164.5,
PNTM9M2jMkKm3GLHpLiq3J4gE,"","North Campus",6c2573ce-592a-4519-989c-2fd21d6918b7,"W", 11/23/2025 10:30:00 AM,"(UTC-07:00) Arizona",,,3731145.875,3706008.5,3747754.8,
PNTM9M2jMkKm3GLHpLiq3J4gE,"","North Campus",6c2573ce-592a-4519-989c-2fd21d6918b7,"W", 11/23/2025 10:45:00 AM,"(UTC-07:00) Arizona",,,3750535.8,3750535.8,3750535.8,
PNTM9M2jMkKm3GLHpLiq3J4gE,"","North Campus",6c2573ce-592a-4519-989c-2fd21d6918b7,"W", 11/23/2025 11:00:00 AM,"(UTC-07:00) Arizona",,,3765449.9,3736546.8,3794353,
PNTM9M2jMkKm3GLHpLiq3J4gE,"","North Campus",6c2573ce-592a-4519-989c-2fd21d6918b7,"W", 11/23/2025 11:15:00 AM,"(UTC-07:00) Arizona",,,3785861.8333333335,3773493.2,3803205.5,
PNTM9M2jMkKm3GLHpLiq3J4gE,"","North Campus",6c2573ce-592a-4519-989c-2fd21d6918b7,"W", 11/23/2025 11:30:00 AM,"(UTC-07:00) Arizona",,,3857261,3857261,3857261,
PNTM9M2jMkKm3GLHpLiq3J4gE,"","North Campus",6c2573ce-592a-4519-989c-2fd21d6918b7,"W", 11/23/2025 11:45:00 AM,"(UTC-07:00) Arizona",,,3795958.75,3766561,3825356.5,
PNTM9M2jMkKm3GLHpLiq3J4gE,"","North Campus",6c2573ce-592a-4519-989c-2fd21d6918b7,"W", 11/23/2025 12:00:00 PM,"(UTC-07:00) Arizona",,,3903072,3830929.2,3975214.8,
PNTM9M2jMkKm3GLHpLiq3J4gE,"","North Campus",6c2573ce-592a-4519-989c-2fd21d6918b7,"W", 11/23/2025 12:15:00 PM,"(UTC-07:00) Arizona",,,3958407.85,3943957.2,3972858.5,
PNTM9M2jMkKm3GLHpLiq3J4gE,"","North Campus",6c2573ce-592a-4519-989c-2fd21d6918b7,"W", 11/23/2025 12:30:00 PM,"(UTC-07:00) Arizona",,,3925602.6,3910454,3940751.2,
PNTM9M2jMkKm3GLHpLiq3J4gE,"","North Campus",6c2573ce-592a-4519-989c-2fd21d6918b7,"W", 11/23/2025 12:45:00 PM,"(UTC-07:00) Arizona",,,3979230.25,3933056,4065778.8,
PNTM9M2jMkKm3GLHpLiq3J4gE,"","North Campus",6c2573ce-592a-4519-989c-2fd21d6918b7,"W", 11/23/2025 01:00:00 PM,"(UTC-07:00) Arizona",,,3985583.8,3985583.8,3985583.8,
PNTM9M2jMkKm3GLHpLiq3J4gE,"","North Campus",6c2573ce-592a-4519-989c-2fd21d6918b7,"W", 11/23/2025 01:15:00 PM,"(UTC-07:00) Arizona",,,3954976.15,3936534.5,3973417.8,
PNTM9M2jMkKm3GLHpLiq3J4gE,"","North Campus",6c2573ce-592a-4519-989c-2fd21d6918b7,"W", 11/23/2025 01:30:00 PM,"(UTC-07:00) Arizona",,,3968427,3950200,3991505.2,
PNTM9M2jMkKm3GLHpLiq3J4gE,"","North Campus",6c2573ce-592a-4519-989c-2fd21d6918b7,"W", 11/23/2025 01:45:00 PM,"(UTC-07:00) Arizona",,,4034344.6,3994562,4074127.2,
PNTM9M2jMkKm3GLHpLiq3J4gE,"","North Campus",6c2573ce-592a-4519-989c-2fd21d6918b7,"W", 11/23/2025 02:00:00 PM,"(UTC-07:00) Arizona",,,3987874.25,3978223,3997525.5,
PNTM9M2jMkKm3GLHpLiq3J4gE,"","North Campus",6c2573ce-592a-4519-989c-2fd21d6918b7,"W", 11/23/2025 02:15:00 PM,"(UTC-07:00) Arizona",,,3938877.2,3938877.2,3938877.2,
PNTM9M2jMkKm3GLHpLiq3J4gE,"","North Campus",6c2573ce-592a-4519-989c-2fd21d6918b7,"W", 11/23/2025 02:30:00 PM,"(UTC-07:00) Arizona",,,4009253.6666666665,3942116.8,4052703.2,
PNTM9M2jMkKm3GLHpLiq3J4gE,"","North Campus",6c2573ce-592a-4519-989c-2fd21d6918b7,"W", 11/23/2025 02:45:00 PM,"(UTC-07:00) Arizona",,,4047750,4047750,4047750,
PNTM9M2jMkKm3GLHpLiq3J4gE,"","North Campus",6c2573ce-592a-4519-989c-2fd21d6918b7,"W", 11/23/2025 03:00:00 PM,"(UTC-07:00) Arizona",,,4001439.4,3990947.2,4018199,
PNTM9M2jMkKm3GLHpLiq3J4gE,"","North Campus",6c2573ce-592a-4519-989c-2fd21d6918b7,"W", 11/23/2025 03:15:00 PM,"(UTC-07:00) Arizona",,,4067169.1,4014045.2,4120293,
PNTM9M2jMkKm3GLHpLiq3J4gE,"","North Campus",6c2573ce-592a-4519-989c-2fd21d6918b7,"W", 11/23/2025 03:30:00 PM,"(UTC-07:00) Arizona",,,4084087.6,4050547.2,4117628,
PNTM9M2jMkKm3GLHpLiq3J4gE,"","North Campus",6c2573ce-592a-4519-989c-2fd21d6918b7,"W", 11/23/2025 03:45:00 PM,"(UTC-07:00) Arizona",,,4102170.15,4098960.8,4105379.5,
PNTM9M2jMkKm3GLHpLiq3J4gE,"","North Campus",6c2573ce-592a-4519-989c-2fd21d6918b7,"W", 11/23/2025 04:00:00 PM,"(UTC-07:00) Arizona",,,4111321,4089424.8,4136006.2,
PNTM9M2jMkKm3GLHpLiq3J4gE,"","North Campus",6c2573ce-592a-4519-989c-2fd21d6918b7,"W", 11/23/2025 04:15:00 PM,"(UTC-07:00) Arizona",,,4137817,4135756,4139878,
PNTM9M2jMkKm3GLHpLiq3J4gE,"","North Campus",6c2573ce-592a-4519-989c-2fd21d6918b7,"W", 11/23/2025 04:30:00 PM,"(UTC-07:00) Arizona",,,4140718.5,4122159,4159278,
PNTM9M2jMkKm3GLHpLiq3J4gE,"","North Campus",6c2573ce-592a-4519-989c-2fd21d6918b7,"W", 11/23/2025 04:45:00 PM,"(UTC-07:00) Arizona",,,4150644.4,4137731.8,4163557,
PNTM9M2jMkKm3GLHpLiq3J4gE,"","North Campus",6c2573ce-592a-4519-989c-2fd21d6918b7,"W", 11/23/2025 05:00:00 PM,"(UTC-07:00) Arizona",,,4091104,4075797.5,4108661.8,
PNTM9M2jMkKm3GLHpLiq3J4gE,"","North Campus",6c2573ce-592a-4519-989c-2fd21d6918b7,"W", 11/23/2025 05:15:00 PM,"(UTC-07:00) Arizona",,,4102013.9,4084084.8,4119943,
PNTM9M2jMkKm3GLHpLiq3J4gE,"","North Campus",6c2573ce-592a-4519-989c-2fd21d6918b7,"W", 11/23/2025 05:30:00 PM,"(UTC-07:00) Arizona",,,4141691.5,4138142.8,4143890.2,
PNTM9M2jMkKm3GLHpLiq3J4gE,"","North Campus",6c2573ce-592a-4519-989c-2fd21d6918b7,"W", 11/23/2025 05:45:00 PM,"(UTC-07:00) Arizona",,,4198532.75,4191150.5,4205915,
PNTM9M2jMkKm3GLHpLiq3J4gE,"","North Campus",6c2573ce-592a-4519-989c-2fd21d6918b7,"W", 11/23/2025 06:00:00 PM,"(UTC-07:00) Arizona",,,4259015,4232116,4297979,
PNTM9M2jMkKm3GLHpLiq3J4gE,"","North Campus",6c2573ce-592a-4519-989c-2fd21d6918b7,"W", 11/23/2025 06:15:00 PM,"(UTC-07:00) Arizona",,,4213750.833333333,4171219,4268580.5,
PNTM9M2jMkKm3GLHpLiq3J4gE,"","North Campus",6c2573ce-592a-4519-989c-2fd21d6918b7,"W", 11/23/2025 06:30:00 PM,"(UTC-07:00) Arizona",,,4173363.0666666664,4156407.5,4182094.2,
PNTM9M2jMkKm3GLHpLiq3J4gE,"","North Campus",6c2573ce-592a-4519-989c-2fd21d6918b7,"W", 11/23/2025 06:45:00 PM,"(UTC-07:00) Arizona",,,4133347.6,4127567.2,4139128,
PNTM9M2jMkKm3GLHpLiq3J4gE,"","North Campus",6c2573ce-592a-4519-989c-2fd21d6918b7,"W", 11/23/2025 07:00:00 PM,"(UTC-07:00) Arizona",,,4070950.65,4065388.8,4076512.5,
PNTM9M2jMkKm3GLHpLiq3J4gE,"","North Campus",6c2573ce-592a-4519-989c-2fd21d6918b7,"W", 11/23/2025 07:15:00 PM,"(UTC-07:00) Arizona",,,4089922.35,4086336.2,4093508.5,
PNTM9M2jMkKm3GLHpLiq3J4gE,"","North Campus",6c2573ce-592a-4519-989c-2fd21d6918b7,"W", 11/23/2025 07:30:00 PM,"(UTC-07:00) Arizona",,,4163060.6,4098552.5,4203336.5,
PNTM9M2jMkKm3GLHpLiq3J4gE,"","North Campus",6c2573ce-592a-4519-989c-2fd21d6918b7,"W", 11/23/2025 07:45:00 PM,"(UTC-07:00) Arizona",,,4115338.6666666665,4106777.2,4130790,
PNTM9M2jMkKm3GLHpLiq3J4gE,"","North Campus",6c2573ce-592a-4519-989c-2fd21d6918b7,"W", 11/23/2025 08:00:00 PM,"(UTC-07:00) Arizona",,,4081057.8000000003,4062407,4098624.2,
PNTM9M2jMkKm3GLHpLiq3J4gE,"","North Campus",6c2573ce-592a-4519-989c-2fd21d6918b7,"W", 11/23/2025 08:15:00 PM,"(UTC-07:00) Arizona",,,4099918.2,4099918.2,4099918.2,
PNTM9M2jMkKm3GLHpLiq3J4gE,"","North Campus",6c2573ce-592a-4519-989c-2fd21d6918b7,"W", 11/23/2025 08:30:00 PM,"(UTC-07:00) Arizona",,,3963561.15,3950590.5,3976531.8,
PNTM9M2jMkKm3GLHpLiq3J4gE,"","North Campus",6c2573ce-592a-4519-989c-2fd21d6918b7,"W", 11/23/2025 08:45:00 PM,"(UTC-07:00) Arizona",,,3899798.3333333335,3884749,3921254.5,
PNTM9M2jMkKm3GLHpLiq3J4gE,"","North Campus",6c2573ce-592a-4519-989c-2fd21d6918b7,"W", 11/23/2025 09:00:00 PM,"(UTC-07:00) Arizona",,,3906547.2,3906547.2,3906547.2,
PNTM9M2jMkKm3GLHpLiq3J4gE,"","North Campus",6c2573ce-592a-4519-989c-2fd21d6918b7,"W", 11/23/2025 09:15:00 PM,"(UTC-07:00) Arizona",,,3829003.033333333,3791765.5,3876151.8,
PNTM9M2jMkKm3GLHpLiq3J4gE,"","North Campus",6c2573ce-592a-4519-989c-2fd21d6918b7,"W", 11/23/2025 09:30:00 PM,"(UTC-07:00) Arizona",,,3822463.15,3793778.8,3851147.5,
PNTM9M2jMkKm3GLHpLiq3J4gE,"","North Campus",6c2573ce-592a-4519-989c-2fd21d6918b7,"W", 11/23/2025 09:45:00 PM,"(UTC-07:00) Arizona",,,3799969.8333333335,3768342.8,3834695.5,
PNTM9M2jMkKm3GLHpLiq3J4gE,"","North Campus",6c2573ce-592a-4519-989c-2fd21d6918b7,"W", 11/23/2025 10:00:00 PM,"(UTC-07:00) Arizona",,,3739218.9,3730844,3747593.8,
PNTM9M2jMkKm3GLHpLiq3J4gE,"","North Campus",6c2573ce-592a-4519-989c-2fd21d6918b7,"W", 11/23/2025 10:15:00 PM,"(UTC-07:00) Arizona",,,3787734.75,3785127.5,3790342,
PNTM9M2jMkKm3GLHpLiq3J4gE,"","North Campus",6c2573ce-592a-4519-989c-2fd21d6918b7,"W", 11/23/2025 10:30:00 PM,"(UTC-07:00) Arizona",,,3780565.3,3763875.8,3797254.8,
PNTM9M2jMkKm3GLHpLiq3J4gE,"","North Campus",6c2573ce-592a-4519-989c-2fd21d6918b7,"W", 11/23/2025 10:45:00 PM,"(UTC-07:00) Arizona",,,3716039.9333333336,3663943.8,3774813.5,
PNTM9M2jMkKm3GLHpLiq3J4gE,"","North Campus",6c2573ce-592a-4519-989c-2fd21d6918b7,"W", 11/23/2025 11:00:00 PM,"(UTC-07:00) Arizona",,,3668110.6333333333,3638354.2,3686530.2,
PNTM9M2jMkKm3GLHpLiq3J4gE,"","North Campus",6c2573ce-592a-4519-989c-2fd21d6918b7,"W", 11/23/2025 11:15:00 PM,"(UTC-07:00) Arizona",,,3647191.9,3614137.2,3705423.5,
PNTM9M2jMkKm3GLHpLiq3J4gE,"","North Campus",6c2573ce-592a-4519-989c-2fd21d6918b7,"W", 11/23/2025 11:30:00 PM,"(UTC-07:00) Arizona",,,3611166.6500000004,3592329,3628437.8,
PNTM9M2jMkKm3GLHpLiq3J4gE,"","North Campus",6c2573ce-592a-4519-989c-2fd21d6918b7,"W", 11/23/2025 11:45:00 PM,"(UTC-07:00) Arizona",,,3586059.4,3563201,3608917.8,
PNTM9M2jMkKm3GLHpLiq3J4gE,"","North Campus",6c2573ce-592a-4519-989c-2fd21d6918b7,"W", 11/24/2025 12:00:00 AM,"(UTC-07:00) Arizona",,,3597936.9,3578862,3617011.8,
PNTM9M2jMkKm3GLHpLiq3J4gE,"","North Campus",6c2573ce-592a-4519-989c-2fd21d6918b7,"W", 11/24/2025 12:15:00 AM,"(UTC-07:00) Arizona",,,3530897.15,3515770.8,3546023.5,
PNTM9M2jMkKm3GLHpLiq3J4gE,"","North Campus",6c2573ce-592a-4519-989c-2fd21d6918b7,"W", 11/24/2025 12:30:00 AM,"(UTC-07:00) Arizona",,,3509458.75,3495577.5,3523340,
PNTM9M2jMkKm3GLHpLiq3J4gE,"","North Campus",6c2573ce-592a-4519-989c-2fd21d6918b7,"W", 11/24/2025 12:45:00 AM,"(UTC-07:00) Arizona",,,3508486.65,3494041.5,3522931.8,
PNTM9M2jMkKm3GLHpLiq3J4gE,"","North Campus",6c2573ce-592a-4519-989c-2fd21d6918b7,"W", 11/24/2025 01:00:00 AM,"(UTC-07:00) Arizona",,,3482198.5,3474165,3490232,
PNTM9M2jMkKm3GLHpLiq3J4gE,"","North Campus",6c2573ce-592a-4519-989c-2fd21d6918b7,"W", 11/24/2025 01:15:00 AM,"(UTC-07:00) Arizona",,,3447806.466666667,3417108,3465499.2,
PNTM9M2jMkKm3GLHpLiq3J4gE,"","North Campus",6c2573ce-592a-4519-989c-2fd21d6918b7,"W", 11/24/2025 01:30:00 AM,"(UTC-07:00) Arizona",,,3429831.2,3422563.2,3437099.2,
PNTM9M2jMkKm3GLHpLiq3J4gE,"","North Campus",6c2573ce-592a-4519-989c-2fd21d6918b7,"W", 11/24/2025 01:45:00 AM,"(UTC-07:00) Arizona",,,3431544.766666667,3414509.5,3455867.8,
PNTM9M2jMkKm3GLHpLiq3J4gE,"","North Campus",6c2573ce-592a-4519-989c-2fd21d6918b7,"W", 11/24/2025 02:00:00 AM,"(UTC-07:00) Arizona",,,3392852.1999999997,3359035,3440448.8,
PNTM9M2jMkKm3GLHpLiq3J4gE,"","North Campus",6c2573ce-592a-4519-989c-2fd21d6918b7,"W", 11/24/2025 02:15:00 AM,"(UTC-07:00) Arizona",,,3416639.25,3403982,3429296.5,
PNTM9M2jMkKm3GLHpLiq3J4gE,"","North Campus",6c2573ce-592a-4519-989c-2fd21d6918b7,"W", 11/24/2025 02:30:00 AM,"(UTC-07:00) Arizona",,,3401388.533333333,3381225.8,3431233.8,
PNTM9M2jMkKm3GLHpLiq3J4gE,"","North Campus",6c2573ce-592a-4519-989c-2fd21d6918b7,"W", 11/24/2025 02:45:00 AM,"(UTC-07:00) Arizona",,,3360134.0666666664,3352694.5,3367378.5,
PNTM9M2jMkKm3GLHpLiq3J4gE,"","North Campus",6c2573ce-592a-4519-989c-2fd21d6918b7,"W", 11/24/2025 03:00:00 AM,"(UTC-07:00) Arizona",,,3383851.5,3381123.2,3386579.8,
PNTM9M2jMkKm3GLHpLiq3J4gE,"","North Campus",6c2573ce-592a-4519-989c-2fd21d6918b7,"W", 11/24/2025 03:15:00 AM,"(UTC-07:00) Arizona",,,3382793.075,3356084.5,3421804.8,
PNTM9M2jMkKm3GLHpLiq3J4gE,"","North Campus",6c2573ce-592a-4519-989c-2fd21d6918b7,"W", 11/24/2025 03:30:00 AM,"(UTC-07:00) Arizona",,,3419749.25,3389738,3449760.5,
PNTM9M2jMkKm3GLHpLiq3J4gE,"","North Campus",6c2573ce-592a-4519-989c-2fd21d6918b7,"W", 11/24/2025 03:45:00 AM,"(UTC-07:00) Arizona",,,3397781.1,3383729,3417860.8,
PNTM9M2jMkKm3GLHpLiq3J4gE,"","North Campus",6c2573ce-592a-4519-989c-2fd21d6918b7,"W", 11/24/2025 04:00:00 AM,"(UTC-07:00) Arizona",,,3482205.2,3482205.2,3482205.2,
PNTM9M2jMkKm3GLHpLiq3J4gE,"","North Campus",6c2573ce-592a-4519-989c-2fd21d6918b7,"W", 11/24/2025 04:15:00 AM,"(UTC-07:00) Arizona",,,3530209.85,3521044.2,3539375.5,
PNTM9M2jMkKm3GLHpLiq3J4gE,"","North Campus",6c2573ce-592a-4519-989c-2fd21d6918b7,"W", 11/24/2025 04:30:00 AM,"(UTC-07:00) Arizona",,,3630431.1,3626590.5,3633551.8,
PNTM9M2jMkKm3GLHpLiq3J4gE,"","North Campus",6c2573ce-592a-4519-989c-2fd21d6918b7,"W", 11/24/2025 04:45:00 AM,"(UTC-07:00) Arizona",,,3648961.4666666663,3604741.8,3693522.8,
PNTM9M2jMkKm3GLHpLiq3J4gE,"","North Campus",6c2573ce-592a-4519-989c-2fd21d6918b7,"W", 11/24/2025 05:00:00 AM,"(UTC-07:00) Arizona",,,3630302,3630302,3630302,
PNTM9M2jMkKm3GLHpLiq3J4gE,"","North Campus",6c2573ce-592a-4519-989c-2fd21d6918b7,"W", 11/24/2025 05:15:00 AM,"(UTC-07:00) Arizona",,,3621249.175,3617197.5,3624523.2,
PNTM9M2jMkKm3GLHpLiq3J4gE,"","North Campus",6c2573ce-592a-4519-989c-2fd21d6918b7,"W", 11/24/2025 05:30:00 AM,"(UTC-07:00) Arizona",,,3646441.5,3645289.2,3647593.8,
PNTM9M2jMkKm3GLHpLiq3J4gE,"","North Campus",6c2573ce-592a-4519-989c-2fd21d6918b7,"W", 11/24/2025 05:45:00 AM,"(UTC-07:00) Arizona",,,3711745.2,3699082.2,3724408.2,
PNTM9M2jMkKm3GLHpLiq3J4gE,"","North Campus",6c2573ce-592a-4519-989c-2fd21d6918b7,"W", 11/24/2025 06:00:00 AM,"(UTC-07:00) Arizona",,,3800166.233333333,3718514,3850370.2,
PNTM9M2jMkKm3GLHpLiq3J4gE,"","North Campus",6c2573ce-592a-4519-989c-2fd21d6918b7,"W", 11/24/2025 06:15:00 AM,"(UTC-07:00) Arizona",,,3860436.6,3836414.5,3880724.8,
PNTM9M2jMkKm3GLHpLiq3J4gE,"","North Campus",6c2573ce-592a-4519-989c-2fd21d6918b7,"W", 11/24/2025 06:30:00 AM,"(UTC-07:00) Arizona",,,3924115.75,3896603,3951628.5,
PNTM9M2jMkKm3GLHpLiq3J4gE,"","North Campus",6c2573ce-592a-4519-989c-2fd21d6918b7,"W", 11/24/2025 06:45:00 AM,"(UTC-07:00) Arizona",,,3966832,3879155.5,4054508.5,
PNTM9M2jMkKm3GLHpLiq3J4gE,"","North Campus",6c2573ce-592a-4519-989c-2fd21d6918b7,"W", 11/24/2025 07:00:00 AM,"(UTC-07:00) Arizona",,,4111852,4111852,4111852,
PNTM9M2jMkKm3GLHpLiq3J4gE,"","North Campus",6c2573ce-592a-4519-989c-2fd21d6918b7,"W", 11/24/2025 07:15:00 AM,"(UTC-07:00) Arizona",,,4158950.6,4119294.5,4195685.5,
PNTM9M2jMkKm3GLHpLiq3J4gE,"","North Campus",6c2573ce-592a-4519-989c-2fd21d6918b7,"W", 11/24/2025 07:30:00 AM,"(UTC-07:00) Arizona",,,4195731.9,4186229.8,4205234,
PNTM9M2jMkKm3GLHpLiq3J4gE,"","North Campus",6c2573ce-592a-4519-989c-2fd21d6918b7,"W", 11/24/2025 07:45:00 AM,"(UTC-07:00) Arizona",,,4171879,4151406.8,4192351.2,
PNTM9M2jMkKm3GLHpLiq3J4gE,"","North Campus",6c2573ce-592a-4519-989c-2fd21d6918b7,"W", 11/24/2025 08:00:00 AM,"(UTC-07:00) Arizona",,,4346996,4340934,4353058,
PNTM9M2jMkKm3GLHpLiq3J4gE,"","North Campus",6c2573ce-592a-4519-989c-2fd21d6918b7,"W", 11/24/2025 08:15:00 AM,"(UTC-07:00) Arizona",,,4357588,4327327,4387849,
PNTM9M2jMkKm3GLHpLiq3J4gE,"","North Campus",6c2573ce-592a-4519-989c-2fd21d6918b7,"W", 11/24/2025 08:30:00 AM,"(UTC-07:00) Arizona",,,4381562.833333333,4351374,4399223.5,
PNTM9M2jMkKm3GLHpLiq3J4gE,"","North Campus",6c2573ce-592a-4519-989c-2fd21d6918b7,"W", 11/24/2025 08:45:00 AM,"(UTC-07:00) Arizona",,,4394870.5,4334277,4455464,
PNTM9M2jMkKm3GLHpLiq3J4gE,"","North Campus",6c2573ce-592a-4519-989c-2fd21d6918b7,"W", 11/24/2025 09:00:00 AM,"(UTC-07:00) Arizona",,,4512978.25,4411415,4614541.5,
PNTM9M2jMkKm3GLHpLiq3J4gE,"","North Campus",6c2573ce-592a-4519-989c-2fd21d6918b7,"W", 11/24/2025 09:15:00 AM,"(UTC-07:00) Arizona",,,4462332.166666667,4419813.5,4505762,
PNTM9M2jMkKm3GLHpLiq3J4gE,"","North Campus",6c2573ce-592a-4519-989c-2fd21d6918b7,"W", 11/24/2025 09:30:00 AM,"(UTC-07:00) Arizona",,,4425882.5,4410054,4441711,
PNTM9M2jMkKm3GLHpLiq3J4gE,"","North Campus",6c2573ce-592a-4519-989c-2fd21d6918b7,"W", 11/24/2025 09:45:00 AM,"(UTC-07:00) Arizona",,,4488054.75,4486721.5,4489388,
PNTM9M2jMkKm3GLHpLiq3J4gE,"","North Campus",6c2573ce-592a-4519-989c-2fd21d6918b7,"W", 11/24/2025 10:00:00 AM,"(UTC-07:00) Arizona",,,4530371.5,4501744,4558999,
PNTM9M2jMkKm3GLHpLiq3J4gE,"","North Campus",6c2573ce-592a-4519-989c-2fd21d6918b7,"W", 11/24/2025 10:15:00 AM,"(UTC-07:00) Arizona",,,4580092.5,4552651,4603986.5,
PNTM9M2jMkKm3GLHpLiq3J4gE,"","North Campus",6c2573ce-592a-4519-989c-2fd21d6918b7,"W", 11/24/2025 10:30:00 AM,"(UTC-07:00) Arizona",,,4664592.5,4613350.5,4715834.5,
PNTM9M2jMkKm3GLHpLiq3J4gE,"","North Campus",6c2573ce-592a-4519-989c-2fd21d6918b7,"W", 11/24/2025 10:45:00 AM,"(UTC-07:00) Arizona",,,4731726.833333333,4713965.5,4741955,
PNTM9M2jMkKm3GLHpLiq3J4gE,"","North Campus",6c2573ce-592a-4519-989c-2fd21d6918b7,"W", 11/24/2025 11:00:00 AM,"(UTC-07:00) Arizona",,,4678063.75,4653592,4702535.5,
PNTM9M2jMkKm3GLHpLiq3J4gE,"","North Campus",6c2573ce-592a-4519-989c-2fd21d6918b7,"W", 11/24/2025 11:15:00 AM,"(UTC-07:00) Arizona",,,4739245.25,4728822,4749668.5,
PNTM9M2jMkKm3GLHpLiq3J4gE,"","North Campus",6c2573ce-592a-4519-989c-2fd21d6918b7,"W", 11/24/2025 11:30:00 AM,"(UTC-07:00) Arizona",,,4688118.5,4679055.5,4697181.5,
PNTM9M2jMkKm3GLHpLiq3J4gE,"","North Campus",6c2573ce-592a-4519-989c-2fd21d6918b7,"W", 11/24/2025 11:45:00 AM,"(UTC-07:00) Arizona",,,4690748.333333333,4626977,4757989,
PNTM9M2jMkKm3GLHpLiq3J4gE,"","North Campus",6c2573ce-592a-4519-989c-2fd21d6918b7,"W", 11/24/2025 12:00:00 PM,"(UTC-07:00) Arizona",,,4711931.333333333,4665425,4781538.5,
PNTM9M2jMkKm3GLHpLiq3J4gE,"","North Campus",6c2573ce-592a-4519-989c-2fd21d6918b7,"W", 11/24/2025 12:15:00 PM,"(UTC-07:00) Arizona",,,4720660.75,4683206,4758115.5,
PNTM9M2jMkKm3GLHpLiq3J4gE,"","North Campus",6c2573ce-592a-4519-989c-2fd21d6918b7,"W", 11/24/2025 12:30:00 PM,"(UTC-07:00) Arizona",,,4759499.166666667,4740610.5,4770340.5,
PNTM9M2jMkKm3GLHpLiq3J4gE,"","North Campus",6c2573ce-592a-4519-989c-2fd21d6918b7,"W", 11/24/2025 12:45:00 PM,"(UTC-07:00) Arizona",,,4660467,4650788,4670146,
PNTM9M2jMkKm3GLHpLiq3J4gE,"","North Campus",6c2573ce-592a-4519-989c-2fd21d6918b7,"W", 11/24/2025 01:00:00 PM,"(UTC-07:00) Arizona",,,4687705.5,4644082.5,4731328.5,
PNTM9M2jMkKm3GLHpLiq3J4gE,"","North Campus",6c2573ce-592a-4519-989c-2fd21d6918b7,"W", 11/24/2025 01:15:00 PM,"(UTC-07:00) Arizona",,,4657982.75,4641471.5,4674494,
PNTM9M2jMkKm3GLHpLiq3J4gE,"","North Campus",6c2573ce-592a-4519-989c-2fd21d6918b7,"W", 11/24/2025 01:30:00 PM,"(UTC-07:00) Arizona",,,4715336.25,4678427,4752245.5,
PNTM9M2jMkKm3GLHpLiq3J4gE,"","North Campus",6c2573ce-592a-4519-989c-2fd21d6918b7,"W", 11/24/2025 01:45:00 PM,"(UTC-07:00) Arizona",,,4652520.5,4652520.5,4652520.5,
PNTM9M2jMkKm3GLHpLiq3J4gE,"","North Campus",6c2573ce-592a-4519-989c-2fd21d6918b7,"W", 11/24/2025 02:00:00 PM,"(UTC-07:00) Arizona",,,4830081.833333333,4757646.5,4878489,
PNTM9M2jMkKm3GLHpLiq3J4gE,"","North Campus",6c2573ce-592a-4519-989c-2fd21d6918b7,"W", 11/24/2025 02:15:00 PM,"(UTC-07:00) Arizona",,,4794943,4794943,4794943,
PNTM9M2jMkKm3GLHpLiq3J4gE,"","North Campus",6c2573ce-592a-4519-989c-2fd21d6918b7,"W", 11/24/2025 02:30:00 PM,"(UTC-07:00) Arizona",,,4828888.333333333,4767809.5,4886840,
PNTM9M2jMkKm3GLHpLiq3J4gE,"","North Campus",6c2573ce-592a-4519-989c-2fd21d6918b7,"W", 11/24/2025 02:45:00 PM,"(UTC-07:00) Arizona",,,4852626,4776396,4928856,
PNTM9M2jMkKm3GLHpLiq3J4gE,"","North Campus",6c2573ce-592a-4519-989c-2fd21d6918b7,"W", 11/24/2025 03:00:00 PM,"(UTC-07:00) Arizona",,,4852409.333333333,4806300.5,4923278.5,
PNTM9M2jMkKm3GLHpLiq3J4gE,"","North Campus",6c2573ce-592a-4519-989c-2fd21d6918b7,"W", 11/24/2025 03:15:00 PM,"(UTC-07:00) Arizona",,,4876263.5,4822748.5,4982029,
PNTM9M2jMkKm3GLHpLiq3J4gE,"","North Campus",6c2573ce-592a-4519-989c-2fd21d6918b7,"W", 11/24/2025 03:30:00 PM,"(UTC-07:00) Arizona",,,4867399,4867399,4867399,
PNTM9M2jMkKm3GLHpLiq3J4gE,"","North Campus",6c2573ce-592a-4519-989c-2fd21d6918b7,"W", 11/24/2025 03:45:00 PM,"(UTC-07:00) Arizona",,,4837721,4837721,4837721,
PNTM9M2jMkKm3GLHpLiq3J4gE,"","North Campus",6c2573ce-592a-4519-989c-2fd21d6918b7,"W", 11/24/2025 04:00:00 PM,"(UTC-07:00) Arizona",,,4963485.166666667,4939352.5,4982717.5,
PNTM9M2jMkKm3GLHpLiq3J4gE,"","North Campus",6c2573ce-592a-4519-989c-2fd21d6918b7,"W", 11/24/2025 04:15:00 PM,"(UTC-07:00) Arizona",,,4937866,4937866,4937866,
PNTM9M2jMkKm3GLHpLiq3J4gE,"","North Campus",6c2573ce-592a-4519-989c-2fd21d6918b7,"W", 11/24/2025 04:30:00 PM,"(UTC-07:00) Arizona",,,4853637,4823271.5,4884002.5,
PNTM9M2jMkKm3GLHpLiq3J4gE,"","North Campus",6c2573ce-592a-4519-989c-2fd21d6918b7,"W", 11/24/2025 04:45:00 PM,"(UTC-07:00) Arizona",,,4825778.25,4825665.5,4825891,
PNTM9M2jMkKm3GLHpLiq3J4gE,"","North Campus",6c2573ce-592a-4519-989c-2fd21d6918b7,"W", 11/24/2025 05:00:00 PM,"(UTC-07:00) Arizona",,,4728219.5,4686098,4770341,
PNTM9M2jMkKm3GLHpLiq3J4gE,"","North Campus",6c2573ce-592a-4519-989c-2fd21d6918b7,"W", 11/24/2025 05:15:00 PM,"(UTC-07:00) Arizona",,,4743792.5,4722793,4764792,
PNTM9M2jMkKm3GLHpLiq3J4gE,"","North Campus",6c2573ce-592a-4519-989c-2fd21d6918b7,"W", 11/24/2025 05:30:00 PM,"(UTC-07:00) Arizona",,,4784843,4707835.5,4875278,
PNTM9M2jMkKm3GLHpLiq3J4gE,"","North Campus",6c2573ce-592a-4519-989c-2fd21d6918b7,"W", 11/24/2025 05:45:00 PM,"(UTC-07:00) Arizona",,,4712765.5,4677602.5,4773851,
PNTM9M2jMkKm3GLHpLiq3J4gE,"","North Campus",6c2573ce-592a-4519-989c-2fd21d6918b7,"W", 11/24/2025 06:00:00 PM,"(UTC-07:00) Arizona",,,4664918.5,4664918.5,4664918.5,
PNTM9M2jMkKm3GLHpLiq3J4gE,"","North Campus",6c2573ce-592a-4519-989c-2fd21d6918b7,"W", 11/24/2025 06:15:00 PM,"(UTC-07:00) Arizona",,,4644686.666666667,4616176.5,4662891.5,
PNTM9M2jMkKm3GLHpLiq3J4gE,"","North Campus",6c2573ce-592a-4519-989c-2fd21d6918b7,"W", 11/24/2025 06:30:00 PM,"(UTC-07:00) Arizona",,,4594118.5,4594118.5,4594118.5,
PNTM9M2jMkKm3GLHpLiq3J4gE,"","North Campus",6c2573ce-592a-4519-989c-2fd21d6918b7,"W", 11/24/2025 06:45:00 PM,"(UTC-07:00) Arizona",,,4612671.75,4596663,4628680.5,
PNTM9M2jMkKm3GLHpLiq3J4gE,"","North Campus",6c2573ce-592a-4519-989c-2fd21d6918b7,"W", 11/24/2025 07:00:00 PM,"(UTC-07:00) Arizona",,,4436273.75,4425390,4447157.5,
PNTM9M2jMkKm3GLHpLiq3J4gE,"","North Campus",6c2573ce-592a-4519-989c-2fd21d6918b7,"W", 11/24/2025 07:15:00 PM,"(UTC-07:00) Arizona",,,4482289.25,4472450,4492128.5,
PNTM9M2jMkKm3GLHpLiq3J4gE,"","North Campus",6c2573ce-592a-4519-989c-2fd21d6918b7,"W", 11/24/2025 07:30:00 PM,"(UTC-07:00) Arizona",,,4407632,4407632,4407632,
