ExternalPointID,Tags,Parent Equipment Name,Site Name,FrequencyUnit,Time,Timezone,OnCount,OffCount,Average,Minimum,Maximum,Sum,State
PNTM9M2jMkKm3GLHpLiq3J4gE,"","North Campus",6c2573ce-592a-4519-989c-2fd21d6918b7,"W", 11/03/2025 12:00:00 AM,"(UTC-07:00) Arizona",,,3447235.8,3447235.8,3447235.8,
PNTM9M2jMkKm3GLHpLiq3J4gE,"","North Campus",6c2573ce-592a-4519-989c-2fd21d6918b7,"W", 11/03/2025 12:15:00 AM,"(UTC-07:00) Arizona",,,3413944.2,3413944.2,3413944.2,
PNTM9M2jMkKm3GLHpLiq3J4gE,"","North Campus",6c2573ce-592a-4519-989c-2fd21d6918b7,"W", 11/03/2025 12:30:00 AM,"(UTC-07:00) Arizona",,,3428953,3405679.8,3454706,
PNTM9M2jMkKm3GLHpLiq3J4gE,"","North Campus",6c2573ce-592a-4519-989c-2fd21d6918b7,"W", 11/03/2025 12:45:00 AM,"(UTC-07:00) Arizona",,,3405367.1,3384094.2,3426640,
PNTM9M2jMkKm3GLHpLiq3J4gE,"","North Campus",6c2573ce-592a-4519-989c-2fd21d6918b7,"W", 11/03/2025 01:00:00 AM,"(UTC-07:00) Arizona",,,3424524.5,3398170,3450879,
PNTM9M2jMkKm3GLHpLiq3J4gE,"","North Campus",6c2573ce-592a-4519-989c-2fd21d6918b7,"W", 11/03/2025 01:15:00 AM,"(UTC-07:00) Arizona",,,3375012.65,3363868.8,3386156.5,
PNTM9M2jMkKm3GLHpLiq3J4gE,"","North Campus",6c2573ce-592a-4519-989c-2fd21d6918b7,"W", 11/03/2025 01:30:00 AM,"(UTC-07:00) Arizona",,,3344593.5,3322055,3367132,
PNTM9M2jMkKm3GLHpLiq3J4gE,"","North Campus",6c2573ce-592a-4519-989c-2fd21d6918b7,"W", 11/03/2025 01:45:00 AM,"(UTC-07:00) Arizona",,,3324923.0666666664,3284242.2,3350695,
PNTM9M2jMkKm3GLHpLiq3J4gE,"","North Campus",6c2573ce-592a-4519-989c-2fd21d6918b7,"W", 11/03/2025 02:00:00 AM,"(UTC-07:00) Arizona",,,3278214,3278214,3278214,
PNTM9M2jMkKm3GLHpLiq3J4gE,"","North Campus",6c2573ce-592a-4519-989c-2fd21d6918b7,"W", 11/03/2025 02:15:00 AM,"(UTC-07:00) Arizona",,,3275403.9,3269096,3281711.8,
PNTM9M2jMkKm3GLHpLiq3J4gE,"","North Campus",6c2573ce-592a-4519-989c-2fd21d6918b7,"W", 11/03/2025 02:30:00 AM,"(UTC-07:00) Arizona",,,3262700.25,3254733.5,3270667,
PNTM9M2jMkKm3GLHpLiq3J4gE,"","North Campus",6c2573ce-592a-4519-989c-2fd21d6918b7,"W", 11/03/2025 02:45:00 AM,"(UTC-07:00) Arizona",,,3255510.25,3238156,3272864.5,
PNTM9M2jMkKm3GLHpLiq3J4gE,"","North Campus",6c2573ce-592a-4519-989c-2fd21d6918b7,"W", 11/03/2025 03:00:00 AM,"(UTC-07:00) Arizona",,,3288942.5,3288942.5,3288942.5,
PNTM9M2jMkKm3GLHpLiq3J4gE,"","North Campus",6c2573ce-592a-4519-989c-2fd21d6918b7,"W", 11/03/2025 03:15:00 AM,"(UTC-07:00) Arizona",,,3270553.4,3255895,3285211.8,
PNTM9M2jMkKm3GLHpLiq3J4gE,"","North Campus",6c2573ce-592a-4519-989c-2fd21d6918b7,"W", 11/03/2025 03:30:00 AM,"(UTC-07:00) Arizona",,,3266083.5,3266083.5,3266083.5,
PNTM9M2jMkKm3GLHpLiq3J4gE,"","North Campus",6c2573ce-592a-4519-989c-2fd21d6918b7,"W", 11/03/2025 03:45:00 AM,"(UTC-07:00) Arizona",,,3282070.8333333335,3277666.5,3286014.5,
PNTM9M2jMkKm3GLHpLiq3J4gE,"","North Campus",6c2573ce-592a-4519-989c-2fd21d6918b7,"W", 11/03/2025 04:00:00 AM,"(UTC-07:00) Arizona",,,3355971.4,3342863,3369079.8,
PNTM9M2jMkKm3GLHpLiq3J4gE,"","North Campus",6c2573ce-592a-4519-989c-2fd21d6918b7,"W", 11/03/2025 04:15:00 AM,"(UTC-07:00) Arizona",,,3454057.3,3427163.8,3480950.8,
PNTM9M2jMkKm3GLHpLiq3J4gE,"","North Campus",6c2573ce-592a-4519-989c-2fd21d6918b7,"W", 11/03/2025 04:30:00 AM,"(UTC-07:00) Arizona",,,3396890.85,3384332.5,3409449.2,
PNTM9M2jMkKm3GLHpLiq3J4gE,"","North Campus",6c2573ce-592a-4519-989c-2fd21d6918b7,"W", 11/03/2025 04:45:00 AM,"(UTC-07:00) Arizona",,,3424707.5,3404323.2,3445091.8,
PNTM9M2jMkKm3GLHpLiq3J4gE,"","North Campus",6c2573ce-592a-4519-989c-2fd21d6918b7,"W", 11/03/2025 05:00:00 AM,"(UTC-07:00) Arizona",,,3462760.5,3462760.5,3462760.5,
PNTM9M2jMkKm3GLHpLiq3J4gE,"","North Campus",6c2573ce-592a-4519-989c-2fd21d6918b7,"W", 11/03/2025 05:15:00 AM,"(UTC-07:00) Arizona",,,3457465.4,3440833.8,3474097,
PNTM9M2jMkKm3GLHpLiq3J4gE,"","North Campus",6c2573ce-592a-4519-989c-2fd21d6918b7,"W", 11/03/2025 05:30:00 AM,"(UTC-07:00) Arizona",,,3487231,3482545.2,3491916.8,
PNTM9M2jMkKm3GLHpLiq3J4gE,"","North Campus",6c2573ce-592a-4519-989c-2fd21d6918b7,"W", 11/03/2025 05:45:00 AM,"(UTC-07:00) Arizona",,,3561643.5,3561643.5,3561643.5,
PNTM9M2jMkKm3GLHpLiq3J4gE,"","North Campus",6c2573ce-592a-4519-989c-2fd21d6918b7,"W", 11/03/2025 06:00:00 AM,"(UTC-07:00) Arizona",,,3660900,3649583,3672217,
PNTM9M2jMkKm3GLHpLiq3J4gE,"","North Campus",6c2573ce-592a-4519-989c-2fd21d6918b7,"W", 11/03/2025 06:15:00 AM,"(UTC-07:00) Arizona",,,3677254.75,3674485.5,3680024,
PNTM9M2jMkKm3GLHpLiq3J4gE,"","North Campus",6c2573ce-592a-4519-989c-2fd21d6918b7,"W", 11/03/2025 06:30:00 AM,"(UTC-07:00) Arizona",,,3780071.5,3780071.5,3780071.5,
PNTM9M2jMkKm3GLHpLiq3J4gE,"","North Campus",6c2573ce-592a-4519-989c-2fd21d6918b7,"W", 11/03/2025 06:45:00 AM,"(UTC-07:00) Arizona",,,3777184.5,3720409,3833960,
PNTM9M2jMkKm3GLHpLiq3J4gE,"","North Campus",6c2573ce-592a-4519-989c-2fd21d6918b7,"W", 11/03/2025 07:00:00 AM,"(UTC-07:00) Arizona",,,3951917.6,3918273.5,3984281.8,
PNTM9M2jMkKm3GLHpLiq3J4gE,"","North Campus",6c2573ce-592a-4519-989c-2fd21d6918b7,"W", 11/03/2025 07:15:00 AM,"(UTC-07:00) Arizona",,,3984595.5,3984595.5,3984595.5,
PNTM9M2jMkKm3GLHpLiq3J4gE,"","North Campus",6c2573ce-592a-4519-989c-2fd21d6918b7,"W", 11/03/2025 07:30:00 AM,"(UTC-07:00) Arizona",,,4046175.533333333,3997783.8,4107962.8,
PNTM9M2jMkKm3GLHpLiq3J4gE,"","North Campus",6c2573ce-592a-4519-989c-2fd21d6918b7,"W", 11/03/2025 07:45:00 AM,"(UTC-07:00) Arizona",,,4179948.2,4179948.2,4179948.2,
PNTM9M2jMkKm3GLHpLiq3J4gE,"","North Campus",6c2573ce-592a-4519-989c-2fd21d6918b7,"W", 11/03/2025 08:00:00 AM,"(UTC-07:00) Arizona",,,4323236.25,4305317.5,4341155,
PNTM9M2jMkKm3GLHpLiq3J4gE,"","North Campus",6c2573ce-592a-4519-989c-2fd21d6918b7,"W", 11/03/2025 08:15:00 AM,"(UTC-07:00) Arizona",,,4319727.25,4315549,4323905.5,
PNTM9M2jMkKm3GLHpLiq3J4gE,"","North Campus",6c2573ce-592a-4519-989c-2fd21d6918b7,"W", 11/03/2025 08:30:00 AM,"(UTC-07:00) Arizona",,,4435062.5,4435062.5,4435062.5,
PNTM9M2jMkKm3GLHpLiq3J4gE,"","North Campus",6c2573ce-592a-4519-989c-2fd21d6918b7,"W", 11/03/2025 08:45:00 AM,"(UTC-07:00) Arizona",,,4400373.75,4356570.5,4444177,
PNTM9M2jMkKm3GLHpLiq3J4gE,"","North Campus",6c2573ce-592a-4519-989c-2fd21d6918b7,"W", 11/03/2025 09:00:00 AM,"(UTC-07:00) Arizona",,,4477263,4421080,4533446,
PNTM9M2jMkKm3GLHpLiq3J4gE,"","North Campus",6c2573ce-592a-4519-989c-2fd21d6918b7,"W", 11/03/2025 09:15:00 AM,"(UTC-07:00) Arizona",,,4288035,4288035,4288035,
PNTM9M2jMkKm3GLHpLiq3J4gE,"","North Campus",6c2573ce-592a-4519-989c-2fd21d6918b7,"W", 11/03/2025 09:30:00 AM,"(UTC-07:00) Arizona",,,4415124.5,4415124.5,4415124.5,
PNTM9M2jMkKm3GLHpLiq3J4gE,"","North Campus",6c2573ce-592a-4519-989c-2fd21d6918b7,"W", 11/03/2025 09:45:00 AM,"(UTC-07:00) Arizona",,,4395192.5,4395192.5,4395192.5,
PNTM9M2jMkKm3GLHpLiq3J4gE,"","North Campus",6c2573ce-592a-4519-989c-2fd21d6918b7,"W", 11/03/2025 10:00:00 AM,"(UTC-07:00) Arizona",,,4554110.75,4517955,4577641,
PNTM9M2jMkKm3GLHpLiq3J4gE,"","North Campus",6c2573ce-592a-4519-989c-2fd21d6918b7,"W", 11/03/2025 10:15:00 AM,"(UTC-07:00) Arizona",,,4632183.25,4587524.5,4676842,
PNTM9M2jMkKm3GLHpLiq3J4gE,"","North Campus",6c2573ce-592a-4519-989c-2fd21d6918b7,"W", 11/03/2025 10:30:00 AM,"(UTC-07:00) Arizona",,,4736738.5,4629970,4843507,
PNTM9M2jMkKm3GLHpLiq3J4gE,"","North Campus",6c2573ce-592a-4519-989c-2fd21d6918b7,"W", 11/03/2025 10:45:00 AM,"(UTC-07:00) Arizona",,,4665989.25,4618105.5,4713873,
PNTM9M2jMkKm3GLHpLiq3J4gE,"","North Campus",6c2573ce-592a-4519-989c-2fd21d6918b7,"W", 11/03/2025 11:00:00 AM,"(UTC-07:00) Arizona",,,4758123.5,4726065.5,4790181.5,
PNTM9M2jMkKm3GLHpLiq3J4gE,"","North Campus",6c2573ce-592a-4519-989c-2fd21d6918b7,"W", 11/03/2025 11:15:00 AM,"(UTC-07:00) Arizona",,,4843353.666666667,4754646.5,4941636.5,
PNTM9M2jMkKm3GLHpLiq3J4gE,"","North Campus",6c2573ce-592a-4519-989c-2fd21d6918b7,"W", 11/03/2025 11:30:00 AM,"(UTC-07:00) Arizona",,,4690048,4690048,4690048,
PNTM9M2jMkKm3GLHpLiq3J4gE,"","North Campus",6c2573ce-592a-4519-989c-2fd21d6918b7,"W", 11/03/2025 11:45:00 AM,"(UTC-07:00) Arizona",,,4756614.5,4679151,4834078,
PNTM9M2jMkKm3GLHpLiq3J4gE,"","North Campus",6c2573ce-592a-4519-989c-2fd21d6918b7,"W", 11/03/2025 12:00:00 PM,"(UTC-07:00) Arizona",,,4852120,4831258.5,4872981.5,
PNTM9M2jMkKm3GLHpLiq3J4gE,"","North Campus",6c2573ce-592a-4519-989c-2fd21d6918b7,"W", 11/03/2025 12:15:00 PM,"(UTC-07:00) Arizona",,,4753219.5,4752993,4753446,
PNTM9M2jMkKm3GLHpLiq3J4gE,"","North Campus",6c2573ce-592a-4519-989c-2fd21d6918b7,"W", 11/03/2025 12:30:00 PM,"(UTC-07:00) Arizona",,,4860340,4860340,4860340,
PNTM9M2jMkKm3GLHpLiq3J4gE,"","North Campus",6c2573ce-592a-4519-989c-2fd21d6918b7,"W", 11/03/2025 12:45:00 PM,"(UTC-07:00) Arizona",,,4789391.25,4777703,4801079.5,
PNTM9M2jMkKm3GLHpLiq3J4gE,"","North Campus",6c2573ce-592a-4519-989c-2fd21d6918b7,"W", 11/03/2025 01:00:00 PM,"(UTC-07:00) Arizona",,,4762002.5,4725812.5,4798192.5,
PNTM9M2jMkKm3GLHpLiq3J4gE,"","North Campus",6c2573ce-592a-4519-989c-2fd21d6918b7,"W", 11/03/2025 01:15:00 PM,"(UTC-07:00) Arizona",,,4851522,4851522,4851522,
PNTM9M2jMkKm3GLHpLiq3J4gE,"","North Campus",6c2573ce-592a-4519-989c-2fd21d6918b7,"W", 11/03/2025 01:30:00 PM,"(UTC-07:00) Arizona",,,4846918.25,4842147.5,4851689,
PNTM9M2jMkKm3GLHpLiq3J4gE,"","North Campus",6c2573ce-592a-4519-989c-2fd21d6918b7,"W", 11/03/2025 01:45:00 PM,"(UTC-07:00) Arizona",,,4956058.5,4936136.5,4975980.5,
PNTM9M2jMkKm3GLHpLiq3J4gE,"","North Campus",6c2573ce-592a-4519-989c-2fd21d6918b7,"W", 11/03/2025 02:00:00 PM,"(UTC-07:00) Arizona",,,4837763,4837763,4837763,
PNTM9M2jMkKm3GLHpLiq3J4gE,"","North Campus",6c2573ce-592a-4519-989c-2fd21d6918b7,"W", 11/03/2025 02:15:00 PM,"(UTC-07:00) Arizona",,,4920179.25,4902750.5,4937608,
PNTM9M2jMkKm3GLHpLiq3J4gE,"","North Campus",6c2573ce-592a-4519-989c-2fd21d6918b7,"W", 11/03/2025 02:30:00 PM,"(UTC-07:00) Arizona",,,4956383.75,4952673.5,4960094,
PNTM9M2jMkKm3GLHpLiq3J4gE,"","North Campus",6c2573ce-592a-4519-989c-2fd21d6918b7,"W", 11/03/2025 02:45:00 PM,"(UTC-07:00) Arizona",,,5017692.25,4964245,5071139.5,
PNTM9M2jMkKm3GLHpLiq3J4gE,"","North Campus",6c2573ce-592a-4519-989c-2fd21d6918b7,"W", 11/03/2025 03:00:00 PM,"(UTC-07:00) Arizona",,,4978799,4946168,5011430,
PNTM9M2jMkKm3GLHpLiq3J4gE,"","North Campus",6c2573ce-592a-4519-989c-2fd21d6918b7,"W", 11/03/2025 03:15:00 PM,"(UTC-07:00) Arizona",,,4996150.833333333,4964884,5043463.5,
PNTM9M2jMkKm3GLHpLiq3J4gE,"","North Campus",6c2573ce-592a-4519-989c-2fd21d6918b7,"W", 11/03/2025 03:30:00 PM,"(UTC-07:00) Arizona",,,4988981.75,4938604.5,5039359,
PNTM9M2jMkKm3GLHpLiq3J4gE,"","North Campus",6c2573ce-592a-4519-989c-2fd21d6918b7,"W", 11/03/2025 03:45:00 PM,"(UTC-07:00) Arizona",,,4983153,4939180,5027126,
PNTM9M2jMkKm3GLHpLiq3J4gE,"","North Campus",6c2573ce-592a-4519-989c-2fd21d6918b7,"W", 11/03/2025 04:00:00 PM,"(UTC-07:00) Arizona",,,5059141.25,5037979,5080303.5,
PNTM9M2jMkKm3GLHpLiq3J4gE,"","North Campus",6c2573ce-592a-4519-989c-2fd21d6918b7,"W", 11/03/2025 04:15:00 PM,"(UTC-07:00) Arizona",,,4957652,4936493,4978811,
PNTM9M2jMkKm3GLHpLiq3J4gE,"","North Campus",6c2573ce-592a-4519-989c-2fd21d6918b7,"W", 11/03/2025 04:30:00 PM,"(UTC-07:00) Arizona",,,5041713,5005969,5077457,
PNTM9M2jMkKm3GLHpLiq3J4gE,"","North Campus",6c2573ce-592a-4519-989c-2fd21d6918b7,"W", 11/03/2025 04:45:00 PM,"(UTC-07:00) Arizona",,,4907593.5,4863456,4976853.5,
PNTM9M2jMkKm3GLHpLiq3J4gE,"","North Campus",6c2573ce-592a-4519-989c-2fd21d6918b7,"W", 11/03/2025 05:00:00 PM,"(UTC-07:00) Arizona",,,4789894.5,4789894.5,4789894.5,
PNTM9M2jMkKm3GLHpLiq3J4gE,"","North Campus",6c2573ce-592a-4519-989c-2fd21d6918b7,"W", 11/03/2025 05:15:00 PM,"(UTC-07:00) Arizona",,,4782169.75,4780718.5,4783621,
PNTM9M2jMkKm3GLHpLiq3J4gE,"","North Campus",6c2573ce-592a-4519-989c-2fd21d6918b7,"W", 11/03/2025 05:30:00 PM,"(UTC-07:00) Arizona",,,4741024,4693195,4788853,
PNTM9M2jMkKm3GLHpLiq3J4gE,"","North Campus",6c2573ce-592a-4519-989c-2fd21d6918b7,"W", 11/03/2025 05:45:00 PM,"(UTC-07:00) Arizona",,,4750531.25,4712494,4788568.5,
PNTM9M2jMkKm3GLHpLiq3J4gE,"","North Campus",6c2573ce-592a-4519-989c-2fd21d6918b7,"W", 11/03/2025 06:00:00 PM,"(UTC-07:00) Arizona",,,4671181.25,4639458.5,4702904,
PNTM9M2jMkKm3GLHpLiq3J4gE,"","North Campus",6c2573ce-592a-4519-989c-2fd21d6918b7,"W", 11/03/2025 06:15:00 PM,"(UTC-07:00) Arizona",,,4666693.5,4624999.5,4708387.5,
PNTM9M2jMkKm3GLHpLiq3J4gE,"","North Campus",6c2573ce-592a-4519-989c-2fd21d6918b7,"W", 11/03/2025 06:30:00 PM,"(UTC-07:00) Arizona",,,4636450.25,4615250,4657650.5,
PNTM9M2jMkKm3GLHpLiq3J4gE,"","North Campus",6c2573ce-592a-4519-989c-2fd21d6918b7,"W", 11/03/2025 06:45:00 PM,"(UTC-07:00) Arizona",,,4562062.5,4526193.5,4597931.5,
PNTM9M2jMkKm3GLHpLiq3J4gE,"","North Campus",6c2573ce-592a-4519-989c-2fd21d6918b7,"W", 11/03/2025 07:00:00 PM,"(UTC-07:00) Arizona",,,4420248.5,4416111.5,4424385.5,
PNTM9M2jMkKm3GLHpLiq3J4gE,"","North Campus",6c2573ce-592a-4519-989c-2fd21d6918b7,"W", 11/03/2025 07:15:00 PM,"(UTC-07:00) Arizona",,,4432203.333333333,4382450.5,4488672.5,
PNTM9M2jMkKm3GLHpLiq3J4gE,"","North Campus",6c2573ce-592a-4519-989c-2fd21d6918b7,"W", 11/03/2025 07:30:00 PM,"(UTC-07:00) Arizona",,,4426871.25,4420060,4433682.5,
PNTM9M2jMkKm3GLHpLiq3J4gE,"","North Campus",6c2573ce-592a-4519-989c-2fd21d6918b7,"W", 11/03/2025 07:45:00 PM,"(UTC-07:00) Arizona",,,4380299.5,4380299.5,4380299.5,
PNTM9M2jMkKm3GLHpLiq3J4gE,"","North Campus",6c2573ce-592a-4519-989c-2fd21d6918b7,"W", 11/03/2025 08:00:00 PM,"(UTC-07:00) Arizona",,,4353568.166666667,4309172.5,4415838,
PNTM9M2jMkKm3GLHpLiq3J4gE,"","North Campus",6c2573ce-592a-4519-989c-2fd21d6918b7,"W", 11/03/2025 08:15:00 PM,"(UTC-07:00) Arizona",,,4314113.5,4308249,4319978,
PNTM9M2jMkKm3GLHpLiq3J4gE,"","North Campus",6c2573ce-592a-4519-989c-2fd21d6918b7,"W", 11/03/2025 08:30:00 PM,"(UTC-07:00) Arizona",,,4318309,4318309,4318309,
PNTM9M2jMkKm3GLHpLiq3J4gE,"","North Campus",6c2573ce-592a-4519-989c-2fd21d6918b7,"W", 11/03/2025 08:45:00 PM,"(UTC-07:00) Arizona",,,4226968.833333333,4215163.5,4242895.5,
PNTM9M2jMkKm3GLHpLiq3J4gE,"","North Campus",6c2573ce-592a-4519-989c-2fd21d6918b7,"W", 11/03/2025 09:00:00 PM,"(UTC-07:00) Arizona",,,4240755.5,4240755.5,4240755.5,
PNTM9M2jMkKm3GLHpLiq3J4gE,"","North Campus",6c2573ce-592a-4519-989c-2fd21d6918b7,"W", 11/03/2025 09:15:00 PM,"(UTC-07:00) Arizona",,,4167310.5,4159742.8,4174878.2,
PNTM9M2jMkKm3GLHpLiq3J4gE,"","North Campus",6c2573ce-592a-4519-989c-2fd21d6918b7,"W", 11/03/2025 09:30:00 PM,"(UTC-07:00) Arizona",,,4194321.166666667,4179720.5,4204759.5,
PNTM9M2jMkKm3GLHpLiq3J4gE,"","North Campus",6c2573ce-592a-4519-989c-2fd21d6918b7,"W", 11/03/2025 09:45:00 PM,"(UTC-07:00) Arizona",,,4153688.75,4094594,4212783.5,
PNTM9M2jMkKm3GLHpLiq3J4gE,"","North Campus",6c2573ce-592a-4519-989c-2fd21d6918b7,"W", 11/03/2025 10:00:00 PM,"(UTC-07:00) Arizona",,,3971362.25,3941467,4001257.5,
PNTM9M2jMkKm3GLHpLiq3J4gE,"","North Campus",6c2573ce-592a-4519-989c-2fd21d6918b7,"W", 11/03/2025 10:15:00 PM,"(UTC-07:00) Arizona",,,3961083.25,3950058,3972108.5,
PNTM9M2jMkKm3GLHpLiq3J4gE,"","North Campus",6c2573ce-592a-4519-989c-2fd21d6918b7,"W", 11/03/2025 10:30:00 PM,"(UTC-07:00) Arizona",,,3859157.9,3818702.5,3886148,
PNTM9M2jMkKm3GLHpLiq3J4gE,"","North Campus",6c2573ce-592a-4519-989c-2fd21d6918b7,"W", 11/03/2025 10:45:00 PM,"(UTC-07:00) Arizona",,,3829465.4,3800342.8,3858588,
PNTM9M2jMkKm3GLHpLiq3J4gE,"","North Campus",6c2573ce-592a-4519-989c-2fd21d6918b7,"W", 11/03/2025 11:00:00 PM,"(UTC-07:00) Arizona",,,3680883.8,3602647.8,3759119.8,
PNTM9M2jMkKm3GLHpLiq3J4gE,"","North Campus",6c2573ce-592a-4519-989c-2fd21d6918b7,"W", 11/03/2025 11:15:00 PM,"(UTC-07:00) Arizona",,,3668918.35,3634533.2,3703303.5,
PNTM9M2jMkKm3GLHpLiq3J4gE,"","North Campus",6c2573ce-592a-4519-989c-2fd21d6918b7,"W", 11/03/2025 11:30:00 PM,"(UTC-07:00) Arizona",,,3627169,3593477.8,3660860.2,
PNTM9M2jMkKm3GLHpLiq3J4gE,"","North Campus",6c2573ce-592a-4519-989c-2fd21d6918b7,"W", 11/03/2025 11:45:00 PM,"(UTC-07:00) Arizona",,,3632248.3333333335,3590335.8,3667088,
PNTM9M2jMkKm3GLHpLiq3J4gE,"","North Campus",6c2573ce-592a-4519-989c-2fd21d6918b7,"W", 11/04/2025 12:00:00 AM,"(UTC-07:00) Arizona",,,3622925.15,3601739.5,3644110.8,
PNTM9M2jMkKm3GLHpLiq3J4gE,"","North Campus",6c2573ce-592a-4519-989c-2fd21d6918b7,"W", 11/04/2025 12:15:00 AM,"(UTC-07:00) Arizona",,,3531205.9,3530664.8,3531747,
PNTM9M2jMkKm3GLHpLiq3J4gE,"","North Campus",6c2573ce-592a-4519-989c-2fd21d6918b7,"W", 11/04/2025 12:30:00 AM,"(UTC-07:00) Arizona",,,3550370.85,3548154.2,3552587.5,
PNTM9M2jMkKm3GLHpLiq3J4gE,"","North Campus",6c2573ce-592a-4519-989c-2fd21d6918b7,"W", 11/04/2025 12:45:00 AM,"(UTC-07:00) Arizona",,,3494021.8,3494021.8,3494021.8,
PNTM9M2jMkKm3GLHpLiq3J4gE,"","North Campus",6c2573ce-592a-4519-989c-2fd21d6918b7,"W", 11/04/2025 01:00:00 AM,"(UTC-07:00) Arizona",,,3431811.25,3420763,3442859.5,
PNTM9M2jMkKm3GLHpLiq3J4gE,"","North Campus",6c2573ce-592a-4519-989c-2fd21d6918b7,"W", 11/04/2025 01:15:00 AM,"(UTC-07:00) Arizona",,,3413114.85,3396966.5,3429263.2,
PNTM9M2jMkKm3GLHpLiq3J4gE,"","North Campus",6c2573ce-592a-4519-989c-2fd21d6918b7,"W", 11/04/2025 01:30:00 AM,"(UTC-07:00) Arizona",,,3413022.5,3413022.5,3413022.5,
PNTM9M2jMkKm3GLHpLiq3J4gE,"","North Campus",6c2573ce-592a-4519-989c-2fd21d6918b7,"W", 11/04/2025 01:45:00 AM,"(UTC-07:00) Arizona",,,3389032.85,3356698.5,3421367.2,
PNTM9M2jMkKm3GLHpLiq3J4gE,"","North Campus",6c2573ce-592a-4519-989c-2fd21d6918b7,"W", 11/04/2025 02:00:00 AM,"(UTC-07:00) Arizona",,,3375219.15,3366175.8,3384262.5,
PNTM9M2jMkKm3GLHpLiq3J4gE,"","North Campus",6c2573ce-592a-4519-989c-2fd21d6918b7,"W", 11/04/2025 02:15:00 AM,"(UTC-07:00) Arizona",,,3342457.85,3340099.5,3344816.2,
PNTM9M2jMkKm3GLHpLiq3J4gE,"","North Campus",6c2573ce-592a-4519-989c-2fd21d6918b7,"W", 11/04/2025 02:30:00 AM,"(UTC-07:00) Arizona",,,3325233.85,3318231.5,3332236.2,
PNTM9M2jMkKm3GLHpLiq3J4gE,"","North Campus",6c2573ce-592a-4519-989c-2fd21d6918b7,"W", 11/04/2025 02:45:00 AM,"(UTC-07:00) Arizona",,,3302586.15,3299642.5,3305529.8,
PNTM9M2jMkKm3GLHpLiq3J4gE,"","North Campus",6c2573ce-592a-4519-989c-2fd21d6918b7,"W", 11/04/2025 03:00:00 AM,"(UTC-07:00) Arizona",,,3369513.85,3360187.5,3378840.2,
PNTM9M2jMkKm3GLHpLiq3J4gE,"","North Campus",6c2573ce-592a-4519-989c-2fd21d6918b7,"W", 11/04/2025 03:15:00 AM,"(UTC-07:00) Arizona",,,3285868.5,3285868.5,3285868.5,
PNTM9M2jMkKm3GLHpLiq3J4gE,"","North Campus",6c2573ce-592a-4519-989c-2fd21d6918b7,"W", 11/04/2025 03:30:00 AM,"(UTC-07:00) Arizona",,,3345385.5666666664,3311081.5,3369826.2,
PNTM9M2jMkKm3GLHpLiq3J4gE,"","North Campus",6c2573ce-592a-4519-989c-2fd21d6918b7,"W", 11/04/2025 03:45:00 AM,"(UTC-07:00) Arizona",,,3365419.1,3351313.8,3380869,
PNTM9M2jMkKm3GLHpLiq3J4gE,"","North Campus",6c2573ce-592a-4519-989c-2fd21d6918b7,"W", 11/04/2025 04:00:00 AM,"(UTC-07:00) Arizona",,,3391851.15,3369325.5,3414376.8,
PNTM9M2jMkKm3GLHpLiq3J4gE,"","North Campus",6c2573ce-592a-4519-989c-2fd21d6918b7,"W", 11/04/2025 04:15:00 AM,"(UTC-07:00) Arizona",,,3441114.9,3431206.8,3451023,
PNTM9M2jMkKm3GLHpLiq3J4gE,"","North Campus",6c2573ce-592a-4519-989c-2fd21d6918b7,"W", 11/04/2025 04:30:00 AM,"(UTC-07:00) Arizona",,,3469642.1,3459056.2,3480228,
PNTM9M2jMkKm3GLHpLiq3J4gE,"","North Campus",6c2573ce-592a-4519-989c-2fd21d6918b7,"W", 11/04/2025 04:45:00 AM,"(UTC-07:00) Arizona",,,3478180.5,3478180.5,3478180.5,
PNTM9M2jMkKm3GLHpLiq3J4gE,"","North Campus",6c2573ce-592a-4519-989c-2fd21d6918b7,"W", 11/04/2025 05:00:00 AM,"(UTC-07:00) Arizona",,,3499735.75,3489804.5,3509667,
PNTM9M2jMkKm3GLHpLiq3J4gE,"","North Campus",6c2573ce-592a-4519-989c-2fd21d6918b7,"W", 11/04/2025 05:15:00 AM,"(UTC-07:00) Arizona",,,3489522.5,3489522.5,3489522.5,
PNTM9M2jMkKm3GLHpLiq3J4gE,"","North Campus",6c2573ce-592a-4519-989c-2fd21d6918b7,"W", 11/04/2025 05:30:00 AM,"(UTC-07:00) Arizona",,,3556619.4,3532543,3580695.8,
PNTM9M2jMkKm3GLHpLiq3J4gE,"","North Campus",6c2573ce-592a-4519-989c-2fd21d6918b7,"W", 11/04/2025 05:45:00 AM,"(UTC-07:00) Arizona",,,3569837.75,3556930,3582745.5,
PNTM9M2jMkKm3GLHpLiq3J4gE,"","North Campus",6c2573ce-592a-4519-989c-2fd21d6918b7,"W", 11/04/2025 06:00:00 AM,"(UTC-07:00) Arizona",,,3703104.9,3664814.8,3741395,
PNTM9M2jMkKm3GLHpLiq3J4gE,"","North Campus",6c2573ce-592a-4519-989c-2fd21d6918b7,"W", 11/04/2025 06:15:00 AM,"(UTC-07:00) Arizona",,,3678634.2,3678634.2,3678634.2,
PNTM9M2jMkKm3GLHpLiq3J4gE,"","North Campus",6c2573ce-592a-4519-989c-2fd21d6918b7,"W", 11/04/2025 06:30:00 AM,"(UTC-07:00) Arizona",,,3787307.75,3765192,3809423.5,
PNTM9M2jMkKm3GLHpLiq3J4gE,"","North Campus",6c2573ce-592a-4519-989c-2fd21d6918b7,"W", 11/04/2025 06:45:00 AM,"(UTC-07:00) Arizona",,,3804575.75,3803851,3805300.5,
PNTM9M2jMkKm3GLHpLiq3J4gE,"","North Campus",6c2573ce-592a-4519-989c-2fd21d6918b7,"W", 11/04/2025 07:00:00 AM,"(UTC-07:00) Arizona",,,3934826.9,3921789.8,3947864,
PNTM9M2jMkKm3GLHpLiq3J4gE,"","North Campus",6c2573ce-592a-4519-989c-2fd21d6918b7,"W", 11/04/2025 07:15:00 AM,"(UTC-07:00) Arizona",,,3997999.75,3994088.5,4001911,
PNTM9M2jMkKm3GLHpLiq3J4gE,"","North Campus",6c2573ce-592a-4519-989c-2fd21d6918b7,"W", 11/04/2025 07:30:00 AM,"(UTC-07:00) Arizona",,,4107605.5,4089674.5,4125536.5,
PNTM9M2jMkKm3GLHpLiq3J4gE,"","North Campus",6c2573ce-592a-4519-989c-2fd21d6918b7,"W", 11/04/2025 07:45:00 AM,"(UTC-07:00) Arizona",,,4178815,4112814,4244816,
PNTM9M2jMkKm3GLHpLiq3J4gE,"","North Campus",6c2573ce-592a-4519-989c-2fd21d6918b7,"W", 11/04/2025 08:00:00 AM,"(UTC-07:00) Arizona",,,4315605.5,4315605.5,4315605.5,
PNTM9M2jMkKm3GLHpLiq3J4gE,"","North Campus",6c2573ce-592a-4519-989c-2fd21d6918b7,"W", 11/04/2025 08:15:00 AM,"(UTC-07:00) Arizona",,,4301118.5,4257620.5,4328517.5,
PNTM9M2jMkKm3GLHpLiq3J4gE,"","North Campus",6c2573ce-592a-4519-989c-2fd21d6918b7,"W", 11/04/2025 08:30:00 AM,"(UTC-07:00) Arizona",,,4281297.5,4281297.5,4281297.5,
PNTM9M2jMkKm3GLHpLiq3J4gE,"","North Campus",6c2573ce-592a-4519-989c-2fd21d6918b7,"W", 11/04/2025 08:45:00 AM,"(UTC-07:00) Arizona",,,4471986,4420155.5,4523816.5,
PNTM9M2jMkKm3GLHpLiq3J4gE,"","North Campus",6c2573ce-592a-4519-989c-2fd21d6918b7,"W", 11/04/2025 09:00:00 AM,"(UTC-07:00) Arizona",,,4547011.5,4547011.5,4547011.5,
PNTM9M2jMkKm3GLHpLiq3J4gE,"","North Campus",6c2573ce-592a-4519-989c-2fd21d6918b7,"W", 11/04/2025 09:15:00 AM,"(UTC-07:00) Arizona",,,4547864.75,4546297,4549432.5,
PNTM9M2jMkKm3GLHpLiq3J4gE,"","North Campus",6c2573ce-592a-4519-989c-2fd21d6918b7,"W", 11/04/2025 09:30:00 AM,"(UTC-07:00) Arizona",,,4545212.25,4531956,4558468.5,
PNTM9M2jMkKm3GLHpLiq3J4gE,"","North Campus",6c2573ce-592a-4519-989c-2fd21d6918b7,"W", 11/04/2025 09:45:00 AM,"(UTC-07:00) Arizona",,,4630696.5,4630696.5,4630696.5,
PNTM9M2jMkKm3GLHpLiq3J4gE,"","North Campus",6c2573ce-592a-4519-989c-2fd21d6918b7,"W", 11/04/2025 10:00:00 AM,"(UTC-07:00) Arizona",,,4640768.5,4640768.5,4640768.5,
PNTM9M2jMkKm3GLHpLiq3J4gE,"","North Campus",6c2573ce-592a-4519-989c-2fd21d6918b7,"W", 11/04/2025 10:15:00 AM,"(UTC-07:00) Arizona",,,4666085.5,4593103,4739068,
PNTM9M2jMkKm3GLHpLiq3J4gE,"","North Campus",6c2573ce-592a-4519-989c-2fd21d6918b7,"W", 11/04/2025 10:30:00 AM,"(UTC-07:00) Arizona",,,4648249,4648249,4648249,
PNTM9M2jMkKm3GLHpLiq3J4gE,"","North Campus",6c2573ce-592a-4519-989c-2fd21d6918b7,"W", 11/04/2025 10:45:00 AM,"(UTC-07:00) Arizona",,,4680249.5,4597393,4763106,
PNTM9M2jMkKm3GLHpLiq3J4gE,"","North Campus",6c2573ce-592a-4519-989c-2fd21d6918b7,"W", 11/04/2025 11:00:00 AM,"(UTC-07:00) Arizona",,,4766724.25,4737235,4796213.5,
PNTM9M2jMkKm3GLHpLiq3J4gE,"","North Campus",6c2573ce-592a-4519-989c-2fd21d6918b7,"W", 11/04/2025 11:30:00 AM,"(UTC-07:00) Arizona",,,4754597,4731888,4777306,
PNTM9M2jMkKm3GLHpLiq3J4gE,"","North Campus",6c2573ce-592a-4519-989c-2fd21d6918b7,"W", 11/04/2025 11:45:00 AM,"(UTC-07:00) Arizona",,,4772650.5,4772650.5,4772650.5,
PNTM9M2jMkKm3GLHpLiq3J4gE,"","North Campus",6c2573ce-592a-4519-989c-2fd21d6918b7,"W", 11/04/2025 12:00:00 PM,"(UTC-07:00) Arizona",,,4832731.25,4778422,4887040.5,
PNTM9M2jMkKm3GLHpLiq3J4gE,"","North Campus",6c2573ce-592a-4519-989c-2fd21d6918b7,"W", 11/04/2025 12:15:00 PM,"(UTC-07:00) Arizona",,,4863724,4859945,4867503,
PNTM9M2jMkKm3GLHpLiq3J4gE,"","North Campus",6c2573ce-592a-4519-989c-2fd21d6918b7,"W", 11/04/2025 12:30:00 PM,"(UTC-07:00) Arizona",,,4822430.75,4783630.5,4861231,
PNTM9M2jMkKm3GLHpLiq3J4gE,"","North Campus",6c2573ce-592a-4519-989c-2fd21d6918b7,"W", 11/04/2025 12:45:00 PM,"(UTC-07:00) Arizona",,,4899243,4899243,4899243,
PNTM9M2jMkKm3GLHpLiq3J4gE,"","North Campus",6c2573ce-592a-4519-989c-2fd21d6918b7,"W", 11/04/2025 01:00:00 PM,"(UTC-07:00) Arizona",,,4899479.5,4878574,4920385,
PNTM9M2jMkKm3GLHpLiq3J4gE,"","North Campus",6c2573ce-592a-4519-989c-2fd21d6918b7,"W", 11/04/2025 01:15:00 PM,"(UTC-07:00) Arizona",,,4935555.75,4930446,4940665.5,
PNTM9M2jMkKm3GLHpLiq3J4gE,"","North Campus",6c2573ce-592a-4519-989c-2fd21d6918b7,"W", 11/04/2025 01:30:00 PM,"(UTC-07:00) Arizona",,,5002505.5,5002505.5,5002505.5,
PNTM9M2jMkKm3GLHpLiq3J4gE,"","North Campus",6c2573ce-592a-4519-989c-2fd21d6918b7,"W", 11/04/2025 01:45:00 PM,"(UTC-07:00) Arizona",,,5030525.5,4962246,5099837.5,
PNTM9M2jMkKm3GLHpLiq3J4gE,"","North Campus",6c2573ce-592a-4519-989c-2fd21d6918b7,"W", 11/04/2025 02:00:00 PM,"(UTC-07:00) Arizona",,,4949904.5,4895362.5,5004446.5,
PNTM9M2jMkKm3GLHpLiq3J4gE,"","North Campus",6c2573ce-592a-4519-989c-2fd21d6918b7,"W", 11/04/2025 02:15:00 PM,"(UTC-07:00) Arizona",,,4955654.25,4909218.5,5002090,
PNTM9M2jMkKm3GLHpLiq3J4gE,"","North Campus",6c2573ce-592a-4519-989c-2fd21d6918b7,"W", 11/04/2025 02:30:00 PM,"(UTC-07:00) Arizona",,,5022153.5,5022153.5,5022153.5,
PNTM9M2jMkKm3GLHpLiq3J4gE,"","North Campus",6c2573ce-592a-4519-989c-2fd21d6918b7,"W", 11/04/2025 02:45:00 PM,"(UTC-07:00) Arizona",,,4981977.333333333,4965779.5,5011045.5,
PNTM9M2jMkKm3GLHpLiq3J4gE,"","North Campus",6c2573ce-592a-4519-989c-2fd21d6918b7,"W", 11/04/2025 03:00:00 PM,"(UTC-07:00) Arizona",,,4942152.333333333,4910502.5,4969910,
PNTM9M2jMkKm3GLHpLiq3J4gE,"","North Campus",6c2573ce-592a-4519-989c-2fd21d6918b7,"W", 11/04/2025 03:15:00 PM,"(UTC-07:00) Arizona",,,5005623,5005623,5005623,
PNTM9M2jMkKm3GLHpLiq3J4gE,"","North Campus",6c2573ce-592a-4519-989c-2fd21d6918b7,"W", 11/04/2025 03:30:00 PM,"(UTC-07:00) Arizona",,,5014396.25,5009974,5018818.5,
PNTM9M2jMkKm3GLHpLiq3J4gE,"","North Campus",6c2573ce-592a-4519-989c-2fd21d6918b7,"W", 11/04/2025 03:45:00 PM,"(UTC-07:00) Arizona",,,4998822,4984916.5,5020575.5,
PNTM9M2jMkKm3GLHpLiq3J4gE,"","North Campus",6c2573ce-592a-4519-989c-2fd21d6918b7,"W", 11/04/2025 04:00:00 PM,"(UTC-07:00) Arizona",,,4994157,4994157,4994157,
PNTM9M2jMkKm3GLHpLiq3J4gE,"","North Campus",6c2573ce-592a-4519-989c-2fd21d6918b7,"W", 11/04/2025 04:15:00 PM,"(UTC-07:00) Arizona",,,5104453.333333333,5016895,5209950,
PNTM9M2jMkKm3GLHpLiq3J4gE,"","North Campus",6c2573ce-592a-4519-989c-2fd21d6918b7,"W", 11/04/2025 04:30:00 PM,"(UTC-07:00) Arizona",,,5035388.75,5014998,5055779.5,
PNTM9M2jMkKm3GLHpLiq3J4gE,"","North Campus",6c2573ce-592a-4519-989c-2fd21d6918b7,"W", 11/04/2025 04:45:00 PM,"(UTC-07:00) Arizona",,,5051624.666666667,4954075.5,5122874.5,
PNTM9M2jMkKm3GLHpLiq3J4gE,"","North Campus",6c2573ce-592a-4519-989c-2fd21d6918b7,"W", 11/04/2025 05:00:00 PM,"(UTC-07:00) Arizona",,,4855522.5,4855522.5,4855522.5,
PNTM9M2jMkKm3GLHpLiq3J4gE,"","North Campus",6c2573ce-592a-4519-989c-2fd21d6918b7,"W", 11/04/2025 05:15:00 PM,"(UTC-07:00) Arizona",,,4982348.833333333,4948705.5,5007577,
PNTM9M2jMkKm3GLHpLiq3J4gE,"","North Campus",6c2573ce-592a-4519-989c-2fd21d6918b7,"W", 11/04/2025 05:30:00 PM,"(UTC-07:00) Arizona",,,4901585.166666667,4877024.5,4916644,
PNTM9M2jMkKm3GLHpLiq3J4gE,"","North Campus",6c2573ce-592a-4519-989c-2fd21d6918b7,"W", 11/04/2025 05:45:00 PM,"(UTC-07:00) Arizona",,,4956794.25,4904332,5009256.5,
PNTM9M2jMkKm3GLHpLiq3J4gE,"","North Campus",6c2573ce-592a-4519-989c-2fd21d6918b7,"W", 11/04/2025 06:00:00 PM,"(UTC-07:00) Arizona",,,4789037,4738886.5,4839187.5,
PNTM9M2jMkKm3GLHpLiq3J4gE,"","North Campus",6c2573ce-592a-4519-989c-2fd21d6918b7,"W", 11/04/2025 06:15:00 PM,"(UTC-07:00) Arizona",,,4833070.25,4775766.5,4890374,
PNTM9M2jMkKm3GLHpLiq3J4gE,"","North Campus",6c2573ce-592a-4519-989c-2fd21d6918b7,"W", 11/04/2025 06:30:00 PM,"(UTC-07:00) Arizona",,,4685091.25,4656581,4713601.5,
PNTM9M2jMkKm3GLHpLiq3J4gE,"","North Campus",6c2573ce-592a-4519-989c-2fd21d6918b7,"W", 11/04/2025 06:45:00 PM,"(UTC-07:00) Arizona",,,4656523.5,4656523.5,4656523.5,
PNTM9M2jMkKm3GLHpLiq3J4gE,"","North Campus",6c2573ce-592a-4519-989c-2fd21d6918b7,"W", 11/04/2025 07:00:00 PM,"(UTC-07:00) Arizona",,,4445882.5,4434094,4457671,
PNTM9M2jMkKm3GLHpLiq3J4gE,"","North Campus",6c2573ce-592a-4519-989c-2fd21d6918b7,"W", 11/04/2025 07:15:00 PM,"(UTC-07:00) Arizona",,,4446277.5,4444686,4447869,
PNTM9M2jMkKm3GLHpLiq3J4gE,"","North Campus",6c2573ce-592a-4519-989c-2fd21d6918b7,"W", 11/04/2025 07:30:00 PM,"(UTC-07:00) Arizona",,,4431214.5,4429465.5,4432963.5,
PNTM9M2jMkKm3GLHpLiq3J4gE,"","North Campus",6c2573ce-592a-4519-989c-2fd21d6918b7,"W", 11/04/2025 07:45:00 PM,"(UTC-07:00) Arizona",,,4427987.5,4414586.5,4444278,
PNTM9M2jMkKm3GLHpLiq3J4gE,"","North Campus",6c2573ce-592a-4519-989c-2fd21d6918b7,"W", 11/04/2025 08:00:00 PM,"(UTC-07:00) Arizona",,,4337383.166666667,4308454,4368267,
PNTM9M2jMkKm3GLHpLiq3J4gE,"","North Campus",6c2573ce-592a-4519-989c-2fd21d6918b7,"W", 11/04/2025 08:15:00 PM,"(UTC-07:00) Arizona",,,4360141.166666667,4312361,4389145,
PNTM9M2jMkKm3GLHpLiq3J4gE,"","North Campus",6c2573ce-592a-4519-989c-2fd21d6918b7,"W", 11/04/2025 08:30:00 PM,"(UTC-07:00) Arizona",,,4298856,4298856,4298856,
PNTM9M2jMkKm3GLHpLiq3J4gE,"","North Campus",6c2573ce-592a-4519-989c-2fd21d6918b7,"W", 11/04/2025 08:45:00 PM,"(UTC-07:00) Arizona",,,4187292.5,4184475.2,4190109.8,
PNTM9M2jMkKm3GLHpLiq3J4gE,"","North Campus",6c2573ce-592a-4519-989c-2fd21d6918b7,"W", 11/04/2025 09:00:00 PM,"(UTC-07:00) Arizona",,,4160070.5,4160070.5,4160070.5,
PNTM9M2jMkKm3GLHpLiq3J4gE,"","North Campus",6c2573ce-592a-4519-989c-2fd21d6918b7,"W", 11/04/2025 09:15:00 PM,"(UTC-07:00) Arizona",,,4124444.85,4117141.2,4131748.5,
PNTM9M2jMkKm3GLHpLiq3J4gE,"","North Campus",6c2573ce-592a-4519-989c-2fd21d6918b7,"W", 11/04/2025 09:30:00 PM,"(UTC-07:00) Arizona",,,4064260.5,4007595,4120926,
PNTM9M2jMkKm3GLHpLiq3J4gE,"","North Campus",6c2573ce-592a-4519-989c-2fd21d6918b7,"W", 11/04/2025 09:45:00 PM,"(UTC-07:00) Arizona",,,4006006,3979091.8,4032920.2,
PNTM9M2jMkKm3GLHpLiq3J4gE,"","North Campus",6c2573ce-592a-4519-989c-2fd21d6918b7,"W", 11/04/2025 10:15:00 PM,"(UTC-07:00) Arizona",,,3867959.9,3847030.8,3888889,
PNTM9M2jMkKm3GLHpLiq3J4gE,"","North Campus",6c2573ce-592a-4519-989c-2fd21d6918b7,"W", 11/04/2025 10:30:00 PM,"(UTC-07:00) Arizona",,,3830199.266666667,3804816.8,3846422.2,
PNTM9M2jMkKm3GLHpLiq3J4gE,"","North Campus",6c2573ce-592a-4519-989c-2fd21d6918b7,"W", 11/04/2025 10:45:00 PM,"(UTC-07:00) Arizona",,,3835553.85,3823740.5,3847367.2,
PNTM9M2jMkKm3GLHpLiq3J4gE,"","North Campus",6c2573ce-592a-4519-989c-2fd21d6918b7,"W", 11/04/2025 11:00:00 PM,"(UTC-07:00) Arizona",,,3674906.6333333333,3626117.5,3768998.2,
PNTM9M2jMkKm3GLHpLiq3J4gE,"","North Campus",6c2573ce-592a-4519-989c-2fd21d6918b7,"W", 11/04/2025 11:15:00 PM,"(UTC-07:00) Arizona",,,3609645,3609645,3609645,
PNTM9M2jMkKm3GLHpLiq3J4gE,"","North Campus",6c2573ce-592a-4519-989c-2fd21d6918b7,"W", 11/04/2025 11:30:00 PM,"(UTC-07:00) Arizona",,,3565197.266666667,3562878.5,3566554.8,
PNTM9M2jMkKm3GLHpLiq3J4gE,"","North Campus",6c2573ce-592a-4519-989c-2fd21d6918b7,"W", 11/04/2025 11:45:00 PM,"(UTC-07:00) Arizona",,,3629951.15,3584652.5,3675249.8,
PNTM9M2jMkKm3GLHpLiq3J4gE,"","North Campus",6c2573ce-592a-4519-989c-2fd21d6918b7,"W", 11/05/2025 12:00:00 AM,"(UTC-07:00) Arizona",,,3592247.225,3567830.2,3625800.5,
PNTM9M2jMkKm3GLHpLiq3J4gE,"","North Campus",6c2573ce-592a-4519-989c-2fd21d6918b7,"W", 11/05/2025 12:15:00 AM,"(UTC-07:00) Arizona",,,3478779.65,3470472.5,3487086.8,
PNTM9M2jMkKm3GLHpLiq3J4gE,"","North Campus",6c2573ce-592a-4519-989c-2fd21d6918b7,"W", 11/05/2025 12:30:00 AM,"(UTC-07:00) Arizona",,,3494307.3333333335,3481304.5,3501259.5,
PNTM9M2jMkKm3GLHpLiq3J4gE,"","North Campus",6c2573ce-592a-4519-989c-2fd21d6918b7,"W", 11/05/2025 12:45:00 AM,"(UTC-07:00) Arizona",,,3459821.1666666665,3449322.5,3471234.5,
PNTM9M2jMkKm3GLHpLiq3J4gE,"","North Campus",6c2573ce-592a-4519-989c-2fd21d6918b7,"W", 11/05/2025 01:00:00 AM,"(UTC-07:00) Arizona",,,3462989.15,3447424.8,3478553.5,
PNTM9M2jMkKm3GLHpLiq3J4gE,"","North Campus",6c2573ce-592a-4519-989c-2fd21d6918b7,"W", 11/05/2025 01:15:00 AM,"(UTC-07:00) Arizona",,,3422433.033333333,3369180.8,3450919.8,
PNTM9M2jMkKm3GLHpLiq3J4gE,"","North Campus",6c2573ce-592a-4519-989c-2fd21d6918b7,"W", 11/05/2025 01:30:00 AM,"(UTC-07:00) Arizona",,,3419551.75,3386482.5,3452621,
PNTM9M2jMkKm3GLHpLiq3J4gE,"","North Campus",6c2573ce-592a-4519-989c-2fd21d6918b7,"W", 11/05/2025 01:45:00 AM,"(UTC-07:00) Arizona",,,3403059.9,3381726.8,3424393,
PNTM9M2jMkKm3GLHpLiq3J4gE,"","North Campus",6c2573ce-592a-4519-989c-2fd21d6918b7,"W", 11/05/2025 02:00:00 AM,"(UTC-07:00) Arizona",,,3355920,3355920,3355920,
PNTM9M2jMkKm3GLHpLiq3J4gE,"","North Campus",6c2573ce-592a-4519-989c-2fd21d6918b7,"W", 11/05/2025 02:15:00 AM,"(UTC-07:00) Arizona",,,3327325.1,3312897.2,3341753,
PNTM9M2jMkKm3GLHpLiq3J4gE,"","North Campus",6c2573ce-592a-4519-989c-2fd21d6918b7,"W", 11/05/2025 02:30:00 AM,"(UTC-07:00) Arizona",,,3328910.4333333336,3306394.8,3342487.5,
PNTM9M2jMkKm3GLHpLiq3J4gE,"","North Campus",6c2573ce-592a-4519-989c-2fd21d6918b7,"W", 11/05/2025 02:45:00 AM,"(UTC-07:00) Arizona",,,3313542.35,3308960.2,3318124.5,
PNTM9M2jMkKm3GLHpLiq3J4gE,"","North Campus",6c2573ce-592a-4519-989c-2fd21d6918b7,"W", 11/05/2025 03:00:00 AM,"(UTC-07:00) Arizona",,,3338994.0666666664,3319763.5,3372173.2,
PNTM9M2jMkKm3GLHpLiq3J4gE,"","North Campus",6c2573ce-592a-4519-989c-2fd21d6918b7,"W", 11/05/2025 03:15:00 AM,"(UTC-07:00) Arizona",,,3336317.733333333,3309111,3384368,
PNTM9M2jMkKm3GLHpLiq3J4gE,"","North Campus",6c2573ce-592a-4519-989c-2fd21d6918b7,"W", 11/05/2025 03:30:00 AM,"(UTC-07:00) Arizona",,,3345113.5,3345113.5,3345113.5,
PNTM9M2jMkKm3GLHpLiq3J4gE,"","North Campus",6c2573ce-592a-4519-989c-2fd21d6918b7,"W", 11/05/2025 03:45:00 AM,"(UTC-07:00) Arizona",,,3325330.85,3299343.5,3351318.2,
PNTM9M2jMkKm3GLHpLiq3J4gE,"","North Campus",6c2573ce-592a-4519-989c-2fd21d6918b7,"W", 11/05/2025 04:00:00 AM,"(UTC-07:00) Arizona",,,3377830.4,3364398.8,3391262,
PNTM9M2jMkKm3GLHpLiq3J4gE,"","North Campus",6c2573ce-592a-4519-989c-2fd21d6918b7,"W", 11/05/2025 04:15:00 AM,"(UTC-07:00) Arizona",,,3406702.0666666664,3365738.2,3455104.8,
PNTM9M2jMkKm3GLHpLiq3J4gE,"","North Campus",6c2573ce-592a-4519-989c-2fd21d6918b7,"W", 11/05/2025 04:30:00 AM,"(UTC-07:00) Arizona",,,3500977.35,3481527.2,3520427.5,
PNTM9M2jMkKm3GLHpLiq3J4gE,"","North Campus",6c2573ce-592a-4519-989c-2fd21d6918b7,"W", 11/05/2025 04:45:00 AM,"(UTC-07:00) Arizona",,,3491840.85,3482094.2,3501587.5,
PNTM9M2jMkKm3GLHpLiq3J4gE,"","North Campus",6c2573ce-592a-4519-989c-2fd21d6918b7,"W", 11/05/2025 05:00:00 AM,"(UTC-07:00) Arizona",,,3508854,3466118.2,3551589.8,
PNTM9M2jMkKm3GLHpLiq3J4gE,"","North Campus",6c2573ce-592a-4519-989c-2fd21d6918b7,"W", 11/05/2025 05:15:00 AM,"(UTC-07:00) Arizona",,,3463293,3463293,3463293,
PNTM9M2jMkKm3GLHpLiq3J4gE,"","North Campus",6c2573ce-592a-4519-989c-2fd21d6918b7,"W", 11/05/2025 05:30:00 AM,"(UTC-07:00) Arizona",,,3517588.25,3482351.5,3552825,
PNTM9M2jMkKm3GLHpLiq3J4gE,"","North Campus",6c2573ce-592a-4519-989c-2fd21d6918b7,"W", 11/05/2025 05:45:00 AM,"(UTC-07:00) Arizona",,,3587681.5,3587681.5,3587681.5,
PNTM9M2jMkKm3GLHpLiq3J4gE,"","North Campus",6c2573ce-592a-4519-989c-2fd21d6918b7,"W", 11/05/2025 06:00:00 AM,"(UTC-07:00) Arizona",,,3705361.25,3704675.5,3706047,
PNTM9M2jMkKm3GLHpLiq3J4gE,"","North Campus",6c2573ce-592a-4519-989c-2fd21d6918b7,"W", 11/05/2025 06:15:00 AM,"(UTC-07:00) Arizona",,,3763857.6,3717987,3794492,
PNTM9M2jMkKm3GLHpLiq3J4gE,"","North Campus",6c2573ce-592a-4519-989c-2fd21d6918b7,"W", 11/05/2025 06:30:00 AM,"(UTC-07:00) Arizona",,,3803168.4,3801136.8,3805200,
PNTM9M2jMkKm3GLHpLiq3J4gE,"","North Campus",6c2573ce-592a-4519-989c-2fd21d6918b7,"W", 11/05/2025 06:45:00 AM,"(UTC-07:00) Arizona",,,3874131.75,3860570.5,3887693,
PNTM9M2jMkKm3GLHpLiq3J4gE,"","North Campus",6c2573ce-592a-4519-989c-2fd21d6918b7,"W", 11/05/2025 07:00:00 AM,"(UTC-07:00) Arizona",,,3940865,3940865,3940865,
PNTM9M2jMkKm3GLHpLiq3J4gE,"","North Campus",6c2573ce-592a-4519-989c-2fd21d6918b7,"W", 11/05/2025 07:15:00 AM,"(UTC-07:00) Arizona",,,4051840.266666667,4016776,4083701.8,
PNTM9M2jMkKm3GLHpLiq3J4gE,"","North Campus",6c2573ce-592a-4519-989c-2fd21d6918b7,"W", 11/05/2025 07:30:00 AM,"(UTC-07:00) Arizona",,,4051629.4,4011274,4092737.2,
PNTM9M2jMkKm3GLHpLiq3J4gE,"","North Campus",6c2573ce-592a-4519-989c-2fd21d6918b7,"W", 11/05/2025 07:45:00 AM,"(UTC-07:00) Arizona",,,4156093.4,4147674.8,4164512,
PNTM9M2jMkKm3GLHpLiq3J4gE,"","North Campus",6c2573ce-592a-4519-989c-2fd21d6918b7,"W", 11/05/2025 08:00:00 AM,"(UTC-07:00) Arizona",,,4308344.75,4225747,4390942.5,
PNTM9M2jMkKm3GLHpLiq3J4gE,"","North Campus",6c2573ce-592a-4519-989c-2fd21d6918b7,"W", 11/05/2025 08:15:00 AM,"(UTC-07:00) Arizona",,,4338015.5,4274648.5,4401382.5,
PNTM9M2jMkKm3GLHpLiq3J4gE,"","North Campus",6c2573ce-592a-4519-989c-2fd21d6918b7,"W", 11/05/2025 08:30:00 AM,"(UTC-07:00) Arizona",,,4349795.5,4307578,4411141.5,
PNTM9M2jMkKm3GLHpLiq3J4gE,"","North Campus",6c2573ce-592a-4519-989c-2fd21d6918b7,"W", 11/05/2025 08:45:00 AM,"(UTC-07:00) Arizona",,,4386616.75,4360941.5,4412292,
PNTM9M2jMkKm3GLHpLiq3J4gE,"","North Campus",6c2573ce-592a-4519-989c-2fd21d6918b7,"W", 11/05/2025 09:00:00 AM,"(UTC-07:00) Arizona",,,4489628.5,4422849,4556408,
PNTM9M2jMkKm3GLHpLiq3J4gE,"","North Campus",6c2573ce-592a-4519-989c-2fd21d6918b7,"W", 11/05/2025 09:15:00 AM,"(UTC-07:00) Arizona",,,4526035.75,4498302.5,4553769,
PNTM9M2jMkKm3GLHpLiq3J4gE,"","North Campus",6c2573ce-592a-4519-989c-2fd21d6918b7,"W", 11/05/2025 09:30:00 AM,"(UTC-07:00) Arizona",,,4553307.75,4526774.5,4579841,
PNTM9M2jMkKm3GLHpLiq3J4gE,"","North Campus",6c2573ce-592a-4519-989c-2fd21d6918b7,"W", 11/05/2025 09:45:00 AM,"(UTC-07:00) Arizona",,,4550282.75,4514727.5,4585838,
PNTM9M2jMkKm3GLHpLiq3J4gE,"","North Campus",6c2573ce-592a-4519-989c-2fd21d6918b7,"W", 11/05/2025 10:00:00 AM,"(UTC-07:00) Arizona",,,4585429.5,4563591.5,4607267.5,
PNTM9M2jMkKm3GLHpLiq3J4gE,"","North Campus",6c2573ce-592a-4519-989c-2fd21d6918b7,"W", 11/05/2025 10:15:00 AM,"(UTC-07:00) Arizona",,,4598288,4598288,4598288,
PNTM9M2jMkKm3GLHpLiq3J4gE,"","North Campus",6c2573ce-592a-4519-989c-2fd21d6918b7,"W", 11/05/2025 10:30:00 AM,"(UTC-07:00) Arizona",,,4630688.5,4607979,4675879,
PNTM9M2jMkKm3GLHpLiq3J4gE,"","North Campus",6c2573ce-592a-4519-989c-2fd21d6918b7,"W", 11/05/2025 10:45:00 AM,"(UTC-07:00) Arizona",,,4724285.5,4723553,4725018,
PNTM9M2jMkKm3GLHpLiq3J4gE,"","North Campus",6c2573ce-592a-4519-989c-2fd21d6918b7,"W", 11/05/2025 11:00:00 AM,"(UTC-07:00) Arizona",,,4749527,4749527,4749527,
PNTM9M2jMkKm3GLHpLiq3J4gE,"","North Campus",6c2573ce-592a-4519-989c-2fd21d6918b7,"W", 11/05/2025 11:15:00 AM,"(UTC-07:00) Arizona",,,4872149.166666667,4842581.5,4901729.5,
PNTM9M2jMkKm3GLHpLiq3J4gE,"","North Campus",6c2573ce-592a-4519-989c-2fd21d6918b7,"W", 11/05/2025 11:30:00 AM,"(UTC-07:00) Arizona",,,4808981,4808981,4808981,
PNTM9M2jMkKm3GLHpLiq3J4gE,"","North Campus",6c2573ce-592a-4519-989c-2fd21d6918b7,"W", 11/05/2025 11:45:00 AM,"(UTC-07:00) Arizona",,,4870519,4858298,4882740,
PNTM9M2jMkKm3GLHpLiq3J4gE,"","North Campus",6c2573ce-592a-4519-989c-2fd21d6918b7,"W", 11/05/2025 12:00:00 PM,"(UTC-07:00) Arizona",,,4863178.5,4841574.5,4884782.5,
PNTM9M2jMkKm3GLHpLiq3J4gE,"","North Campus",6c2573ce-592a-4519-989c-2fd21d6918b7,"W", 11/05/2025 12:15:00 PM,"(UTC-07:00) Arizona",,,4891424,4849513.5,4933334.5,
PNTM9M2jMkKm3GLHpLiq3J4gE,"","North Campus",6c2573ce-592a-4519-989c-2fd21d6918b7,"W", 11/05/2025 12:30:00 PM,"(UTC-07:00) Arizona",,,4879763.25,4830032,4929494.5,
PNTM9M2jMkKm3GLHpLiq3J4gE,"","North Campus",6c2573ce-592a-4519-989c-2fd21d6918b7,"W", 11/05/2025 12:45:00 PM,"(UTC-07:00) Arizona",,,4877166.75,4809017,4945316.5,
PNTM9M2jMkKm3GLHpLiq3J4gE,"","North Campus",6c2573ce-592a-4519-989c-2fd21d6918b7,"W", 11/05/2025 01:00:00 PM,"(UTC-07:00) Arizona",,,4909459.5,4872720.5,4946198.5,
PNTM9M2jMkKm3GLHpLiq3J4gE,"","North Campus",6c2573ce-592a-4519-989c-2fd21d6918b7,"W", 11/05/2025 01:15:00 PM,"(UTC-07:00) Arizona",,,4925325.25,4859679,4990971.5,
PNTM9M2jMkKm3GLHpLiq3J4gE,"","North Campus",6c2573ce-592a-4519-989c-2fd21d6918b7,"W", 11/05/2025 01:30:00 PM,"(UTC-07:00) Arizona",,,4990393.75,4944760,5036027.5,
PNTM9M2jMkKm3GLHpLiq3J4gE,"","North Campus",6c2573ce-592a-4519-989c-2fd21d6918b7,"W", 11/05/2025 01:45:00 PM,"(UTC-07:00) Arizona",,,4977028,4977028,4977028,
PNTM9M2jMkKm3GLHpLiq3J4gE,"","North Campus",6c2573ce-592a-4519-989c-2fd21d6918b7,"W", 11/05/2025 02:00:00 PM,"(UTC-07:00) Arizona",,,5041577.5,4993663.5,5111231,
PNTM9M2jMkKm3GLHpLiq3J4gE,"","North Campus",6c2573ce-592a-4519-989c-2fd21d6918b7,"W", 11/05/2025 02:15:00 PM,"(UTC-07:00) Arizona",,,5013398,5013398,5013398,
PNTM9M2jMkKm3GLHpLiq3J4gE,"","North Campus",6c2573ce-592a-4519-989c-2fd21d6918b7,"W", 11/05/2025 02:30:00 PM,"(UTC-07:00) Arizona",,,5008988.5,5008988.5,5008988.5,
PNTM9M2jMkKm3GLHpLiq3J4gE,"","North Campus",6c2573ce-592a-4519-989c-2fd21d6918b7,"W", 11/05/2025 02:45:00 PM,"(UTC-07:00) Arizona",,,5042059,4980676.5,5103441.5,
PNTM9M2jMkKm3GLHpLiq3J4gE,"","North Campus",6c2573ce-592a-4519-989c-2fd21d6918b7,"W", 11/05/2025 03:00:00 PM,"(UTC-07:00) Arizona",,,4999925.5,4931652,5068199,
PNTM9M2jMkKm3GLHpLiq3J4gE,"","North Campus",6c2573ce-592a-4519-989c-2fd21d6918b7,"W", 11/05/2025 03:15:00 PM,"(UTC-07:00) Arizona",,,4993516,4962806.5,5024225.5,
PNTM9M2jMkKm3GLHpLiq3J4gE,"","North Campus",6c2573ce-592a-4519-989c-2fd21d6918b7,"W", 11/05/2025 03:30:00 PM,"(UTC-07:00) Arizona",,,5000825.75,4982733,5018918.5,
PNTM9M2jMkKm3GLHpLiq3J4gE,"","North Campus",6c2573ce-592a-4519-989c-2fd21d6918b7,"W", 11/05/2025 03:45:00 PM,"(UTC-07:00) Arizona",,,5099455,5073264.5,5125645.5,
PNTM9M2jMkKm3GLHpLiq3J4gE,"","North Campus",6c2573ce-592a-4519-989c-2fd21d6918b7,"W", 11/05/2025 04:00:00 PM,"(UTC-07:00) Arizona",,,5053016.166666667,5010710.5,5076436,
PNTM9M2jMkKm3GLHpLiq3J4gE,"","North Campus",6c2573ce-592a-4519-989c-2fd21d6918b7,"W", 11/05/2025 04:15:00 PM,"(UTC-07:00) Arizona",,,5015862.5,5015862.5,5015862.5,
PNTM9M2jMkKm3GLHpLiq3J4gE,"","North Campus",6c2573ce-592a-4519-989c-2fd21d6918b7,"W", 11/05/2025 04:30:00 PM,"(UTC-07:00) Arizona",,,5071743.25,5020734,5122752.5,
PNTM9M2jMkKm3GLHpLiq3J4gE,"","North Campus",6c2573ce-592a-4519-989c-2fd21d6918b7,"W", 11/05/2025 04:45:00 PM,"(UTC-07:00) Arizona",,,5002148.25,4977372,5026924.5,
PNTM9M2jMkKm3GLHpLiq3J4gE,"","North Campus",6c2573ce-592a-4519-989c-2fd21d6918b7,"W", 11/05/2025 05:00:00 PM,"(UTC-07:00) Arizona",,,4935186.166666667,4910837.5,4953012.5,
PNTM9M2jMkKm3GLHpLiq3J4gE,"","North Campus",6c2573ce-592a-4519-989c-2fd21d6918b7,"W", 11/05/2025 05:15:00 PM,"(UTC-07:00) Arizona",,,4910802,4910802,4910802,
PNTM9M2jMkKm3GLHpLiq3J4gE,"","North Campus",6c2573ce-592a-4519-989c-2fd21d6918b7,"W", 11/05/2025 05:30:00 PM,"(UTC-07:00) Arizona",,,4897743.25,4876126,4919360.5,
PNTM9M2jMkKm3GLHpLiq3J4gE,"","North Campus",6c2573ce-592a-4519-989c-2fd21d6918b7,"W", 11/05/2025 05:45:00 PM,"(UTC-07:00) Arizona",,,4885660.5,4860993.5,4910327.5,
PNTM9M2jMkKm3GLHpLiq3J4gE,"","North Campus",6c2573ce-592a-4519-989c-2fd21d6918b7,"W", 11/05/2025 06:15:00 PM,"(UTC-07:00) Arizona",,,4687351,4671075.5,4716402,
PNTM9M2jMkKm3GLHpLiq3J4gE,"","North Campus",6c2573ce-592a-4519-989c-2fd21d6918b7,"W", 11/05/2025 06:30:00 PM,"(UTC-07:00) Arizona",,,4645849.5,4637328.5,4654370.5,
PNTM9M2jMkKm3GLHpLiq3J4gE,"","North Campus",6c2573ce-592a-4519-989c-2fd21d6918b7,"W", 11/05/2025 06:45:00 PM,"(UTC-07:00) Arizona",,,4672997,4672997,4672997,
PNTM9M2jMkKm3GLHpLiq3J4gE,"","North Campus",6c2573ce-592a-4519-989c-2fd21d6918b7,"W", 11/05/2025 07:00:00 PM,"(UTC-07:00) Arizona",,,4540523.75,4530394,4550653.5,
PNTM9M2jMkKm3GLHpLiq3J4gE,"","North Campus",6c2573ce-592a-4519-989c-2fd21d6918b7,"W", 11/05/2025 07:15:00 PM,"(UTC-07:00) Arizona",,,4428059,4428059,4428059,
PNTM9M2jMkKm3GLHpLiq3J4gE,"","North Campus",6c2573ce-592a-4519-989c-2fd21d6918b7,"W", 11/05/2025 07:30:00 PM,"(UTC-07:00) Arizona",,,4481385.25,4444885.5,4517885,
PNTM9M2jMkKm3GLHpLiq3J4gE,"","North Campus",6c2573ce-592a-4519-989c-2fd21d6918b7,"W", 11/05/2025 07:45:00 PM,"(UTC-07:00) Arizona",,,4336074,4312717.5,4359430.5,
PNTM9M2jMkKm3GLHpLiq3J4gE,"","North Campus",6c2573ce-592a-4519-989c-2fd21d6918b7,"W", 11/05/2025 08:00:00 PM,"(UTC-07:00) Arizona",,,4306648.5,4286645,4326652,
PNTM9M2jMkKm3GLHpLiq3J4gE,"","North Campus",6c2573ce-592a-4519-989c-2fd21d6918b7,"W", 11/05/2025 08:15:00 PM,"(UTC-07:00) Arizona",,,4254668.75,4244105.5,4265232,
PNTM9M2jMkKm3GLHpLiq3J4gE,"","North Campus",6c2573ce-592a-4519-989c-2fd21d6918b7,"W", 11/05/2025 08:30:00 PM,"(UTC-07:00) Arizona",,,4252042.75,4223200.5,4280885,
PNTM9M2jMkKm3GLHpLiq3J4gE,"","North Campus",6c2573ce-592a-4519-989c-2fd21d6918b7,"W", 11/05/2025 08:45:00 PM,"(UTC-07:00) Arizona",,,4200401,4200401,4200401,
PNTM9M2jMkKm3GLHpLiq3J4gE,"","North Campus",6c2573ce-592a-4519-989c-2fd21d6918b7,"W", 11/05/2025 09:00:00 PM,"(UTC-07:00) Arizona",,,4173429.966666667,4149139.5,4192634.2,
PNTM9M2jMkKm3GLHpLiq3J4gE,"","North Campus",6c2573ce-592a-4519-989c-2fd21d6918b7,"W", 11/05/2025 09:15:00 PM,"(UTC-07:00) Arizona",,,4143305,4143305,4143305,
PNTM9M2jMkKm3GLHpLiq3J4gE,"","North Campus",6c2573ce-592a-4519-989c-2fd21d6918b7,"W", 11/05/2025 09:30:00 PM,"(UTC-07:00) Arizona",,,4098447.5,4095466,4101429,
PNTM9M2jMkKm3GLHpLiq3J4gE,"","North Campus",6c2573ce-592a-4519-989c-2fd21d6918b7,"W", 11/05/2025 09:45:00 PM,"(UTC-07:00) Arizona",,,4053356.2,4053356.2,4053356.2,
PNTM9M2jMkKm3GLHpLiq3J4gE,"","North Campus",6c2573ce-592a-4519-989c-2fd21d6918b7,"W", 11/05/2025 10:00:00 PM,"(UTC-07:00) Arizona",,,3925383.4,3908475.5,3952123.5,
PNTM9M2jMkKm3GLHpLiq3J4gE,"","North Campus",6c2573ce-592a-4519-989c-2fd21d6918b7,"W", 11/05/2025 10:15:00 PM,"(UTC-07:00) Arizona",,,3860639.4,3856396,3864882.8,
PNTM9M2jMkKm3GLHpLiq3J4gE,"","North Campus",6c2573ce-592a-4519-989c-2fd21d6918b7,"W", 11/05/2025 10:30:00 PM,"(UTC-07:00) Arizona",,,3869542.2,3869542.2,3869542.2,
PNTM9M2jMkKm3GLHpLiq3J4gE,"","North Campus",6c2573ce-592a-4519-989c-2fd21d6918b7,"W", 11/05/2025 10:45:00 PM,"(UTC-07:00) Arizona",,,3816354.4,3791286,3841422.8,
PNTM9M2jMkKm3GLHpLiq3J4gE,"","North Campus",6c2573ce-592a-4519-989c-2fd21d6918b7,"W", 11/05/2025 11:00:00 PM,"(UTC-07:00) Arizona",,,3678998.5,3678998.5,3678998.5,
PNTM9M2jMkKm3GLHpLiq3J4gE,"","North Campus",6c2573ce-592a-4519-989c-2fd21d6918b7,"W", 11/05/2025 11:15:00 PM,"(UTC-07:00) Arizona",,,3686043,3672309.2,3699776.8,
PNTM9M2jMkKm3GLHpLiq3J4gE,"","North Campus",6c2573ce-592a-4519-989c-2fd21d6918b7,"W", 11/05/2025 11:30:00 PM,"(UTC-07:00) Arizona",,,3616893.6,3611920.2,3621867,
PNTM9M2jMkKm3GLHpLiq3J4gE,"","North Campus",6c2573ce-592a-4519-989c-2fd21d6918b7,"W", 11/05/2025 11:45:00 PM,"(UTC-07:00) Arizona",,,3583383,3575181,3594542.5,
PNTM9M2jMkKm3GLHpLiq3J4gE,"","North Campus",6c2573ce-592a-4519-989c-2fd21d6918b7,"W", 11/06/2025 12:00:00 AM,"(UTC-07:00) Arizona",,,3536015.1,3498579.2,3573451,
PNTM9M2jMkKm3GLHpLiq3J4gE,"","North Campus",6c2573ce-592a-4519-989c-2fd21d6918b7,"W", 11/06/2025 12:15:00 AM,"(UTC-07:00) Arizona",,,3517519.75,3507489.5,3527550,
PNTM9M2jMkKm3GLHpLiq3J4gE,"","North Campus",6c2573ce-592a-4519-989c-2fd21d6918b7,"W", 11/06/2025 12:30:00 AM,"(UTC-07:00) Arizona",,,3474195,3445053.2,3503336.8,
PNTM9M2jMkKm3GLHpLiq3J4gE,"","North Campus",6c2573ce-592a-4519-989c-2fd21d6918b7,"W", 11/06/2025 12:45:00 AM,"(UTC-07:00) Arizona",,,3438004.15,3424815.5,3451192.8,
PNTM9M2jMkKm3GLHpLiq3J4gE,"","North Campus",6c2573ce-592a-4519-989c-2fd21d6918b7,"W", 11/06/2025 01:00:00 AM,"(UTC-07:00) Arizona",,,3459655.2,3459655.2,3459655.2,
PNTM9M2jMkKm3GLHpLiq3J4gE,"","North Campus",6c2573ce-592a-4519-989c-2fd21d6918b7,"W", 11/06/2025 01:15:00 AM,"(UTC-07:00) Arizona",,,3391455,3391455,3391455,
PNTM9M2jMkKm3GLHpLiq3J4gE,"","North Campus",6c2573ce-592a-4519-989c-2fd21d6918b7,"W", 11/06/2025 01:30:00 AM,"(UTC-07:00) Arizona",,,3365217.65,3357913.8,3372521.5,
PNTM9M2jMkKm3GLHpLiq3J4gE,"","North Campus",6c2573ce-592a-4519-989c-2fd21d6918b7,"W", 11/06/2025 01:45:00 AM,"(UTC-07:00) Arizona",,,3357731.5,3354141,3361322,
PNTM9M2jMkKm3GLHpLiq3J4gE,"","North Campus",6c2573ce-592a-4519-989c-2fd21d6918b7,"W", 11/06/2025 02:00:00 AM,"(UTC-07:00) Arizona",,,3327164.5666666664,3308977.5,3346182,
PNTM9M2jMkKm3GLHpLiq3J4gE,"","North Campus",6c2573ce-592a-4519-989c-2fd21d6918b7,"W", 11/06/2025 02:15:00 AM,"(UTC-07:00) Arizona",,,3357286,3357286,3357286,
PNTM9M2jMkKm3GLHpLiq3J4gE,"","North Campus",6c2573ce-592a-4519-989c-2fd21d6918b7,"W", 11/06/2025 02:30:00 AM,"(UTC-07:00) Arizona",,,3384530.5,3384530.5,3384530.5,
PNTM9M2jMkKm3GLHpLiq3J4gE,"","North Campus",6c2573ce-592a-4519-989c-2fd21d6918b7,"W", 11/06/2025 02:45:00 AM,"(UTC-07:00) Arizona",,,3286688.6666666665,3270689,3303129.8,
PNTM9M2jMkKm3GLHpLiq3J4gE,"","North Campus",6c2573ce-592a-4519-989c-2fd21d6918b7,"W", 11/06/2025 03:00:00 AM,"(UTC-07:00) Arizona",,,3281761.25,3268147,3295375.5,
PNTM9M2jMkKm3GLHpLiq3J4gE,"","North Campus",6c2573ce-592a-4519-989c-2fd21d6918b7,"W", 11/06/2025 03:15:00 AM,"(UTC-07:00) Arizona",,,3297478.4,3296113,3298843.8,
PNTM9M2jMkKm3GLHpLiq3J4gE,"","North Campus",6c2573ce-592a-4519-989c-2fd21d6918b7,"W", 11/06/2025 03:30:00 AM,"(UTC-07:00) Arizona",,,3303196.3,3265846.8,3340545.8,
PNTM9M2jMkKm3GLHpLiq3J4gE,"","North Campus",6c2573ce-592a-4519-989c-2fd21d6918b7,"W", 11/06/2025 03:45:00 AM,"(UTC-07:00) Arizona",,,3256210.25,3248915.5,3263505,
PNTM9M2jMkKm3GLHpLiq3J4gE,"","North Campus",6c2573ce-592a-4519-989c-2fd21d6918b7,"W", 11/06/2025 04:00:00 AM,"(UTC-07:00) Arizona",,,3326630.5,3326630.5,3326630.5,
PNTM9M2jMkKm3GLHpLiq3J4gE,"","North Campus",6c2573ce-592a-4519-989c-2fd21d6918b7,"W", 11/06/2025 04:15:00 AM,"(UTC-07:00) Arizona",,,3347291.25,3317934.5,3376648,
PNTM9M2jMkKm3GLHpLiq3J4gE,"","North Campus",6c2573ce-592a-4519-989c-2fd21d6918b7,"W", 11/06/2025 04:30:00 AM,"(UTC-07:00) Arizona",,,3420723.35,3364865.2,3476581.5,
PNTM9M2jMkKm3GLHpLiq3J4gE,"","North Campus",6c2573ce-592a-4519-989c-2fd21d6918b7,"W", 11/06/2025 04:45:00 AM,"(UTC-07:00) Arizona",,,3451737.85,3439562.2,3463913.5,
PNTM9M2jMkKm3GLHpLiq3J4gE,"","North Campus",6c2573ce-592a-4519-989c-2fd21d6918b7,"W", 11/06/2025 05:00:00 AM,"(UTC-07:00) Arizona",,,3428186.75,3425015.5,3431358,
PNTM9M2jMkKm3GLHpLiq3J4gE,"","North Campus",6c2573ce-592a-4519-989c-2fd21d6918b7,"W", 11/06/2025 05:15:00 AM,"(UTC-07:00) Arizona",,,3446370.8,3446370.8,3446370.8,
PNTM9M2jMkKm3GLHpLiq3J4gE,"","North Campus",6c2573ce-592a-4519-989c-2fd21d6918b7,"W", 11/06/2025 05:30:00 AM,"(UTC-07:00) Arizona",,,3488548.6,3478379,3498718.2,
PNTM9M2jMkKm3GLHpLiq3J4gE,"","North Campus",6c2573ce-592a-4519-989c-2fd21d6918b7,"W", 11/06/2025 05:45:00 AM,"(UTC-07:00) Arizona",,,3533428.2,3533428.2,3533428.2,
PNTM9M2jMkKm3GLHpLiq3J4gE,"","North Campus",6c2573ce-592a-4519-989c-2fd21d6918b7,"W", 11/06/2025 06:00:00 AM,"(UTC-07:00) Arizona",,,3638310.766666667,3573349.5,3686751.8,
PNTM9M2jMkKm3GLHpLiq3J4gE,"","North Campus",6c2573ce-592a-4519-989c-2fd21d6918b7,"W", 11/06/2025 06:15:00 AM,"(UTC-07:00) Arizona",,,3700433,3700433,3700433,
PNTM9M2jMkKm3GLHpLiq3J4gE,"","North Campus",6c2573ce-592a-4519-989c-2fd21d6918b7,"W", 11/06/2025 06:30:00 AM,"(UTC-07:00) Arizona",,,3749146.1,3710125,3788167.2,
PNTM9M2jMkKm3GLHpLiq3J4gE,"","North Campus",6c2573ce-592a-4519-989c-2fd21d6918b7,"W", 11/06/2025 06:45:00 AM,"(UTC-07:00) Arizona",,,3774208.5,3748692.2,3799724.8,
PNTM9M2jMkKm3GLHpLiq3J4gE,"","North Campus",6c2573ce-592a-4519-989c-2fd21d6918b7,"W", 11/06/2025 07:00:00 AM,"(UTC-07:00) Arizona",,,3958410.8,3958410.8,3958410.8,
PNTM9M2jMkKm3GLHpLiq3J4gE,"","North Campus",6c2573ce-592a-4519-989c-2fd21d6918b7,"W", 11/06/2025 07:15:00 AM,"(UTC-07:00) Arizona",,,3980440.25,3970631,3990249.5,
PNTM9M2jMkKm3GLHpLiq3J4gE,"","North Campus",6c2573ce-592a-4519-989c-2fd21d6918b7,"W", 11/06/2025 07:30:00 AM,"(UTC-07:00) Arizona",,,4090224.6666666665,4066701.5,4126918,
PNTM9M2jMkKm3GLHpLiq3J4gE,"","North Campus",6c2573ce-592a-4519-989c-2fd21d6918b7,"W", 11/06/2025 07:45:00 AM,"(UTC-07:00) Arizona",,,4230538,4230538,4230538,
PNTM9M2jMkKm3GLHpLiq3J4gE,"","North Campus",6c2573ce-592a-4519-989c-2fd21d6918b7,"W", 11/06/2025 08:00:00 AM,"(UTC-07:00) Arizona",,,4218068.25,4181213.5,4254923,
PNTM9M2jMkKm3GLHpLiq3J4gE,"","North Campus",6c2573ce-592a-4519-989c-2fd21d6918b7,"W", 11/06/2025 08:15:00 AM,"(UTC-07:00) Arizona",,,4287922.25,4283629,4292215.5,
PNTM9M2jMkKm3GLHpLiq3J4gE,"","North Campus",6c2573ce-592a-4519-989c-2fd21d6918b7,"W", 11/06/2025 08:30:00 AM,"(UTC-07:00) Arizona",,,4556358.5,4556358.5,4556358.5,
PNTM9M2jMkKm3GLHpLiq3J4gE,"","North Campus",6c2573ce-592a-4519-989c-2fd21d6918b7,"W", 11/06/2025 08:45:00 AM,"(UTC-07:00) Arizona",,,4421157.666666667,4369078.5,4479221,
PNTM9M2jMkKm3GLHpLiq3J4gE,"","North Campus",6c2573ce-592a-4519-989c-2fd21d6918b7,"W", 11/06/2025 09:00:00 AM,"(UTC-07:00) Arizona",,,4423789.5,4423789.5,4423789.5,
PNTM9M2jMkKm3GLHpLiq3J4gE,"","North Campus",6c2573ce-592a-4519-989c-2fd21d6918b7,"W", 11/06/2025 09:15:00 AM,"(UTC-07:00) Arizona",,,4489028.75,4472546,4505511.5,
PNTM9M2jMkKm3GLHpLiq3J4gE,"","North Campus",6c2573ce-592a-4519-989c-2fd21d6918b7,"W", 11/06/2025 09:30:00 AM,"(UTC-07:00) Arizona",,,4583159.5,4544609,4621710,
PNTM9M2jMkKm3GLHpLiq3J4gE,"","North Campus",6c2573ce-592a-4519-989c-2fd21d6918b7,"W", 11/06/2025 09:45:00 AM,"(UTC-07:00) Arizona",,,4616157,4616157,4616157,
PNTM9M2jMkKm3GLHpLiq3J4gE,"","North Campus",6c2573ce-592a-4519-989c-2fd21d6918b7,"W", 11/06/2025 10:00:00 AM,"(UTC-07:00) Arizona",,,4550481.25,4539508.5,4561454,
PNTM9M2jMkKm3GLHpLiq3J4gE,"","North Campus",6c2573ce-592a-4519-989c-2fd21d6918b7,"W", 11/06/2025 10:15:00 AM,"(UTC-07:00) Arizona",,,4599709,4599709,4599709,
PNTM9M2jMkKm3GLHpLiq3J4gE,"","North Campus",6c2573ce-592a-4519-989c-2fd21d6918b7,"W", 11/06/2025 10:30:00 AM,"(UTC-07:00) Arizona",,,4666885,4650333,4683437,
PNTM9M2jMkKm3GLHpLiq3J4gE,"","North Campus",6c2573ce-592a-4519-989c-2fd21d6918b7,"W", 11/06/2025 10:45:00 AM,"(UTC-07:00) Arizona",,,4694787.5,4633964,4755611,
PNTM9M2jMkKm3GLHpLiq3J4gE,"","North Campus",6c2573ce-592a-4519-989c-2fd21d6918b7,"W", 11/06/2025 11:00:00 AM,"(UTC-07:00) Arizona",,,4747609.166666667,4690105,4792078,
PNTM9M2jMkKm3GLHpLiq3J4gE,"","North Campus",6c2573ce-592a-4519-989c-2fd21d6918b7,"W", 11/06/2025 11:15:00 AM,"(UTC-07:00) Arizona",,,4765298.75,4696121,4834476.5,
PNTM9M2jMkKm3GLHpLiq3J4gE,"","North Campus",6c2573ce-592a-4519-989c-2fd21d6918b7,"W", 11/06/2025 11:30:00 AM,"(UTC-07:00) Arizona",,,4710000,4699701,4720299,
PNTM9M2jMkKm3GLHpLiq3J4gE,"","North Campus",6c2573ce-592a-4519-989c-2fd21d6918b7,"W", 11/06/2025 11:45:00 AM,"(UTC-07:00) Arizona",,,4886088.75,4786135.5,4986042,
PNTM9M2jMkKm3GLHpLiq3J4gE,"","North Campus",6c2573ce-592a-4519-989c-2fd21d6918b7,"W", 11/06/2025 12:00:00 PM,"(UTC-07:00) Arizona",,,4897926.5,4800354,4995538,
PNTM9M2jMkKm3GLHpLiq3J4gE,"","North Campus",6c2573ce-592a-4519-989c-2fd21d6918b7,"W", 11/06/2025 12:15:00 PM,"(UTC-07:00) Arizona",,,4892870.5,4889182.5,4896558.5,
PNTM9M2jMkKm3GLHpLiq3J4gE,"","North Campus",6c2573ce-592a-4519-989c-2fd21d6918b7,"W", 11/06/2025 12:30:00 PM,"(UTC-07:00) Arizona",,,4884083.5,4851423.5,4916743.5,
PNTM9M2jMkKm3GLHpLiq3J4gE,"","North Campus",6c2573ce-592a-4519-989c-2fd21d6918b7,"W", 11/06/2025 12:45:00 PM,"(UTC-07:00) Arizona",,,4925369.25,4901041.5,4949697,
PNTM9M2jMkKm3GLHpLiq3J4gE,"","North Campus",6c2573ce-592a-4519-989c-2fd21d6918b7,"W", 11/06/2025 01:00:00 PM,"(UTC-07:00) Arizona",,,4849150,4832384.5,4865915.5,
PNTM9M2jMkKm3GLHpLiq3J4gE,"","North Campus",6c2573ce-592a-4519-989c-2fd21d6918b7,"W", 11/06/2025 01:15:00 PM,"(UTC-07:00) Arizona",,,4966069.5,4966069.5,4966069.5,
PNTM9M2jMkKm3GLHpLiq3J4gE,"","North Campus",6c2573ce-592a-4519-989c-2fd21d6918b7,"W", 11/06/2025 01:30:00 PM,"(UTC-07:00) Arizona",,,4989670.666666667,4950903,5022400.5,
PNTM9M2jMkKm3GLHpLiq3J4gE,"","North Campus",6c2573ce-592a-4519-989c-2fd21d6918b7,"W", 11/06/2025 01:45:00 PM,"(UTC-07:00) Arizona",,,4986130.75,4924136.5,5048125,
PNTM9M2jMkKm3GLHpLiq3J4gE,"","North Campus",6c2573ce-592a-4519-989c-2fd21d6918b7,"W", 11/06/2025 02:00:00 PM,"(UTC-07:00) Arizona",,,4998047.25,4949999,5046095.5,
PNTM9M2jMkKm3GLHpLiq3J4gE,"","North Campus",6c2573ce-592a-4519-989c-2fd21d6918b7,"W", 11/06/2025 02:15:00 PM,"(UTC-07:00) Arizona",,,5068226.25,5027444.5,5109008,
PNTM9M2jMkKm3GLHpLiq3J4gE,"","North Campus",6c2573ce-592a-4519-989c-2fd21d6918b7,"W", 11/06/2025 02:30:00 PM,"(UTC-07:00) Arizona",,,5030667,5000506,5060828,
PNTM9M2jMkKm3GLHpLiq3J4gE,"","North Campus",6c2573ce-592a-4519-989c-2fd21d6918b7,"W", 11/06/2025 02:45:00 PM,"(UTC-07:00) Arizona",,,5081564,5069672,5093456,
PNTM9M2jMkKm3GLHpLiq3J4gE,"","North Campus",6c2573ce-592a-4519-989c-2fd21d6918b7,"W", 11/06/2025 03:00:00 PM,"(UTC-07:00) Arizona",,,5064186,5033271,5080526.5,
PNTM9M2jMkKm3GLHpLiq3J4gE,"","North Campus",6c2573ce-592a-4519-989c-2fd21d6918b7,"W", 11/06/2025 03:15:00 PM,"(UTC-07:00) Arizona",,,5154190.75,5149554,5158827.5,
PNTM9M2jMkKm3GLHpLiq3J4gE,"","North Campus",6c2573ce-592a-4519-989c-2fd21d6918b7,"W", 11/06/2025 03:30:00 PM,"(UTC-07:00) Arizona",,,5107617.5,5083993,5131242,
PNTM9M2jMkKm3GLHpLiq3J4gE,"","North Campus",6c2573ce-592a-4519-989c-2fd21d6918b7,"W", 11/06/2025 03:45:00 PM,"(UTC-07:00) Arizona",,,5200741.75,5188992.5,5212491,
PNTM9M2jMkKm3GLHpLiq3J4gE,"","North Campus",6c2573ce-592a-4519-989c-2fd21d6918b7,"W", 11/06/2025 04:00:00 PM,"(UTC-07:00) Arizona",,,5231070,5229596,5232544,
PNTM9M2jMkKm3GLHpLiq3J4gE,"","North Campus",6c2573ce-592a-4519-989c-2fd21d6918b7,"W", 11/06/2025 04:15:00 PM,"(UTC-07:00) Arizona",,,5172599.5,5159883,5185316,
PNTM9M2jMkKm3GLHpLiq3J4gE,"","North Campus",6c2573ce-592a-4519-989c-2fd21d6918b7,"W", 11/06/2025 04:30:00 PM,"(UTC-07:00) Arizona",,,5106480.25,5094530,5118430.5,
PNTM9M2jMkKm3GLHpLiq3J4gE,"","North Campus",6c2573ce-592a-4519-989c-2fd21d6918b7,"W", 11/06/2025 04:45:00 PM,"(UTC-07:00) Arizona",,,5152945.5,5142354.5,5163536.5,
PNTM9M2jMkKm3GLHpLiq3J4gE,"","North Campus",6c2573ce-592a-4519-989c-2fd21d6918b7,"W", 11/06/2025 05:00:00 PM,"(UTC-07:00) Arizona",,,5032829.75,5026860.5,5038799,
PNTM9M2jMkKm3GLHpLiq3J4gE,"","North Campus",6c2573ce-592a-4519-989c-2fd21d6918b7,"W", 11/06/2025 05:15:00 PM,"(UTC-07:00) Arizona",,,4965290,4957115.5,4973464.5,
PNTM9M2jMkKm3GLHpLiq3J4gE,"","North Campus",6c2573ce-592a-4519-989c-2fd21d6918b7,"W", 11/06/2025 05:30:00 PM,"(UTC-07:00) Arizona",,,4929244.666666667,4897966,4956811,
PNTM9M2jMkKm3GLHpLiq3J4gE,"","North Campus",6c2573ce-592a-4519-989c-2fd21d6918b7,"W", 11/06/2025 05:45:00 PM,"(UTC-07:00) Arizona",,,4933592.5,4882588.5,4984596.5,
PNTM9M2jMkKm3GLHpLiq3J4gE,"","North Campus",6c2573ce-592a-4519-989c-2fd21d6918b7,"W", 11/06/2025 06:00:00 PM,"(UTC-07:00) Arizona",,,4794520,4748951,4840089,
PNTM9M2jMkKm3GLHpLiq3J4gE,"","North Campus",6c2573ce-592a-4519-989c-2fd21d6918b7,"W", 11/06/2025 06:15:00 PM,"(UTC-07:00) Arizona",,,4708789,4674550.5,4762368,
PNTM9M2jMkKm3GLHpLiq3J4gE,"","North Campus",6c2573ce-592a-4519-989c-2fd21d6918b7,"W", 11/06/2025 06:30:00 PM,"(UTC-07:00) Arizona",,,4648471.5,4623949,4664605,
PNTM9M2jMkKm3GLHpLiq3J4gE,"","North Campus",6c2573ce-592a-4519-989c-2fd21d6918b7,"W", 11/06/2025 06:45:00 PM,"(UTC-07:00) Arizona",,,4589806.5,4587499,4592114,
PNTM9M2jMkKm3GLHpLiq3J4gE,"","North Campus",6c2573ce-592a-4519-989c-2fd21d6918b7,"W", 11/06/2025 07:00:00 PM,"(UTC-07:00) Arizona",,,4541729.75,4536357.5,4547102,
PNTM9M2jMkKm3GLHpLiq3J4gE,"","North Campus",6c2573ce-592a-4519-989c-2fd21d6918b7,"W", 11/06/2025 07:15:00 PM,"(UTC-07:00) Arizona",,,4424376.5,4408604,4452223.5,
PNTM9M2jMkKm3GLHpLiq3J4gE,"","North Campus",6c2573ce-592a-4519-989c-2fd21d6918b7,"W", 11/06/2025 07:30:00 PM,"(UTC-07:00) Arizona",,,4436309,4373252.5,4499365.5,
PNTM9M2jMkKm3GLHpLiq3J4gE,"","North Campus",6c2573ce-592a-4519-989c-2fd21d6918b7,"W", 11/06/2025 07:45:00 PM,"(UTC-07:00) Arizona",,,4401991.25,4387058,4416924.5,
PNTM9M2jMkKm3GLHpLiq3J4gE,"","North Campus",6c2573ce-592a-4519-989c-2fd21d6918b7,"W", 11/06/2025 08:00:00 PM,"(UTC-07:00) Arizona",,,4325902,4294895.5,4356908.5,
PNTM9M2jMkKm3GLHpLiq3J4gE,"","North Campus",6c2573ce-592a-4519-989c-2fd21d6918b7,"W", 11/06/2025 08:15:00 PM,"(UTC-07:00) Arizona",,,4264572.5,4256501.5,4272643.5,
PNTM9M2jMkKm3GLHpLiq3J4gE,"","North Campus",6c2573ce-592a-4519-989c-2fd21d6918b7,"W", 11/06/2025 08:30:00 PM,"(UTC-07:00) Arizona",,,4248988.5,4245727.5,4252249.5,
PNTM9M2jMkKm3GLHpLiq3J4gE,"","North Campus",6c2573ce-592a-4519-989c-2fd21d6918b7,"W", 11/06/2025 08:45:00 PM,"(UTC-07:00) Arizona",,,4129038.3333333335,4120184.8,4135692.2,
PNTM9M2jMkKm3GLHpLiq3J4gE,"","North Campus",6c2573ce-592a-4519-989c-2fd21d6918b7,"W", 11/06/2025 09:00:00 PM,"(UTC-07:00) Arizona",,,4067665.25,4023978.5,4111352,
PNTM9M2jMkKm3GLHpLiq3J4gE,"","North Campus",6c2573ce-592a-4519-989c-2fd21d6918b7,"W", 11/06/2025 09:15:00 PM,"(UTC-07:00) Arizona",,,4083825.5,4083825.5,4083825.5,
PNTM9M2jMkKm3GLHpLiq3J4gE,"","North Campus",6c2573ce-592a-4519-989c-2fd21d6918b7,"W", 11/06/2025 09:30:00 PM,"(UTC-07:00) Arizona",,,4062945,4024640,4101250,
PNTM9M2jMkKm3GLHpLiq3J4gE,"","North Campus",6c2573ce-592a-4519-989c-2fd21d6918b7,"W", 11/06/2025 09:45:00 PM,"(UTC-07:00) Arizona",,,3993637.5,3987692.2,3999582.8,
PNTM9M2jMkKm3GLHpLiq3J4gE,"","North Campus",6c2573ce-592a-4519-989c-2fd21d6918b7,"W", 11/06/2025 10:00:00 PM,"(UTC-07:00) Arizona",,,3875498.25,3868348,3882648.5,
PNTM9M2jMkKm3GLHpLiq3J4gE,"","North Campus",6c2573ce-592a-4519-989c-2fd21d6918b7,"W", 11/06/2025 10:15:00 PM,"(UTC-07:00) Arizona",,,3837996.233333333,3801785,3865436.5,
PNTM9M2jMkKm3GLHpLiq3J4gE,"","North Campus",6c2573ce-592a-4519-989c-2fd21d6918b7,"W", 11/06/2025 10:30:00 PM,"(UTC-07:00) Arizona",,,3816433.1,3807598.2,3825268,
PNTM9M2jMkKm3GLHpLiq3J4gE,"","North Campus",6c2573ce-592a-4519-989c-2fd21d6918b7,"W", 11/06/2025 10:45:00 PM,"(UTC-07:00) Arizona",,,3830180.25,3815069.5,3845291,
PNTM9M2jMkKm3GLHpLiq3J4gE,"","North Campus",6c2573ce-592a-4519-989c-2fd21d6918b7,"W", 11/06/2025 11:00:00 PM,"(UTC-07:00) Arizona",,,3630295.2,3630295.2,3630295.2,
PNTM9M2jMkKm3GLHpLiq3J4gE,"","North Campus",6c2573ce-592a-4519-989c-2fd21d6918b7,"W", 11/06/2025 11:15:00 PM,"(UTC-07:00) Arizona",,,3623713.85,3614955.5,3632472.2,
PNTM9M2jMkKm3GLHpLiq3J4gE,"","North Campus",6c2573ce-592a-4519-989c-2fd21d6918b7,"W", 11/06/2025 11:30:00 PM,"(UTC-07:00) Arizona",,,3530747.65,3517736.8,3543758.5,
PNTM9M2jMkKm3GLHpLiq3J4gE,"","North Campus",6c2573ce-592a-4519-989c-2fd21d6918b7,"W", 11/06/2025 11:45:00 PM,"(UTC-07:00) Arizona",,,3547686.733333333,3529797.5,3572696.2,
PNTM9M2jMkKm3GLHpLiq3J4gE,"","North Campus",6c2573ce-592a-4519-989c-2fd21d6918b7,"W", 11/07/2025 12:00:00 AM,"(UTC-07:00) Arizona",,,3567125.8,3567125.8,3567125.8,
PNTM9M2jMkKm3GLHpLiq3J4gE,"","North Campus",6c2573ce-592a-4519-989c-2fd21d6918b7,"W", 11/07/2025 12:15:00 AM,"(UTC-07:00) Arizona",,,3478996.9333333336,3410120.8,3519498.8,
PNTM9M2jMkKm3GLHpLiq3J4gE,"","North Campus",6c2573ce-592a-4519-989c-2fd21d6918b7,"W", 11/07/2025 12:30:00 AM,"(UTC-07:00) Arizona",,,3455997.6,3433347,3478648.2,
PNTM9M2jMkKm3GLHpLiq3J4gE,"","North Campus",6c2573ce-592a-4519-989c-2fd21d6918b7,"W", 11/07/2025 12:45:00 AM,"(UTC-07:00) Arizona",,,3433233.8,3433233.8,3433233.8,
PNTM9M2jMkKm3GLHpLiq3J4gE,"","North Campus",6c2573ce-592a-4519-989c-2fd21d6918b7,"W", 11/07/2025 01:00:00 AM,"(UTC-07:00) Arizona",,,3410526.8,3392759.8,3428293.8,
PNTM9M2jMkKm3GLHpLiq3J4gE,"","North Campus",6c2573ce-592a-4519-989c-2fd21d6918b7,"W", 11/07/2025 01:15:00 AM,"(UTC-07:00) Arizona",,,3378446.1,3351171.5,3403207.8,
PNTM9M2jMkKm3GLHpLiq3J4gE,"","North Campus",6c2573ce-592a-4519-989c-2fd21d6918b7,"W", 11/07/2025 01:30:00 AM,"(UTC-07:00) Arizona",,,3380995,3349807.2,3412182.8,
PNTM9M2jMkKm3GLHpLiq3J4gE,"","North Campus",6c2573ce-592a-4519-989c-2fd21d6918b7,"W", 11/07/2025 01:45:00 AM,"(UTC-07:00) Arizona",,,3373896.75,3352620.5,3395173,
PNTM9M2jMkKm3GLHpLiq3J4gE,"","North Campus",6c2573ce-592a-4519-989c-2fd21d6918b7,"W", 11/07/2025 02:00:00 AM,"(UTC-07:00) Arizona",,,3320417.35,3312069.5,3328765.2,
PNTM9M2jMkKm3GLHpLiq3J4gE,"","North Campus",6c2573ce-592a-4519-989c-2fd21d6918b7,"W", 11/07/2025 02:15:00 AM,"(UTC-07:00) Arizona",,,3325264.25,3306495,3344033.5,
PNTM9M2jMkKm3GLHpLiq3J4gE,"","North Campus",6c2573ce-592a-4519-989c-2fd21d6918b7,"W", 11/07/2025 02:30:00 AM,"(UTC-07:00) Arizona",,,3317971.9,3301257.8,3334686,
PNTM9M2jMkKm3GLHpLiq3J4gE,"","North Campus",6c2573ce-592a-4519-989c-2fd21d6918b7,"W", 11/07/2025 02:45:00 AM,"(UTC-07:00) Arizona",,,3330660.9,3328890,3332431.8,
PNTM9M2jMkKm3GLHpLiq3J4gE,"","North Campus",6c2573ce-592a-4519-989c-2fd21d6918b7,"W", 11/07/2025 03:00:00 AM,"(UTC-07:00) Arizona",,,3314707,3305880.2,3323533.8,
PNTM9M2jMkKm3GLHpLiq3J4gE,"","North Campus",6c2573ce-592a-4519-989c-2fd21d6918b7,"W", 11/07/2025 03:15:00 AM,"(UTC-07:00) Arizona",,,3302581.3666666667,3260581.5,3358385.8,
PNTM9M2jMkKm3GLHpLiq3J4gE,"","North Campus",6c2573ce-592a-4519-989c-2fd21d6918b7,"W", 11/07/2025 03:30:00 AM,"(UTC-07:00) Arizona",,,3296846.8,3296846.8,3296846.8,
PNTM9M2jMkKm3GLHpLiq3J4gE,"","North Campus",6c2573ce-592a-4519-989c-2fd21d6918b7,"W", 11/07/2025 03:45:00 AM,"(UTC-07:00) Arizona",,,3344505.5,3336964.5,3348592.5,
PNTM9M2jMkKm3GLHpLiq3J4gE,"","North Campus",6c2573ce-592a-4519-989c-2fd21d6918b7,"W", 11/07/2025 04:00:00 AM,"(UTC-07:00) Arizona",,,3363654.4,3361235,3366073.8,
PNTM9M2jMkKm3GLHpLiq3J4gE,"","North Campus",6c2573ce-592a-4519-989c-2fd21d6918b7,"W", 11/07/2025 04:15:00 AM,"(UTC-07:00) Arizona",,,3384448.75,3368340.5,3400557,
PNTM9M2jMkKm3GLHpLiq3J4gE,"","North Campus",6c2573ce-592a-4519-989c-2fd21d6918b7,"W", 11/07/2025 04:30:00 AM,"(UTC-07:00) Arizona",,,3433133.0666666664,3412957.2,3449971.2,
PNTM9M2jMkKm3GLHpLiq3J4gE,"","North Campus",6c2573ce-592a-4519-989c-2fd21d6918b7,"W", 11/07/2025 04:45:00 AM,"(UTC-07:00) Arizona",,,3443454,3427514.2,3459393.8,
PNTM9M2jMkKm3GLHpLiq3J4gE,"","North Campus",6c2573ce-592a-4519-989c-2fd21d6918b7,"W", 11/07/2025 05:00:00 AM,"(UTC-07:00) Arizona",,,3473068.25,3442185,3503951.5,
PNTM9M2jMkKm3GLHpLiq3J4gE,"","North Campus",6c2573ce-592a-4519-989c-2fd21d6918b7,"W", 11/07/2025 05:15:00 AM,"(UTC-07:00) Arizona",,,3465802,3454488,3477116,
PNTM9M2jMkKm3GLHpLiq3J4gE,"","North Campus",6c2573ce-592a-4519-989c-2fd21d6918b7,"W", 11/07/2025 05:30:00 AM,"(UTC-07:00) Arizona",,,3496465,3495683.5,3497246.5,
PNTM9M2jMkKm3GLHpLiq3J4gE,"","North Campus",6c2573ce-592a-4519-989c-2fd21d6918b7,"W", 11/07/2025 05:45:00 AM,"(UTC-07:00) Arizona",,,3508397.25,3470331.5,3546463,
PNTM9M2jMkKm3GLHpLiq3J4gE,"","North Campus",6c2573ce-592a-4519-989c-2fd21d6918b7,"W", 11/07/2025 06:00:00 AM,"(UTC-07:00) Arizona",,,3689547.9,3688105.8,3690990,
PNTM9M2jMkKm3GLHpLiq3J4gE,"","North Campus",6c2573ce-592a-4519-989c-2fd21d6918b7,"W", 11/07/2025 06:15:00 AM,"(UTC-07:00) Arizona",,,3736739.4333333336,3718835,3755782.5,
PNTM9M2jMkKm3GLHpLiq3J4gE,"","North Campus",6c2573ce-592a-4519-989c-2fd21d6918b7,"W", 11/07/2025 06:30:00 AM,"(UTC-07:00) Arizona",,,3786841.25,3786285,3787397.5,
PNTM9M2jMkKm3GLHpLiq3J4gE,"","North Campus",6c2573ce-592a-4519-989c-2fd21d6918b7,"W", 11/07/2025 06:45:00 AM,"(UTC-07:00) Arizona",,,3770193.3000000003,3730162.2,3818558.2,
PNTM9M2jMkKm3GLHpLiq3J4gE,"","North Campus",6c2573ce-592a-4519-989c-2fd21d6918b7,"W", 11/07/2025 07:00:00 AM,"(UTC-07:00) Arizona",,,3914110.5,3906401.8,3923487.2,
PNTM9M2jMkKm3GLHpLiq3J4gE,"","North Campus",6c2573ce-592a-4519-989c-2fd21d6918b7,"W", 11/07/2025 07:15:00 AM,"(UTC-07:00) Arizona",,,3938608.75,3924921,3952296.5,
PNTM9M2jMkKm3GLHpLiq3J4gE,"","North Campus",6c2573ce-592a-4519-989c-2fd21d6918b7,"W", 11/07/2025 07:30:00 AM,"(UTC-07:00) Arizona",,,3958826.8,3958826.8,3958826.8,
PNTM9M2jMkKm3GLHpLiq3J4gE,"","North Campus",6c2573ce-592a-4519-989c-2fd21d6918b7,"W", 11/07/2025 07:45:00 AM,"(UTC-07:00) Arizona",,,4032660,4003620.2,4061699.8,
PNTM9M2jMkKm3GLHpLiq3J4gE,"","North Campus",6c2573ce-592a-4519-989c-2fd21d6918b7,"W", 11/07/2025 08:00:00 AM,"(UTC-07:00) Arizona",,,4257289.5,4257289.5,4257289.5,
PNTM9M2jMkKm3GLHpLiq3J4gE,"","North Campus",6c2573ce-592a-4519-989c-2fd21d6918b7,"W", 11/07/2025 08:15:00 AM,"(UTC-07:00) Arizona",,,4226617.5,4226617.5,4226617.5,
PNTM9M2jMkKm3GLHpLiq3J4gE,"","North Campus",6c2573ce-592a-4519-989c-2fd21d6918b7,"W", 11/07/2025 08:30:00 AM,"(UTC-07:00) Arizona",,,4253613,4209143.5,4314265,
PNTM9M2jMkKm3GLHpLiq3J4gE,"","North Campus",6c2573ce-592a-4519-989c-2fd21d6918b7,"W", 11/07/2025 08:45:00 AM,"(UTC-07:00) Arizona",,,4313914,4313914,4313914,
PNTM9M2jMkKm3GLHpLiq3J4gE,"","North Campus",6c2573ce-592a-4519-989c-2fd21d6918b7,"W", 11/07/2025 09:00:00 AM,"(UTC-07:00) Arizona",,,4340204.75,4279515,4400894.5,
PNTM9M2jMkKm3GLHpLiq3J4gE,"","North Campus",6c2573ce-592a-4519-989c-2fd21d6918b7,"W", 11/07/2025 09:15:00 AM,"(UTC-07:00) Arizona",,,4415476.5,4406807,4424146,
PNTM9M2jMkKm3GLHpLiq3J4gE,"","North Campus",6c2573ce-592a-4519-989c-2fd21d6918b7,"W", 11/07/2025 09:30:00 AM,"(UTC-07:00) Arizona",,,4349937.666666667,4306942,4380640.5,
PNTM9M2jMkKm3GLHpLiq3J4gE,"","North Campus",6c2573ce-592a-4519-989c-2fd21d6918b7,"W", 11/07/2025 09:45:00 AM,"(UTC-07:00) Arizona",,,4398446.5,4398446.5,4398446.5,
PNTM9M2jMkKm3GLHpLiq3J4gE,"","North Campus",6c2573ce-592a-4519-989c-2fd21d6918b7,"W", 11/07/2025 10:00:00 AM,"(UTC-07:00) Arizona",,,4391271.25,4389272.5,4393270,
PNTM9M2jMkKm3GLHpLiq3J4gE,"","North Campus",6c2573ce-592a-4519-989c-2fd21d6918b7,"W", 11/07/2025 10:15:00 AM,"(UTC-07:00) Arizona",,,4442583,4424210,4460956,
PNTM9M2jMkKm3GLHpLiq3J4gE,"","North Campus",6c2573ce-592a-4519-989c-2fd21d6918b7,"W", 11/07/2025 10:30:00 AM,"(UTC-07:00) Arizona",,,4530240,4509053,4551427,
PNTM9M2jMkKm3GLHpLiq3J4gE,"","North Campus",6c2573ce-592a-4519-989c-2fd21d6918b7,"W", 11/07/2025 10:45:00 AM,"(UTC-07:00) Arizona",,,4537971.833333333,4498569,4590088,
PNTM9M2jMkKm3GLHpLiq3J4gE,"","North Campus",6c2573ce-592a-4519-989c-2fd21d6918b7,"W", 11/07/2025 11:00:00 AM,"(UTC-07:00) Arizona",,,4684791.5,4684791.5,4684791.5,
PNTM9M2jMkKm3GLHpLiq3J4gE,"","North Campus",6c2573ce-592a-4519-989c-2fd21d6918b7,"W", 11/07/2025 11:15:00 AM,"(UTC-07:00) Arizona",,,4681454.5,4677867,4685042,
PNTM9M2jMkKm3GLHpLiq3J4gE,"","North Campus",6c2573ce-592a-4519-989c-2fd21d6918b7,"W", 11/07/2025 11:30:00 AM,"(UTC-07:00) Arizona",,,4711511.166666667,4625153.5,4765363.5,
PNTM9M2jMkKm3GLHpLiq3J4gE,"","North Campus",6c2573ce-592a-4519-989c-2fd21d6918b7,"W", 11/07/2025 11:45:00 AM,"(UTC-07:00) Arizona",,,4709930.5,4700394.5,4719466.5,
PNTM9M2jMkKm3GLHpLiq3J4gE,"","North Campus",6c2573ce-592a-4519-989c-2fd21d6918b7,"W", 11/07/2025 12:00:00 PM,"(UTC-07:00) Arizona",,,4776699.5,4693627.5,4820497,
PNTM9M2jMkKm3GLHpLiq3J4gE,"","North Campus",6c2573ce-592a-4519-989c-2fd21d6918b7,"W", 11/07/2025 12:15:00 PM,"(UTC-07:00) Arizona",,,4734799.333333333,4712694,4777690.5,
PNTM9M2jMkKm3GLHpLiq3J4gE,"","North Campus",6c2573ce-592a-4519-989c-2fd21d6918b7,"W", 11/07/2025 12:30:00 PM,"(UTC-07:00) Arizona",,,4744052.666666667,4701291.5,4812945.5,
PNTM9M2jMkKm3GLHpLiq3J4gE,"","North Campus",6c2573ce-592a-4519-989c-2fd21d6918b7,"W", 11/07/2025 12:45:00 PM,"(UTC-07:00) Arizona",,,4796006.333333333,4768042,4843953.5,
PNTM9M2jMkKm3GLHpLiq3J4gE,"","North Campus",6c2573ce-592a-4519-989c-2fd21d6918b7,"W", 11/07/2025 01:00:00 PM,"(UTC-07:00) Arizona",,,4806292.5,4806292.5,4806292.5,
PNTM9M2jMkKm3GLHpLiq3J4gE,"","North Campus",6c2573ce-592a-4519-989c-2fd21d6918b7,"W", 11/07/2025 01:15:00 PM,"(UTC-07:00) Arizona",,,4757587.25,4749521.5,4765653,
PNTM9M2jMkKm3GLHpLiq3J4gE,"","North Campus",6c2573ce-592a-4519-989c-2fd21d6918b7,"W", 11/07/2025 01:30:00 PM,"(UTC-07:00) Arizona",,,4872370,4872370,4872370,
PNTM9M2jMkKm3GLHpLiq3J4gE,"","North Campus",6c2573ce-592a-4519-989c-2fd21d6918b7,"W", 11/07/2025 01:45:00 PM,"(UTC-07:00) Arizona",,,4961717.25,4930232,4993202.5,
PNTM9M2jMkKm3GLHpLiq3J4gE,"","North Campus",6c2573ce-592a-4519-989c-2fd21d6918b7,"W", 11/07/2025 02:00:00 PM,"(UTC-07:00) Arizona",,,4893694.5,4833497.5,4952631.5,
PNTM9M2jMkKm3GLHpLiq3J4gE,"","North Campus",6c2573ce-592a-4519-989c-2fd21d6918b7,"W", 11/07/2025 02:15:00 PM,"(UTC-07:00) Arizona",,,4915711.25,4890509.5,4940913,
PNTM9M2jMkKm3GLHpLiq3J4gE,"","North Campus",6c2573ce-592a-4519-989c-2fd21d6918b7,"W", 11/07/2025 02:30:00 PM,"(UTC-07:00) Arizona",,,4890374.75,4833009,4947740.5,
PNTM9M2jMkKm3GLHpLiq3J4gE,"","North Campus",6c2573ce-592a-4519-989c-2fd21d6918b7,"W", 11/07/2025 02:45:00 PM,"(UTC-07:00) Arizona",,,4959511.833333333,4889024,5039520,
PNTM9M2jMkKm3GLHpLiq3J4gE,"","North Campus",6c2573ce-592a-4519-989c-2fd21d6918b7,"W", 11/07/2025 03:00:00 PM,"(UTC-07:00) Arizona",,,4985816.5,4985816.5,4985816.5,
PNTM9M2jMkKm3GLHpLiq3J4gE,"","North Campus",6c2573ce-592a-4519-989c-2fd21d6918b7,"W", 11/07/2025 03:15:00 PM,"(UTC-07:00) Arizona",,,4917027.5,4902544.5,4944980.5,
PNTM9M2jMkKm3GLHpLiq3J4gE,"","North Campus",6c2573ce-592a-4519-989c-2fd21d6918b7,"W", 11/07/2025 03:30:00 PM,"(UTC-07:00) Arizona",,,4979787.5,4969752,4989823,
PNTM9M2jMkKm3GLHpLiq3J4gE,"","North Campus",6c2573ce-592a-4519-989c-2fd21d6918b7,"W", 11/07/2025 03:45:00 PM,"(UTC-07:00) Arizona",,,4920162.5,4920162.5,4920162.5,
PNTM9M2jMkKm3GLHpLiq3J4gE,"","North Campus",6c2573ce-592a-4519-989c-2fd21d6918b7,"W", 11/07/2025 04:00:00 PM,"(UTC-07:00) Arizona",,,4921669.75,4895411,4947928.5,
PNTM9M2jMkKm3GLHpLiq3J4gE,"","North Campus",6c2573ce-592a-4519-989c-2fd21d6918b7,"W", 11/07/2025 04:15:00 PM,"(UTC-07:00) Arizona",,,4981690.25,4873872,5089508.5,
PNTM9M2jMkKm3GLHpLiq3J4gE,"","North Campus",6c2573ce-592a-4519-989c-2fd21d6918b7,"W", 11/07/2025 04:30:00 PM,"(UTC-07:00) Arizona",,,4895113.166666667,4874761,4923395.5,
PNTM9M2jMkKm3GLHpLiq3J4gE,"","North Campus",6c2573ce-592a-4519-989c-2fd21d6918b7,"W", 11/07/2025 04:45:00 PM,"(UTC-07:00) Arizona",,,4881206.25,4823952.5,4938460,
PNTM9M2jMkKm3GLHpLiq3J4gE,"","North Campus",6c2573ce-592a-4519-989c-2fd21d6918b7,"W", 11/07/2025 05:00:00 PM,"(UTC-07:00) Arizona",,,4668433.5,4668433.5,4668433.5,
PNTM9M2jMkKm3GLHpLiq3J4gE,"","North Campus",6c2573ce-592a-4519-989c-2fd21d6918b7,"W", 11/07/2025 05:15:00 PM,"(UTC-07:00) Arizona",,,4651888,4651888,4651888,
PNTM9M2jMkKm3GLHpLiq3J4gE,"","North Campus",6c2573ce-592a-4519-989c-2fd21d6918b7,"W", 11/07/2025 05:30:00 PM,"(UTC-07:00) Arizona",,,4609129,4604497,4613761,
PNTM9M2jMkKm3GLHpLiq3J4gE,"","North Campus",6c2573ce-592a-4519-989c-2fd21d6918b7,"W", 11/07/2025 05:45:00 PM,"(UTC-07:00) Arizona",,,4562230,4539809,4584651,
PNTM9M2jMkKm3GLHpLiq3J4gE,"","North Campus",6c2573ce-592a-4519-989c-2fd21d6918b7,"W", 11/07/2025 06:00:00 PM,"(UTC-07:00) Arizona",,,4455899.833333333,4431406.5,4492860,
PNTM9M2jMkKm3GLHpLiq3J4gE,"","North Campus",6c2573ce-592a-4519-989c-2fd21d6918b7,"W", 11/07/2025 06:15:00 PM,"(UTC-07:00) Arizona",,,4389261.666666667,4329487,4436478,
PNTM9M2jMkKm3GLHpLiq3J4gE,"","North Campus",6c2573ce-592a-4519-989c-2fd21d6918b7,"W", 11/07/2025 06:30:00 PM,"(UTC-07:00) Arizona",,,4420262.5,4420200.5,4420324.5,
PNTM9M2jMkKm3GLHpLiq3J4gE,"","North Campus",6c2573ce-592a-4519-989c-2fd21d6918b7,"W", 11/07/2025 06:45:00 PM,"(UTC-07:00) Arizona",,,4378066.833333333,4333659,4436017.5,
PNTM9M2jMkKm3GLHpLiq3J4gE,"","North Campus",6c2573ce-592a-4519-989c-2fd21d6918b7,"W", 11/07/2025 07:00:00 PM,"(UTC-07:00) Arizona",,,4246275.5,4222490.5,4270060.5,
PNTM9M2jMkKm3GLHpLiq3J4gE,"","North Campus",6c2573ce-592a-4519-989c-2fd21d6918b7,"W", 11/07/2025 07:15:00 PM,"(UTC-07:00) Arizona",,,4294697.85,4183947.2,4405448.5,
PNTM9M2jMkKm3GLHpLiq3J4gE,"","North Campus",6c2573ce-592a-4519-989c-2fd21d6918b7,"W", 11/07/2025 07:30:00 PM,"(UTC-07:00) Arizona",,,4237211.833333333,4222818,4261929,
PNTM9M2jMkKm3GLHpLiq3J4gE,"","North Campus",6c2573ce-592a-4519-989c-2fd21d6918b7,"W", 11/07/2025 07:45:00 PM,"(UTC-07:00) Arizona",,,4162539.75,4127997.5,4197082,
PNTM9M2jMkKm3GLHpLiq3J4gE,"","North Campus",6c2573ce-592a-4519-989c-2fd21d6918b7,"W", 11/07/2025 08:00:00 PM,"(UTC-07:00) Arizona",,,4097380.1,4080072.2,4114688,
PNTM9M2jMkKm3GLHpLiq3J4gE,"","North Campus",6c2573ce-592a-4519-989c-2fd21d6918b7,"W", 11/07/2025 08:15:00 PM,"(UTC-07:00) Arizona",,,4097130,4093216,4101044,
PNTM9M2jMkKm3GLHpLiq3J4gE,"","North Campus",6c2573ce-592a-4519-989c-2fd21d6918b7,"W", 11/07/2025 08:30:00 PM,"(UTC-07:00) Arizona",,,4052817.8333333335,4001793.5,4089776.8,
PNTM9M2jMkKm3GLHpLiq3J4gE,"","North Campus",6c2573ce-592a-4519-989c-2fd21d6918b7,"W", 11/07/2025 08:45:00 PM,"(UTC-07:00) Arizona",,,3992627,3991597.2,3993656.8,
PNTM9M2jMkKm3GLHpLiq3J4gE,"","North Campus",6c2573ce-592a-4519-989c-2fd21d6918b7,"W", 11/07/2025 09:00:00 PM,"(UTC-07:00) Arizona",,,3839171.1666666665,3810867.8,3883565.2,
PNTM9M2jMkKm3GLHpLiq3J4gE,"","North Campus",6c2573ce-592a-4519-989c-2fd21d6918b7,"W", 11/07/2025 09:15:00 PM,"(UTC-07:00) Arizona",,,3807734.1,3765247,3850221.2,
PNTM9M2jMkKm3GLHpLiq3J4gE,"","North Campus",6c2573ce-592a-4519-989c-2fd21d6918b7,"W", 11/07/2025 09:30:00 PM,"(UTC-07:00) Arizona",,,3757236.9,3734295,3784687.2,
PNTM9M2jMkKm3GLHpLiq3J4gE,"","North Campus",6c2573ce-592a-4519-989c-2fd21d6918b7,"W", 11/07/2025 09:45:00 PM,"(UTC-07:00) Arizona",,,3701734.233333333,3690234,3722762.5,
PNTM9M2jMkKm3GLHpLiq3J4gE,"","North Campus",6c2573ce-592a-4519-989c-2fd21d6918b7,"W", 11/07/2025 10:00:00 PM,"(UTC-07:00) Arizona",,,3622069.8333333335,3603580.5,3632706.2,
PNTM9M2jMkKm3GLHpLiq3J4gE,"","North Campus",6c2573ce-592a-4519-989c-2fd21d6918b7,"W", 11/07/2025 10:15:00 PM,"(UTC-07:00) Arizona",,,3644195.8666666667,3628319.8,3659847,
PNTM9M2jMkKm3GLHpLiq3J4gE,"","North Campus",6c2573ce-592a-4519-989c-2fd21d6918b7,"W", 11/07/2025 10:30:00 PM,"(UTC-07:00) Arizona",,,3587657.65,3555693.8,3619621.5,
PNTM9M2jMkKm3GLHpLiq3J4gE,"","North Campus",6c2573ce-592a-4519-989c-2fd21d6918b7,"W", 11/07/2025 10:45:00 PM,"(UTC-07:00) Arizona",,,3561727.8333333335,3540692.5,3577396.8,
PNTM9M2jMkKm3GLHpLiq3J4gE,"","North Campus",6c2573ce-592a-4519-989c-2fd21d6918b7,"W", 11/07/2025 11:00:00 PM,"(UTC-07:00) Arizona",,,3555471.75,3547079.5,3563864,
PNTM9M2jMkKm3GLHpLiq3J4gE,"","North Campus",6c2573ce-592a-4519-989c-2fd21d6918b7,"W", 11/07/2025 11:15:00 PM,"(UTC-07:00) Arizona",,,3548341.5,3541841.5,3554841.5,
PNTM9M2jMkKm3GLHpLiq3J4gE,"","North Campus",6c2573ce-592a-4519-989c-2fd21d6918b7,"W", 11/07/2025 11:30:00 PM,"(UTC-07:00) Arizona",,,3567279,3540330.2,3594227.8,
PNTM9M2jMkKm3GLHpLiq3J4gE,"","North Campus",6c2573ce-592a-4519-989c-2fd21d6918b7,"W", 11/07/2025 11:45:00 PM,"(UTC-07:00) Arizona",,,3492027.75,3474514,3509541.5,
PNTM9M2jMkKm3GLHpLiq3J4gE,"","North Campus",6c2573ce-592a-4519-989c-2fd21d6918b7,"W", 11/08/2025 12:00:00 AM,"(UTC-07:00) Arizona",,,3481944.966666667,3447832.2,3518746.5,
PNTM9M2jMkKm3GLHpLiq3J4gE,"","North Campus",6c2573ce-592a-4519-989c-2fd21d6918b7,"W", 11/08/2025 12:15:00 AM,"(UTC-07:00) Arizona",,,3444775.625,3401277.2,3510824.8,
PNTM9M2jMkKm3GLHpLiq3J4gE,"","North Campus",6c2573ce-592a-4519-989c-2fd21d6918b7,"W", 11/08/2025 12:30:00 AM,"(UTC-07:00) Arizona",,,3386080.4,3357385.8,3414775,
PNTM9M2jMkKm3GLHpLiq3J4gE,"","North Campus",6c2573ce-592a-4519-989c-2fd21d6918b7,"W", 11/08/2025 12:45:00 AM,"(UTC-07:00) Arizona",,,3387078.65,3351443.5,3422713.8,
PNTM9M2jMkKm3GLHpLiq3J4gE,"","North Campus",6c2573ce-592a-4519-989c-2fd21d6918b7,"W", 11/08/2025 01:00:00 AM,"(UTC-07:00) Arizona",,,3367292.6666666665,3356480.8,3378078,
PNTM9M2jMkKm3GLHpLiq3J4gE,"","North Campus",6c2573ce-592a-4519-989c-2fd21d6918b7,"W", 11/08/2025 01:15:00 AM,"(UTC-07:00) Arizona",,,3347300.6,3328152,3366449.2,
PNTM9M2jMkKm3GLHpLiq3J4gE,"","North Campus",6c2573ce-592a-4519-989c-2fd21d6918b7,"W", 11/08/2025 01:30:00 AM,"(UTC-07:00) Arizona",,,3332589.35,3328399.5,3336779.2,
PNTM9M2jMkKm3GLHpLiq3J4gE,"","North Campus",6c2573ce-592a-4519-989c-2fd21d6918b7,"W", 11/08/2025 01:45:00 AM,"(UTC-07:00) Arizona",,,3276930.8,3276930.8,3276930.8,
PNTM9M2jMkKm3GLHpLiq3J4gE,"","North Campus",6c2573ce-592a-4519-989c-2fd21d6918b7,"W", 11/08/2025 02:00:00 AM,"(UTC-07:00) Arizona",,,3251461.75,3242225.5,3260698,
PNTM9M2jMkKm3GLHpLiq3J4gE,"","North Campus",6c2573ce-592a-4519-989c-2fd21d6918b7,"W", 11/08/2025 02:15:00 AM,"(UTC-07:00) Arizona",,,3255733.9333333336,3235789.5,3268651.5,
PNTM9M2jMkKm3GLHpLiq3J4gE,"","North Campus",6c2573ce-592a-4519-989c-2fd21d6918b7,"W", 11/08/2025 02:30:00 AM,"(UTC-07:00) Arizona",,,3219622.3333333335,3215280,3222698.2,
PNTM9M2jMkKm3GLHpLiq3J4gE,"","North Campus",6c2573ce-592a-4519-989c-2fd21d6918b7,"W", 11/08/2025 02:45:00 AM,"(UTC-07:00) Arizona",,,3190000.15,3185131.5,3194868.8,
PNTM9M2jMkKm3GLHpLiq3J4gE,"","North Campus",6c2573ce-592a-4519-989c-2fd21d6918b7,"W", 11/08/2025 03:00:00 AM,"(UTC-07:00) Arizona",,,3288701.5,3288701.5,3288701.5,
PNTM9M2jMkKm3GLHpLiq3J4gE,"","North Campus",6c2573ce-592a-4519-989c-2fd21d6918b7,"W", 11/08/2025 03:15:00 AM,"(UTC-07:00) Arizona",,,3241098.1,3218839,3263357.2,
PNTM9M2jMkKm3GLHpLiq3J4gE,"","North Campus",6c2573ce-592a-4519-989c-2fd21d6918b7,"W", 11/08/2025 03:30:00 AM,"(UTC-07:00) Arizona",,,3268256.766666667,3255171.8,3282126,
PNTM9M2jMkKm3GLHpLiq3J4gE,"","North Campus",6c2573ce-592a-4519-989c-2fd21d6918b7,"W", 11/08/2025 03:45:00 AM,"(UTC-07:00) Arizona",,,3252474.6,3241608.2,3263341,
PNTM9M2jMkKm3GLHpLiq3J4gE,"","North Campus",6c2573ce-592a-4519-989c-2fd21d6918b7,"W", 11/08/2025 04:00:00 AM,"(UTC-07:00) Arizona",,,3262016.7,3238370.2,3285663.2,
PNTM9M2jMkKm3GLHpLiq3J4gE,"","North Campus",6c2573ce-592a-4519-989c-2fd21d6918b7,"W", 11/08/2025 04:15:00 AM,"(UTC-07:00) Arizona",,,3266190,3266190,3266190,
PNTM9M2jMkKm3GLHpLiq3J4gE,"","North Campus",6c2573ce-592a-4519-989c-2fd21d6918b7,"W", 11/08/2025 04:30:00 AM,"(UTC-07:00) Arizona",,,3248978.75,3245552,3252405.5,
PNTM9M2jMkKm3GLHpLiq3J4gE,"","North Campus",6c2573ce-592a-4519-989c-2fd21d6918b7,"W", 11/08/2025 04:45:00 AM,"(UTC-07:00) Arizona",,,3276371.9,3269241.8,3283502,
PNTM9M2jMkKm3GLHpLiq3J4gE,"","North Campus",6c2573ce-592a-4519-989c-2fd21d6918b7,"W", 11/08/2025 05:00:00 AM,"(UTC-07:00) Arizona",,,3258829.5,3254358,3263301,
PNTM9M2jMkKm3GLHpLiq3J4gE,"","North Campus",6c2573ce-592a-4519-989c-2fd21d6918b7,"W", 11/08/2025 05:15:00 AM,"(UTC-07:00) Arizona",,,3281779.3,3260602.8,3302955.8,
PNTM9M2jMkKm3GLHpLiq3J4gE,"","North Campus",6c2573ce-592a-4519-989c-2fd21d6918b7,"W", 11/08/2025 05:30:00 AM,"(UTC-07:00) Arizona",,,3288142.5666666664,3269597,3305324.2,
PNTM9M2jMkKm3GLHpLiq3J4gE,"","North Campus",6c2573ce-592a-4519-989c-2fd21d6918b7,"W", 11/08/2025 05:45:00 AM,"(UTC-07:00) Arizona",,,3284989,3284989,3284989,
PNTM9M2jMkKm3GLHpLiq3J4gE,"","North Campus",6c2573ce-592a-4519-989c-2fd21d6918b7,"W", 11/08/2025 06:00:00 AM,"(UTC-07:00) Arizona",,,3408870.5,3381428.8,3436312.2,
PNTM9M2jMkKm3GLHpLiq3J4gE,"","North Campus",6c2573ce-592a-4519-989c-2fd21d6918b7,"W", 11/08/2025 06:15:00 AM,"(UTC-07:00) Arizona",,,3405823.2,3405823.2,3405823.2,
PNTM9M2jMkKm3GLHpLiq3J4gE,"","North Campus",6c2573ce-592a-4519-989c-2fd21d6918b7,"W", 11/08/2025 06:30:00 AM,"(UTC-07:00) Arizona",,,3434359.4333333336,3419792,3462766.5,
PNTM9M2jMkKm3GLHpLiq3J4gE,"","North Campus",6c2573ce-592a-4519-989c-2fd21d6918b7,"W", 11/08/2025 06:45:00 AM,"(UTC-07:00) Arizona",,,3391183.65,3370110.5,3412256.8,
PNTM9M2jMkKm3GLHpLiq3J4gE,"","North Campus",6c2573ce-592a-4519-989c-2fd21d6918b7,"W", 11/08/2025 07:00:00 AM,"(UTC-07:00) Arizona",,,3486943,3464996.8,3508889.2,
PNTM9M2jMkKm3GLHpLiq3J4gE,"","North Campus",6c2573ce-592a-4519-989c-2fd21d6918b7,"W", 11/08/2025 07:15:00 AM,"(UTC-07:00) Arizona",,,3450152.0666666664,3443463,3463257.2,
PNTM9M2jMkKm3GLHpLiq3J4gE,"","North Campus",6c2573ce-592a-4519-989c-2fd21d6918b7,"W", 11/08/2025 07:30:00 AM,"(UTC-07:00) Arizona",,,3464872.15,3446113.8,3483630.5,
PNTM9M2jMkKm3GLHpLiq3J4gE,"","North Campus",6c2573ce-592a-4519-989c-2fd21d6918b7,"W", 11/08/2025 07:45:00 AM,"(UTC-07:00) Arizona",,,3439461.8,3439461.8,3439461.8,
PNTM9M2jMkKm3GLHpLiq3J4gE,"","North Campus",6c2573ce-592a-4519-989c-2fd21d6918b7,"W", 11/08/2025 08:00:00 AM,"(UTC-07:00) Arizona",,,3473591,3469749,3477433,
PNTM9M2jMkKm3GLHpLiq3J4gE,"","North Campus",6c2573ce-592a-4519-989c-2fd21d6918b7,"W", 11/08/2025 08:15:00 AM,"(UTC-07:00) Arizona",,,3493755.8,3480847.8,3506663.8,
PNTM9M2jMkKm3GLHpLiq3J4gE,"","North Campus",6c2573ce-592a-4519-989c-2fd21d6918b7,"W", 11/08/2025 08:30:00 AM,"(UTC-07:00) Arizona",,,3531286.766666667,3518220,3541119.8,
PNTM9M2jMkKm3GLHpLiq3J4gE,"","North Campus",6c2573ce-592a-4519-989c-2fd21d6918b7,"W", 11/08/2025 08:45:00 AM,"(UTC-07:00) Arizona",,,3577880.5,3577880.5,3577880.5,
PNTM9M2jMkKm3GLHpLiq3J4gE,"","North Campus",6c2573ce-592a-4519-989c-2fd21d6918b7,"W", 11/08/2025 09:00:00 AM,"(UTC-07:00) Arizona",,,3629106.6666666665,3604566.2,3642719.8,
PNTM9M2jMkKm3GLHpLiq3J4gE,"","North Campus",6c2573ce-592a-4519-989c-2fd21d6918b7,"W", 11/08/2025 09:15:00 AM,"(UTC-07:00) Arizona",,,3617373.2,3617373.2,3617373.2,
PNTM9M2jMkKm3GLHpLiq3J4gE,"","North Campus",6c2573ce-592a-4519-989c-2fd21d6918b7,"W", 11/08/2025 09:30:00 AM,"(UTC-07:00) Arizona",,,3609376.75,3554488,3664265.5,
PNTM9M2jMkKm3GLHpLiq3J4gE,"","North Campus",6c2573ce-592a-4519-989c-2fd21d6918b7,"W", 11/08/2025 09:45:00 AM,"(UTC-07:00) Arizona",,,3630230,3624402.8,3636057.2,
PNTM9M2jMkKm3GLHpLiq3J4gE,"","North Campus",6c2573ce-592a-4519-989c-2fd21d6918b7,"W", 11/08/2025 10:00:00 AM,"(UTC-07:00) Arizona",,,3683990.3,3669940.8,3698039.8,
PNTM9M2jMkKm3GLHpLiq3J4gE,"","North Campus",6c2573ce-592a-4519-989c-2fd21d6918b7,"W", 11/08/2025 10:15:00 AM,"(UTC-07:00) Arizona",,,3774109.033333333,3747697.8,3794328.8,
PNTM9M2jMkKm3GLHpLiq3J4gE,"","North Campus",6c2573ce-592a-4519-989c-2fd21d6918b7,"W", 11/08/2025 10:30:00 AM,"(UTC-07:00) Arizona",,,3744514.033333333,3732889.8,3758382.5,
PNTM9M2jMkKm3GLHpLiq3J4gE,"","North Campus",6c2573ce-592a-4519-989c-2fd21d6918b7,"W", 11/08/2025 10:45:00 AM,"(UTC-07:00) Arizona",,,3771031.5,3771031.5,3771031.5,
PNTM9M2jMkKm3GLHpLiq3J4gE,"","North Campus",6c2573ce-592a-4519-989c-2fd21d6918b7,"W", 11/08/2025 11:00:00 AM,"(UTC-07:00) Arizona",,,3789152.8,3789152.8,3789152.8,
PNTM9M2jMkKm3GLHpLiq3J4gE,"","North Campus",6c2573ce-592a-4519-989c-2fd21d6918b7,"W", 11/08/2025 11:15:00 AM,"(UTC-07:00) Arizona",,,3823323.6666666665,3793197.8,3853575.2,
PNTM9M2jMkKm3GLHpLiq3J4gE,"","North Campus",6c2573ce-592a-4519-989c-2fd21d6918b7,"W", 11/08/2025 11:30:00 AM,"(UTC-07:00) Arizona",,,3862108.65,3839896.5,3884320.8,
PNTM9M2jMkKm3GLHpLiq3J4gE,"","North Campus",6c2573ce-592a-4519-989c-2fd21d6918b7,"W", 11/08/2025 11:45:00 AM,"(UTC-07:00) Arizona",,,3915746.85,3895801.5,3935692.2,
PNTM9M2jMkKm3GLHpLiq3J4gE,"","North Campus",6c2573ce-592a-4519-989c-2fd21d6918b7,"W", 11/08/2025 12:00:00 PM,"(UTC-07:00) Arizona",,,3973972.6,3962403,3985542.2,
PNTM9M2jMkKm3GLHpLiq3J4gE,"","North Campus",6c2573ce-592a-4519-989c-2fd21d6918b7,"W", 11/08/2025 12:15:00 PM,"(UTC-07:00) Arizona",,,3945765.8,3945765.8,3945765.8,
PNTM9M2jMkKm3GLHpLiq3J4gE,"","North Campus",6c2573ce-592a-4519-989c-2fd21d6918b7,"W", 11/08/2025 12:30:00 PM,"(UTC-07:00) Arizona",,,3890012.5,3873029,3906996,
PNTM9M2jMkKm3GLHpLiq3J4gE,"","North Campus",6c2573ce-592a-4519-989c-2fd21d6918b7,"W", 11/08/2025 12:45:00 PM,"(UTC-07:00) Arizona",,,3943467.1,3834197.2,4052737,
PNTM9M2jMkKm3GLHpLiq3J4gE,"","North Campus",6c2573ce-592a-4519-989c-2fd21d6918b7,"W", 11/08/2025 01:00:00 PM,"(UTC-07:00) Arizona",,,4003971.2,4003971.2,4003971.2,
PNTM9M2jMkKm3GLHpLiq3J4gE,"","North Campus",6c2573ce-592a-4519-989c-2fd21d6918b7,"W", 11/08/2025 01:15:00 PM,"(UTC-07:00) Arizona",,,4072975,4057580,4081774.8,
PNTM9M2jMkKm3GLHpLiq3J4gE,"","North Campus",6c2573ce-592a-4519-989c-2fd21d6918b7,"W", 11/08/2025 01:30:00 PM,"(UTC-07:00) Arizona",,,4015345.1999999997,3957903.8,4087114.8,
PNTM9M2jMkKm3GLHpLiq3J4gE,"","North Campus",6c2573ce-592a-4519-989c-2fd21d6918b7,"W", 11/08/2025 01:45:00 PM,"(UTC-07:00) Arizona",,,3947425.6666666665,3893557,3977335.5,
PNTM9M2jMkKm3GLHpLiq3J4gE,"","North Campus",6c2573ce-592a-4519-989c-2fd21d6918b7,"W", 11/08/2025 02:00:00 PM,"(UTC-07:00) Arizona",,,3989564.8,3989564.8,3989564.8,
PNTM9M2jMkKm3GLHpLiq3J4gE,"","North Campus",6c2573ce-592a-4519-989c-2fd21d6918b7,"W", 11/08/2025 02:15:00 PM,"(UTC-07:00) Arizona",,,4124930.9333333336,4085007.5,4149200.8,
PNTM9M2jMkKm3GLHpLiq3J4gE,"","North Campus",6c2573ce-592a-4519-989c-2fd21d6918b7,"W", 11/08/2025 02:30:00 PM,"(UTC-07:00) Arizona",,,4028718.5,3992166,4065271,
PNTM9M2jMkKm3GLHpLiq3J4gE,"","North Campus",6c2573ce-592a-4519-989c-2fd21d6918b7,"W", 11/08/2025 02:45:00 PM,"(UTC-07:00) Arizona",,,3937279.5,3937279.5,3937279.5,
PNTM9M2jMkKm3GLHpLiq3J4gE,"","North Campus",6c2573ce-592a-4519-989c-2fd21d6918b7,"W", 11/08/2025 03:00:00 PM,"(UTC-07:00) Arizona",,,4032425.2,4032425.2,4032425.2,
PNTM9M2jMkKm3GLHpLiq3J4gE,"","North Campus",6c2573ce-592a-4519-989c-2fd21d6918b7,"W", 11/08/2025 03:15:00 PM,"(UTC-07:00) Arizona",,,4041711.7,4034896.2,4048527.2,
PNTM9M2jMkKm3GLHpLiq3J4gE,"","North Campus",6c2573ce-592a-4519-989c-2fd21d6918b7,"W", 11/08/2025 03:30:00 PM,"(UTC-07:00) Arizona",,,4095919,4053861,4143228.2,
PNTM9M2jMkKm3GLHpLiq3J4gE,"","North Campus",6c2573ce-592a-4519-989c-2fd21d6918b7,"W", 11/08/2025 03:45:00 PM,"(UTC-07:00) Arizona",,,4099897.266666667,4075820.8,4125996,
PNTM9M2jMkKm3GLHpLiq3J4gE,"","North Campus",6c2573ce-592a-4519-989c-2fd21d6918b7,"W", 11/08/2025 04:00:00 PM,"(UTC-07:00) Arizona",,,4148363.2,4122361.2,4174365.2,
PNTM9M2jMkKm3GLHpLiq3J4gE,"","North Campus",6c2573ce-592a-4519-989c-2fd21d6918b7,"W", 11/08/2025 04:15:00 PM,"(UTC-07:00) Arizona",,,4187304,4184448.2,4190159.8,
PNTM9M2jMkKm3GLHpLiq3J4gE,"","North Campus",6c2573ce-592a-4519-989c-2fd21d6918b7,"W", 11/08/2025 04:30:00 PM,"(UTC-07:00) Arizona",,,4202265.75,4174718.5,4229813,
PNTM9M2jMkKm3GLHpLiq3J4gE,"","North Campus",6c2573ce-592a-4519-989c-2fd21d6918b7,"W", 11/08/2025 04:45:00 PM,"(UTC-07:00) Arizona",,,4191662.75,4160701,4222624.5,
PNTM9M2jMkKm3GLHpLiq3J4gE,"","North Campus",6c2573ce-592a-4519-989c-2fd21d6918b7,"W", 11/08/2025 05:00:00 PM,"(UTC-07:00) Arizona",,,4119561,4082736.2,4156385.8,
PNTM9M2jMkKm3GLHpLiq3J4gE,"","North Campus",6c2573ce-592a-4519-989c-2fd21d6918b7,"W", 11/08/2025 05:15:00 PM,"(UTC-07:00) Arizona",,,4178754.1,4157790.2,4199718,
PNTM9M2jMkKm3GLHpLiq3J4gE,"","North Campus",6c2573ce-592a-4519-989c-2fd21d6918b7,"W", 11/08/2025 05:30:00 PM,"(UTC-07:00) Arizona",,,4191337.4,4170497.8,4212177,
PNTM9M2jMkKm3GLHpLiq3J4gE,"","North Campus",6c2573ce-592a-4519-989c-2fd21d6918b7,"W", 11/08/2025 05:45:00 PM,"(UTC-07:00) Arizona",,,4213975.5,4213975.5,4213975.5,
PNTM9M2jMkKm3GLHpLiq3J4gE,"","North Campus",6c2573ce-592a-4519-989c-2fd21d6918b7,"W", 11/08/2025 06:00:00 PM,"(UTC-07:00) Arizona",,,4123310.15,4120802.5,4125817.8,
PNTM9M2jMkKm3GLHpLiq3J4gE,"","North Campus",6c2573ce-592a-4519-989c-2fd21d6918b7,"W", 11/08/2025 06:15:00 PM,"(UTC-07:00) Arizona",,,4120553.5,4103574.8,4135833.2,
PNTM9M2jMkKm3GLHpLiq3J4gE,"","North Campus",6c2573ce-592a-4519-989c-2fd21d6918b7,"W", 11/08/2025 06:30:00 PM,"(UTC-07:00) Arizona",,,4105122.9,4071527.8,4138718,
PNTM9M2jMkKm3GLHpLiq3J4gE,"","North Campus",6c2573ce-592a-4519-989c-2fd21d6918b7,"W", 11/08/2025 06:45:00 PM,"(UTC-07:00) Arizona",,,4090307.6,4081558.2,4099057,
PNTM9M2jMkKm3GLHpLiq3J4gE,"","North Campus",6c2573ce-592a-4519-989c-2fd21d6918b7,"W", 11/08/2025 07:00:00 PM,"(UTC-07:00) Arizona",,,3920294.3,3873144.8,3967443.8,
PNTM9M2jMkKm3GLHpLiq3J4gE,"","North Campus",6c2573ce-592a-4519-989c-2fd21d6918b7,"W", 11/08/2025 07:15:00 PM,"(UTC-07:00) Arizona",,,3918455.9333333336,3882224.5,3978671.5,
PNTM9M2jMkKm3GLHpLiq3J4gE,"","North Campus",6c2573ce-592a-4519-989c-2fd21d6918b7,"W", 11/08/2025 07:30:00 PM,"(UTC-07:00) Arizona",,,3955498,3955498,3955498,
PNTM9M2jMkKm3GLHpLiq3J4gE,"","North Campus",6c2573ce-592a-4519-989c-2fd21d6918b7,"W", 11/08/2025 07:45:00 PM,"(UTC-07:00) Arizona",,,3953171.266666667,3946027.2,3966207.8,
PNTM9M2jMkKm3GLHpLiq3J4gE,"","North Campus",6c2573ce-592a-4519-989c-2fd21d6918b7,"W", 11/08/2025 08:00:00 PM,"(UTC-07:00) Arizona",,,3885283.8,3862881.8,3907685.8,
PNTM9M2jMkKm3GLHpLiq3J4gE,"","North Campus",6c2573ce-592a-4519-989c-2fd21d6918b7,"W", 11/08/2025 08:15:00 PM,"(UTC-07:00) Arizona",,,3896166.8,3896166.8,3896166.8,
PNTM9M2jMkKm3GLHpLiq3J4gE,"","North Campus",6c2573ce-592a-4519-989c-2fd21d6918b7,"W", 11/08/2025 08:30:00 PM,"(UTC-07:00) Arizona",,,3823934.1333333333,3802168,3842505.2,
PNTM9M2jMkKm3GLHpLiq3J4gE,"","North Campus",6c2573ce-592a-4519-989c-2fd21d6918b7,"W", 11/08/2025 08:45:00 PM,"(UTC-07:00) Arizona",,,3860086.5,3832993.2,3887179.8,
PNTM9M2jMkKm3GLHpLiq3J4gE,"","North Campus",6c2573ce-592a-4519-989c-2fd21d6918b7,"W", 11/08/2025 09:00:00 PM,"(UTC-07:00) Arizona",,,3727919.1,3716728.2,3739110,
PNTM9M2jMkKm3GLHpLiq3J4gE,"","North Campus",6c2573ce-592a-4519-989c-2fd21d6918b7,"W", 11/08/2025 09:15:00 PM,"(UTC-07:00) Arizona",,,3692189.35,3675265.2,3709113.5,
PNTM9M2jMkKm3GLHpLiq3J4gE,"","North Campus",6c2573ce-592a-4519-989c-2fd21d6918b7,"W", 11/08/2025 09:30:00 PM,"(UTC-07:00) Arizona",,,3684121.25,3673635,3694607.5,
PNTM9M2jMkKm3GLHpLiq3J4gE,"","North Campus",6c2573ce-592a-4519-989c-2fd21d6918b7,"W", 11/08/2025 09:45:00 PM,"(UTC-07:00) Arizona",,,3680346.5,3676300,3684393,
PNTM9M2jMkKm3GLHpLiq3J4gE,"","North Campus",6c2573ce-592a-4519-989c-2fd21d6918b7,"W", 11/08/2025 10:00:00 PM,"(UTC-07:00) Arizona",,,3591426.4,3544467.8,3638385,
PNTM9M2jMkKm3GLHpLiq3J4gE,"","North Campus",6c2573ce-592a-4519-989c-2fd21d6918b7,"W", 11/08/2025 10:15:00 PM,"(UTC-07:00) Arizona",,,3565637.85,3545054.2,3586221.5,
PNTM9M2jMkKm3GLHpLiq3J4gE,"","North Campus",6c2573ce-592a-4519-989c-2fd21d6918b7,"W", 11/08/2025 10:30:00 PM,"(UTC-07:00) Arizona",,,3572029.5,3534386.5,3613068.2,
PNTM9M2jMkKm3GLHpLiq3J4gE,"","North Campus",6c2573ce-592a-4519-989c-2fd21d6918b7,"W", 11/08/2025 10:45:00 PM,"(UTC-07:00) Arizona",,,3539851.2,3539851.2,3539851.2,
PNTM9M2jMkKm3GLHpLiq3J4gE,"","North Campus",6c2573ce-592a-4519-989c-2fd21d6918b7,"W", 11/08/2025 11:00:00 PM,"(UTC-07:00) Arizona",,,3532890.8333333335,3532020,3534379.5,
PNTM9M2jMkKm3GLHpLiq3J4gE,"","North Campus",6c2573ce-592a-4519-989c-2fd21d6918b7,"W", 11/08/2025 11:15:00 PM,"(UTC-07:00) Arizona",,,3523024.2,3523024.2,3523024.2,
PNTM9M2jMkKm3GLHpLiq3J4gE,"","North Campus",6c2573ce-592a-4519-989c-2fd21d6918b7,"W", 11/08/2025 11:30:00 PM,"(UTC-07:00) Arizona",,,3503905.6666666665,3489313.5,3515470.5,
PNTM9M2jMkKm3GLHpLiq3J4gE,"","North Campus",6c2573ce-592a-4519-989c-2fd21d6918b7,"W", 11/08/2025 11:45:00 PM,"(UTC-07:00) Arizona",,,3475738.1,3469508,3481968.2,
PNTM9M2jMkKm3GLHpLiq3J4gE,"","North Campus",6c2573ce-592a-4519-989c-2fd21d6918b7,"W", 11/09/2025 12:00:00 AM,"(UTC-07:00) Arizona",,,3467219.8,3467219.8,3467219.8,
PNTM9M2jMkKm3GLHpLiq3J4gE,"","North Campus",6c2573ce-592a-4519-989c-2fd21d6918b7,"W", 11/09/2025 12:15:00 AM,"(UTC-07:00) Arizona",,,3395542.7750000004,3372778,3410707.5,
PNTM9M2jMkKm3GLHpLiq3J4gE,"","North Campus",6c2573ce-592a-4519-989c-2fd21d6918b7,"W", 11/09/2025 12:30:00 AM,"(UTC-07:00) Arizona",,,3388939.1,3380748,3397130.2,
PNTM9M2jMkKm3GLHpLiq3J4gE,"","North Campus",6c2573ce-592a-4519-989c-2fd21d6918b7,"W", 11/09/2025 12:45:00 AM,"(UTC-07:00) Arizona",,,3377679.75,3376609.5,3378750,
PNTM9M2jMkKm3GLHpLiq3J4gE,"","North Campus",6c2573ce-592a-4519-989c-2fd21d6918b7,"W", 11/09/2025 01:00:00 AM,"(UTC-07:00) Arizona",,,3319131.15,3313619.8,3324642.5,
PNTM9M2jMkKm3GLHpLiq3J4gE,"","North Campus",6c2573ce-592a-4519-989c-2fd21d6918b7,"W", 11/09/2025 01:15:00 AM,"(UTC-07:00) Arizona",,,3340647.6666666665,3330761,3350656,
PNTM9M2jMkKm3GLHpLiq3J4gE,"","North Campus",6c2573ce-592a-4519-989c-2fd21d6918b7,"W", 11/09/2025 01:30:00 AM,"(UTC-07:00) Arizona",,,3299136.6,3297412.2,3300861,
PNTM9M2jMkKm3GLHpLiq3J4gE,"","North Campus",6c2573ce-592a-4519-989c-2fd21d6918b7,"W", 11/09/2025 01:45:00 AM,"(UTC-07:00) Arizona",,,3304772.85,3294795.2,3314750.5,
PNTM9M2jMkKm3GLHpLiq3J4gE,"","North Campus",6c2573ce-592a-4519-989c-2fd21d6918b7,"W", 11/09/2025 02:00:00 AM,"(UTC-07:00) Arizona",,,3312098,3306484.8,3317711.2,
PNTM9M2jMkKm3GLHpLiq3J4gE,"","North Campus",6c2573ce-592a-4519-989c-2fd21d6918b7,"W", 11/09/2025 02:15:00 AM,"(UTC-07:00) Arizona",,,3241049.5,3241049.5,3241049.5,
PNTM9M2jMkKm3GLHpLiq3J4gE,"","North Campus",6c2573ce-592a-4519-989c-2fd21d6918b7,"W", 11/09/2025 02:30:00 AM,"(UTC-07:00) Arizona",,,3233653.85,3230816.2,3236491.5,
PNTM9M2jMkKm3GLHpLiq3J4gE,"","North Campus",6c2573ce-592a-4519-989c-2fd21d6918b7,"W", 11/09/2025 02:45:00 AM,"(UTC-07:00) Arizona",,,3249283.6,3227621.8,3270423.5,
PNTM9M2jMkKm3GLHpLiq3J4gE,"","North Campus",6c2573ce-592a-4519-989c-2fd21d6918b7,"W", 11/09/2025 03:00:00 AM,"(UTC-07:00) Arizona",,,3279833.1,3276610.2,3283056,
PNTM9M2jMkKm3GLHpLiq3J4gE,"","North Campus",6c2573ce-592a-4519-989c-2fd21d6918b7,"W", 11/09/2025 03:15:00 AM,"(UTC-07:00) Arizona",,,3237938.266666667,3229622,3246569,
PNTM9M2jMkKm3GLHpLiq3J4gE,"","North Campus",6c2573ce-592a-4519-989c-2fd21d6918b7,"W", 11/09/2025 03:30:00 AM,"(UTC-07:00) Arizona",,,3235122.3,3229353.8,3240890.8,
PNTM9M2jMkKm3GLHpLiq3J4gE,"","North Campus",6c2573ce-592a-4519-989c-2fd21d6918b7,"W", 11/09/2025 03:45:00 AM,"(UTC-07:00) Arizona",,,3228153.6,3221517.2,3234790,
PNTM9M2jMkKm3GLHpLiq3J4gE,"","North Campus",6c2573ce-592a-4519-989c-2fd21d6918b7,"W", 11/09/2025 04:00:00 AM,"(UTC-07:00) Arizona",,,3246949.5,3225562.8,3268336.2,
PNTM9M2jMkKm3GLHpLiq3J4gE,"","North Campus",6c2573ce-592a-4519-989c-2fd21d6918b7,"W", 11/09/2025 04:15:00 AM,"(UTC-07:00) Arizona",,,3223207.65,3215302.5,3231112.8,
PNTM9M2jMkKm3GLHpLiq3J4gE,"","North Campus",6c2573ce-592a-4519-989c-2fd21d6918b7,"W", 11/09/2025 04:30:00 AM,"(UTC-07:00) Arizona",,,3266677.2,3266677.2,3266677.2,
PNTM9M2jMkKm3GLHpLiq3J4gE,"","North Campus",6c2573ce-592a-4519-989c-2fd21d6918b7,"W", 11/09/2025 04:45:00 AM,"(UTC-07:00) Arizona",,,3275583.3333333335,3223881,3312744.2,
PNTM9M2jMkKm3GLHpLiq3J4gE,"","North Campus",6c2573ce-592a-4519-989c-2fd21d6918b7,"W", 11/09/2025 05:00:00 AM,"(UTC-07:00) Arizona",,,3268384.5,3268384.5,3268384.5,
PNTM9M2jMkKm3GLHpLiq3J4gE,"","North Campus",6c2573ce-592a-4519-989c-2fd21d6918b7,"W", 11/09/2025 05:15:00 AM,"(UTC-07:00) Arizona",,,3272116.9333333336,3247097.5,3296578.5,
PNTM9M2jMkKm3GLHpLiq3J4gE,"","North Campus",6c2573ce-592a-4519-989c-2fd21d6918b7,"W", 11/09/2025 05:30:00 AM,"(UTC-07:00) Arizona",,,3278617.4,3271904.8,3285330,
PNTM9M2jMkKm3GLHpLiq3J4gE,"","North Campus",6c2573ce-592a-4519-989c-2fd21d6918b7,"W", 11/09/2025 05:45:00 AM,"(UTC-07:00) Arizona",,,3263818.5666666664,3231639.5,3303533.2,
PNTM9M2jMkKm3GLHpLiq3J4gE,"","North Campus",6c2573ce-592a-4519-989c-2fd21d6918b7,"W", 11/09/2025 06:00:00 AM,"(UTC-07:00) Arizona",,,3326860.2,3326753.2,3326967.2,
PNTM9M2jMkKm3GLHpLiq3J4gE,"","North Campus",6c2573ce-592a-4519-989c-2fd21d6918b7,"W", 11/09/2025 06:15:00 AM,"(UTC-07:00) Arizona",,,3320706.5,3296792.5,3344620.5,
PNTM9M2jMkKm3GLHpLiq3J4gE,"","North Campus",6c2573ce-592a-4519-989c-2fd21d6918b7,"W", 11/09/2025 06:30:00 AM,"(UTC-07:00) Arizona",,,3350428.8333333335,3313565.8,3385194.5,
PNTM9M2jMkKm3GLHpLiq3J4gE,"","North Campus",6c2573ce-592a-4519-989c-2fd21d6918b7,"W", 11/09/2025 06:45:00 AM,"(UTC-07:00) Arizona",,,3372273,3372273,3372273,
PNTM9M2jMkKm3GLHpLiq3J4gE,"","North Campus",6c2573ce-592a-4519-989c-2fd21d6918b7,"W", 11/09/2025 07:00:00 AM,"(UTC-07:00) Arizona",,,3388415,3366688.5,3406650,
PNTM9M2jMkKm3GLHpLiq3J4gE,"","North Campus",6c2573ce-592a-4519-989c-2fd21d6918b7,"W", 11/09/2025 07:15:00 AM,"(UTC-07:00) Arizona",,,3303626.5,3303626.5,3303626.5,
PNTM9M2jMkKm3GLHpLiq3J4gE,"","North Campus",6c2573ce-592a-4519-989c-2fd21d6918b7,"W", 11/09/2025 07:30:00 AM,"(UTC-07:00) Arizona",,,3341136.9,3280108.8,3402165,
PNTM9M2jMkKm3GLHpLiq3J4gE,"","North Campus",6c2573ce-592a-4519-989c-2fd21d6918b7,"W", 11/09/2025 07:45:00 AM,"(UTC-07:00) Arizona",,,3385742.7,3359027.2,3412458.2,
PNTM9M2jMkKm3GLHpLiq3J4gE,"","North Campus",6c2573ce-592a-4519-989c-2fd21d6918b7,"W", 11/09/2025 08:00:00 AM,"(UTC-07:00) Arizona",,,3377998.35,3366325.2,3389671.5,
PNTM9M2jMkKm3GLHpLiq3J4gE,"","North Campus",6c2573ce-592a-4519-989c-2fd21d6918b7,"W", 11/09/2025 08:15:00 AM,"(UTC-07:00) Arizona",,,3391169.5,3381668.5,3400670.5,
PNTM9M2jMkKm3GLHpLiq3J4gE,"","North Campus",6c2573ce-592a-4519-989c-2fd21d6918b7,"W", 11/09/2025 08:30:00 AM,"(UTC-07:00) Arizona",,,3417813,3412504.8,3423121.2,
PNTM9M2jMkKm3GLHpLiq3J4gE,"","North Campus",6c2573ce-592a-4519-989c-2fd21d6918b7,"W", 11/09/2025 08:45:00 AM,"(UTC-07:00) Arizona",,,3497118.8,3497118.8,3497118.8,
PNTM9M2jMkKm3GLHpLiq3J4gE,"","North Campus",6c2573ce-592a-4519-989c-2fd21d6918b7,"W", 11/09/2025 09:00:00 AM,"(UTC-07:00) Arizona",,,3437397,3430383.2,3444410.8,
PNTM9M2jMkKm3GLHpLiq3J4gE,"","North Campus",6c2573ce-592a-4519-989c-2fd21d6918b7,"W", 11/09/2025 09:15:00 AM,"(UTC-07:00) Arizona",,,3493322.233333333,3476241.2,3508714.5,
PNTM9M2jMkKm3GLHpLiq3J4gE,"","North Campus",6c2573ce-592a-4519-989c-2fd21d6918b7,"W", 11/09/2025 09:30:00 AM,"(UTC-07:00) Arizona",,,3439162,3422924,3455400,
PNTM9M2jMkKm3GLHpLiq3J4gE,"","North Campus",6c2573ce-592a-4519-989c-2fd21d6918b7,"W", 11/09/2025 09:45:00 AM,"(UTC-07:00) Arizona",,,3477960.733333333,3458229,3493106.2,
PNTM9M2jMkKm3GLHpLiq3J4gE,"","North Campus",6c2573ce-592a-4519-989c-2fd21d6918b7,"W", 11/09/2025 10:00:00 AM,"(UTC-07:00) Arizona",,,3547339.5,3547339.5,3547339.5,
PNTM9M2jMkKm3GLHpLiq3J4gE,"","North Campus",6c2573ce-592a-4519-989c-2fd21d6918b7,"W", 11/09/2025 10:15:00 AM,"(UTC-07:00) Arizona",,,3518196,3514392.5,3521999.5,
PNTM9M2jMkKm3GLHpLiq3J4gE,"","North Campus",6c2573ce-592a-4519-989c-2fd21d6918b7,"W", 11/09/2025 10:30:00 AM,"(UTC-07:00) Arizona",,,3531546,3514409.5,3548682.5,
PNTM9M2jMkKm3GLHpLiq3J4gE,"","North Campus",6c2573ce-592a-4519-989c-2fd21d6918b7,"W", 11/09/2025 10:45:00 AM,"(UTC-07:00) Arizona",,,3537083.25,3528690.5,3545476,
PNTM9M2jMkKm3GLHpLiq3J4gE,"","North Campus",6c2573ce-592a-4519-989c-2fd21d6918b7,"W", 11/09/2025 11:00:00 AM,"(UTC-07:00) Arizona",,,3561848,3546295,3575056.2,
PNTM9M2jMkKm3GLHpLiq3J4gE,"","North Campus",6c2573ce-592a-4519-989c-2fd21d6918b7,"W", 11/09/2025 11:15:00 AM,"(UTC-07:00) Arizona",,,3621104.5,3621104.5,3621104.5,
PNTM9M2jMkKm3GLHpLiq3J4gE,"","North Campus",6c2573ce-592a-4519-989c-2fd21d6918b7,"W", 11/09/2025 11:30:00 AM,"(UTC-07:00) Arizona",,,3551060.5,3551060.5,3551060.5,
PNTM9M2jMkKm3GLHpLiq3J4gE,"","North Campus",6c2573ce-592a-4519-989c-2fd21d6918b7,"W", 11/09/2025 11:45:00 AM,"(UTC-07:00) Arizona",,,3660559.9333333336,3637268.8,3683915,
PNTM9M2jMkKm3GLHpLiq3J4gE,"","North Campus",6c2573ce-592a-4519-989c-2fd21d6918b7,"W", 11/09/2025 12:00:00 PM,"(UTC-07:00) Arizona",,,3599110.0666666664,3569322,3619120.2,
PNTM9M2jMkKm3GLHpLiq3J4gE,"","North Campus",6c2573ce-592a-4519-989c-2fd21d6918b7,"W", 11/09/2025 12:15:00 PM,"(UTC-07:00) Arizona",,,3636185.25,3606800.5,3665570,
PNTM9M2jMkKm3GLHpLiq3J4gE,"","North Campus",6c2573ce-592a-4519-989c-2fd21d6918b7,"W", 11/09/2025 12:30:00 PM,"(UTC-07:00) Arizona",,,3641618.6,3639391,3643846.2,
PNTM9M2jMkKm3GLHpLiq3J4gE,"","North Campus",6c2573ce-592a-4519-989c-2fd21d6918b7,"W", 11/09/2025 12:45:00 PM,"(UTC-07:00) Arizona",,,3710760.15,3692298.5,3729221.8,
PNTM9M2jMkKm3GLHpLiq3J4gE,"","North Campus",6c2573ce-592a-4519-989c-2fd21d6918b7,"W", 11/09/2025 01:00:00 PM,"(UTC-07:00) Arizona",,,3718434.6,3709686.2,3727183,
PNTM9M2jMkKm3GLHpLiq3J4gE,"","North Campus",6c2573ce-592a-4519-989c-2fd21d6918b7,"W", 11/09/2025 01:15:00 PM,"(UTC-07:00) Arizona",,,3796702.5,3777689.5,3815715.5,
PNTM9M2jMkKm3GLHpLiq3J4gE,"","North Campus",6c2573ce-592a-4519-989c-2fd21d6918b7,"W", 11/09/2025 01:30:00 PM,"(UTC-07:00) Arizona",,,3743514.85,3693914.5,3793115.2,
PNTM9M2jMkKm3GLHpLiq3J4gE,"","North Campus",6c2573ce-592a-4519-989c-2fd21d6918b7,"W", 11/09/2025 01:45:00 PM,"(UTC-07:00) Arizona",,,3804973.6,3771338.2,3838609,
PNTM9M2jMkKm3GLHpLiq3J4gE,"","North Campus",6c2573ce-592a-4519-989c-2fd21d6918b7,"W", 11/09/2025 02:00:00 PM,"(UTC-07:00) Arizona",,,3836880,3825368.8,3848391.2,
PNTM9M2jMkKm3GLHpLiq3J4gE,"","North Campus",6c2573ce-592a-4519-989c-2fd21d6918b7,"W", 11/09/2025 02:15:00 PM,"(UTC-07:00) Arizona",,,3825715,3814655.2,3836774.8,
PNTM9M2jMkKm3GLHpLiq3J4gE,"","North Campus",6c2573ce-592a-4519-989c-2fd21d6918b7,"W", 11/09/2025 02:30:00 PM,"(UTC-07:00) Arizona",,,3894183.733333333,3877999.2,3918072.2,
PNTM9M2jMkKm3GLHpLiq3J4gE,"","North Campus",6c2573ce-592a-4519-989c-2fd21d6918b7,"W", 11/09/2025 02:45:00 PM,"(UTC-07:00) Arizona",,,3931125.5,3904350,3957901,
PNTM9M2jMkKm3GLHpLiq3J4gE,"","North Campus",6c2573ce-592a-4519-989c-2fd21d6918b7,"W", 11/09/2025 03:00:00 PM,"(UTC-07:00) Arizona",,,3951990.5,3906268,3997713,
PNTM9M2jMkKm3GLHpLiq3J4gE,"","North Campus",6c2573ce-592a-4519-989c-2fd21d6918b7,"W", 11/09/2025 03:15:00 PM,"(UTC-07:00) Arizona",,,3957989.3333333335,3896328.8,4057766.2,
PNTM9M2jMkKm3GLHpLiq3J4gE,"","North Campus",6c2573ce-592a-4519-989c-2fd21d6918b7,"W", 11/09/2025 03:30:00 PM,"(UTC-07:00) Arizona",,,3960139.65,3946277.8,3974001.5,
PNTM9M2jMkKm3GLHpLiq3J4gE,"","North Campus",6c2573ce-592a-4519-989c-2fd21d6918b7,"W", 11/09/2025 03:45:00 PM,"(UTC-07:00) Arizona",,,4047929,4017771.5,4072063,
PNTM9M2jMkKm3GLHpLiq3J4gE,"","North Campus",6c2573ce-592a-4519-989c-2fd21d6918b7,"W", 11/09/2025 04:00:00 PM,"(UTC-07:00) Arizona",,,4065084.1,4009281,4120887.2,
PNTM9M2jMkKm3GLHpLiq3J4gE,"","North Campus",6c2573ce-592a-4519-989c-2fd21d6918b7,"W", 11/09/2025 04:15:00 PM,"(UTC-07:00) Arizona",,,4070739.25,4059784,4081694.5,
PNTM9M2jMkKm3GLHpLiq3J4gE,"","North Campus",6c2573ce-592a-4519-989c-2fd21d6918b7,"W", 11/09/2025 04:30:00 PM,"(UTC-07:00) Arizona",,,4076586.8,4067001.8,4086171.8,
PNTM9M2jMkKm3GLHpLiq3J4gE,"","North Campus",6c2573ce-592a-4519-989c-2fd21d6918b7,"W", 11/09/2025 04:45:00 PM,"(UTC-07:00) Arizona",,,4103317.7,4063683.2,4142952.2,
PNTM9M2jMkKm3GLHpLiq3J4gE,"","North Campus",6c2573ce-592a-4519-989c-2fd21d6918b7,"W", 11/09/2025 05:00:00 PM,"(UTC-07:00) Arizona",,,4068236,4044109,4092363,
PNTM9M2jMkKm3GLHpLiq3J4gE,"","North Campus",6c2573ce-592a-4519-989c-2fd21d6918b7,"W", 11/09/2025 05:15:00 PM,"(UTC-07:00) Arizona",,,4090744.2,4072890.2,4108598.2,
PNTM9M2jMkKm3GLHpLiq3J4gE,"","North Campus",6c2573ce-592a-4519-989c-2fd21d6918b7,"W", 11/09/2025 05:30:00 PM,"(UTC-07:00) Arizona",,,4155007.6999999997,4130175.5,4188994.8,
PNTM9M2jMkKm3GLHpLiq3J4gE,"","North Campus",6c2573ce-592a-4519-989c-2fd21d6918b7,"W", 11/09/2025 05:45:00 PM,"(UTC-07:00) Arizona",,,4151872.5,4151872.5,4151872.5,
PNTM9M2jMkKm3GLHpLiq3J4gE,"","North Campus",6c2573ce-592a-4519-989c-2fd21d6918b7,"W", 11/09/2025 06:00:00 PM,"(UTC-07:00) Arizona",,,4124953.8,4124953.8,4124953.8,
PNTM9M2jMkKm3GLHpLiq3J4gE,"","North Campus",6c2573ce-592a-4519-989c-2fd21d6918b7,"W", 11/09/2025 06:15:00 PM,"(UTC-07:00) Arizona",,,4135956.65,4114378.8,4157534.5,
PNTM9M2jMkKm3GLHpLiq3J4gE,"","North Campus",6c2573ce-592a-4519-989c-2fd21d6918b7,"W", 11/09/2025 06:30:00 PM,"(UTC-07:00) Arizona",,,4102542.5,4102542.5,4102542.5,
PNTM9M2jMkKm3GLHpLiq3J4gE,"","North Campus",6c2573ce-592a-4519-989c-2fd21d6918b7,"W", 11/09/2025 06:45:00 PM,"(UTC-07:00) Arizona",,,4063658.766666667,4051345.8,4080700.5,
PNTM9M2jMkKm3GLHpLiq3J4gE,"","North Campus",6c2573ce-592a-4519-989c-2fd21d6918b7,"W", 11/09/2025 07:00:00 PM,"(UTC-07:00) Arizona",,,3998192.3333333335,3985753,4008266.5,
PNTM9M2jMkKm3GLHpLiq3J4gE,"","North Campus",6c2573ce-592a-4519-989c-2fd21d6918b7,"W", 11/09/2025 07:15:00 PM,"(UTC-07:00) Arizona",,,3953614.25,3949992.5,3957236,
PNTM9M2jMkKm3GLHpLiq3J4gE,"","North Campus",6c2573ce-592a-4519-989c-2fd21d6918b7,"W", 11/09/2025 07:30:00 PM,"(UTC-07:00) Arizona",,,3921869.4,3911455.8,3932283,
PNTM9M2jMkKm3GLHpLiq3J4gE,"","North Campus",6c2573ce-592a-4519-989c-2fd21d6918b7,"W", 11/09/2025 07:45:00 PM,"(UTC-07:00) Arizona",,,3979242.1,3974361,3984123.2,
PNTM9M2jMkKm3GLHpLiq3J4gE,"","North Campus",6c2573ce-592a-4519-989c-2fd21d6918b7,"W", 11/09/2025 08:00:00 PM,"(UTC-07:00) Arizona",,,3938862,3917608,3970035,
PNTM9M2jMkKm3GLHpLiq3J4gE,"","North Campus",6c2573ce-592a-4519-989c-2fd21d6918b7,"W", 11/09/2025 08:15:00 PM,"(UTC-07:00) Arizona",,,3953263,3953263,3953263,
PNTM9M2jMkKm3GLHpLiq3J4gE,"","North Campus",6c2573ce-592a-4519-989c-2fd21d6918b7,"W", 11/09/2025 08:30:00 PM,"(UTC-07:00) Arizona",,,3920084,3918363,3921805,
PNTM9M2jMkKm3GLHpLiq3J4gE,"","North Campus",6c2573ce-592a-4519-989c-2fd21d6918b7,"W", 11/09/2025 08:45:00 PM,"(UTC-07:00) Arizona",,,3909295.75,3902443,3916148.5,
PNTM9M2jMkKm3GLHpLiq3J4gE,"","North Campus",6c2573ce-592a-4519-989c-2fd21d6918b7,"W", 11/09/2025 09:00:00 PM,"(UTC-07:00) Arizona",,,3820725,3799187.8,3842262.2,
PNTM9M2jMkKm3GLHpLiq3J4gE,"","North Campus",6c2573ce-592a-4519-989c-2fd21d6918b7,"W", 11/09/2025 09:15:00 PM,"(UTC-07:00) Arizona",,,3806138.9,3764658,3876291.2,
PNTM9M2jMkKm3GLHpLiq3J4gE,"","North Campus",6c2573ce-592a-4519-989c-2fd21d6918b7,"W", 11/09/2025 09:30:00 PM,"(UTC-07:00) Arizona",,,3737172.9,3734916.8,3739429,
PNTM9M2jMkKm3GLHpLiq3J4gE,"","North Campus",6c2573ce-592a-4519-989c-2fd21d6918b7,"W", 11/09/2025 09:45:00 PM,"(UTC-07:00) Arizona",,,3732560.35,3703910.2,3761210.5,
PNTM9M2jMkKm3GLHpLiq3J4gE,"","North Campus",6c2573ce-592a-4519-989c-2fd21d6918b7,"W", 11/09/2025 10:00:00 PM,"(UTC-07:00) Arizona",,,3674790.75,3657434.5,3692147,
PNTM9M2jMkKm3GLHpLiq3J4gE,"","North Campus",6c2573ce-592a-4519-989c-2fd21d6918b7,"W", 11/09/2025 10:15:00 PM,"(UTC-07:00) Arizona",,,3657067.1,3640900.8,3681060.5,
PNTM9M2jMkKm3GLHpLiq3J4gE,"","North Campus",6c2573ce-592a-4519-989c-2fd21d6918b7,"W", 11/09/2025 10:30:00 PM,"(UTC-07:00) Arizona",,,3622773.75,3604276.5,3641271,
PNTM9M2jMkKm3GLHpLiq3J4gE,"","North Campus",6c2573ce-592a-4519-989c-2fd21d6918b7,"W", 11/09/2025 10:45:00 PM,"(UTC-07:00) Arizona",,,3641209.85,3628839.5,3653580.2,
PNTM9M2jMkKm3GLHpLiq3J4gE,"","North Campus",6c2573ce-592a-4519-989c-2fd21d6918b7,"W", 11/09/2025 11:00:00 PM,"(UTC-07:00) Arizona",,,3620205.8,3618626.8,3621784.8,
PNTM9M2jMkKm3GLHpLiq3J4gE,"","North Campus",6c2573ce-592a-4519-989c-2fd21d6918b7,"W", 11/09/2025 11:15:00 PM,"(UTC-07:00) Arizona",,,3632640.25,3611763,3653517.5,
PNTM9M2jMkKm3GLHpLiq3J4gE,"","North Campus",6c2573ce-592a-4519-989c-2fd21d6918b7,"W", 11/09/2025 11:30:00 PM,"(UTC-07:00) Arizona",,,3567150.1,3564222,3570078.2,
PNTM9M2jMkKm3GLHpLiq3J4gE,"","North Campus",6c2573ce-592a-4519-989c-2fd21d6918b7,"W", 11/09/2025 11:45:00 PM,"(UTC-07:00) Arizona",,,3559780.266666667,3548493,3581669.8,
