ExternalPointID,Tags,Parent Equipment Name,Site Name,FrequencyUnit,Time,Timezone,OnCount,OffCount,Average,Minimum,Maximum,Sum,State
PNTM9M2jMkKm3GLHpLiq3J4gE,"","North Campus",6c2573ce-592a-4519-989c-2fd21d6918b7,"W", 11/10/2025 12:00:00 AM,"(UTC-07:00) Arizona",,,3554427.9333333336,3522149.8,3578940.8,
PNTM9M2jMkKm3GLHpLiq3J4gE,"","North Campus",6c2573ce-592a-4519-989c-2fd21d6918b7,"W", 11/10/2025 12:15:00 AM,"(UTC-07:00) Arizona",,,3504788.5,3496328,3513249,
PNTM9M2jMkKm3GLHpLiq3J4gE,"","North Campus",6c2573ce-592a-4519-989c-2fd21d6918b7,"W", 11/10/2025 12:30:00 AM,"(UTC-07:00) Arizona",,,3436406.85,3412583.2,3460230.5,
PNTM9M2jMkKm3GLHpLiq3J4gE,"","North Campus",6c2573ce-592a-4519-989c-2fd21d6918b7,"W", 11/10/2025 12:45:00 AM,"(UTC-07:00) Arizona",,,3468224.1,3439475.8,3493707,
PNTM9M2jMkKm3GLHpLiq3J4gE,"","North Campus",6c2573ce-592a-4519-989c-2fd21d6918b7,"W", 11/10/2025 01:00:00 AM,"(UTC-07:00) Arizona",,,3409867.5,3397364.8,3422370.2,
PNTM9M2jMkKm3GLHpLiq3J4gE,"","North Campus",6c2573ce-592a-4519-989c-2fd21d6918b7,"W", 11/10/2025 01:15:00 AM,"(UTC-07:00) Arizona",,,3421581.35,3419827.5,3423335.2,
PNTM9M2jMkKm3GLHpLiq3J4gE,"","North Campus",6c2573ce-592a-4519-989c-2fd21d6918b7,"W", 11/10/2025 01:30:00 AM,"(UTC-07:00) Arizona",,,3386051.25,3368557.5,3403545,
PNTM9M2jMkKm3GLHpLiq3J4gE,"","North Campus",6c2573ce-592a-4519-989c-2fd21d6918b7,"W", 11/10/2025 01:45:00 AM,"(UTC-07:00) Arizona",,,3341332.8,3341332.8,3341332.8,
PNTM9M2jMkKm3GLHpLiq3J4gE,"","North Campus",6c2573ce-592a-4519-989c-2fd21d6918b7,"W", 11/10/2025 02:00:00 AM,"(UTC-07:00) Arizona",,,3372437.7,3364888.2,3379987.2,
PNTM9M2jMkKm3GLHpLiq3J4gE,"","North Campus",6c2573ce-592a-4519-989c-2fd21d6918b7,"W", 11/10/2025 02:15:00 AM,"(UTC-07:00) Arizona",,,3390180.3,3369838.8,3410521.8,
PNTM9M2jMkKm3GLHpLiq3J4gE,"","North Campus",6c2573ce-592a-4519-989c-2fd21d6918b7,"W", 11/10/2025 02:30:00 AM,"(UTC-07:00) Arizona",,,3326631,3308405,3344857,
PNTM9M2jMkKm3GLHpLiq3J4gE,"","North Campus",6c2573ce-592a-4519-989c-2fd21d6918b7,"W", 11/10/2025 02:45:00 AM,"(UTC-07:00) Arizona",,,3340353.5,3333160.2,3347546.8,
PNTM9M2jMkKm3GLHpLiq3J4gE,"","North Campus",6c2573ce-592a-4519-989c-2fd21d6918b7,"W", 11/10/2025 03:00:00 AM,"(UTC-07:00) Arizona",,,3319227.35,3314353.5,3324101.2,
PNTM9M2jMkKm3GLHpLiq3J4gE,"","North Campus",6c2573ce-592a-4519-989c-2fd21d6918b7,"W", 11/10/2025 03:15:00 AM,"(UTC-07:00) Arizona",,,3345378.35,3337942.2,3352814.5,
PNTM9M2jMkKm3GLHpLiq3J4gE,"","North Campus",6c2573ce-592a-4519-989c-2fd21d6918b7,"W", 11/10/2025 03:30:00 AM,"(UTC-07:00) Arizona",,,3314455.5,3314455.5,3314455.5,
PNTM9M2jMkKm3GLHpLiq3J4gE,"","North Campus",6c2573ce-592a-4519-989c-2fd21d6918b7,"W", 11/10/2025 03:45:00 AM,"(UTC-07:00) Arizona",,,3344330.3333333335,3322675.5,3357101.5,
PNTM9M2jMkKm3GLHpLiq3J4gE,"","North Campus",6c2573ce-592a-4519-989c-2fd21d6918b7,"W", 11/10/2025 04:00:00 AM,"(UTC-07:00) Arizona",,,3376272.75,3359057.5,3393488,
PNTM9M2jMkKm3GLHpLiq3J4gE,"","North Campus",6c2573ce-592a-4519-989c-2fd21d6918b7,"W", 11/10/2025 04:15:00 AM,"(UTC-07:00) Arizona",,,3426537.4333333336,3404606.5,3458135,
PNTM9M2jMkKm3GLHpLiq3J4gE,"","North Campus",6c2573ce-592a-4519-989c-2fd21d6918b7,"W", 11/10/2025 04:30:00 AM,"(UTC-07:00) Arizona",,,3420285.0666666664,3404935.5,3434812.2,
PNTM9M2jMkKm3GLHpLiq3J4gE,"","North Campus",6c2573ce-592a-4519-989c-2fd21d6918b7,"W", 11/10/2025 04:45:00 AM,"(UTC-07:00) Arizona",,,3429560,3403054.8,3456065.2,
PNTM9M2jMkKm3GLHpLiq3J4gE,"","North Campus",6c2573ce-592a-4519-989c-2fd21d6918b7,"W", 11/10/2025 05:00:00 AM,"(UTC-07:00) Arizona",,,3492348.6,3460396,3524301.2,
PNTM9M2jMkKm3GLHpLiq3J4gE,"","North Campus",6c2573ce-592a-4519-989c-2fd21d6918b7,"W", 11/10/2025 05:15:00 AM,"(UTC-07:00) Arizona",,,3465967,3452029.8,3479904.2,
PNTM9M2jMkKm3GLHpLiq3J4gE,"","North Campus",6c2573ce-592a-4519-989c-2fd21d6918b7,"W", 11/10/2025 05:30:00 AM,"(UTC-07:00) Arizona",,,3532682.266666667,3521575.8,3541205.5,
PNTM9M2jMkKm3GLHpLiq3J4gE,"","North Campus",6c2573ce-592a-4519-989c-2fd21d6918b7,"W", 11/10/2025 05:45:00 AM,"(UTC-07:00) Arizona",,,3557048.2,3557048.2,3557048.2,
PNTM9M2jMkKm3GLHpLiq3J4gE,"","North Campus",6c2573ce-592a-4519-989c-2fd21d6918b7,"W", 11/10/2025 06:00:00 AM,"(UTC-07:00) Arizona",,,3700030.1,3655929,3744131.2,
PNTM9M2jMkKm3GLHpLiq3J4gE,"","North Campus",6c2573ce-592a-4519-989c-2fd21d6918b7,"W", 11/10/2025 06:15:00 AM,"(UTC-07:00) Arizona",,,3748348.3000000003,3748095.5,3748533.2,
PNTM9M2jMkKm3GLHpLiq3J4gE,"","North Campus",6c2573ce-592a-4519-989c-2fd21d6918b7,"W", 11/10/2025 06:30:00 AM,"(UTC-07:00) Arizona",,,3760505.2,3760505.2,3760505.2,
PNTM9M2jMkKm3GLHpLiq3J4gE,"","North Campus",6c2573ce-592a-4519-989c-2fd21d6918b7,"W", 11/10/2025 06:45:00 AM,"(UTC-07:00) Arizona",,,3808949.3333333335,3779397,3853041.2,
PNTM9M2jMkKm3GLHpLiq3J4gE,"","North Campus",6c2573ce-592a-4519-989c-2fd21d6918b7,"W", 11/10/2025 07:00:00 AM,"(UTC-07:00) Arizona",,,3912061.8666666667,3890116,3946086.8,
PNTM9M2jMkKm3GLHpLiq3J4gE,"","North Campus",6c2573ce-592a-4519-989c-2fd21d6918b7,"W", 11/10/2025 07:15:00 AM,"(UTC-07:00) Arizona",,,4019893,3982431.5,4057354.5,
PNTM9M2jMkKm3GLHpLiq3J4gE,"","North Campus",6c2573ce-592a-4519-989c-2fd21d6918b7,"W", 11/10/2025 07:30:00 AM,"(UTC-07:00) Arizona",,,4092311.75,4084616,4100007.5,
PNTM9M2jMkKm3GLHpLiq3J4gE,"","North Campus",6c2573ce-592a-4519-989c-2fd21d6918b7,"W", 11/10/2025 07:45:00 AM,"(UTC-07:00) Arizona",,,4036069.5,4023711.5,4048427.5,
PNTM9M2jMkKm3GLHpLiq3J4gE,"","North Campus",6c2573ce-592a-4519-989c-2fd21d6918b7,"W", 11/10/2025 08:00:00 AM,"(UTC-07:00) Arizona",,,4172287.4,4134024.8,4210550,
PNTM9M2jMkKm3GLHpLiq3J4gE,"","North Campus",6c2573ce-592a-4519-989c-2fd21d6918b7,"W", 11/10/2025 08:15:00 AM,"(UTC-07:00) Arizona",,,4301653.166666667,4283441,4321582,
PNTM9M2jMkKm3GLHpLiq3J4gE,"","North Campus",6c2573ce-592a-4519-989c-2fd21d6918b7,"W", 11/10/2025 08:30:00 AM,"(UTC-07:00) Arizona",,,4282844.75,4270020,4295669.5,
PNTM9M2jMkKm3GLHpLiq3J4gE,"","North Campus",6c2573ce-592a-4519-989c-2fd21d6918b7,"W", 11/10/2025 08:45:00 AM,"(UTC-07:00) Arizona",,,4352713,4322575,4375053.5,
PNTM9M2jMkKm3GLHpLiq3J4gE,"","North Campus",6c2573ce-592a-4519-989c-2fd21d6918b7,"W", 11/10/2025 09:00:00 AM,"(UTC-07:00) Arizona",,,4435837.5,4423839,4447836,
PNTM9M2jMkKm3GLHpLiq3J4gE,"","North Campus",6c2573ce-592a-4519-989c-2fd21d6918b7,"W", 11/10/2025 09:15:00 AM,"(UTC-07:00) Arizona",,,4403647.25,4365473.5,4441821,
PNTM9M2jMkKm3GLHpLiq3J4gE,"","North Campus",6c2573ce-592a-4519-989c-2fd21d6918b7,"W", 11/10/2025 09:30:00 AM,"(UTC-07:00) Arizona",,,4397928,4334922.5,4460933.5,
PNTM9M2jMkKm3GLHpLiq3J4gE,"","North Campus",6c2573ce-592a-4519-989c-2fd21d6918b7,"W", 11/10/2025 09:45:00 AM,"(UTC-07:00) Arizona",,,4405319.166666667,4357410,4440298.5,
PNTM9M2jMkKm3GLHpLiq3J4gE,"","North Campus",6c2573ce-592a-4519-989c-2fd21d6918b7,"W", 11/10/2025 10:15:00 AM,"(UTC-07:00) Arizona",,,4530412,4473548.5,4587275.5,
PNTM9M2jMkKm3GLHpLiq3J4gE,"","North Campus",6c2573ce-592a-4519-989c-2fd21d6918b7,"W", 11/10/2025 10:30:00 AM,"(UTC-07:00) Arizona",,,4518854,4507189.5,4531007,
PNTM9M2jMkKm3GLHpLiq3J4gE,"","North Campus",6c2573ce-592a-4519-989c-2fd21d6918b7,"W", 11/10/2025 10:45:00 AM,"(UTC-07:00) Arizona",,,4521573,4496353,4546793,
PNTM9M2jMkKm3GLHpLiq3J4gE,"","North Campus",6c2573ce-592a-4519-989c-2fd21d6918b7,"W", 11/10/2025 11:00:00 AM,"(UTC-07:00) Arizona",,,4563702.75,4544201,4583204.5,
PNTM9M2jMkKm3GLHpLiq3J4gE,"","North Campus",6c2573ce-592a-4519-989c-2fd21d6918b7,"W", 11/10/2025 11:15:00 AM,"(UTC-07:00) Arizona",,,4655847.75,4597229.5,4714466,
PNTM9M2jMkKm3GLHpLiq3J4gE,"","North Campus",6c2573ce-592a-4519-989c-2fd21d6918b7,"W", 11/10/2025 11:30:00 AM,"(UTC-07:00) Arizona",,,4694227.5,4666919.5,4721535.5,
PNTM9M2jMkKm3GLHpLiq3J4gE,"","North Campus",6c2573ce-592a-4519-989c-2fd21d6918b7,"W", 11/10/2025 11:45:00 AM,"(UTC-07:00) Arizona",,,4703121,4703121,4703121,
PNTM9M2jMkKm3GLHpLiq3J4gE,"","North Campus",6c2573ce-592a-4519-989c-2fd21d6918b7,"W", 11/10/2025 12:00:00 PM,"(UTC-07:00) Arizona",,,4675786.5,4675786.5,4675786.5,
PNTM9M2jMkKm3GLHpLiq3J4gE,"","North Campus",6c2573ce-592a-4519-989c-2fd21d6918b7,"W", 11/10/2025 12:15:00 PM,"(UTC-07:00) Arizona",,,4694643,4628448.5,4760837.5,
PNTM9M2jMkKm3GLHpLiq3J4gE,"","North Campus",6c2573ce-592a-4519-989c-2fd21d6918b7,"W", 11/10/2025 12:30:00 PM,"(UTC-07:00) Arizona",,,4730472,4730472,4730472,
PNTM9M2jMkKm3GLHpLiq3J4gE,"","North Campus",6c2573ce-592a-4519-989c-2fd21d6918b7,"W", 11/10/2025 12:45:00 PM,"(UTC-07:00) Arizona",,,4782656.25,4756582.5,4808730,
PNTM9M2jMkKm3GLHpLiq3J4gE,"","North Campus",6c2573ce-592a-4519-989c-2fd21d6918b7,"W", 11/10/2025 01:00:00 PM,"(UTC-07:00) Arizona",,,4730505,4726682,4734328,
PNTM9M2jMkKm3GLHpLiq3J4gE,"","North Campus",6c2573ce-592a-4519-989c-2fd21d6918b7,"W", 11/10/2025 01:15:00 PM,"(UTC-07:00) Arizona",,,4703705.5,4703705.5,4703705.5,
PNTM9M2jMkKm3GLHpLiq3J4gE,"","North Campus",6c2573ce-592a-4519-989c-2fd21d6918b7,"W", 11/10/2025 01:30:00 PM,"(UTC-07:00) Arizona",,,4872994.5,4872994.5,4872994.5,
PNTM9M2jMkKm3GLHpLiq3J4gE,"","North Campus",6c2573ce-592a-4519-989c-2fd21d6918b7,"W", 11/10/2025 01:45:00 PM,"(UTC-07:00) Arizona",,,4845554.5,4838510.5,4852598.5,
PNTM9M2jMkKm3GLHpLiq3J4gE,"","North Campus",6c2573ce-592a-4519-989c-2fd21d6918b7,"W", 11/10/2025 02:00:00 PM,"(UTC-07:00) Arizona",,,4769450,4769450,4769450,
PNTM9M2jMkKm3GLHpLiq3J4gE,"","North Campus",6c2573ce-592a-4519-989c-2fd21d6918b7,"W", 11/10/2025 02:15:00 PM,"(UTC-07:00) Arizona",,,4848524,4842018,4855030,
PNTM9M2jMkKm3GLHpLiq3J4gE,"","North Campus",6c2573ce-592a-4519-989c-2fd21d6918b7,"W", 11/10/2025 02:30:00 PM,"(UTC-07:00) Arizona",,,4751786.5,4751786.5,4751786.5,
PNTM9M2jMkKm3GLHpLiq3J4gE,"","North Campus",6c2573ce-592a-4519-989c-2fd21d6918b7,"W", 11/10/2025 02:45:00 PM,"(UTC-07:00) Arizona",,,4855353,4855353,4855353,
PNTM9M2jMkKm3GLHpLiq3J4gE,"","North Campus",6c2573ce-592a-4519-989c-2fd21d6918b7,"W", 11/10/2025 03:00:00 PM,"(UTC-07:00) Arizona",,,4879765.5,4787329,4972202,
PNTM9M2jMkKm3GLHpLiq3J4gE,"","North Campus",6c2573ce-592a-4519-989c-2fd21d6918b7,"W", 11/10/2025 03:15:00 PM,"(UTC-07:00) Arizona",,,4941618,4941618,4941618,
PNTM9M2jMkKm3GLHpLiq3J4gE,"","North Campus",6c2573ce-592a-4519-989c-2fd21d6918b7,"W", 11/10/2025 03:30:00 PM,"(UTC-07:00) Arizona",,,4982070,4982070,4982070,
PNTM9M2jMkKm3GLHpLiq3J4gE,"","North Campus",6c2573ce-592a-4519-989c-2fd21d6918b7,"W", 11/10/2025 03:45:00 PM,"(UTC-07:00) Arizona",,,4969663.75,4916268.5,5023059,
PNTM9M2jMkKm3GLHpLiq3J4gE,"","North Campus",6c2573ce-592a-4519-989c-2fd21d6918b7,"W", 11/10/2025 04:15:00 PM,"(UTC-07:00) Arizona",,,4995369,4995369,4995369,
PNTM9M2jMkKm3GLHpLiq3J4gE,"","North Campus",6c2573ce-592a-4519-989c-2fd21d6918b7,"W", 11/10/2025 04:30:00 PM,"(UTC-07:00) Arizona",,,4913545,4913545,4913545,
PNTM9M2jMkKm3GLHpLiq3J4gE,"","North Campus",6c2573ce-592a-4519-989c-2fd21d6918b7,"W", 11/10/2025 04:45:00 PM,"(UTC-07:00) Arizona",,,4824495,4780667,4868323,
PNTM9M2jMkKm3GLHpLiq3J4gE,"","North Campus",6c2573ce-592a-4519-989c-2fd21d6918b7,"W", 11/10/2025 05:15:00 PM,"(UTC-07:00) Arizona",,,4839398.75,4817364.5,4861433,
PNTM9M2jMkKm3GLHpLiq3J4gE,"","North Campus",6c2573ce-592a-4519-989c-2fd21d6918b7,"W", 11/10/2025 05:30:00 PM,"(UTC-07:00) Arizona",,,4840539,4840539,4840539,
PNTM9M2jMkKm3GLHpLiq3J4gE,"","North Campus",6c2573ce-592a-4519-989c-2fd21d6918b7,"W", 11/10/2025 05:45:00 PM,"(UTC-07:00) Arizona",,,4828755,4828755,4828755,
PNTM9M2jMkKm3GLHpLiq3J4gE,"","North Campus",6c2573ce-592a-4519-989c-2fd21d6918b7,"W", 11/10/2025 06:00:00 PM,"(UTC-07:00) Arizona",,,4723733,4723733,4723733,
PNTM9M2jMkKm3GLHpLiq3J4gE,"","North Campus",6c2573ce-592a-4519-989c-2fd21d6918b7,"W", 11/10/2025 06:15:00 PM,"(UTC-07:00) Arizona",,,4582204.75,4550041.5,4614368,
PNTM9M2jMkKm3GLHpLiq3J4gE,"","North Campus",6c2573ce-592a-4519-989c-2fd21d6918b7,"W", 11/10/2025 06:30:00 PM,"(UTC-07:00) Arizona",,,4650517,4650517,4650517,
PNTM9M2jMkKm3GLHpLiq3J4gE,"","North Campus",6c2573ce-592a-4519-989c-2fd21d6918b7,"W", 11/10/2025 06:45:00 PM,"(UTC-07:00) Arizona",,,4526174.75,4495544,4556805.5,
PNTM9M2jMkKm3GLHpLiq3J4gE,"","North Campus",6c2573ce-592a-4519-989c-2fd21d6918b7,"W", 11/10/2025 07:00:00 PM,"(UTC-07:00) Arizona",,,4346733,4346733,4346733,
PNTM9M2jMkKm3GLHpLiq3J4gE,"","North Campus",6c2573ce-592a-4519-989c-2fd21d6918b7,"W", 11/10/2025 07:15:00 PM,"(UTC-07:00) Arizona",,,4328698,4328698,4328698,
PNTM9M2jMkKm3GLHpLiq3J4gE,"","North Campus",6c2573ce-592a-4519-989c-2fd21d6918b7,"W", 11/10/2025 07:30:00 PM,"(UTC-07:00) Arizona",,,4313607.5,4313607.5,4313607.5,
PNTM9M2jMkKm3GLHpLiq3J4gE,"","North Campus",6c2573ce-592a-4519-989c-2fd21d6918b7,"W", 11/10/2025 07:45:00 PM,"(UTC-07:00) Arizona",,,4257908.5,4257908.5,4257908.5,
PNTM9M2jMkKm3GLHpLiq3J4gE,"","North Campus",6c2573ce-592a-4519-989c-2fd21d6918b7,"W", 11/10/2025 08:00:00 PM,"(UTC-07:00) Arizona",,,4174620.25,4148077,4201163.5,
PNTM9M2jMkKm3GLHpLiq3J4gE,"","North Campus",6c2573ce-592a-4519-989c-2fd21d6918b7,"W", 11/10/2025 08:15:00 PM,"(UTC-07:00) Arizona",,,4181627.8,4181627.8,4181627.8,
PNTM9M2jMkKm3GLHpLiq3J4gE,"","North Campus",6c2573ce-592a-4519-989c-2fd21d6918b7,"W", 11/10/2025 08:30:00 PM,"(UTC-07:00) Arizona",,,4148566.5,4145495.2,4151637.8,
PNTM9M2jMkKm3GLHpLiq3J4gE,"","North Campus",6c2573ce-592a-4519-989c-2fd21d6918b7,"W", 11/10/2025 08:45:00 PM,"(UTC-07:00) Arizona",,,4092090.8,4092090.8,4092090.8,
PNTM9M2jMkKm3GLHpLiq3J4gE,"","North Campus",6c2573ce-592a-4519-989c-2fd21d6918b7,"W", 11/10/2025 09:00:00 PM,"(UTC-07:00) Arizona",,,4055046,4055046,4055046,
PNTM9M2jMkKm3GLHpLiq3J4gE,"","North Campus",6c2573ce-592a-4519-989c-2fd21d6918b7,"W", 11/10/2025 09:15:00 PM,"(UTC-07:00) Arizona",,,4081584.1,4065701,4097467.2,
PNTM9M2jMkKm3GLHpLiq3J4gE,"","North Campus",6c2573ce-592a-4519-989c-2fd21d6918b7,"W", 11/10/2025 09:30:00 PM,"(UTC-07:00) Arizona",,,4016769.8,4016769.8,4016769.8,
PNTM9M2jMkKm3GLHpLiq3J4gE,"","North Campus",6c2573ce-592a-4519-989c-2fd21d6918b7,"W", 11/10/2025 09:45:00 PM,"(UTC-07:00) Arizona",,,4013508.8,4013508.8,4013508.8,
PNTM9M2jMkKm3GLHpLiq3J4gE,"","North Campus",6c2573ce-592a-4519-989c-2fd21d6918b7,"W", 11/10/2025 10:00:00 PM,"(UTC-07:00) Arizona",,,3882179,3821405,3942953,
PNTM9M2jMkKm3GLHpLiq3J4gE,"","North Campus",6c2573ce-592a-4519-989c-2fd21d6918b7,"W", 11/10/2025 10:15:00 PM,"(UTC-07:00) Arizona",,,3779053,3779053,3779053,
PNTM9M2jMkKm3GLHpLiq3J4gE,"","North Campus",6c2573ce-592a-4519-989c-2fd21d6918b7,"W", 11/10/2025 10:30:00 PM,"(UTC-07:00) Arizona",,,3728488.15,3715050.8,3741925.5,
PNTM9M2jMkKm3GLHpLiq3J4gE,"","North Campus",6c2573ce-592a-4519-989c-2fd21d6918b7,"W", 11/10/2025 10:45:00 PM,"(UTC-07:00) Arizona",,,3737673.2,3737673.2,3737673.2,
PNTM9M2jMkKm3GLHpLiq3J4gE,"","North Campus",6c2573ce-592a-4519-989c-2fd21d6918b7,"W", 11/10/2025 11:00:00 PM,"(UTC-07:00) Arizona",,,3639609.2,3639609.2,3639609.2,
PNTM9M2jMkKm3GLHpLiq3J4gE,"","North Campus",6c2573ce-592a-4519-989c-2fd21d6918b7,"W", 11/10/2025 11:15:00 PM,"(UTC-07:00) Arizona",,,3594101,3572747.5,3615454.5,
PNTM9M2jMkKm3GLHpLiq3J4gE,"","North Campus",6c2573ce-592a-4519-989c-2fd21d6918b7,"W", 11/10/2025 11:30:00 PM,"(UTC-07:00) Arizona",,,3538632,3538632,3538632,
PNTM9M2jMkKm3GLHpLiq3J4gE,"","North Campus",6c2573ce-592a-4519-989c-2fd21d6918b7,"W", 11/10/2025 11:45:00 PM,"(UTC-07:00) Arizona",,,3536965.2,3536965.2,3536965.2,
PNTM9M2jMkKm3GLHpLiq3J4gE,"","North Campus",6c2573ce-592a-4519-989c-2fd21d6918b7,"W", 11/11/2025 12:00:00 AM,"(UTC-07:00) Arizona",,,3501680.5,3501680.5,3501680.5,
PNTM9M2jMkKm3GLHpLiq3J4gE,"","North Campus",6c2573ce-592a-4519-989c-2fd21d6918b7,"W", 11/11/2025 12:30:00 AM,"(UTC-07:00) Arizona",,,3463679.5,3449545.5,3477813.5,
PNTM9M2jMkKm3GLHpLiq3J4gE,"","North Campus",6c2573ce-592a-4519-989c-2fd21d6918b7,"W", 11/11/2025 12:45:00 AM,"(UTC-07:00) Arizona",,,3435100.2,3435100.2,3435100.2,
PNTM9M2jMkKm3GLHpLiq3J4gE,"","North Campus",6c2573ce-592a-4519-989c-2fd21d6918b7,"W", 11/11/2025 01:00:00 AM,"(UTC-07:00) Arizona",,,3408184.5,3397215,3419154,
PNTM9M2jMkKm3GLHpLiq3J4gE,"","North Campus",6c2573ce-592a-4519-989c-2fd21d6918b7,"W", 11/11/2025 01:15:00 AM,"(UTC-07:00) Arizona",,,3354672.5,3354672.5,3354672.5,
PNTM9M2jMkKm3GLHpLiq3J4gE,"","North Campus",6c2573ce-592a-4519-989c-2fd21d6918b7,"W", 11/11/2025 01:30:00 AM,"(UTC-07:00) Arizona",,,3407574.8,3407574.8,3407574.8,
PNTM9M2jMkKm3GLHpLiq3J4gE,"","North Campus",6c2573ce-592a-4519-989c-2fd21d6918b7,"W", 11/11/2025 01:45:00 AM,"(UTC-07:00) Arizona",,,3365296.9,3343745,3386848.8,
PNTM9M2jMkKm3GLHpLiq3J4gE,"","North Campus",6c2573ce-592a-4519-989c-2fd21d6918b7,"W", 11/11/2025 02:00:00 AM,"(UTC-07:00) Arizona",,,3311052,3311052,3311052,
PNTM9M2jMkKm3GLHpLiq3J4gE,"","North Campus",6c2573ce-592a-4519-989c-2fd21d6918b7,"W", 11/11/2025 02:15:00 AM,"(UTC-07:00) Arizona",,,3289463.7,3282906.2,3296021.2,
PNTM9M2jMkKm3GLHpLiq3J4gE,"","North Campus",6c2573ce-592a-4519-989c-2fd21d6918b7,"W", 11/11/2025 02:30:00 AM,"(UTC-07:00) Arizona",,,3272715.2,3272715.2,3272715.2,
PNTM9M2jMkKm3GLHpLiq3J4gE,"","North Campus",6c2573ce-592a-4519-989c-2fd21d6918b7,"W", 11/11/2025 02:45:00 AM,"(UTC-07:00) Arizona",,,3266986.5,3262849,3271124,
PNTM9M2jMkKm3GLHpLiq3J4gE,"","North Campus",6c2573ce-592a-4519-989c-2fd21d6918b7,"W", 11/11/2025 03:00:00 AM,"(UTC-07:00) Arizona",,,3309497,3309497,3309497,
PNTM9M2jMkKm3GLHpLiq3J4gE,"","North Campus",6c2573ce-592a-4519-989c-2fd21d6918b7,"W", 11/11/2025 03:15:00 AM,"(UTC-07:00) Arizona",,,3333264.75,3320883,3345646.5,
PNTM9M2jMkKm3GLHpLiq3J4gE,"","North Campus",6c2573ce-592a-4519-989c-2fd21d6918b7,"W", 11/11/2025 03:30:00 AM,"(UTC-07:00) Arizona",,,3290050,3290050,3290050,
PNTM9M2jMkKm3GLHpLiq3J4gE,"","North Campus",6c2573ce-592a-4519-989c-2fd21d6918b7,"W", 11/11/2025 03:45:00 AM,"(UTC-07:00) Arizona",,,3304983.6,3274816.2,3335151,
PNTM9M2jMkKm3GLHpLiq3J4gE,"","North Campus",6c2573ce-592a-4519-989c-2fd21d6918b7,"W", 11/11/2025 04:00:00 AM,"(UTC-07:00) Arizona",,,3355316.5,3355316.5,3355316.5,
PNTM9M2jMkKm3GLHpLiq3J4gE,"","North Campus",6c2573ce-592a-4519-989c-2fd21d6918b7,"W", 11/11/2025 04:15:00 AM,"(UTC-07:00) Arizona",,,3386303.2,3386303.2,3386303.2,
PNTM9M2jMkKm3GLHpLiq3J4gE,"","North Campus",6c2573ce-592a-4519-989c-2fd21d6918b7,"W", 11/11/2025 04:30:00 AM,"(UTC-07:00) Arizona",,,3333860.4,3323864.8,3343856,
PNTM9M2jMkKm3GLHpLiq3J4gE,"","North Campus",6c2573ce-592a-4519-989c-2fd21d6918b7,"W", 11/11/2025 04:45:00 AM,"(UTC-07:00) Arizona",,,3348648.5,3348648.5,3348648.5,
PNTM9M2jMkKm3GLHpLiq3J4gE,"","North Campus",6c2573ce-592a-4519-989c-2fd21d6918b7,"W", 11/11/2025 05:00:00 AM,"(UTC-07:00) Arizona",,,3358001,3358001,3358001,
PNTM9M2jMkKm3GLHpLiq3J4gE,"","North Campus",6c2573ce-592a-4519-989c-2fd21d6918b7,"W", 11/11/2025 05:15:00 AM,"(UTC-07:00) Arizona",,,3384053.35,3368946.5,3399160.2,
PNTM9M2jMkKm3GLHpLiq3J4gE,"","North Campus",6c2573ce-592a-4519-989c-2fd21d6918b7,"W", 11/11/2025 05:30:00 AM,"(UTC-07:00) Arizona",,,3386384,3386384,3386384,
PNTM9M2jMkKm3GLHpLiq3J4gE,"","North Campus",6c2573ce-592a-4519-989c-2fd21d6918b7,"W", 11/11/2025 05:45:00 AM,"(UTC-07:00) Arizona",,,3384018.8,3384018.8,3384018.8,
PNTM9M2jMkKm3GLHpLiq3J4gE,"","North Campus",6c2573ce-592a-4519-989c-2fd21d6918b7,"W", 11/11/2025 06:00:00 AM,"(UTC-07:00) Arizona",,,3599252.8,3599252.8,3599252.8,
PNTM9M2jMkKm3GLHpLiq3J4gE,"","North Campus",6c2573ce-592a-4519-989c-2fd21d6918b7,"W", 11/11/2025 06:15:00 AM,"(UTC-07:00) Arizona",,,3582108.6,3581776.2,3582441,
PNTM9M2jMkKm3GLHpLiq3J4gE,"","North Campus",6c2573ce-592a-4519-989c-2fd21d6918b7,"W", 11/11/2025 06:30:00 AM,"(UTC-07:00) Arizona",,,3623879.75,3623139,3624620.5,
PNTM9M2jMkKm3GLHpLiq3J4gE,"","North Campus",6c2573ce-592a-4519-989c-2fd21d6918b7,"W", 11/11/2025 06:45:00 AM,"(UTC-07:00) Arizona",,,3647158.5,3647158.5,3647158.5,
PNTM9M2jMkKm3GLHpLiq3J4gE,"","North Campus",6c2573ce-592a-4519-989c-2fd21d6918b7,"W", 11/11/2025 07:00:00 AM,"(UTC-07:00) Arizona",,,3766004,3766004,3766004,
PNTM9M2jMkKm3GLHpLiq3J4gE,"","North Campus",6c2573ce-592a-4519-989c-2fd21d6918b7,"W", 11/11/2025 07:15:00 AM,"(UTC-07:00) Arizona",,,3753384.25,3751662,3755106.5,
PNTM9M2jMkKm3GLHpLiq3J4gE,"","North Campus",6c2573ce-592a-4519-989c-2fd21d6918b7,"W", 11/11/2025 07:45:00 AM,"(UTC-07:00) Arizona",,,3743835.2,3743835.2,3743835.2,
PNTM9M2jMkKm3GLHpLiq3J4gE,"","North Campus",6c2573ce-592a-4519-989c-2fd21d6918b7,"W", 11/11/2025 08:00:00 AM,"(UTC-07:00) Arizona",,,3842201.7,3837371.2,3847032.2,
PNTM9M2jMkKm3GLHpLiq3J4gE,"","North Campus",6c2573ce-592a-4519-989c-2fd21d6918b7,"W", 11/11/2025 08:15:00 AM,"(UTC-07:00) Arizona",,,3806043,3806043,3806043,
PNTM9M2jMkKm3GLHpLiq3J4gE,"","North Campus",6c2573ce-592a-4519-989c-2fd21d6918b7,"W", 11/11/2025 08:45:00 AM,"(UTC-07:00) Arizona",,,3807685,3800897.5,3814472.5,
PNTM9M2jMkKm3GLHpLiq3J4gE,"","North Campus",6c2573ce-592a-4519-989c-2fd21d6918b7,"W", 11/11/2025 09:00:00 AM,"(UTC-07:00) Arizona",,,3816350,3816350,3816350,
PNTM9M2jMkKm3GLHpLiq3J4gE,"","North Campus",6c2573ce-592a-4519-989c-2fd21d6918b7,"W", 11/11/2025 09:15:00 AM,"(UTC-07:00) Arizona",,,3861564.25,3840848.5,3882280,
PNTM9M2jMkKm3GLHpLiq3J4gE,"","North Campus",6c2573ce-592a-4519-989c-2fd21d6918b7,"W", 11/11/2025 09:30:00 AM,"(UTC-07:00) Arizona",,,3850984,3850984,3850984,
PNTM9M2jMkKm3GLHpLiq3J4gE,"","North Campus",6c2573ce-592a-4519-989c-2fd21d6918b7,"W", 11/11/2025 09:45:00 AM,"(UTC-07:00) Arizona",,,3976955.85,3969010.5,3984901.2,
PNTM9M2jMkKm3GLHpLiq3J4gE,"","North Campus",6c2573ce-592a-4519-989c-2fd21d6918b7,"W", 11/11/2025 10:00:00 AM,"(UTC-07:00) Arizona",,,4045147,4045147,4045147,
PNTM9M2jMkKm3GLHpLiq3J4gE,"","North Campus",6c2573ce-592a-4519-989c-2fd21d6918b7,"W", 11/11/2025 10:15:00 AM,"(UTC-07:00) Arizona",,,3936071,3936071,3936071,
PNTM9M2jMkKm3GLHpLiq3J4gE,"","North Campus",6c2573ce-592a-4519-989c-2fd21d6918b7,"W", 11/11/2025 10:30:00 AM,"(UTC-07:00) Arizona",,,4046000.5,4046000.5,4046000.5,
PNTM9M2jMkKm3GLHpLiq3J4gE,"","North Campus",6c2573ce-592a-4519-989c-2fd21d6918b7,"W", 11/11/2025 10:45:00 AM,"(UTC-07:00) Arizona",,,4047892.2,4047892.2,4047892.2,
PNTM9M2jMkKm3GLHpLiq3J4gE,"","North Campus",6c2573ce-592a-4519-989c-2fd21d6918b7,"W", 11/11/2025 11:00:00 AM,"(UTC-07:00) Arizona",,,4091358.8,4091358.8,4091358.8,
PNTM9M2jMkKm3GLHpLiq3J4gE,"","North Campus",6c2573ce-592a-4519-989c-2fd21d6918b7,"W", 11/11/2025 11:15:00 AM,"(UTC-07:00) Arizona",,,4100208.3,4072298.8,4128117.8,
PNTM9M2jMkKm3GLHpLiq3J4gE,"","North Campus",6c2573ce-592a-4519-989c-2fd21d6918b7,"W", 11/11/2025 11:30:00 AM,"(UTC-07:00) Arizona",,,4113275,4113275,4113275,
PNTM9M2jMkKm3GLHpLiq3J4gE,"","North Campus",6c2573ce-592a-4519-989c-2fd21d6918b7,"W", 11/11/2025 11:45:00 AM,"(UTC-07:00) Arizona",,,4159293,4106527.5,4212058.5,
PNTM9M2jMkKm3GLHpLiq3J4gE,"","North Campus",6c2573ce-592a-4519-989c-2fd21d6918b7,"W", 11/11/2025 12:00:00 PM,"(UTC-07:00) Arizona",,,4139830.2,4139830.2,4139830.2,
PNTM9M2jMkKm3GLHpLiq3J4gE,"","North Campus",6c2573ce-592a-4519-989c-2fd21d6918b7,"W", 11/11/2025 12:15:00 PM,"(UTC-07:00) Arizona",,,4125673.75,4105911,4145436.5,
PNTM9M2jMkKm3GLHpLiq3J4gE,"","North Campus",6c2573ce-592a-4519-989c-2fd21d6918b7,"W", 11/11/2025 12:30:00 PM,"(UTC-07:00) Arizona",,,4165297.8,4165297.8,4165297.8,
PNTM9M2jMkKm3GLHpLiq3J4gE,"","North Campus",6c2573ce-592a-4519-989c-2fd21d6918b7,"W", 11/11/2025 12:45:00 PM,"(UTC-07:00) Arizona",,,4266007,4266007,4266007,
PNTM9M2jMkKm3GLHpLiq3J4gE,"","North Campus",6c2573ce-592a-4519-989c-2fd21d6918b7,"W", 11/11/2025 01:00:00 PM,"(UTC-07:00) Arizona",,,4276470.5,4276470.5,4276470.5,
PNTM9M2jMkKm3GLHpLiq3J4gE,"","North Campus",6c2573ce-592a-4519-989c-2fd21d6918b7,"W", 11/11/2025 01:15:00 PM,"(UTC-07:00) Arizona",,,4295093.5,4255736.5,4334450.5,
PNTM9M2jMkKm3GLHpLiq3J4gE,"","North Campus",6c2573ce-592a-4519-989c-2fd21d6918b7,"W", 11/11/2025 01:30:00 PM,"(UTC-07:00) Arizona",,,4292790,4292790,4292790,
PNTM9M2jMkKm3GLHpLiq3J4gE,"","North Campus",6c2573ce-592a-4519-989c-2fd21d6918b7,"W", 11/11/2025 01:45:00 PM,"(UTC-07:00) Arizona",,,4440262,4403169.5,4477354.5,
PNTM9M2jMkKm3GLHpLiq3J4gE,"","North Campus",6c2573ce-592a-4519-989c-2fd21d6918b7,"W", 11/11/2025 02:00:00 PM,"(UTC-07:00) Arizona",,,4497457,4497457,4497457,
PNTM9M2jMkKm3GLHpLiq3J4gE,"","North Campus",6c2573ce-592a-4519-989c-2fd21d6918b7,"W", 11/11/2025 02:15:00 PM,"(UTC-07:00) Arizona",,,4390980,4390980,4390980,
PNTM9M2jMkKm3GLHpLiq3J4gE,"","North Campus",6c2573ce-592a-4519-989c-2fd21d6918b7,"W", 11/11/2025 02:30:00 PM,"(UTC-07:00) Arizona",,,4444720.5,4444720.5,4444720.5,
PNTM9M2jMkKm3GLHpLiq3J4gE,"","North Campus",6c2573ce-592a-4519-989c-2fd21d6918b7,"W", 11/11/2025 02:45:00 PM,"(UTC-07:00) Arizona",,,4502442.75,4483707.5,4521178,
PNTM9M2jMkKm3GLHpLiq3J4gE,"","North Campus",6c2573ce-592a-4519-989c-2fd21d6918b7,"W", 11/11/2025 03:00:00 PM,"(UTC-07:00) Arizona",,,4530243.5,4530243.5,4530243.5,
PNTM9M2jMkKm3GLHpLiq3J4gE,"","North Campus",6c2573ce-592a-4519-989c-2fd21d6918b7,"W", 11/11/2025 03:15:00 PM,"(UTC-07:00) Arizona",,,4472482.5,4472482.5,4472482.5,
PNTM9M2jMkKm3GLHpLiq3J4gE,"","North Campus",6c2573ce-592a-4519-989c-2fd21d6918b7,"W", 11/11/2025 03:30:00 PM,"(UTC-07:00) Arizona",,,4535434.5,4509452.5,4561416.5,
PNTM9M2jMkKm3GLHpLiq3J4gE,"","North Campus",6c2573ce-592a-4519-989c-2fd21d6918b7,"W", 11/11/2025 03:45:00 PM,"(UTC-07:00) Arizona",,,4522245.5,4522245.5,4522245.5,
PNTM9M2jMkKm3GLHpLiq3J4gE,"","North Campus",6c2573ce-592a-4519-989c-2fd21d6918b7,"W", 11/11/2025 04:00:00 PM,"(UTC-07:00) Arizona",,,4511630.25,4502300.5,4520960,
PNTM9M2jMkKm3GLHpLiq3J4gE,"","North Campus",6c2573ce-592a-4519-989c-2fd21d6918b7,"W", 11/11/2025 04:15:00 PM,"(UTC-07:00) Arizona",,,4534953,4534953,4534953,
PNTM9M2jMkKm3GLHpLiq3J4gE,"","North Campus",6c2573ce-592a-4519-989c-2fd21d6918b7,"W", 11/11/2025 04:30:00 PM,"(UTC-07:00) Arizona",,,4589316,4589316,4589316,
PNTM9M2jMkKm3GLHpLiq3J4gE,"","North Campus",6c2573ce-592a-4519-989c-2fd21d6918b7,"W", 11/11/2025 04:45:00 PM,"(UTC-07:00) Arizona",,,4538053.25,4521941.5,4554165,
PNTM9M2jMkKm3GLHpLiq3J4gE,"","North Campus",6c2573ce-592a-4519-989c-2fd21d6918b7,"W", 11/11/2025 05:00:00 PM,"(UTC-07:00) Arizona",,,4506069.5,4506069.5,4506069.5,
PNTM9M2jMkKm3GLHpLiq3J4gE,"","North Campus",6c2573ce-592a-4519-989c-2fd21d6918b7,"W", 11/11/2025 05:15:00 PM,"(UTC-07:00) Arizona",,,4511172,4511172,4511172,
PNTM9M2jMkKm3GLHpLiq3J4gE,"","North Campus",6c2573ce-592a-4519-989c-2fd21d6918b7,"W", 11/11/2025 05:30:00 PM,"(UTC-07:00) Arizona",,,4520267,4495392.5,4545141.5,
PNTM9M2jMkKm3GLHpLiq3J4gE,"","North Campus",6c2573ce-592a-4519-989c-2fd21d6918b7,"W", 11/11/2025 05:45:00 PM,"(UTC-07:00) Arizona",,,4528488.5,4528488.5,4528488.5,
PNTM9M2jMkKm3GLHpLiq3J4gE,"","North Campus",6c2573ce-592a-4519-989c-2fd21d6918b7,"W", 11/11/2025 06:00:00 PM,"(UTC-07:00) Arizona",,,4425181.5,4423432,4426931,
PNTM9M2jMkKm3GLHpLiq3J4gE,"","North Campus",6c2573ce-592a-4519-989c-2fd21d6918b7,"W", 11/11/2025 06:15:00 PM,"(UTC-07:00) Arizona",,,4480555.5,4480555.5,4480555.5,
PNTM9M2jMkKm3GLHpLiq3J4gE,"","North Campus",6c2573ce-592a-4519-989c-2fd21d6918b7,"W", 11/11/2025 06:30:00 PM,"(UTC-07:00) Arizona",,,4423469,4423469,4423469,
PNTM9M2jMkKm3GLHpLiq3J4gE,"","North Campus",6c2573ce-592a-4519-989c-2fd21d6918b7,"W", 11/11/2025 06:45:00 PM,"(UTC-07:00) Arizona",,,4368864.25,4362136,4375592.5,
PNTM9M2jMkKm3GLHpLiq3J4gE,"","North Campus",6c2573ce-592a-4519-989c-2fd21d6918b7,"W", 11/11/2025 07:00:00 PM,"(UTC-07:00) Arizona",,,4307352,4307352,4307352,
PNTM9M2jMkKm3GLHpLiq3J4gE,"","North Campus",6c2573ce-592a-4519-989c-2fd21d6918b7,"W", 11/11/2025 07:15:00 PM,"(UTC-07:00) Arizona",,,4259635,4259635,4259635,
PNTM9M2jMkKm3GLHpLiq3J4gE,"","North Campus",6c2573ce-592a-4519-989c-2fd21d6918b7,"W", 11/11/2025 07:30:00 PM,"(UTC-07:00) Arizona",,,4212540,4212540,4212540,
PNTM9M2jMkKm3GLHpLiq3J4gE,"","North Campus",6c2573ce-592a-4519-989c-2fd21d6918b7,"W", 11/11/2025 07:45:00 PM,"(UTC-07:00) Arizona",,,4241744.5,4241744.5,4241744.5,
PNTM9M2jMkKm3GLHpLiq3J4gE,"","North Campus",6c2573ce-592a-4519-989c-2fd21d6918b7,"W", 11/11/2025 08:00:00 PM,"(UTC-07:00) Arizona",,,4182346.5,4174290.2,4190402.8,
PNTM9M2jMkKm3GLHpLiq3J4gE,"","North Campus",6c2573ce-592a-4519-989c-2fd21d6918b7,"W", 11/11/2025 08:15:00 PM,"(UTC-07:00) Arizona",,,4071335.6,4043478,4099193.2,
PNTM9M2jMkKm3GLHpLiq3J4gE,"","North Campus",6c2573ce-592a-4519-989c-2fd21d6918b7,"W", 11/11/2025 08:30:00 PM,"(UTC-07:00) Arizona",,,4109362.2,4109362.2,4109362.2,
PNTM9M2jMkKm3GLHpLiq3J4gE,"","North Campus",6c2573ce-592a-4519-989c-2fd21d6918b7,"W", 11/11/2025 08:45:00 PM,"(UTC-07:00) Arizona",,,4000763.5,4000763.5,4000763.5,
PNTM9M2jMkKm3GLHpLiq3J4gE,"","North Campus",6c2573ce-592a-4519-989c-2fd21d6918b7,"W", 11/11/2025 09:00:00 PM,"(UTC-07:00) Arizona",,,3910690,3910690,3910690,
PNTM9M2jMkKm3GLHpLiq3J4gE,"","North Campus",6c2573ce-592a-4519-989c-2fd21d6918b7,"W", 11/11/2025 09:15:00 PM,"(UTC-07:00) Arizona",,,3947241.2,3947241.2,3947241.2,
PNTM9M2jMkKm3GLHpLiq3J4gE,"","North Campus",6c2573ce-592a-4519-989c-2fd21d6918b7,"W", 11/11/2025 09:30:00 PM,"(UTC-07:00) Arizona",,,3939918.8,3939918.8,3939918.8,
PNTM9M2jMkKm3GLHpLiq3J4gE,"","North Campus",6c2573ce-592a-4519-989c-2fd21d6918b7,"W", 11/11/2025 09:45:00 PM,"(UTC-07:00) Arizona",,,3959824.85,3943548.5,3976101.2,
PNTM9M2jMkKm3GLHpLiq3J4gE,"","North Campus",6c2573ce-592a-4519-989c-2fd21d6918b7,"W", 11/11/2025 10:00:00 PM,"(UTC-07:00) Arizona",,,3763648,3763648,3763648,
PNTM9M2jMkKm3GLHpLiq3J4gE,"","North Campus",6c2573ce-592a-4519-989c-2fd21d6918b7,"W", 11/11/2025 10:15:00 PM,"(UTC-07:00) Arizona",,,3780453.2,3780453.2,3780453.2,
PNTM9M2jMkKm3GLHpLiq3J4gE,"","North Campus",6c2573ce-592a-4519-989c-2fd21d6918b7,"W", 11/11/2025 10:30:00 PM,"(UTC-07:00) Arizona",,,3762404.8,3762404.8,3762404.8,
PNTM9M2jMkKm3GLHpLiq3J4gE,"","North Campus",6c2573ce-592a-4519-989c-2fd21d6918b7,"W", 11/11/2025 10:45:00 PM,"(UTC-07:00) Arizona",,,3701217.25,3692854,3709580.5,
PNTM9M2jMkKm3GLHpLiq3J4gE,"","North Campus",6c2573ce-592a-4519-989c-2fd21d6918b7,"W", 11/11/2025 11:00:00 PM,"(UTC-07:00) Arizona",,,3592805.2,3592805.2,3592805.2,
PNTM9M2jMkKm3GLHpLiq3J4gE,"","North Campus",6c2573ce-592a-4519-989c-2fd21d6918b7,"W", 11/11/2025 11:15:00 PM,"(UTC-07:00) Arizona",,,3560618.5,3560618.5,3560618.5,
PNTM9M2jMkKm3GLHpLiq3J4gE,"","North Campus",6c2573ce-592a-4519-989c-2fd21d6918b7,"W", 11/11/2025 11:30:00 PM,"(UTC-07:00) Arizona",,,3514723.15,3506955.8,3522490.5,
PNTM9M2jMkKm3GLHpLiq3J4gE,"","North Campus",6c2573ce-592a-4519-989c-2fd21d6918b7,"W", 11/11/2025 11:45:00 PM,"(UTC-07:00) Arizona",,,3483920.5,3483920.5,3483920.5,
PNTM9M2jMkKm3GLHpLiq3J4gE,"","North Campus",6c2573ce-592a-4519-989c-2fd21d6918b7,"W", 11/12/2025 12:00:00 AM,"(UTC-07:00) Arizona",,,3437605.8,3437605.8,3437605.8,
PNTM9M2jMkKm3GLHpLiq3J4gE,"","North Campus",6c2573ce-592a-4519-989c-2fd21d6918b7,"W", 11/12/2025 12:15:00 AM,"(UTC-07:00) Arizona",,,3403159.2,3403159.2,3403159.2,
PNTM9M2jMkKm3GLHpLiq3J4gE,"","North Campus",6c2573ce-592a-4519-989c-2fd21d6918b7,"W", 11/12/2025 12:30:00 AM,"(UTC-07:00) Arizona",,,3396105,3396105,3396105,
PNTM9M2jMkKm3GLHpLiq3J4gE,"","North Campus",6c2573ce-592a-4519-989c-2fd21d6918b7,"W", 11/12/2025 12:45:00 AM,"(UTC-07:00) Arizona",,,3396769.75,3371526,3422013.5,
PNTM9M2jMkKm3GLHpLiq3J4gE,"","North Campus",6c2573ce-592a-4519-989c-2fd21d6918b7,"W", 11/12/2025 01:00:00 AM,"(UTC-07:00) Arizona",,,3308392.5,3308392.5,3308392.5,
PNTM9M2jMkKm3GLHpLiq3J4gE,"","North Campus",6c2573ce-592a-4519-989c-2fd21d6918b7,"W", 11/12/2025 01:15:00 AM,"(UTC-07:00) Arizona",,,3334138,3334138,3334138,
PNTM9M2jMkKm3GLHpLiq3J4gE,"","North Campus",6c2573ce-592a-4519-989c-2fd21d6918b7,"W", 11/12/2025 01:30:00 AM,"(UTC-07:00) Arizona",,,3304679.4,3287369,3321989.8,
PNTM9M2jMkKm3GLHpLiq3J4gE,"","North Campus",6c2573ce-592a-4519-989c-2fd21d6918b7,"W", 11/12/2025 01:45:00 AM,"(UTC-07:00) Arizona",,,3308163.2,3308163.2,3308163.2,
PNTM9M2jMkKm3GLHpLiq3J4gE,"","North Campus",6c2573ce-592a-4519-989c-2fd21d6918b7,"W", 11/12/2025 02:00:00 AM,"(UTC-07:00) Arizona",,,3269361.5,3269361.5,3269361.5,
PNTM9M2jMkKm3GLHpLiq3J4gE,"","North Campus",6c2573ce-592a-4519-989c-2fd21d6918b7,"W", 11/12/2025 02:15:00 AM,"(UTC-07:00) Arizona",,,3276172,3276172,3276172,
PNTM9M2jMkKm3GLHpLiq3J4gE,"","North Campus",6c2573ce-592a-4519-989c-2fd21d6918b7,"W", 11/12/2025 02:30:00 AM,"(UTC-07:00) Arizona",,,3278519.75,3272908,3284131.5,
PNTM9M2jMkKm3GLHpLiq3J4gE,"","North Campus",6c2573ce-592a-4519-989c-2fd21d6918b7,"W", 11/12/2025 02:45:00 AM,"(UTC-07:00) Arizona",,,3286475,3286475,3286475,
PNTM9M2jMkKm3GLHpLiq3J4gE,"","North Campus",6c2573ce-592a-4519-989c-2fd21d6918b7,"W", 11/12/2025 03:00:00 AM,"(UTC-07:00) Arizona",,,3269101,3269101,3269101,
PNTM9M2jMkKm3GLHpLiq3J4gE,"","North Campus",6c2573ce-592a-4519-989c-2fd21d6918b7,"W", 11/12/2025 03:15:00 AM,"(UTC-07:00) Arizona",,,3267838.15,3266640.5,3269035.8,
PNTM9M2jMkKm3GLHpLiq3J4gE,"","North Campus",6c2573ce-592a-4519-989c-2fd21d6918b7,"W", 11/12/2025 03:30:00 AM,"(UTC-07:00) Arizona",,,3302727,3302727,3302727,
PNTM9M2jMkKm3GLHpLiq3J4gE,"","North Campus",6c2573ce-592a-4519-989c-2fd21d6918b7,"W", 11/12/2025 03:45:00 AM,"(UTC-07:00) Arizona",,,3271005.85,3254128.2,3287883.5,
PNTM9M2jMkKm3GLHpLiq3J4gE,"","North Campus",6c2573ce-592a-4519-989c-2fd21d6918b7,"W", 11/12/2025 04:00:00 AM,"(UTC-07:00) Arizona",,,3400181.2,3400181.2,3400181.2,
PNTM9M2jMkKm3GLHpLiq3J4gE,"","North Campus",6c2573ce-592a-4519-989c-2fd21d6918b7,"W", 11/12/2025 04:15:00 AM,"(UTC-07:00) Arizona",,,3420508,3406798.2,3434217.8,
PNTM9M2jMkKm3GLHpLiq3J4gE,"","North Campus",6c2573ce-592a-4519-989c-2fd21d6918b7,"W", 11/12/2025 04:30:00 AM,"(UTC-07:00) Arizona",,,3451394,3451394,3451394,
PNTM9M2jMkKm3GLHpLiq3J4gE,"","North Campus",6c2573ce-592a-4519-989c-2fd21d6918b7,"W", 11/12/2025 04:45:00 AM,"(UTC-07:00) Arizona",,,3420984.85,3419126.5,3422843.2,
PNTM9M2jMkKm3GLHpLiq3J4gE,"","North Campus",6c2573ce-592a-4519-989c-2fd21d6918b7,"W", 11/12/2025 05:00:00 AM,"(UTC-07:00) Arizona",,,3502625,3502625,3502625,
PNTM9M2jMkKm3GLHpLiq3J4gE,"","North Campus",6c2573ce-592a-4519-989c-2fd21d6918b7,"W", 11/12/2025 05:15:00 AM,"(UTC-07:00) Arizona",,,3471804.5,3471804.5,3471804.5,
PNTM9M2jMkKm3GLHpLiq3J4gE,"","North Campus",6c2573ce-592a-4519-989c-2fd21d6918b7,"W", 11/12/2025 05:30:00 AM,"(UTC-07:00) Arizona",,,3472668,3463812,3481524,
PNTM9M2jMkKm3GLHpLiq3J4gE,"","North Campus",6c2573ce-592a-4519-989c-2fd21d6918b7,"W", 11/12/2025 05:45:00 AM,"(UTC-07:00) Arizona",,,3556962.733333333,3516665.2,3616162.8,
PNTM9M2jMkKm3GLHpLiq3J4gE,"","North Campus",6c2573ce-592a-4519-989c-2fd21d6918b7,"W", 11/12/2025 06:00:00 AM,"(UTC-07:00) Arizona",,,3676826.5,3676826.5,3676826.5,
PNTM9M2jMkKm3GLHpLiq3J4gE,"","North Campus",6c2573ce-592a-4519-989c-2fd21d6918b7,"W", 11/12/2025 06:15:00 AM,"(UTC-07:00) Arizona",,,3762115.1,3748135,3775073.5,
PNTM9M2jMkKm3GLHpLiq3J4gE,"","North Campus",6c2573ce-592a-4519-989c-2fd21d6918b7,"W", 11/12/2025 06:30:00 AM,"(UTC-07:00) Arizona",,,3774960,3742675,3807245,
PNTM9M2jMkKm3GLHpLiq3J4gE,"","North Campus",6c2573ce-592a-4519-989c-2fd21d6918b7,"W", 11/12/2025 06:45:00 AM,"(UTC-07:00) Arizona",,,3795453.8,3795453.8,3795453.8,
PNTM9M2jMkKm3GLHpLiq3J4gE,"","North Campus",6c2573ce-592a-4519-989c-2fd21d6918b7,"W", 11/12/2025 07:00:00 AM,"(UTC-07:00) Arizona",,,4011905.65,3970804.8,4053006.5,
PNTM9M2jMkKm3GLHpLiq3J4gE,"","North Campus",6c2573ce-592a-4519-989c-2fd21d6918b7,"W", 11/12/2025 07:15:00 AM,"(UTC-07:00) Arizona",,,4008187.9,4003839,4012536.8,
PNTM9M2jMkKm3GLHpLiq3J4gE,"","North Campus",6c2573ce-592a-4519-989c-2fd21d6918b7,"W", 11/12/2025 07:30:00 AM,"(UTC-07:00) Arizona",,,4104030.2,4076735.2,4131325.2,
PNTM9M2jMkKm3GLHpLiq3J4gE,"","North Campus",6c2573ce-592a-4519-989c-2fd21d6918b7,"W", 11/12/2025 07:45:00 AM,"(UTC-07:00) Arizona",,,4192230.5,4192230.5,4192230.5,
PNTM9M2jMkKm3GLHpLiq3J4gE,"","North Campus",6c2573ce-592a-4519-989c-2fd21d6918b7,"W", 11/12/2025 08:00:00 AM,"(UTC-07:00) Arizona",,,4235460.1,4192665.2,4278255,
PNTM9M2jMkKm3GLHpLiq3J4gE,"","North Campus",6c2573ce-592a-4519-989c-2fd21d6918b7,"W", 11/12/2025 08:15:00 AM,"(UTC-07:00) Arizona",,,4339071.25,4333883.5,4344259,
PNTM9M2jMkKm3GLHpLiq3J4gE,"","North Campus",6c2573ce-592a-4519-989c-2fd21d6918b7,"W", 11/12/2025 08:30:00 AM,"(UTC-07:00) Arizona",,,4366128.75,4338388.5,4393869,
PNTM9M2jMkKm3GLHpLiq3J4gE,"","North Campus",6c2573ce-592a-4519-989c-2fd21d6918b7,"W", 11/12/2025 08:45:00 AM,"(UTC-07:00) Arizona",,,4359062.25,4313645,4404479.5,
PNTM9M2jMkKm3GLHpLiq3J4gE,"","North Campus",6c2573ce-592a-4519-989c-2fd21d6918b7,"W", 11/12/2025 09:00:00 AM,"(UTC-07:00) Arizona",,,4548626.5,4530978.5,4566274.5,
PNTM9M2jMkKm3GLHpLiq3J4gE,"","North Campus",6c2573ce-592a-4519-989c-2fd21d6918b7,"W", 11/12/2025 09:15:00 AM,"(UTC-07:00) Arizona",,,4538750.25,4531615,4545885.5,
PNTM9M2jMkKm3GLHpLiq3J4gE,"","North Campus",6c2573ce-592a-4519-989c-2fd21d6918b7,"W", 11/12/2025 09:30:00 AM,"(UTC-07:00) Arizona",,,4531544,4531544,4531544,
PNTM9M2jMkKm3GLHpLiq3J4gE,"","North Campus",6c2573ce-592a-4519-989c-2fd21d6918b7,"W", 11/12/2025 09:45:00 AM,"(UTC-07:00) Arizona",,,4591251,4583131,4599371,
PNTM9M2jMkKm3GLHpLiq3J4gE,"","North Campus",6c2573ce-592a-4519-989c-2fd21d6918b7,"W", 11/12/2025 10:00:00 AM,"(UTC-07:00) Arizona",,,4690593.75,4678137,4703050.5,
PNTM9M2jMkKm3GLHpLiq3J4gE,"","North Campus",6c2573ce-592a-4519-989c-2fd21d6918b7,"W", 11/12/2025 10:15:00 AM,"(UTC-07:00) Arizona",,,4717155.833333333,4693862.5,4757507.5,
PNTM9M2jMkKm3GLHpLiq3J4gE,"","North Campus",6c2573ce-592a-4519-989c-2fd21d6918b7,"W", 11/12/2025 10:30:00 AM,"(UTC-07:00) Arizona",,,4808343.5,4808343.5,4808343.5,
PNTM9M2jMkKm3GLHpLiq3J4gE,"","North Campus",6c2573ce-592a-4519-989c-2fd21d6918b7,"W", 11/12/2025 10:45:00 AM,"(UTC-07:00) Arizona",,,4846609.166666667,4775060.5,4884797,
PNTM9M2jMkKm3GLHpLiq3J4gE,"","North Campus",6c2573ce-592a-4519-989c-2fd21d6918b7,"W", 11/12/2025 11:00:00 AM,"(UTC-07:00) Arizona",,,5041485,4977666.5,5105303.5,
PNTM9M2jMkKm3GLHpLiq3J4gE,"","North Campus",6c2573ce-592a-4519-989c-2fd21d6918b7,"W", 11/12/2025 11:15:00 AM,"(UTC-07:00) Arizona",,,5216083.75,5173988,5258179.5,
PNTM9M2jMkKm3GLHpLiq3J4gE,"","North Campus",6c2573ce-592a-4519-989c-2fd21d6918b7,"W", 11/12/2025 11:30:00 AM,"(UTC-07:00) Arizona",,,5211332,5188048.5,5234615.5,
PNTM9M2jMkKm3GLHpLiq3J4gE,"","North Campus",6c2573ce-592a-4519-989c-2fd21d6918b7,"W", 11/12/2025 11:45:00 AM,"(UTC-07:00) Arizona",,,5127701.75,5103519,5151884.5,
PNTM9M2jMkKm3GLHpLiq3J4gE,"","North Campus",6c2573ce-592a-4519-989c-2fd21d6918b7,"W", 11/12/2025 12:00:00 PM,"(UTC-07:00) Arizona",,,5096466.25,5085774.5,5107158,
PNTM9M2jMkKm3GLHpLiq3J4gE,"","North Campus",6c2573ce-592a-4519-989c-2fd21d6918b7,"W", 11/12/2025 12:15:00 PM,"(UTC-07:00) Arizona",,,5039983.75,5009041,5070926.5,
PNTM9M2jMkKm3GLHpLiq3J4gE,"","North Campus",6c2573ce-592a-4519-989c-2fd21d6918b7,"W", 11/12/2025 12:30:00 PM,"(UTC-07:00) Arizona",,,5064687,5000090,5129284,
PNTM9M2jMkKm3GLHpLiq3J4gE,"","North Campus",6c2573ce-592a-4519-989c-2fd21d6918b7,"W", 11/12/2025 12:45:00 PM,"(UTC-07:00) Arizona",,,5116147.75,5080123,5152172.5,
PNTM9M2jMkKm3GLHpLiq3J4gE,"","North Campus",6c2573ce-592a-4519-989c-2fd21d6918b7,"W", 11/12/2025 01:00:00 PM,"(UTC-07:00) Arizona",,,5100204,5098771.5,5101636.5,
PNTM9M2jMkKm3GLHpLiq3J4gE,"","North Campus",6c2573ce-592a-4519-989c-2fd21d6918b7,"W", 11/12/2025 01:15:00 PM,"(UTC-07:00) Arizona",,,5004497.75,4995591,5013404.5,
PNTM9M2jMkKm3GLHpLiq3J4gE,"","North Campus",6c2573ce-592a-4519-989c-2fd21d6918b7,"W", 11/12/2025 01:30:00 PM,"(UTC-07:00) Arizona",,,5061298,5061298,5061298,
PNTM9M2jMkKm3GLHpLiq3J4gE,"","North Campus",6c2573ce-592a-4519-989c-2fd21d6918b7,"W", 11/12/2025 01:45:00 PM,"(UTC-07:00) Arizona",,,5119046.666666667,5036874,5164227.5,
PNTM9M2jMkKm3GLHpLiq3J4gE,"","North Campus",6c2573ce-592a-4519-989c-2fd21d6918b7,"W", 11/12/2025 02:00:00 PM,"(UTC-07:00) Arizona",,,4955813,4955813,4955813,
PNTM9M2jMkKm3GLHpLiq3J4gE,"","North Campus",6c2573ce-592a-4519-989c-2fd21d6918b7,"W", 11/12/2025 02:15:00 PM,"(UTC-07:00) Arizona",,,4992607.5,4965144,5020071,
PNTM9M2jMkKm3GLHpLiq3J4gE,"","North Campus",6c2573ce-592a-4519-989c-2fd21d6918b7,"W", 11/12/2025 02:30:00 PM,"(UTC-07:00) Arizona",,,4987596,4927859,5047333,
PNTM9M2jMkKm3GLHpLiq3J4gE,"","North Campus",6c2573ce-592a-4519-989c-2fd21d6918b7,"W", 11/12/2025 02:45:00 PM,"(UTC-07:00) Arizona",,,5081346.333333333,5067930,5100905.5,
PNTM9M2jMkKm3GLHpLiq3J4gE,"","North Campus",6c2573ce-592a-4519-989c-2fd21d6918b7,"W", 11/12/2025 03:00:00 PM,"(UTC-07:00) Arizona",,,5093414.5,5069778,5117051,
PNTM9M2jMkKm3GLHpLiq3J4gE,"","North Campus",6c2573ce-592a-4519-989c-2fd21d6918b7,"W", 11/12/2025 03:15:00 PM,"(UTC-07:00) Arizona",,,5028345.25,5011553.5,5045137,
PNTM9M2jMkKm3GLHpLiq3J4gE,"","North Campus",6c2573ce-592a-4519-989c-2fd21d6918b7,"W", 11/12/2025 03:30:00 PM,"(UTC-07:00) Arizona",,,5036610.666666667,5023393.5,5054281,
PNTM9M2jMkKm3GLHpLiq3J4gE,"","North Campus",6c2573ce-592a-4519-989c-2fd21d6918b7,"W", 11/12/2025 03:45:00 PM,"(UTC-07:00) Arizona",,,5096950.75,5093243,5100658.5,
PNTM9M2jMkKm3GLHpLiq3J4gE,"","North Campus",6c2573ce-592a-4519-989c-2fd21d6918b7,"W", 11/12/2025 04:00:00 PM,"(UTC-07:00) Arizona",,,5093638,5079360.5,5110664,
PNTM9M2jMkKm3GLHpLiq3J4gE,"","North Campus",6c2573ce-592a-4519-989c-2fd21d6918b7,"W", 11/12/2025 04:15:00 PM,"(UTC-07:00) Arizona",,,5076351.5,5053724,5098979,
PNTM9M2jMkKm3GLHpLiq3J4gE,"","North Campus",6c2573ce-592a-4519-989c-2fd21d6918b7,"W", 11/12/2025 04:30:00 PM,"(UTC-07:00) Arizona",,,5085278.5,5054319.5,5116237.5,
PNTM9M2jMkKm3GLHpLiq3J4gE,"","North Campus",6c2573ce-592a-4519-989c-2fd21d6918b7,"W", 11/12/2025 04:45:00 PM,"(UTC-07:00) Arizona",,,5114505,5084684.5,5144325.5,
PNTM9M2jMkKm3GLHpLiq3J4gE,"","North Campus",6c2573ce-592a-4519-989c-2fd21d6918b7,"W", 11/12/2025 05:00:00 PM,"(UTC-07:00) Arizona",,,4930504.75,4925858,4935151.5,
PNTM9M2jMkKm3GLHpLiq3J4gE,"","North Campus",6c2573ce-592a-4519-989c-2fd21d6918b7,"W", 11/12/2025 05:15:00 PM,"(UTC-07:00) Arizona",,,4977017,4945991,5009362,
PNTM9M2jMkKm3GLHpLiq3J4gE,"","North Campus",6c2573ce-592a-4519-989c-2fd21d6918b7,"W", 11/12/2025 05:30:00 PM,"(UTC-07:00) Arizona",,,5011703.75,4961848,5061559.5,
PNTM9M2jMkKm3GLHpLiq3J4gE,"","North Campus",6c2573ce-592a-4519-989c-2fd21d6918b7,"W", 11/12/2025 05:45:00 PM,"(UTC-07:00) Arizona",,,4887669.25,4834467,4929352,
PNTM9M2jMkKm3GLHpLiq3J4gE,"","North Campus",6c2573ce-592a-4519-989c-2fd21d6918b7,"W", 11/12/2025 06:00:00 PM,"(UTC-07:00) Arizona",,,4794736.5,4751530.5,4829790,
PNTM9M2jMkKm3GLHpLiq3J4gE,"","North Campus",6c2573ce-592a-4519-989c-2fd21d6918b7,"W", 11/12/2025 06:15:00 PM,"(UTC-07:00) Arizona",,,4808691.5,4789475,4827908,
PNTM9M2jMkKm3GLHpLiq3J4gE,"","North Campus",6c2573ce-592a-4519-989c-2fd21d6918b7,"W", 11/12/2025 06:30:00 PM,"(UTC-07:00) Arizona",,,4746267.75,4695364.5,4797171,
PNTM9M2jMkKm3GLHpLiq3J4gE,"","North Campus",6c2573ce-592a-4519-989c-2fd21d6918b7,"W", 11/12/2025 06:45:00 PM,"(UTC-07:00) Arizona",,,4691001.5,4671912,4711615,
PNTM9M2jMkKm3GLHpLiq3J4gE,"","North Campus",6c2573ce-592a-4519-989c-2fd21d6918b7,"W", 11/12/2025 07:00:00 PM,"(UTC-07:00) Arizona",,,4598822.666666667,4573285,4620946,
PNTM9M2jMkKm3GLHpLiq3J4gE,"","North Campus",6c2573ce-592a-4519-989c-2fd21d6918b7,"W", 11/12/2025 07:15:00 PM,"(UTC-07:00) Arizona",,,4536058,4492449,4579667,
PNTM9M2jMkKm3GLHpLiq3J4gE,"","North Campus",6c2573ce-592a-4519-989c-2fd21d6918b7,"W", 11/12/2025 07:30:00 PM,"(UTC-07:00) Arizona",,,4500748.75,4468768.5,4532729,
PNTM9M2jMkKm3GLHpLiq3J4gE,"","North Campus",6c2573ce-592a-4519-989c-2fd21d6918b7,"W", 11/12/2025 07:45:00 PM,"(UTC-07:00) Arizona",,,4420160,4400759.5,4439560.5,
PNTM9M2jMkKm3GLHpLiq3J4gE,"","North Campus",6c2573ce-592a-4519-989c-2fd21d6918b7,"W", 11/12/2025 08:00:00 PM,"(UTC-07:00) Arizona",,,4362254.5,4362254.5,4362254.5,
PNTM9M2jMkKm3GLHpLiq3J4gE,"","North Campus",6c2573ce-592a-4519-989c-2fd21d6918b7,"W", 11/12/2025 08:15:00 PM,"(UTC-07:00) Arizona",,,4355446.333333333,4314807,4391880,
PNTM9M2jMkKm3GLHpLiq3J4gE,"","North Campus",6c2573ce-592a-4519-989c-2fd21d6918b7,"W", 11/12/2025 08:30:00 PM,"(UTC-07:00) Arizona",,,4263941.833333333,4214060,4328525,
PNTM9M2jMkKm3GLHpLiq3J4gE,"","North Campus",6c2573ce-592a-4519-989c-2fd21d6918b7,"W", 11/12/2025 08:45:00 PM,"(UTC-07:00) Arizona",,,4198251.35,4185704.2,4210798.5,
PNTM9M2jMkKm3GLHpLiq3J4gE,"","North Campus",6c2573ce-592a-4519-989c-2fd21d6918b7,"W", 11/12/2025 09:00:00 PM,"(UTC-07:00) Arizona",,,4132580,4105625.8,4159534.2,
PNTM9M2jMkKm3GLHpLiq3J4gE,"","North Campus",6c2573ce-592a-4519-989c-2fd21d6918b7,"W", 11/12/2025 09:15:00 PM,"(UTC-07:00) Arizona",,,4130307.2,4130307.2,4130307.2,
PNTM9M2jMkKm3GLHpLiq3J4gE,"","North Campus",6c2573ce-592a-4519-989c-2fd21d6918b7,"W", 11/12/2025 09:30:00 PM,"(UTC-07:00) Arizona",,,4107854.5,4067132,4148577,
PNTM9M2jMkKm3GLHpLiq3J4gE,"","North Campus",6c2573ce-592a-4519-989c-2fd21d6918b7,"W", 11/12/2025 09:45:00 PM,"(UTC-07:00) Arizona",,,4043101.5,4043101.5,4043101.5,
PNTM9M2jMkKm3GLHpLiq3J4gE,"","North Campus",6c2573ce-592a-4519-989c-2fd21d6918b7,"W", 11/12/2025 10:00:00 PM,"(UTC-07:00) Arizona",,,3940896,3922015.2,3959776.8,
PNTM9M2jMkKm3GLHpLiq3J4gE,"","North Campus",6c2573ce-592a-4519-989c-2fd21d6918b7,"W", 11/12/2025 10:15:00 PM,"(UTC-07:00) Arizona",,,3880288.8,3880288.8,3880288.8,
PNTM9M2jMkKm3GLHpLiq3J4gE,"","North Campus",6c2573ce-592a-4519-989c-2fd21d6918b7,"W", 11/12/2025 10:30:00 PM,"(UTC-07:00) Arizona",,,3843632.8,3843632.8,3843632.8,
PNTM9M2jMkKm3GLHpLiq3J4gE,"","North Campus",6c2573ce-592a-4519-989c-2fd21d6918b7,"W", 11/12/2025 10:45:00 PM,"(UTC-07:00) Arizona",,,3795206.233333333,3699948,3850179.2,
PNTM9M2jMkKm3GLHpLiq3J4gE,"","North Campus",6c2573ce-592a-4519-989c-2fd21d6918b7,"W", 11/12/2025 11:00:00 PM,"(UTC-07:00) Arizona",,,3679944.1,3679836.2,3680052,
PNTM9M2jMkKm3GLHpLiq3J4gE,"","North Campus",6c2573ce-592a-4519-989c-2fd21d6918b7,"W", 11/12/2025 11:15:00 PM,"(UTC-07:00) Arizona",,,3629670.35,3624626.5,3634714.2,
PNTM9M2jMkKm3GLHpLiq3J4gE,"","North Campus",6c2573ce-592a-4519-989c-2fd21d6918b7,"W", 11/12/2025 11:30:00 PM,"(UTC-07:00) Arizona",,,3594460.5,3573429,3615492,
PNTM9M2jMkKm3GLHpLiq3J4gE,"","North Campus",6c2573ce-592a-4519-989c-2fd21d6918b7,"W", 11/12/2025 11:45:00 PM,"(UTC-07:00) Arizona",,,3593347.15,3558875.8,3627818.5,
PNTM9M2jMkKm3GLHpLiq3J4gE,"","North Campus",6c2573ce-592a-4519-989c-2fd21d6918b7,"W", 11/13/2025 12:00:00 AM,"(UTC-07:00) Arizona",,,3521085.5,3493365,3548806,
PNTM9M2jMkKm3GLHpLiq3J4gE,"","North Campus",6c2573ce-592a-4519-989c-2fd21d6918b7,"W", 11/13/2025 12:15:00 AM,"(UTC-07:00) Arizona",,,3500084.6,3472469,3527700.2,
PNTM9M2jMkKm3GLHpLiq3J4gE,"","North Campus",6c2573ce-592a-4519-989c-2fd21d6918b7,"W", 11/13/2025 12:30:00 AM,"(UTC-07:00) Arizona",,,3473122.2,3473122.2,3473122.2,
PNTM9M2jMkKm3GLHpLiq3J4gE,"","North Campus",6c2573ce-592a-4519-989c-2fd21d6918b7,"W", 11/13/2025 12:45:00 AM,"(UTC-07:00) Arizona",,,3455983.4,3443892.8,3468074,
PNTM9M2jMkKm3GLHpLiq3J4gE,"","North Campus",6c2573ce-592a-4519-989c-2fd21d6918b7,"W", 11/13/2025 01:00:00 AM,"(UTC-07:00) Arizona",,,3434920.533333333,3393556.8,3460556.8,
PNTM9M2jMkKm3GLHpLiq3J4gE,"","North Campus",6c2573ce-592a-4519-989c-2fd21d6918b7,"W", 11/13/2025 01:15:00 AM,"(UTC-07:00) Arizona",,,3414031.4,3391037,3437025.8,
PNTM9M2jMkKm3GLHpLiq3J4gE,"","North Campus",6c2573ce-592a-4519-989c-2fd21d6918b7,"W", 11/13/2025 01:30:00 AM,"(UTC-07:00) Arizona",,,3359369.8,3359369.8,3359369.8,
PNTM9M2jMkKm3GLHpLiq3J4gE,"","North Campus",6c2573ce-592a-4519-989c-2fd21d6918b7,"W", 11/13/2025 01:45:00 AM,"(UTC-07:00) Arizona",,,3378617.25,3368783,3388451.5,
PNTM9M2jMkKm3GLHpLiq3J4gE,"","North Campus",6c2573ce-592a-4519-989c-2fd21d6918b7,"W", 11/13/2025 02:00:00 AM,"(UTC-07:00) Arizona",,,3336459.7,3324682.2,3348237.2,
PNTM9M2jMkKm3GLHpLiq3J4gE,"","North Campus",6c2573ce-592a-4519-989c-2fd21d6918b7,"W", 11/13/2025 02:15:00 AM,"(UTC-07:00) Arizona",,,3325155,3324381.2,3325928.8,
PNTM9M2jMkKm3GLHpLiq3J4gE,"","North Campus",6c2573ce-592a-4519-989c-2fd21d6918b7,"W", 11/13/2025 02:30:00 AM,"(UTC-07:00) Arizona",,,3312503.2,3312503.2,3312503.2,
PNTM9M2jMkKm3GLHpLiq3J4gE,"","North Campus",6c2573ce-592a-4519-989c-2fd21d6918b7,"W", 11/13/2025 02:45:00 AM,"(UTC-07:00) Arizona",,,3335174.8333333335,3318222.8,3347098.2,
PNTM9M2jMkKm3GLHpLiq3J4gE,"","North Campus",6c2573ce-592a-4519-989c-2fd21d6918b7,"W", 11/13/2025 03:00:00 AM,"(UTC-07:00) Arizona",,,3359100.2,3359100.2,3359100.2,
PNTM9M2jMkKm3GLHpLiq3J4gE,"","North Campus",6c2573ce-592a-4519-989c-2fd21d6918b7,"W", 11/13/2025 03:15:00 AM,"(UTC-07:00) Arizona",,,3352154.7,3332757.2,3371552.2,
PNTM9M2jMkKm3GLHpLiq3J4gE,"","North Campus",6c2573ce-592a-4519-989c-2fd21d6918b7,"W", 11/13/2025 03:30:00 AM,"(UTC-07:00) Arizona",,,3325043.1333333333,3303526.2,3346874,
PNTM9M2jMkKm3GLHpLiq3J4gE,"","North Campus",6c2573ce-592a-4519-989c-2fd21d6918b7,"W", 11/13/2025 03:45:00 AM,"(UTC-07:00) Arizona",,,3340873.4,3330143.2,3350904.8,
PNTM9M2jMkKm3GLHpLiq3J4gE,"","North Campus",6c2573ce-592a-4519-989c-2fd21d6918b7,"W", 11/13/2025 04:00:00 AM,"(UTC-07:00) Arizona",,,3363106.8,3363106.8,3363106.8,
PNTM9M2jMkKm3GLHpLiq3J4gE,"","North Campus",6c2573ce-592a-4519-989c-2fd21d6918b7,"W", 11/13/2025 04:15:00 AM,"(UTC-07:00) Arizona",,,3452574.2,3426242.2,3478906.2,
PNTM9M2jMkKm3GLHpLiq3J4gE,"","North Campus",6c2573ce-592a-4519-989c-2fd21d6918b7,"W", 11/13/2025 04:30:00 AM,"(UTC-07:00) Arizona",,,3483058.8333333335,3475637,3490270,
PNTM9M2jMkKm3GLHpLiq3J4gE,"","North Campus",6c2573ce-592a-4519-989c-2fd21d6918b7,"W", 11/13/2025 04:45:00 AM,"(UTC-07:00) Arizona",,,3480805.5,3470209.8,3491401.2,
PNTM9M2jMkKm3GLHpLiq3J4gE,"","North Campus",6c2573ce-592a-4519-989c-2fd21d6918b7,"W", 11/13/2025 05:00:00 AM,"(UTC-07:00) Arizona",,,3556850.3666666667,3543341.8,3564060.5,
PNTM9M2jMkKm3GLHpLiq3J4gE,"","North Campus",6c2573ce-592a-4519-989c-2fd21d6918b7,"W", 11/13/2025 05:15:00 AM,"(UTC-07:00) Arizona",,,3533325.5,3529226.5,3537424.5,
PNTM9M2jMkKm3GLHpLiq3J4gE,"","North Campus",6c2573ce-592a-4519-989c-2fd21d6918b7,"W", 11/13/2025 05:30:00 AM,"(UTC-07:00) Arizona",,,3543167.65,3535727.5,3550607.8,
PNTM9M2jMkKm3GLHpLiq3J4gE,"","North Campus",6c2573ce-592a-4519-989c-2fd21d6918b7,"W", 11/13/2025 05:45:00 AM,"(UTC-07:00) Arizona",,,3548557.75,3518950,3578165.5,
PNTM9M2jMkKm3GLHpLiq3J4gE,"","North Campus",6c2573ce-592a-4519-989c-2fd21d6918b7,"W", 11/13/2025 06:00:00 AM,"(UTC-07:00) Arizona",,,3729130.15,3718511.8,3739748.5,
PNTM9M2jMkKm3GLHpLiq3J4gE,"","North Campus",6c2573ce-592a-4519-989c-2fd21d6918b7,"W", 11/13/2025 06:15:00 AM,"(UTC-07:00) Arizona",,,3847605.8,3847605.8,3847605.8,
PNTM9M2jMkKm3GLHpLiq3J4gE,"","North Campus",6c2573ce-592a-4519-989c-2fd21d6918b7,"W", 11/13/2025 06:30:00 AM,"(UTC-07:00) Arizona",,,3799763,3769073.5,3830452.5,
PNTM9M2jMkKm3GLHpLiq3J4gE,"","North Campus",6c2573ce-592a-4519-989c-2fd21d6918b7,"W", 11/13/2025 06:45:00 AM,"(UTC-07:00) Arizona",,,3890858.65,3867533.5,3914183.8,
PNTM9M2jMkKm3GLHpLiq3J4gE,"","North Campus",6c2573ce-592a-4519-989c-2fd21d6918b7,"W", 11/13/2025 07:00:00 AM,"(UTC-07:00) Arizona",,,4058539.6,4038588.8,4079996.2,
PNTM9M2jMkKm3GLHpLiq3J4gE,"","North Campus",6c2573ce-592a-4519-989c-2fd21d6918b7,"W", 11/13/2025 07:15:00 AM,"(UTC-07:00) Arizona",,,4139991.4,4084194.8,4195788,
PNTM9M2jMkKm3GLHpLiq3J4gE,"","North Campus",6c2573ce-592a-4519-989c-2fd21d6918b7,"W", 11/13/2025 07:30:00 AM,"(UTC-07:00) Arizona",,,4219342,4202770,4235914,
PNTM9M2jMkKm3GLHpLiq3J4gE,"","North Campus",6c2573ce-592a-4519-989c-2fd21d6918b7,"W", 11/13/2025 07:45:00 AM,"(UTC-07:00) Arizona",,,4297469.5,4297469.5,4297469.5,
PNTM9M2jMkKm3GLHpLiq3J4gE,"","North Campus",6c2573ce-592a-4519-989c-2fd21d6918b7,"W", 11/13/2025 08:00:00 AM,"(UTC-07:00) Arizona",,,4273629.5,4258238,4289021,
PNTM9M2jMkKm3GLHpLiq3J4gE,"","North Campus",6c2573ce-592a-4519-989c-2fd21d6918b7,"W", 11/13/2025 08:15:00 AM,"(UTC-07:00) Arizona",,,4375957,4346300.5,4405613.5,
PNTM9M2jMkKm3GLHpLiq3J4gE,"","North Campus",6c2573ce-592a-4519-989c-2fd21d6918b7,"W", 11/13/2025 08:30:00 AM,"(UTC-07:00) Arizona",,,4416586,4416586,4416586,
PNTM9M2jMkKm3GLHpLiq3J4gE,"","North Campus",6c2573ce-592a-4519-989c-2fd21d6918b7,"W", 11/13/2025 08:45:00 AM,"(UTC-07:00) Arizona",,,4394888,4377246.5,4412529.5,
PNTM9M2jMkKm3GLHpLiq3J4gE,"","North Campus",6c2573ce-592a-4519-989c-2fd21d6918b7,"W", 11/13/2025 09:00:00 AM,"(UTC-07:00) Arizona",,,4520764,4438902.5,4602625.5,
PNTM9M2jMkKm3GLHpLiq3J4gE,"","North Campus",6c2573ce-592a-4519-989c-2fd21d6918b7,"W", 11/13/2025 09:15:00 AM,"(UTC-07:00) Arizona",,,4514345.166666667,4467058,4553037.5,
PNTM9M2jMkKm3GLHpLiq3J4gE,"","North Campus",6c2573ce-592a-4519-989c-2fd21d6918b7,"W", 11/13/2025 09:30:00 AM,"(UTC-07:00) Arizona",,,4512357,4512357,4512357,
PNTM9M2jMkKm3GLHpLiq3J4gE,"","North Campus",6c2573ce-592a-4519-989c-2fd21d6918b7,"W", 11/13/2025 09:45:00 AM,"(UTC-07:00) Arizona",,,4516441,4508749,4524133,
PNTM9M2jMkKm3GLHpLiq3J4gE,"","North Campus",6c2573ce-592a-4519-989c-2fd21d6918b7,"W", 11/13/2025 10:00:00 AM,"(UTC-07:00) Arizona",,,4834509,4752972.5,4892563.5,
PNTM9M2jMkKm3GLHpLiq3J4gE,"","North Campus",6c2573ce-592a-4519-989c-2fd21d6918b7,"W", 11/13/2025 10:15:00 AM,"(UTC-07:00) Arizona",,,4631029,4566005,4696053,
PNTM9M2jMkKm3GLHpLiq3J4gE,"","North Campus",6c2573ce-592a-4519-989c-2fd21d6918b7,"W", 11/13/2025 10:30:00 AM,"(UTC-07:00) Arizona",,,4656216.25,4597566,4714866.5,
PNTM9M2jMkKm3GLHpLiq3J4gE,"","North Campus",6c2573ce-592a-4519-989c-2fd21d6918b7,"W", 11/13/2025 10:45:00 AM,"(UTC-07:00) Arizona",,,4737127.25,4676340,4797914.5,
PNTM9M2jMkKm3GLHpLiq3J4gE,"","North Campus",6c2573ce-592a-4519-989c-2fd21d6918b7,"W", 11/13/2025 11:00:00 AM,"(UTC-07:00) Arizona",,,4796807.5,4796807.5,4796807.5,
PNTM9M2jMkKm3GLHpLiq3J4gE,"","North Campus",6c2573ce-592a-4519-989c-2fd21d6918b7,"W", 11/13/2025 11:15:00 AM,"(UTC-07:00) Arizona",,,4896260.666666667,4848361,4967298.5,
PNTM9M2jMkKm3GLHpLiq3J4gE,"","North Campus",6c2573ce-592a-4519-989c-2fd21d6918b7,"W", 11/13/2025 11:30:00 AM,"(UTC-07:00) Arizona",,,4901732,4901732,4901732,
PNTM9M2jMkKm3GLHpLiq3J4gE,"","North Campus",6c2573ce-592a-4519-989c-2fd21d6918b7,"W", 11/13/2025 11:45:00 AM,"(UTC-07:00) Arizona",,,4943539.5,4928130,4958949,
PNTM9M2jMkKm3GLHpLiq3J4gE,"","North Campus",6c2573ce-592a-4519-989c-2fd21d6918b7,"W", 11/13/2025 12:00:00 PM,"(UTC-07:00) Arizona",,,4864480.25,4827462.5,4901498,
PNTM9M2jMkKm3GLHpLiq3J4gE,"","North Campus",6c2573ce-592a-4519-989c-2fd21d6918b7,"W", 11/13/2025 12:15:00 PM,"(UTC-07:00) Arizona",,,4897201.833333333,4822230.5,5022995,
PNTM9M2jMkKm3GLHpLiq3J4gE,"","North Campus",6c2573ce-592a-4519-989c-2fd21d6918b7,"W", 11/13/2025 12:30:00 PM,"(UTC-07:00) Arizona",,,4931009.25,4914305,4947713.5,
PNTM9M2jMkKm3GLHpLiq3J4gE,"","North Campus",6c2573ce-592a-4519-989c-2fd21d6918b7,"W", 11/13/2025 12:45:00 PM,"(UTC-07:00) Arizona",,,4972880.25,4936442,5009318.5,
PNTM9M2jMkKm3GLHpLiq3J4gE,"","North Campus",6c2573ce-592a-4519-989c-2fd21d6918b7,"W", 11/13/2025 01:00:00 PM,"(UTC-07:00) Arizona",,,4907814.166666667,4868139,4962608.5,
PNTM9M2jMkKm3GLHpLiq3J4gE,"","North Campus",6c2573ce-592a-4519-989c-2fd21d6918b7,"W", 11/13/2025 01:15:00 PM,"(UTC-07:00) Arizona",,,4935689.5,4935689.5,4935689.5,
PNTM9M2jMkKm3GLHpLiq3J4gE,"","North Campus",6c2573ce-592a-4519-989c-2fd21d6918b7,"W", 11/13/2025 01:30:00 PM,"(UTC-07:00) Arizona",,,4957308.75,4944413.5,4970204,
PNTM9M2jMkKm3GLHpLiq3J4gE,"","North Campus",6c2573ce-592a-4519-989c-2fd21d6918b7,"W", 11/13/2025 01:45:00 PM,"(UTC-07:00) Arizona",,,4997623.166666667,4847238,5091163,
PNTM9M2jMkKm3GLHpLiq3J4gE,"","North Campus",6c2573ce-592a-4519-989c-2fd21d6918b7,"W", 11/13/2025 02:00:00 PM,"(UTC-07:00) Arizona",,,5117082.5,5065885.5,5168279.5,
PNTM9M2jMkKm3GLHpLiq3J4gE,"","North Campus",6c2573ce-592a-4519-989c-2fd21d6918b7,"W", 11/13/2025 02:15:00 PM,"(UTC-07:00) Arizona",,,5081094.5,5074193,5087996,
PNTM9M2jMkKm3GLHpLiq3J4gE,"","North Campus",6c2573ce-592a-4519-989c-2fd21d6918b7,"W", 11/13/2025 02:30:00 PM,"(UTC-07:00) Arizona",,,5084017.833333333,4982444.5,5181487,
PNTM9M2jMkKm3GLHpLiq3J4gE,"","North Campus",6c2573ce-592a-4519-989c-2fd21d6918b7,"W", 11/13/2025 02:45:00 PM,"(UTC-07:00) Arizona",,,5151350,5151350,5151350,
PNTM9M2jMkKm3GLHpLiq3J4gE,"","North Campus",6c2573ce-592a-4519-989c-2fd21d6918b7,"W", 11/13/2025 03:00:00 PM,"(UTC-07:00) Arizona",,,5131696.333333333,5077326,5163008.5,
PNTM9M2jMkKm3GLHpLiq3J4gE,"","North Campus",6c2573ce-592a-4519-989c-2fd21d6918b7,"W", 11/13/2025 03:15:00 PM,"(UTC-07:00) Arizona",,,5103830,5066102.5,5141857.5,
PNTM9M2jMkKm3GLHpLiq3J4gE,"","North Campus",6c2573ce-592a-4519-989c-2fd21d6918b7,"W", 11/13/2025 03:30:00 PM,"(UTC-07:00) Arizona",,,5072043.5,5006499,5132079,
PNTM9M2jMkKm3GLHpLiq3J4gE,"","North Campus",6c2573ce-592a-4519-989c-2fd21d6918b7,"W", 11/13/2025 03:45:00 PM,"(UTC-07:00) Arizona",,,5114689.5,5039547.5,5165499,
PNTM9M2jMkKm3GLHpLiq3J4gE,"","North Campus",6c2573ce-592a-4519-989c-2fd21d6918b7,"W", 11/13/2025 04:00:00 PM,"(UTC-07:00) Arizona",,,5141862.833333333,5060731,5219106.5,
PNTM9M2jMkKm3GLHpLiq3J4gE,"","North Campus",6c2573ce-592a-4519-989c-2fd21d6918b7,"W", 11/13/2025 04:15:00 PM,"(UTC-07:00) Arizona",,,5117829.5,5038597,5197062,
PNTM9M2jMkKm3GLHpLiq3J4gE,"","North Campus",6c2573ce-592a-4519-989c-2fd21d6918b7,"W", 11/13/2025 04:30:00 PM,"(UTC-07:00) Arizona",,,5087837.166666667,5063945.5,5123118.5,
PNTM9M2jMkKm3GLHpLiq3J4gE,"","North Campus",6c2573ce-592a-4519-989c-2fd21d6918b7,"W", 11/13/2025 04:45:00 PM,"(UTC-07:00) Arizona",,,5041896,5007704,5076088,
PNTM9M2jMkKm3GLHpLiq3J4gE,"","North Campus",6c2573ce-592a-4519-989c-2fd21d6918b7,"W", 11/13/2025 05:00:00 PM,"(UTC-07:00) Arizona",,,4930738.5,4924967,4936510,
PNTM9M2jMkKm3GLHpLiq3J4gE,"","North Campus",6c2573ce-592a-4519-989c-2fd21d6918b7,"W", 11/13/2025 05:15:00 PM,"(UTC-07:00) Arizona",,,4932226.333333333,4873999.5,4972421.5,
PNTM9M2jMkKm3GLHpLiq3J4gE,"","North Campus",6c2573ce-592a-4519-989c-2fd21d6918b7,"W", 11/13/2025 05:30:00 PM,"(UTC-07:00) Arizona",,,4966163.25,4947328.5,4984998,
PNTM9M2jMkKm3GLHpLiq3J4gE,"","North Campus",6c2573ce-592a-4519-989c-2fd21d6918b7,"W", 11/13/2025 05:45:00 PM,"(UTC-07:00) Arizona",,,4876544.25,4872519,4880569.5,
PNTM9M2jMkKm3GLHpLiq3J4gE,"","North Campus",6c2573ce-592a-4519-989c-2fd21d6918b7,"W", 11/13/2025 06:00:00 PM,"(UTC-07:00) Arizona",,,4733131.166666667,4696976.5,4759591,
PNTM9M2jMkKm3GLHpLiq3J4gE,"","North Campus",6c2573ce-592a-4519-989c-2fd21d6918b7,"W", 11/13/2025 06:15:00 PM,"(UTC-07:00) Arizona",,,4787601,4755777,4819425,
PNTM9M2jMkKm3GLHpLiq3J4gE,"","North Campus",6c2573ce-592a-4519-989c-2fd21d6918b7,"W", 11/13/2025 06:30:00 PM,"(UTC-07:00) Arizona",,,4791815,4778318,4807316.5,
PNTM9M2jMkKm3GLHpLiq3J4gE,"","North Campus",6c2573ce-592a-4519-989c-2fd21d6918b7,"W", 11/13/2025 06:45:00 PM,"(UTC-07:00) Arizona",,,4727875.5,4715482,4740269,
PNTM9M2jMkKm3GLHpLiq3J4gE,"","North Campus",6c2573ce-592a-4519-989c-2fd21d6918b7,"W", 11/13/2025 07:00:00 PM,"(UTC-07:00) Arizona",,,4642525.25,4609589,4675461.5,
PNTM9M2jMkKm3GLHpLiq3J4gE,"","North Campus",6c2573ce-592a-4519-989c-2fd21d6918b7,"W", 11/13/2025 07:15:00 PM,"(UTC-07:00) Arizona",,,4603083.5,4603083.5,4603083.5,
PNTM9M2jMkKm3GLHpLiq3J4gE,"","North Campus",6c2573ce-592a-4519-989c-2fd21d6918b7,"W", 11/13/2025 07:30:00 PM,"(UTC-07:00) Arizona",,,4452456.5,4444204.5,4460708.5,
PNTM9M2jMkKm3GLHpLiq3J4gE,"","North Campus",6c2573ce-592a-4519-989c-2fd21d6918b7,"W", 11/13/2025 07:45:00 PM,"(UTC-07:00) Arizona",,,4483538,4461939.5,4505136.5,
PNTM9M2jMkKm3GLHpLiq3J4gE,"","North Campus",6c2573ce-592a-4519-989c-2fd21d6918b7,"W", 11/13/2025 08:00:00 PM,"(UTC-07:00) Arizona",,,4403101.666666667,4336806.5,4439663.5,
PNTM9M2jMkKm3GLHpLiq3J4gE,"","North Campus",6c2573ce-592a-4519-989c-2fd21d6918b7,"W", 11/13/2025 08:15:00 PM,"(UTC-07:00) Arizona",,,4304642,4304642,4304642,
PNTM9M2jMkKm3GLHpLiq3J4gE,"","North Campus",6c2573ce-592a-4519-989c-2fd21d6918b7,"W", 11/13/2025 08:30:00 PM,"(UTC-07:00) Arizona",,,4299698.75,4275367.5,4324030,
PNTM9M2jMkKm3GLHpLiq3J4gE,"","North Campus",6c2573ce-592a-4519-989c-2fd21d6918b7,"W", 11/13/2025 08:45:00 PM,"(UTC-07:00) Arizona",,,4205524.600000001,4164095.8,4232952.5,
PNTM9M2jMkKm3GLHpLiq3J4gE,"","North Campus",6c2573ce-592a-4519-989c-2fd21d6918b7,"W", 11/13/2025 09:00:00 PM,"(UTC-07:00) Arizona",,,4250873.25,4183145,4318601.5,
PNTM9M2jMkKm3GLHpLiq3J4gE,"","North Campus",6c2573ce-592a-4519-989c-2fd21d6918b7,"W", 11/13/2025 09:15:00 PM,"(UTC-07:00) Arizona",,,4105234.75,4098215.5,4112254,
PNTM9M2jMkKm3GLHpLiq3J4gE,"","North Campus",6c2573ce-592a-4519-989c-2fd21d6918b7,"W", 11/13/2025 09:30:00 PM,"(UTC-07:00) Arizona",,,4092629.25,4085462.5,4099796,
PNTM9M2jMkKm3GLHpLiq3J4gE,"","North Campus",6c2573ce-592a-4519-989c-2fd21d6918b7,"W", 11/13/2025 09:45:00 PM,"(UTC-07:00) Arizona",,,4025064.65,4008658.8,4041470.5,
PNTM9M2jMkKm3GLHpLiq3J4gE,"","North Campus",6c2573ce-592a-4519-989c-2fd21d6918b7,"W", 11/13/2025 10:00:00 PM,"(UTC-07:00) Arizona",,,3930561.4,3884672.5,3980559.2,
PNTM9M2jMkKm3GLHpLiq3J4gE,"","North Campus",6c2573ce-592a-4519-989c-2fd21d6918b7,"W", 11/13/2025 10:15:00 PM,"(UTC-07:00) Arizona",,,3855714.5,3851456.2,3859972.8,
PNTM9M2jMkKm3GLHpLiq3J4gE,"","North Campus",6c2573ce-592a-4519-989c-2fd21d6918b7,"W", 11/13/2025 10:30:00 PM,"(UTC-07:00) Arizona",,,3882540.4,3866647,3898433.8,
PNTM9M2jMkKm3GLHpLiq3J4gE,"","North Campus",6c2573ce-592a-4519-989c-2fd21d6918b7,"W", 11/13/2025 10:45:00 PM,"(UTC-07:00) Arizona",,,3830043.9,3825204.8,3834883,
PNTM9M2jMkKm3GLHpLiq3J4gE,"","North Campus",6c2573ce-592a-4519-989c-2fd21d6918b7,"W", 11/13/2025 11:00:00 PM,"(UTC-07:00) Arizona",,,3685108.533333333,3658964,3700024.8,
PNTM9M2jMkKm3GLHpLiq3J4gE,"","North Campus",6c2573ce-592a-4519-989c-2fd21d6918b7,"W", 11/13/2025 11:15:00 PM,"(UTC-07:00) Arizona",,,3644481.25,3640995,3647967.5,
PNTM9M2jMkKm3GLHpLiq3J4gE,"","North Campus",6c2573ce-592a-4519-989c-2fd21d6918b7,"W", 11/13/2025 11:30:00 PM,"(UTC-07:00) Arizona",,,3626948.3333333335,3589808,3654290.8,
PNTM9M2jMkKm3GLHpLiq3J4gE,"","North Campus",6c2573ce-592a-4519-989c-2fd21d6918b7,"W", 11/13/2025 11:45:00 PM,"(UTC-07:00) Arizona",,,3626450.7,3614210.2,3638691.2,
PNTM9M2jMkKm3GLHpLiq3J4gE,"","North Campus",6c2573ce-592a-4519-989c-2fd21d6918b7,"W", 11/14/2025 12:00:00 AM,"(UTC-07:00) Arizona",,,3567807.8,3560609.8,3575005.8,
PNTM9M2jMkKm3GLHpLiq3J4gE,"","North Campus",6c2573ce-592a-4519-989c-2fd21d6918b7,"W", 11/14/2025 12:15:00 AM,"(UTC-07:00) Arizona",,,3537523,3528011.8,3547034.2,
PNTM9M2jMkKm3GLHpLiq3J4gE,"","North Campus",6c2573ce-592a-4519-989c-2fd21d6918b7,"W", 11/14/2025 12:30:00 AM,"(UTC-07:00) Arizona",,,3487973.7,3481816.2,3494131.2,
PNTM9M2jMkKm3GLHpLiq3J4gE,"","North Campus",6c2573ce-592a-4519-989c-2fd21d6918b7,"W", 11/14/2025 12:45:00 AM,"(UTC-07:00) Arizona",,,3499917,3499917,3499917,
PNTM9M2jMkKm3GLHpLiq3J4gE,"","North Campus",6c2573ce-592a-4519-989c-2fd21d6918b7,"W", 11/14/2025 01:00:00 AM,"(UTC-07:00) Arizona",,,3473816,3459990.5,3487641.5,
PNTM9M2jMkKm3GLHpLiq3J4gE,"","North Campus",6c2573ce-592a-4519-989c-2fd21d6918b7,"W", 11/14/2025 01:15:00 AM,"(UTC-07:00) Arizona",,,3439001.65,3426023.5,3451979.8,
PNTM9M2jMkKm3GLHpLiq3J4gE,"","North Campus",6c2573ce-592a-4519-989c-2fd21d6918b7,"W", 11/14/2025 01:30:00 AM,"(UTC-07:00) Arizona",,,3390720.85,3389935.5,3391506.2,
PNTM9M2jMkKm3GLHpLiq3J4gE,"","North Campus",6c2573ce-592a-4519-989c-2fd21d6918b7,"W", 11/14/2025 01:45:00 AM,"(UTC-07:00) Arizona",,,3386095,3376282,3395908,
PNTM9M2jMkKm3GLHpLiq3J4gE,"","North Campus",6c2573ce-592a-4519-989c-2fd21d6918b7,"W", 11/14/2025 02:00:00 AM,"(UTC-07:00) Arizona",,,3351446.15,3339035.8,3363856.5,
PNTM9M2jMkKm3GLHpLiq3J4gE,"","North Campus",6c2573ce-592a-4519-989c-2fd21d6918b7,"W", 11/14/2025 02:15:00 AM,"(UTC-07:00) Arizona",,,3392754.35,3379865.5,3405643.2,
PNTM9M2jMkKm3GLHpLiq3J4gE,"","North Campus",6c2573ce-592a-4519-989c-2fd21d6918b7,"W", 11/14/2025 02:30:00 AM,"(UTC-07:00) Arizona",,,3379558.2,3351916.2,3407200.2,
PNTM9M2jMkKm3GLHpLiq3J4gE,"","North Campus",6c2573ce-592a-4519-989c-2fd21d6918b7,"W", 11/14/2025 02:45:00 AM,"(UTC-07:00) Arizona",,,3336226.75,3311805.5,3360648,
PNTM9M2jMkKm3GLHpLiq3J4gE,"","North Campus",6c2573ce-592a-4519-989c-2fd21d6918b7,"W", 11/14/2025 03:00:00 AM,"(UTC-07:00) Arizona",,,3350980.8,3348412.8,3353548.8,
PNTM9M2jMkKm3GLHpLiq3J4gE,"","North Campus",6c2573ce-592a-4519-989c-2fd21d6918b7,"W", 11/14/2025 03:15:00 AM,"(UTC-07:00) Arizona",,,3306625.3,3305479.8,3307770.8,
PNTM9M2jMkKm3GLHpLiq3J4gE,"","North Campus",6c2573ce-592a-4519-989c-2fd21d6918b7,"W", 11/14/2025 03:30:00 AM,"(UTC-07:00) Arizona",,,3325522.5,3321765.5,3329279.5,
PNTM9M2jMkKm3GLHpLiq3J4gE,"","North Campus",6c2573ce-592a-4519-989c-2fd21d6918b7,"W", 11/14/2025 03:45:00 AM,"(UTC-07:00) Arizona",,,3356509.5,3340554.2,3372464.8,
PNTM9M2jMkKm3GLHpLiq3J4gE,"","North Campus",6c2573ce-592a-4519-989c-2fd21d6918b7,"W", 11/14/2025 04:00:00 AM,"(UTC-07:00) Arizona",,,3434342.4,3425815.8,3442869,
PNTM9M2jMkKm3GLHpLiq3J4gE,"","North Campus",6c2573ce-592a-4519-989c-2fd21d6918b7,"W", 11/14/2025 04:15:00 AM,"(UTC-07:00) Arizona",,,3478151,3478151,3478151,
PNTM9M2jMkKm3GLHpLiq3J4gE,"","North Campus",6c2573ce-592a-4519-989c-2fd21d6918b7,"W", 11/14/2025 04:30:00 AM,"(UTC-07:00) Arizona",,,3481267.3333333335,3469665.8,3502100,
PNTM9M2jMkKm3GLHpLiq3J4gE,"","North Campus",6c2573ce-592a-4519-989c-2fd21d6918b7,"W", 11/14/2025 04:45:00 AM,"(UTC-07:00) Arizona",,,3525241.35,3522397.2,3528085.5,
PNTM9M2jMkKm3GLHpLiq3J4gE,"","North Campus",6c2573ce-592a-4519-989c-2fd21d6918b7,"W", 11/14/2025 05:00:00 AM,"(UTC-07:00) Arizona",,,3551323.75,3540826.5,3561821,
PNTM9M2jMkKm3GLHpLiq3J4gE,"","North Campus",6c2573ce-592a-4519-989c-2fd21d6918b7,"W", 11/14/2025 05:15:00 AM,"(UTC-07:00) Arizona",,,3543095.8,3543095.8,3543095.8,
PNTM9M2jMkKm3GLHpLiq3J4gE,"","North Campus",6c2573ce-592a-4519-989c-2fd21d6918b7,"W", 11/14/2025 05:30:00 AM,"(UTC-07:00) Arizona",,,3590451.25,3577097,3603805.5,
PNTM9M2jMkKm3GLHpLiq3J4gE,"","North Campus",6c2573ce-592a-4519-989c-2fd21d6918b7,"W", 11/14/2025 05:45:00 AM,"(UTC-07:00) Arizona",,,3660565.8,3660565.8,3660565.8,
PNTM9M2jMkKm3GLHpLiq3J4gE,"","North Campus",6c2573ce-592a-4519-989c-2fd21d6918b7,"W", 11/14/2025 06:00:00 AM,"(UTC-07:00) Arizona",,,3769689,3740279,3799099,
PNTM9M2jMkKm3GLHpLiq3J4gE,"","North Campus",6c2573ce-592a-4519-989c-2fd21d6918b7,"W", 11/14/2025 06:15:00 AM,"(UTC-07:00) Arizona",,,3865773.5,3865773.5,3865773.5,
PNTM9M2jMkKm3GLHpLiq3J4gE,"","North Campus",6c2573ce-592a-4519-989c-2fd21d6918b7,"W", 11/14/2025 06:30:00 AM,"(UTC-07:00) Arizona",,,3833104.9,3804106.8,3862103,
PNTM9M2jMkKm3GLHpLiq3J4gE,"","North Campus",6c2573ce-592a-4519-989c-2fd21d6918b7,"W", 11/14/2025 06:45:00 AM,"(UTC-07:00) Arizona",,,3869270.3,3821274.8,3917265.8,
PNTM9M2jMkKm3GLHpLiq3J4gE,"","North Campus",6c2573ce-592a-4519-989c-2fd21d6918b7,"W", 11/14/2025 07:00:00 AM,"(UTC-07:00) Arizona",,,4001331.8,4001331.8,4001331.8,
PNTM9M2jMkKm3GLHpLiq3J4gE,"","North Campus",6c2573ce-592a-4519-989c-2fd21d6918b7,"W", 11/14/2025 07:15:00 AM,"(UTC-07:00) Arizona",,,4101941.1,4072632.2,4131250,
PNTM9M2jMkKm3GLHpLiq3J4gE,"","North Campus",6c2573ce-592a-4519-989c-2fd21d6918b7,"W", 11/14/2025 07:30:00 AM,"(UTC-07:00) Arizona",,,4137139.1,4124083,4150195.2,
PNTM9M2jMkKm3GLHpLiq3J4gE,"","North Campus",6c2573ce-592a-4519-989c-2fd21d6918b7,"W", 11/14/2025 07:45:00 AM,"(UTC-07:00) Arizona",,,4130752,4128057.8,4133446.2,
PNTM9M2jMkKm3GLHpLiq3J4gE,"","North Campus",6c2573ce-592a-4519-989c-2fd21d6918b7,"W", 11/14/2025 08:00:00 AM,"(UTC-07:00) Arizona",,,4271020.5,4241367.5,4300673.5,
PNTM9M2jMkKm3GLHpLiq3J4gE,"","North Campus",6c2573ce-592a-4519-989c-2fd21d6918b7,"W", 11/14/2025 08:15:00 AM,"(UTC-07:00) Arizona",,,4349426.75,4324438,4374415.5,
PNTM9M2jMkKm3GLHpLiq3J4gE,"","North Campus",6c2573ce-592a-4519-989c-2fd21d6918b7,"W", 11/14/2025 08:30:00 AM,"(UTC-07:00) Arizona",,,4363360,4336331.5,4390388.5,
PNTM9M2jMkKm3GLHpLiq3J4gE,"","North Campus",6c2573ce-592a-4519-989c-2fd21d6918b7,"W", 11/14/2025 08:45:00 AM,"(UTC-07:00) Arizona",,,4419324,4419324,4419324,
PNTM9M2jMkKm3GLHpLiq3J4gE,"","North Campus",6c2573ce-592a-4519-989c-2fd21d6918b7,"W", 11/14/2025 09:00:00 AM,"(UTC-07:00) Arizona",,,4479937.5,4471309.5,4488565.5,
PNTM9M2jMkKm3GLHpLiq3J4gE,"","North Campus",6c2573ce-592a-4519-989c-2fd21d6918b7,"W", 11/14/2025 09:15:00 AM,"(UTC-07:00) Arizona",,,4473966,4473966,4473966,
PNTM9M2jMkKm3GLHpLiq3J4gE,"","North Campus",6c2573ce-592a-4519-989c-2fd21d6918b7,"W", 11/14/2025 09:30:00 AM,"(UTC-07:00) Arizona",,,4434147.25,4381057,4487237.5,
PNTM9M2jMkKm3GLHpLiq3J4gE,"","North Campus",6c2573ce-592a-4519-989c-2fd21d6918b7,"W", 11/14/2025 09:45:00 AM,"(UTC-07:00) Arizona",,,4417374,4386835,4447913,
PNTM9M2jMkKm3GLHpLiq3J4gE,"","North Campus",6c2573ce-592a-4519-989c-2fd21d6918b7,"W", 11/14/2025 10:00:00 AM,"(UTC-07:00) Arizona",,,4530292.5,4519439,4541146,
PNTM9M2jMkKm3GLHpLiq3J4gE,"","North Campus",6c2573ce-592a-4519-989c-2fd21d6918b7,"W", 11/14/2025 10:30:00 AM,"(UTC-07:00) Arizona",,,4644839,4611175.5,4678502.5,
PNTM9M2jMkKm3GLHpLiq3J4gE,"","North Campus",6c2573ce-592a-4519-989c-2fd21d6918b7,"W", 11/14/2025 10:45:00 AM,"(UTC-07:00) Arizona",,,4578010,4565875,4590145,
PNTM9M2jMkKm3GLHpLiq3J4gE,"","North Campus",6c2573ce-592a-4519-989c-2fd21d6918b7,"W", 11/14/2025 11:00:00 AM,"(UTC-07:00) Arizona",,,4704421.5,4671553.5,4737289.5,
PNTM9M2jMkKm3GLHpLiq3J4gE,"","North Campus",6c2573ce-592a-4519-989c-2fd21d6918b7,"W", 11/14/2025 11:15:00 AM,"(UTC-07:00) Arizona",,,4807614.75,4747882.5,4867347,
PNTM9M2jMkKm3GLHpLiq3J4gE,"","North Campus",6c2573ce-592a-4519-989c-2fd21d6918b7,"W", 11/14/2025 11:30:00 AM,"(UTC-07:00) Arizona",,,4748430.75,4745067,4751794.5,
PNTM9M2jMkKm3GLHpLiq3J4gE,"","North Campus",6c2573ce-592a-4519-989c-2fd21d6918b7,"W", 11/14/2025 11:45:00 AM,"(UTC-07:00) Arizona",,,4759225.333333333,4722421.5,4792699.5,
PNTM9M2jMkKm3GLHpLiq3J4gE,"","North Campus",6c2573ce-592a-4519-989c-2fd21d6918b7,"W", 11/14/2025 12:00:00 PM,"(UTC-07:00) Arizona",,,4755003,4705336,4804670,
PNTM9M2jMkKm3GLHpLiq3J4gE,"","North Campus",6c2573ce-592a-4519-989c-2fd21d6918b7,"W", 11/14/2025 12:15:00 PM,"(UTC-07:00) Arizona",,,4739501.25,4697607,4781395.5,
PNTM9M2jMkKm3GLHpLiq3J4gE,"","North Campus",6c2573ce-592a-4519-989c-2fd21d6918b7,"W", 11/14/2025 12:30:00 PM,"(UTC-07:00) Arizona",,,4858544.666666667,4809628,4922129.5,
PNTM9M2jMkKm3GLHpLiq3J4gE,"","North Campus",6c2573ce-592a-4519-989c-2fd21d6918b7,"W", 11/14/2025 12:45:00 PM,"(UTC-07:00) Arizona",,,4774651.166666667,4703593.5,4821746,
PNTM9M2jMkKm3GLHpLiq3J4gE,"","North Campus",6c2573ce-592a-4519-989c-2fd21d6918b7,"W", 11/14/2025 01:00:00 PM,"(UTC-07:00) Arizona",,,4834476.5,4834476.5,4834476.5,
PNTM9M2jMkKm3GLHpLiq3J4gE,"","North Campus",6c2573ce-592a-4519-989c-2fd21d6918b7,"W", 11/14/2025 01:15:00 PM,"(UTC-07:00) Arizona",,,4865335,4865335,4865335,
PNTM9M2jMkKm3GLHpLiq3J4gE,"","North Campus",6c2573ce-592a-4519-989c-2fd21d6918b7,"W", 11/14/2025 01:30:00 PM,"(UTC-07:00) Arizona",,,4831911.666666667,4802238,4869005,
PNTM9M2jMkKm3GLHpLiq3J4gE,"","North Campus",6c2573ce-592a-4519-989c-2fd21d6918b7,"W", 11/14/2025 01:45:00 PM,"(UTC-07:00) Arizona",,,4923212.75,4904851.5,4941574,
PNTM9M2jMkKm3GLHpLiq3J4gE,"","North Campus",6c2573ce-592a-4519-989c-2fd21d6918b7,"W", 11/14/2025 02:00:00 PM,"(UTC-07:00) Arizona",,,4820855.75,4820003.5,4821708,
PNTM9M2jMkKm3GLHpLiq3J4gE,"","North Campus",6c2573ce-592a-4519-989c-2fd21d6918b7,"W", 11/14/2025 02:15:00 PM,"(UTC-07:00) Arizona",,,4844187.75,4797478,4890897.5,
PNTM9M2jMkKm3GLHpLiq3J4gE,"","North Campus",6c2573ce-592a-4519-989c-2fd21d6918b7,"W", 11/14/2025 02:30:00 PM,"(UTC-07:00) Arizona",,,4855482.5,4840842.5,4870122.5,
PNTM9M2jMkKm3GLHpLiq3J4gE,"","North Campus",6c2573ce-592a-4519-989c-2fd21d6918b7,"W", 11/14/2025 02:45:00 PM,"(UTC-07:00) Arizona",,,4889035,4889035,4889035,
PNTM9M2jMkKm3GLHpLiq3J4gE,"","North Campus",6c2573ce-592a-4519-989c-2fd21d6918b7,"W", 11/14/2025 03:00:00 PM,"(UTC-07:00) Arizona",,,4899059.25,4881559.5,4916559,
PNTM9M2jMkKm3GLHpLiq3J4gE,"","North Campus",6c2573ce-592a-4519-989c-2fd21d6918b7,"W", 11/14/2025 03:30:00 PM,"(UTC-07:00) Arizona",,,4911957.5,4886682.5,4937232.5,
PNTM9M2jMkKm3GLHpLiq3J4gE,"","North Campus",6c2573ce-592a-4519-989c-2fd21d6918b7,"W", 11/14/2025 03:45:00 PM,"(UTC-07:00) Arizona",,,4840652.333333333,4809119,4890936,
PNTM9M2jMkKm3GLHpLiq3J4gE,"","North Campus",6c2573ce-592a-4519-989c-2fd21d6918b7,"W", 11/14/2025 04:00:00 PM,"(UTC-07:00) Arizona",,,4932793,4932793,4932793,
PNTM9M2jMkKm3GLHpLiq3J4gE,"","North Campus",6c2573ce-592a-4519-989c-2fd21d6918b7,"W", 11/14/2025 04:15:00 PM,"(UTC-07:00) Arizona",,,4947218,4908714,4999470,
PNTM9M2jMkKm3GLHpLiq3J4gE,"","North Campus",6c2573ce-592a-4519-989c-2fd21d6918b7,"W", 11/14/2025 04:30:00 PM,"(UTC-07:00) Arizona",,,4947914.75,4935634.5,4960195,
PNTM9M2jMkKm3GLHpLiq3J4gE,"","North Campus",6c2573ce-592a-4519-989c-2fd21d6918b7,"W", 11/14/2025 04:45:00 PM,"(UTC-07:00) Arizona",,,4916386.5,4915710,4917063,
PNTM9M2jMkKm3GLHpLiq3J4gE,"","North Campus",6c2573ce-592a-4519-989c-2fd21d6918b7,"W", 11/14/2025 05:00:00 PM,"(UTC-07:00) Arizona",,,4755968.5,4734229.5,4791131,
PNTM9M2jMkKm3GLHpLiq3J4gE,"","North Campus",6c2573ce-592a-4519-989c-2fd21d6918b7,"W", 11/14/2025 05:15:00 PM,"(UTC-07:00) Arizona",,,4746401,4686559,4806243,
PNTM9M2jMkKm3GLHpLiq3J4gE,"","North Campus",6c2573ce-592a-4519-989c-2fd21d6918b7,"W", 11/14/2025 05:30:00 PM,"(UTC-07:00) Arizona",,,4728830.75,4684523,4773138.5,
PNTM9M2jMkKm3GLHpLiq3J4gE,"","North Campus",6c2573ce-592a-4519-989c-2fd21d6918b7,"W", 11/14/2025 05:45:00 PM,"(UTC-07:00) Arizona",,,4718649.25,4694016,4743282.5,
PNTM9M2jMkKm3GLHpLiq3J4gE,"","North Campus",6c2573ce-592a-4519-989c-2fd21d6918b7,"W", 11/14/2025 06:00:00 PM,"(UTC-07:00) Arizona",,,4529346,4512341.5,4546350.5,
PNTM9M2jMkKm3GLHpLiq3J4gE,"","North Campus",6c2573ce-592a-4519-989c-2fd21d6918b7,"W", 11/14/2025 06:15:00 PM,"(UTC-07:00) Arizona",,,4482258.5,4482258.5,4482258.5,
PNTM9M2jMkKm3GLHpLiq3J4gE,"","North Campus",6c2573ce-592a-4519-989c-2fd21d6918b7,"W", 11/14/2025 06:30:00 PM,"(UTC-07:00) Arizona",,,4541681.5,4502576,4580787,
PNTM9M2jMkKm3GLHpLiq3J4gE,"","North Campus",6c2573ce-592a-4519-989c-2fd21d6918b7,"W", 11/14/2025 06:45:00 PM,"(UTC-07:00) Arizona",,,4444883,4444883,4444883,
PNTM9M2jMkKm3GLHpLiq3J4gE,"","North Campus",6c2573ce-592a-4519-989c-2fd21d6918b7,"W", 11/14/2025 07:00:00 PM,"(UTC-07:00) Arizona",,,4427035.25,4385427,4468643.5,
PNTM9M2jMkKm3GLHpLiq3J4gE,"","North Campus",6c2573ce-592a-4519-989c-2fd21d6918b7,"W", 11/14/2025 07:15:00 PM,"(UTC-07:00) Arizona",,,4425374.25,4391249,4459499.5,
PNTM9M2jMkKm3GLHpLiq3J4gE,"","North Campus",6c2573ce-592a-4519-989c-2fd21d6918b7,"W", 11/14/2025 07:30:00 PM,"(UTC-07:00) Arizona",,,4319285.75,4310203,4328368.5,
PNTM9M2jMkKm3GLHpLiq3J4gE,"","North Campus",6c2573ce-592a-4519-989c-2fd21d6918b7,"W", 11/14/2025 07:45:00 PM,"(UTC-07:00) Arizona",,,4319529.5,4280814.5,4352768,
PNTM9M2jMkKm3GLHpLiq3J4gE,"","North Campus",6c2573ce-592a-4519-989c-2fd21d6918b7,"W", 11/14/2025 08:00:00 PM,"(UTC-07:00) Arizona",,,4287816.25,4218799.5,4356833,
PNTM9M2jMkKm3GLHpLiq3J4gE,"","North Campus",6c2573ce-592a-4519-989c-2fd21d6918b7,"W", 11/14/2025 08:15:00 PM,"(UTC-07:00) Arizona",,,4206021.6,4178893.2,4233150,
PNTM9M2jMkKm3GLHpLiq3J4gE,"","North Campus",6c2573ce-592a-4519-989c-2fd21d6918b7,"W", 11/14/2025 08:30:00 PM,"(UTC-07:00) Arizona",,,4172080.15,4119428.8,4224731.5,
PNTM9M2jMkKm3GLHpLiq3J4gE,"","North Campus",6c2573ce-592a-4519-989c-2fd21d6918b7,"W", 11/14/2025 08:45:00 PM,"(UTC-07:00) Arizona",,,4124144,4116246.5,4132041.5,
PNTM9M2jMkKm3GLHpLiq3J4gE,"","North Campus",6c2573ce-592a-4519-989c-2fd21d6918b7,"W", 11/14/2025 09:00:00 PM,"(UTC-07:00) Arizona",,,3965879.3000000003,3942522.2,3998874.2,
PNTM9M2jMkKm3GLHpLiq3J4gE,"","North Campus",6c2573ce-592a-4519-989c-2fd21d6918b7,"W", 11/14/2025 09:15:00 PM,"(UTC-07:00) Arizona",,,3906360.85,3866549.5,3946172.2,
PNTM9M2jMkKm3GLHpLiq3J4gE,"","North Campus",6c2573ce-592a-4519-989c-2fd21d6918b7,"W", 11/14/2025 09:30:00 PM,"(UTC-07:00) Arizona",,,3807462.1,3795414.5,3827735.8,
PNTM9M2jMkKm3GLHpLiq3J4gE,"","North Campus",6c2573ce-592a-4519-989c-2fd21d6918b7,"W", 11/14/2025 09:45:00 PM,"(UTC-07:00) Arizona",,,3826157,3811349.2,3840964.8,
PNTM9M2jMkKm3GLHpLiq3J4gE,"","North Campus",6c2573ce-592a-4519-989c-2fd21d6918b7,"W", 11/14/2025 10:00:00 PM,"(UTC-07:00) Arizona",,,3736227.25,3732551,3739903.5,
PNTM9M2jMkKm3GLHpLiq3J4gE,"","North Campus",6c2573ce-592a-4519-989c-2fd21d6918b7,"W", 11/14/2025 10:15:00 PM,"(UTC-07:00) Arizona",,,3734179.6,3720116.8,3747404.5,
PNTM9M2jMkKm3GLHpLiq3J4gE,"","North Campus",6c2573ce-592a-4519-989c-2fd21d6918b7,"W", 11/14/2025 10:30:00 PM,"(UTC-07:00) Arizona",,,3705264.4,3686354,3724174.8,
PNTM9M2jMkKm3GLHpLiq3J4gE,"","North Campus",6c2573ce-592a-4519-989c-2fd21d6918b7,"W", 11/14/2025 10:45:00 PM,"(UTC-07:00) Arizona",,,3645353.2,3645353.2,3645353.2,
PNTM9M2jMkKm3GLHpLiq3J4gE,"","North Campus",6c2573ce-592a-4519-989c-2fd21d6918b7,"W", 11/14/2025 11:00:00 PM,"(UTC-07:00) Arizona",,,3633063.733333333,3612944,3645626.2,
PNTM9M2jMkKm3GLHpLiq3J4gE,"","North Campus",6c2573ce-592a-4519-989c-2fd21d6918b7,"W", 11/14/2025 11:15:00 PM,"(UTC-07:00) Arizona",,,3577633.5,3561099.5,3594167.5,
PNTM9M2jMkKm3GLHpLiq3J4gE,"","North Campus",6c2573ce-592a-4519-989c-2fd21d6918b7,"W", 11/14/2025 11:30:00 PM,"(UTC-07:00) Arizona",,,3591187,3586721.8,3595652.2,
PNTM9M2jMkKm3GLHpLiq3J4gE,"","North Campus",6c2573ce-592a-4519-989c-2fd21d6918b7,"W", 11/14/2025 11:45:00 PM,"(UTC-07:00) Arizona",,,3571480.75,3555906,3587055.5,
PNTM9M2jMkKm3GLHpLiq3J4gE,"","North Campus",6c2573ce-592a-4519-989c-2fd21d6918b7,"W", 11/15/2025 12:00:00 AM,"(UTC-07:00) Arizona",,,3489825.5666666664,3478579.5,3511687,
PNTM9M2jMkKm3GLHpLiq3J4gE,"","North Campus",6c2573ce-592a-4519-989c-2fd21d6918b7,"W", 11/15/2025 12:15:00 AM,"(UTC-07:00) Arizona",,,3463692.8,3463692.8,3463692.8,
PNTM9M2jMkKm3GLHpLiq3J4gE,"","North Campus",6c2573ce-592a-4519-989c-2fd21d6918b7,"W", 11/15/2025 12:30:00 AM,"(UTC-07:00) Arizona",,,3453043.4,3434881,3473350.2,
PNTM9M2jMkKm3GLHpLiq3J4gE,"","North Campus",6c2573ce-592a-4519-989c-2fd21d6918b7,"W", 11/15/2025 12:45:00 AM,"(UTC-07:00) Arizona",,,3453036,3453036,3453036,
PNTM9M2jMkKm3GLHpLiq3J4gE,"","North Campus",6c2573ce-592a-4519-989c-2fd21d6918b7,"W", 11/15/2025 01:00:00 AM,"(UTC-07:00) Arizona",,,3436256.2,3436256.2,3436256.2,
PNTM9M2jMkKm3GLHpLiq3J4gE,"","North Campus",6c2573ce-592a-4519-989c-2fd21d6918b7,"W", 11/15/2025 01:15:00 AM,"(UTC-07:00) Arizona",,,3441270.75,3437454,3445087.5,
PNTM9M2jMkKm3GLHpLiq3J4gE,"","North Campus",6c2573ce-592a-4519-989c-2fd21d6918b7,"W", 11/15/2025 01:30:00 AM,"(UTC-07:00) Arizona",,,3410776,3399569.5,3421982.5,
PNTM9M2jMkKm3GLHpLiq3J4gE,"","North Campus",6c2573ce-592a-4519-989c-2fd21d6918b7,"W", 11/15/2025 01:45:00 AM,"(UTC-07:00) Arizona",,,3397719.4,3373064.2,3443175.8,
PNTM9M2jMkKm3GLHpLiq3J4gE,"","North Campus",6c2573ce-592a-4519-989c-2fd21d6918b7,"W", 11/15/2025 02:00:00 AM,"(UTC-07:00) Arizona",,,3369411,3365099,3373723,
PNTM9M2jMkKm3GLHpLiq3J4gE,"","North Campus",6c2573ce-592a-4519-989c-2fd21d6918b7,"W", 11/15/2025 02:15:00 AM,"(UTC-07:00) Arizona",,,3355380,3341250.5,3369509.5,
PNTM9M2jMkKm3GLHpLiq3J4gE,"","North Campus",6c2573ce-592a-4519-989c-2fd21d6918b7,"W", 11/15/2025 02:30:00 AM,"(UTC-07:00) Arizona",,,3339087.75,3314563,3363612.5,
PNTM9M2jMkKm3GLHpLiq3J4gE,"","North Campus",6c2573ce-592a-4519-989c-2fd21d6918b7,"W", 11/15/2025 02:45:00 AM,"(UTC-07:00) Arizona",,,3307358.2,3307358.2,3307358.2,
PNTM9M2jMkKm3GLHpLiq3J4gE,"","North Campus",6c2573ce-592a-4519-989c-2fd21d6918b7,"W", 11/15/2025 03:00:00 AM,"(UTC-07:00) Arizona",,,3355245.9333333336,3346866.2,3359684.8,
PNTM9M2jMkKm3GLHpLiq3J4gE,"","North Campus",6c2573ce-592a-4519-989c-2fd21d6918b7,"W", 11/15/2025 03:15:00 AM,"(UTC-07:00) Arizona",,,3356978.3333333335,3336254.8,3392354,
PNTM9M2jMkKm3GLHpLiq3J4gE,"","North Campus",6c2573ce-592a-4519-989c-2fd21d6918b7,"W", 11/15/2025 03:30:00 AM,"(UTC-07:00) Arizona",,,3340796.4,3312532,3369060.8,
PNTM9M2jMkKm3GLHpLiq3J4gE,"","North Campus",6c2573ce-592a-4519-989c-2fd21d6918b7,"W", 11/15/2025 03:45:00 AM,"(UTC-07:00) Arizona",,,3251443.8,3251443.8,3251443.8,
PNTM9M2jMkKm3GLHpLiq3J4gE,"","North Campus",6c2573ce-592a-4519-989c-2fd21d6918b7,"W", 11/15/2025 04:00:00 AM,"(UTC-07:00) Arizona",,,3296868.2000000007,3288368.2,3304587.2,
PNTM9M2jMkKm3GLHpLiq3J4gE,"","North Campus",6c2573ce-592a-4519-989c-2fd21d6918b7,"W", 11/15/2025 04:15:00 AM,"(UTC-07:00) Arizona",,,3286809.5,3286809.5,3286809.5,
PNTM9M2jMkKm3GLHpLiq3J4gE,"","North Campus",6c2573ce-592a-4519-989c-2fd21d6918b7,"W", 11/15/2025 04:30:00 AM,"(UTC-07:00) Arizona",,,3312274.65,3298341.8,3326207.5,
PNTM9M2jMkKm3GLHpLiq3J4gE,"","North Campus",6c2573ce-592a-4519-989c-2fd21d6918b7,"W", 11/15/2025 04:45:00 AM,"(UTC-07:00) Arizona",,,3297244.5,3294380.5,3300108.5,
PNTM9M2jMkKm3GLHpLiq3J4gE,"","North Campus",6c2573ce-592a-4519-989c-2fd21d6918b7,"W", 11/15/2025 05:00:00 AM,"(UTC-07:00) Arizona",,,3344200.75,3334078.5,3354323,
PNTM9M2jMkKm3GLHpLiq3J4gE,"","North Campus",6c2573ce-592a-4519-989c-2fd21d6918b7,"W", 11/15/2025 05:15:00 AM,"(UTC-07:00) Arizona",,,3432649.5,3409512,3455787,
PNTM9M2jMkKm3GLHpLiq3J4gE,"","North Campus",6c2573ce-592a-4519-989c-2fd21d6918b7,"W", 11/15/2025 05:30:00 AM,"(UTC-07:00) Arizona",,,3385856.5,3382250.5,3389462.5,
PNTM9M2jMkKm3GLHpLiq3J4gE,"","North Campus",6c2573ce-592a-4519-989c-2fd21d6918b7,"W", 11/15/2025 05:45:00 AM,"(UTC-07:00) Arizona",,,3416493.1666666665,3385945.5,3473165.8,
PNTM9M2jMkKm3GLHpLiq3J4gE,"","North Campus",6c2573ce-592a-4519-989c-2fd21d6918b7,"W", 11/15/2025 06:00:00 AM,"(UTC-07:00) Arizona",,,3462784.85,3456200.5,3469369.2,
PNTM9M2jMkKm3GLHpLiq3J4gE,"","North Campus",6c2573ce-592a-4519-989c-2fd21d6918b7,"W", 11/15/2025 06:15:00 AM,"(UTC-07:00) Arizona",,,3512874.6,3492306,3533443.2,
PNTM9M2jMkKm3GLHpLiq3J4gE,"","North Campus",6c2573ce-592a-4519-989c-2fd21d6918b7,"W", 11/15/2025 06:30:00 AM,"(UTC-07:00) Arizona",,,3522621.5,3512205.8,3533037.2,
PNTM9M2jMkKm3GLHpLiq3J4gE,"","North Campus",6c2573ce-592a-4519-989c-2fd21d6918b7,"W", 11/15/2025 06:45:00 AM,"(UTC-07:00) Arizona",,,3566037,3552143.2,3579930.8,
PNTM9M2jMkKm3GLHpLiq3J4gE,"","North Campus",6c2573ce-592a-4519-989c-2fd21d6918b7,"W", 11/15/2025 07:00:00 AM,"(UTC-07:00) Arizona",,,3555816.65,3532675.8,3578957.5,
PNTM9M2jMkKm3GLHpLiq3J4gE,"","North Campus",6c2573ce-592a-4519-989c-2fd21d6918b7,"W", 11/15/2025 07:15:00 AM,"(UTC-07:00) Arizona",,,3540551.4,3532567,3548535.8,
PNTM9M2jMkKm3GLHpLiq3J4gE,"","North Campus",6c2573ce-592a-4519-989c-2fd21d6918b7,"W", 11/15/2025 07:30:00 AM,"(UTC-07:00) Arizona",,,3558054.5,3558054.5,3558054.5,
PNTM9M2jMkKm3GLHpLiq3J4gE,"","North Campus",6c2573ce-592a-4519-989c-2fd21d6918b7,"W", 11/15/2025 07:45:00 AM,"(UTC-07:00) Arizona",,,3478319.25,3468395,3488243.5,
PNTM9M2jMkKm3GLHpLiq3J4gE,"","North Campus",6c2573ce-592a-4519-989c-2fd21d6918b7,"W", 11/15/2025 08:00:00 AM,"(UTC-07:00) Arizona",,,3634708.2,3623029.2,3646387.2,
PNTM9M2jMkKm3GLHpLiq3J4gE,"","North Campus",6c2573ce-592a-4519-989c-2fd21d6918b7,"W", 11/15/2025 08:15:00 AM,"(UTC-07:00) Arizona",,,3642748.2,3642748.2,3642748.2,
PNTM9M2jMkKm3GLHpLiq3J4gE,"","North Campus",6c2573ce-592a-4519-989c-2fd21d6918b7,"W", 11/15/2025 08:30:00 AM,"(UTC-07:00) Arizona",,,3621858.5,3621858.5,3621858.5,
PNTM9M2jMkKm3GLHpLiq3J4gE,"","North Campus",6c2573ce-592a-4519-989c-2fd21d6918b7,"W", 11/15/2025 08:45:00 AM,"(UTC-07:00) Arizona",,,3672793.15,3647580.5,3698005.8,
PNTM9M2jMkKm3GLHpLiq3J4gE,"","North Campus",6c2573ce-592a-4519-989c-2fd21d6918b7,"W", 11/15/2025 09:00:00 AM,"(UTC-07:00) Arizona",,,3704116.3,3677466.8,3730765.8,
PNTM9M2jMkKm3GLHpLiq3J4gE,"","North Campus",6c2573ce-592a-4519-989c-2fd21d6918b7,"W", 11/15/2025 09:15:00 AM,"(UTC-07:00) Arizona",,,3707909,3707200.5,3708617.5,
PNTM9M2jMkKm3GLHpLiq3J4gE,"","North Campus",6c2573ce-592a-4519-989c-2fd21d6918b7,"W", 11/15/2025 09:30:00 AM,"(UTC-07:00) Arizona",,,3734702.15,3699861.5,3769542.8,
PNTM9M2jMkKm3GLHpLiq3J4gE,"","North Campus",6c2573ce-592a-4519-989c-2fd21d6918b7,"W", 11/15/2025 09:45:00 AM,"(UTC-07:00) Arizona",,,3864218,3822836,3905600,
PNTM9M2jMkKm3GLHpLiq3J4gE,"","North Campus",6c2573ce-592a-4519-989c-2fd21d6918b7,"W", 11/15/2025 10:00:00 AM,"(UTC-07:00) Arizona",,,3985458.033333333,3940384.5,4031176.8,
PNTM9M2jMkKm3GLHpLiq3J4gE,"","North Campus",6c2573ce-592a-4519-989c-2fd21d6918b7,"W", 11/15/2025 10:15:00 AM,"(UTC-07:00) Arizona",,,4003440.8,4003440.8,4003440.8,
PNTM9M2jMkKm3GLHpLiq3J4gE,"","North Campus",6c2573ce-592a-4519-989c-2fd21d6918b7,"W", 11/15/2025 10:30:00 AM,"(UTC-07:00) Arizona",,,3984528,3864948.2,4104107.8,
PNTM9M2jMkKm3GLHpLiq3J4gE,"","North Campus",6c2573ce-592a-4519-989c-2fd21d6918b7,"W", 11/15/2025 10:45:00 AM,"(UTC-07:00) Arizona",,,4025244.5,3980279.8,4070209.2,
PNTM9M2jMkKm3GLHpLiq3J4gE,"","North Campus",6c2573ce-592a-4519-989c-2fd21d6918b7,"W", 11/15/2025 11:00:00 AM,"(UTC-07:00) Arizona",,,4031950,3956136,4107764,
PNTM9M2jMkKm3GLHpLiq3J4gE,"","North Campus",6c2573ce-592a-4519-989c-2fd21d6918b7,"W", 11/15/2025 11:15:00 AM,"(UTC-07:00) Arizona",,,3870325.5,3870325.5,3870325.5,
PNTM9M2jMkKm3GLHpLiq3J4gE,"","North Campus",6c2573ce-592a-4519-989c-2fd21d6918b7,"W", 11/15/2025 11:30:00 AM,"(UTC-07:00) Arizona",,,3914006.6333333333,3877809.5,3976490.2,
PNTM9M2jMkKm3GLHpLiq3J4gE,"","North Campus",6c2573ce-592a-4519-989c-2fd21d6918b7,"W", 11/15/2025 11:45:00 AM,"(UTC-07:00) Arizona",,,3998921.9,3958772,4039071.8,
PNTM9M2jMkKm3GLHpLiq3J4gE,"","North Campus",6c2573ce-592a-4519-989c-2fd21d6918b7,"W", 11/15/2025 12:00:00 PM,"(UTC-07:00) Arizona",,,4097403.2,4072899.2,4121907.2,
PNTM9M2jMkKm3GLHpLiq3J4gE,"","North Campus",6c2573ce-592a-4519-989c-2fd21d6918b7,"W", 11/15/2025 12:15:00 PM,"(UTC-07:00) Arizona",,,4033813.25,4023904,4043722.5,
PNTM9M2jMkKm3GLHpLiq3J4gE,"","North Campus",6c2573ce-592a-4519-989c-2fd21d6918b7,"W", 11/15/2025 12:30:00 PM,"(UTC-07:00) Arizona",,,4104393.6,4099273,4109514.2,
PNTM9M2jMkKm3GLHpLiq3J4gE,"","North Campus",6c2573ce-592a-4519-989c-2fd21d6918b7,"W", 11/15/2025 12:45:00 PM,"(UTC-07:00) Arizona",,,4125608,4110366.8,4140849.2,
PNTM9M2jMkKm3GLHpLiq3J4gE,"","North Campus",6c2573ce-592a-4519-989c-2fd21d6918b7,"W", 11/15/2025 01:00:00 PM,"(UTC-07:00) Arizona",,,4097359.35,3990231.2,4204487.5,
PNTM9M2jMkKm3GLHpLiq3J4gE,"","North Campus",6c2573ce-592a-4519-989c-2fd21d6918b7,"W", 11/15/2025 01:15:00 PM,"(UTC-07:00) Arizona",,,4147733.5,4147733.5,4147733.5,
PNTM9M2jMkKm3GLHpLiq3J4gE,"","North Campus",6c2573ce-592a-4519-989c-2fd21d6918b7,"W", 11/15/2025 01:30:00 PM,"(UTC-07:00) Arizona",,,4077030.6,4050822.2,4103239,
PNTM9M2jMkKm3GLHpLiq3J4gE,"","North Campus",6c2573ce-592a-4519-989c-2fd21d6918b7,"W", 11/15/2025 01:45:00 PM,"(UTC-07:00) Arizona",,,4123163.8,4063523.8,4182803.8,
PNTM9M2jMkKm3GLHpLiq3J4gE,"","North Campus",6c2573ce-592a-4519-989c-2fd21d6918b7,"W", 11/15/2025 02:00:00 PM,"(UTC-07:00) Arizona",,,4122442.1,4058178.2,4186706,
PNTM9M2jMkKm3GLHpLiq3J4gE,"","North Campus",6c2573ce-592a-4519-989c-2fd21d6918b7,"W", 11/15/2025 02:15:00 PM,"(UTC-07:00) Arizona",,,4070146.2,4053755.2,4086537.2,
PNTM9M2jMkKm3GLHpLiq3J4gE,"","North Campus",6c2573ce-592a-4519-989c-2fd21d6918b7,"W", 11/15/2025 02:30:00 PM,"(UTC-07:00) Arizona",,,4092425.15,4074200.8,4110649.5,
PNTM9M2jMkKm3GLHpLiq3J4gE,"","North Campus",6c2573ce-592a-4519-989c-2fd21d6918b7,"W", 11/15/2025 02:45:00 PM,"(UTC-07:00) Arizona",,,4162702.25,4099919.5,4225485,
PNTM9M2jMkKm3GLHpLiq3J4gE,"","North Campus",6c2573ce-592a-4519-989c-2fd21d6918b7,"W", 11/15/2025 03:00:00 PM,"(UTC-07:00) Arizona",,,4213436.15,4180773.8,4246098.5,
PNTM9M2jMkKm3GLHpLiq3J4gE,"","North Campus",6c2573ce-592a-4519-989c-2fd21d6918b7,"W", 11/15/2025 03:15:00 PM,"(UTC-07:00) Arizona",,,4174216.733333333,4109117,4235384,
PNTM9M2jMkKm3GLHpLiq3J4gE,"","North Campus",6c2573ce-592a-4519-989c-2fd21d6918b7,"W", 11/15/2025 03:30:00 PM,"(UTC-07:00) Arizona",,,4233879,4233879,4233879,
PNTM9M2jMkKm3GLHpLiq3J4gE,"","North Campus",6c2573ce-592a-4519-989c-2fd21d6918b7,"W", 11/15/2025 03:45:00 PM,"(UTC-07:00) Arizona",,,4183174.4,4160873.8,4205475,
PNTM9M2jMkKm3GLHpLiq3J4gE,"","North Campus",6c2573ce-592a-4519-989c-2fd21d6918b7,"W", 11/15/2025 04:00:00 PM,"(UTC-07:00) Arizona",,,4309824,4289134.5,4330513.5,
PNTM9M2jMkKm3GLHpLiq3J4gE,"","North Campus",6c2573ce-592a-4519-989c-2fd21d6918b7,"W", 11/15/2025 04:15:00 PM,"(UTC-07:00) Arizona",,,4287767.166666667,4267838.5,4302285,
PNTM9M2jMkKm3GLHpLiq3J4gE,"","North Campus",6c2573ce-592a-4519-989c-2fd21d6918b7,"W", 11/15/2025 04:30:00 PM,"(UTC-07:00) Arizona",,,4281396,4266190.5,4296601.5,
PNTM9M2jMkKm3GLHpLiq3J4gE,"","North Campus",6c2573ce-592a-4519-989c-2fd21d6918b7,"W", 11/15/2025 04:45:00 PM,"(UTC-07:00) Arizona",,,4283642.75,4253444.5,4313841,
PNTM9M2jMkKm3GLHpLiq3J4gE,"","North Campus",6c2573ce-592a-4519-989c-2fd21d6918b7,"W", 11/15/2025 05:00:00 PM,"(UTC-07:00) Arizona",,,4324605,4324605,4324605,
PNTM9M2jMkKm3GLHpLiq3J4gE,"","North Campus",6c2573ce-592a-4519-989c-2fd21d6918b7,"W", 11/15/2025 05:15:00 PM,"(UTC-07:00) Arizona",,,4295195,4247601.5,4342788.5,
PNTM9M2jMkKm3GLHpLiq3J4gE,"","North Campus",6c2573ce-592a-4519-989c-2fd21d6918b7,"W", 11/15/2025 05:30:00 PM,"(UTC-07:00) Arizona",,,4278985.25,4236278.5,4321692,
PNTM9M2jMkKm3GLHpLiq3J4gE,"","North Campus",6c2573ce-592a-4519-989c-2fd21d6918b7,"W", 11/15/2025 05:45:00 PM,"(UTC-07:00) Arizona",,,4259515.25,4253706.5,4265324,
PNTM9M2jMkKm3GLHpLiq3J4gE,"","North Campus",6c2573ce-592a-4519-989c-2fd21d6918b7,"W", 11/15/2025 06:00:00 PM,"(UTC-07:00) Arizona",,,4187944,4185726.2,4190161.8,
PNTM9M2jMkKm3GLHpLiq3J4gE,"","North Campus",6c2573ce-592a-4519-989c-2fd21d6918b7,"W", 11/15/2025 06:15:00 PM,"(UTC-07:00) Arizona",,,4204194,4196478,4208309,
PNTM9M2jMkKm3GLHpLiq3J4gE,"","North Campus",6c2573ce-592a-4519-989c-2fd21d6918b7,"W", 11/15/2025 06:30:00 PM,"(UTC-07:00) Arizona",,,4250375.5,4250375.5,4250375.5,
PNTM9M2jMkKm3GLHpLiq3J4gE,"","North Campus",6c2573ce-592a-4519-989c-2fd21d6918b7,"W", 11/15/2025 06:45:00 PM,"(UTC-07:00) Arizona",,,4150241.4,4120900.8,4179582,
PNTM9M2jMkKm3GLHpLiq3J4gE,"","North Campus",6c2573ce-592a-4519-989c-2fd21d6918b7,"W", 11/15/2025 07:00:00 PM,"(UTC-07:00) Arizona",,,4018210.5,4018210.5,4018210.5,
PNTM9M2jMkKm3GLHpLiq3J4gE,"","North Campus",6c2573ce-592a-4519-989c-2fd21d6918b7,"W", 11/15/2025 07:15:00 PM,"(UTC-07:00) Arizona",,,4056507.6,4015048.2,4095690.8,
PNTM9M2jMkKm3GLHpLiq3J4gE,"","North Campus",6c2573ce-592a-4519-989c-2fd21d6918b7,"W", 11/15/2025 07:30:00 PM,"(UTC-07:00) Arizona",,,4106159.5,4106159.5,4106159.5,
PNTM9M2jMkKm3GLHpLiq3J4gE,"","North Campus",6c2573ce-592a-4519-989c-2fd21d6918b7,"W", 11/15/2025 07:45:00 PM,"(UTC-07:00) Arizona",,,4050344,3988957.8,4111730.2,
PNTM9M2jMkKm3GLHpLiq3J4gE,"","North Campus",6c2573ce-592a-4519-989c-2fd21d6918b7,"W", 11/15/2025 08:00:00 PM,"(UTC-07:00) Arizona",,,4000668.7,3999726.2,4001611.2,
PNTM9M2jMkKm3GLHpLiq3J4gE,"","North Campus",6c2573ce-592a-4519-989c-2fd21d6918b7,"W", 11/15/2025 08:15:00 PM,"(UTC-07:00) Arizona",,,4026917.8,4026917.8,4026917.8,
PNTM9M2jMkKm3GLHpLiq3J4gE,"","North Campus",6c2573ce-592a-4519-989c-2fd21d6918b7,"W", 11/15/2025 08:30:00 PM,"(UTC-07:00) Arizona",,,3966584,3931898,4001270,
PNTM9M2jMkKm3GLHpLiq3J4gE,"","North Campus",6c2573ce-592a-4519-989c-2fd21d6918b7,"W", 11/15/2025 08:45:00 PM,"(UTC-07:00) Arizona",,,3982136,3982136,3982136,
PNTM9M2jMkKm3GLHpLiq3J4gE,"","North Campus",6c2573ce-592a-4519-989c-2fd21d6918b7,"W", 11/15/2025 09:00:00 PM,"(UTC-07:00) Arizona",,,3910873.15,3895236.8,3926509.5,
PNTM9M2jMkKm3GLHpLiq3J4gE,"","North Campus",6c2573ce-592a-4519-989c-2fd21d6918b7,"W", 11/15/2025 09:15:00 PM,"(UTC-07:00) Arizona",,,3816559,3816559,3816559,
PNTM9M2jMkKm3GLHpLiq3J4gE,"","North Campus",6c2573ce-592a-4519-989c-2fd21d6918b7,"W", 11/15/2025 11:15:00 PM,"(UTC-07:00) Arizona",,,3567963.75,3554798,3581129.5,
PNTM9M2jMkKm3GLHpLiq3J4gE,"","North Campus",6c2573ce-592a-4519-989c-2fd21d6918b7,"W", 11/15/2025 11:30:00 PM,"(UTC-07:00) Arizona",,,3602530.2,3602530.2,3602530.2,
PNTM9M2jMkKm3GLHpLiq3J4gE,"","North Campus",6c2573ce-592a-4519-989c-2fd21d6918b7,"W", 11/15/2025 11:45:00 PM,"(UTC-07:00) Arizona",,,3532790.2,3532790.2,3532790.2,
PNTM9M2jMkKm3GLHpLiq3J4gE,"","North Campus",6c2573ce-592a-4519-989c-2fd21d6918b7,"W", 11/16/2025 12:00:00 AM,"(UTC-07:00) Arizona",,,3466126.2,3466126.2,3466126.2,
PNTM9M2jMkKm3GLHpLiq3J4gE,"","North Campus",6c2573ce-592a-4519-989c-2fd21d6918b7,"W", 11/16/2025 12:15:00 AM,"(UTC-07:00) Arizona",,,3454208.2,3454208.2,3454208.2,
PNTM9M2jMkKm3GLHpLiq3J4gE,"","North Campus",6c2573ce-592a-4519-989c-2fd21d6918b7,"W", 11/16/2025 12:30:00 AM,"(UTC-07:00) Arizona",,,3442304.2,3442304.2,3442304.2,
PNTM9M2jMkKm3GLHpLiq3J4gE,"","North Campus",6c2573ce-592a-4519-989c-2fd21d6918b7,"W", 11/16/2025 12:45:00 AM,"(UTC-07:00) Arizona",,,3457422.8,3457422.8,3457422.8,
PNTM9M2jMkKm3GLHpLiq3J4gE,"","North Campus",6c2573ce-592a-4519-989c-2fd21d6918b7,"W", 11/16/2025 01:00:00 AM,"(UTC-07:00) Arizona",,,3476406.7,3470050.2,3482763.2,
PNTM9M2jMkKm3GLHpLiq3J4gE,"","North Campus",6c2573ce-592a-4519-989c-2fd21d6918b7,"W", 11/16/2025 01:15:00 AM,"(UTC-07:00) Arizona",,,3413206,3413206,3413206,
PNTM9M2jMkKm3GLHpLiq3J4gE,"","North Campus",6c2573ce-592a-4519-989c-2fd21d6918b7,"W", 11/16/2025 01:30:00 AM,"(UTC-07:00) Arizona",,,3370518.2,3370518.2,3370518.2,
PNTM9M2jMkKm3GLHpLiq3J4gE,"","North Campus",6c2573ce-592a-4519-989c-2fd21d6918b7,"W", 11/16/2025 01:45:00 AM,"(UTC-07:00) Arizona",,,3372667,3372667,3372667,
PNTM9M2jMkKm3GLHpLiq3J4gE,"","North Campus",6c2573ce-592a-4519-989c-2fd21d6918b7,"W", 11/16/2025 02:00:00 AM,"(UTC-07:00) Arizona",,,3381794.2,3381794.2,3381794.2,
PNTM9M2jMkKm3GLHpLiq3J4gE,"","North Campus",6c2573ce-592a-4519-989c-2fd21d6918b7,"W", 11/16/2025 02:15:00 AM,"(UTC-07:00) Arizona",,,3410667.8,3410667.8,3410667.8,
PNTM9M2jMkKm3GLHpLiq3J4gE,"","North Campus",6c2573ce-592a-4519-989c-2fd21d6918b7,"W", 11/16/2025 02:30:00 AM,"(UTC-07:00) Arizona",,,3337264.5,3337264.5,3337264.5,
PNTM9M2jMkKm3GLHpLiq3J4gE,"","North Campus",6c2573ce-592a-4519-989c-2fd21d6918b7,"W", 11/16/2025 02:45:00 AM,"(UTC-07:00) Arizona",,,3401870.2,3401870.2,3401870.2,
PNTM9M2jMkKm3GLHpLiq3J4gE,"","North Campus",6c2573ce-592a-4519-989c-2fd21d6918b7,"W", 11/16/2025 03:00:00 AM,"(UTC-07:00) Arizona",,,3367419.8,3367419.8,3367419.8,
PNTM9M2jMkKm3GLHpLiq3J4gE,"","North Campus",6c2573ce-592a-4519-989c-2fd21d6918b7,"W", 11/16/2025 03:15:00 AM,"(UTC-07:00) Arizona",,,3337766.8,3337766.8,3337766.8,
PNTM9M2jMkKm3GLHpLiq3J4gE,"","North Campus",6c2573ce-592a-4519-989c-2fd21d6918b7,"W", 11/16/2025 03:30:00 AM,"(UTC-07:00) Arizona",,,3298462.5,3298462.5,3298462.5,
PNTM9M2jMkKm3GLHpLiq3J4gE,"","North Campus",6c2573ce-592a-4519-989c-2fd21d6918b7,"W", 11/16/2025 03:45:00 AM,"(UTC-07:00) Arizona",,,3305640.2,3305640.2,3305640.2,
PNTM9M2jMkKm3GLHpLiq3J4gE,"","North Campus",6c2573ce-592a-4519-989c-2fd21d6918b7,"W", 11/16/2025 04:00:00 AM,"(UTC-07:00) Arizona",,,3328536,3328536,3328536,
PNTM9M2jMkKm3GLHpLiq3J4gE,"","North Campus",6c2573ce-592a-4519-989c-2fd21d6918b7,"W", 11/16/2025 04:15:00 AM,"(UTC-07:00) Arizona",,,3340018.8,3340018.8,3340018.8,
PNTM9M2jMkKm3GLHpLiq3J4gE,"","North Campus",6c2573ce-592a-4519-989c-2fd21d6918b7,"W", 11/16/2025 04:30:00 AM,"(UTC-07:00) Arizona",,,3319698.2,3319698.2,3319698.2,
PNTM9M2jMkKm3GLHpLiq3J4gE,"","North Campus",6c2573ce-592a-4519-989c-2fd21d6918b7,"W", 11/16/2025 04:45:00 AM,"(UTC-07:00) Arizona",,,3347552.85,3311026.5,3384079.2,
PNTM9M2jMkKm3GLHpLiq3J4gE,"","North Campus",6c2573ce-592a-4519-989c-2fd21d6918b7,"W", 11/16/2025 05:00:00 AM,"(UTC-07:00) Arizona",,,3385411,3385411,3385411,
PNTM9M2jMkKm3GLHpLiq3J4gE,"","North Campus",6c2573ce-592a-4519-989c-2fd21d6918b7,"W", 11/16/2025 05:15:00 AM,"(UTC-07:00) Arizona",,,3353379.75,3347489,3359270.5,
PNTM9M2jMkKm3GLHpLiq3J4gE,"","North Campus",6c2573ce-592a-4519-989c-2fd21d6918b7,"W", 11/16/2025 05:30:00 AM,"(UTC-07:00) Arizona",,,3395107.8,3395107.8,3395107.8,
PNTM9M2jMkKm3GLHpLiq3J4gE,"","North Campus",6c2573ce-592a-4519-989c-2fd21d6918b7,"W", 11/16/2025 05:45:00 AM,"(UTC-07:00) Arizona",,,3334980.5,3334980.5,3334980.5,
PNTM9M2jMkKm3GLHpLiq3J4gE,"","North Campus",6c2573ce-592a-4519-989c-2fd21d6918b7,"W", 11/16/2025 06:00:00 AM,"(UTC-07:00) Arizona",,,3424963.25,3414705.5,3435221,
PNTM9M2jMkKm3GLHpLiq3J4gE,"","North Campus",6c2573ce-592a-4519-989c-2fd21d6918b7,"W", 11/16/2025 06:15:00 AM,"(UTC-07:00) Arizona",,,3399651.8,3399651.8,3399651.8,
PNTM9M2jMkKm3GLHpLiq3J4gE,"","North Campus",6c2573ce-592a-4519-989c-2fd21d6918b7,"W", 11/16/2025 06:30:00 AM,"(UTC-07:00) Arizona",,,3488205.5,3488205.5,3488205.5,
PNTM9M2jMkKm3GLHpLiq3J4gE,"","North Campus",6c2573ce-592a-4519-989c-2fd21d6918b7,"W", 11/16/2025 06:45:00 AM,"(UTC-07:00) Arizona",,,3480846.65,3451755.5,3509937.8,
PNTM9M2jMkKm3GLHpLiq3J4gE,"","North Campus",6c2573ce-592a-4519-989c-2fd21d6918b7,"W", 11/16/2025 07:00:00 AM,"(UTC-07:00) Arizona",,,3500697.8,3500697.8,3500697.8,
PNTM9M2jMkKm3GLHpLiq3J4gE,"","North Campus",6c2573ce-592a-4519-989c-2fd21d6918b7,"W", 11/16/2025 07:15:00 AM,"(UTC-07:00) Arizona",,,3479746.25,3474008.5,3485484,
PNTM9M2jMkKm3GLHpLiq3J4gE,"","North Campus",6c2573ce-592a-4519-989c-2fd21d6918b7,"W", 11/16/2025 07:30:00 AM,"(UTC-07:00) Arizona",,,3504914.5,3504914.5,3504914.5,
PNTM9M2jMkKm3GLHpLiq3J4gE,"","North Campus",6c2573ce-592a-4519-989c-2fd21d6918b7,"W", 11/16/2025 07:45:00 AM,"(UTC-07:00) Arizona",,,3501451,3501451,3501451,
PNTM9M2jMkKm3GLHpLiq3J4gE,"","North Campus",6c2573ce-592a-4519-989c-2fd21d6918b7,"W", 11/16/2025 08:00:00 AM,"(UTC-07:00) Arizona",,,3544282.5,3544282.5,3544282.5,
PNTM9M2jMkKm3GLHpLiq3J4gE,"","North Campus",6c2573ce-592a-4519-989c-2fd21d6918b7,"W", 11/16/2025 08:30:00 AM,"(UTC-07:00) Arizona",,,3666371.2,3635142.2,3697600.2,
PNTM9M2jMkKm3GLHpLiq3J4gE,"","North Campus",6c2573ce-592a-4519-989c-2fd21d6918b7,"W", 11/16/2025 08:45:00 AM,"(UTC-07:00) Arizona",,,3690392,3690392,3690392,
PNTM9M2jMkKm3GLHpLiq3J4gE,"","North Campus",6c2573ce-592a-4519-989c-2fd21d6918b7,"W", 11/16/2025 09:00:00 AM,"(UTC-07:00) Arizona",,,3689967.2,3689967.2,3689967.2,
PNTM9M2jMkKm3GLHpLiq3J4gE,"","North Campus",6c2573ce-592a-4519-989c-2fd21d6918b7,"W", 11/16/2025 09:15:00 AM,"(UTC-07:00) Arizona",,,3622016,3616694,3627338,
PNTM9M2jMkKm3GLHpLiq3J4gE,"","North Campus",6c2573ce-592a-4519-989c-2fd21d6918b7,"W", 11/16/2025 09:30:00 AM,"(UTC-07:00) Arizona",,,3740254.5,3740254.5,3740254.5,
PNTM9M2jMkKm3GLHpLiq3J4gE,"","North Campus",6c2573ce-592a-4519-989c-2fd21d6918b7,"W", 11/16/2025 09:45:00 AM,"(UTC-07:00) Arizona",,,3862831,3862831,3862831,
PNTM9M2jMkKm3GLHpLiq3J4gE,"","North Campus",6c2573ce-592a-4519-989c-2fd21d6918b7,"W", 11/16/2025 10:00:00 AM,"(UTC-07:00) Arizona",,,3809903.8,3809903.8,3809903.8,
PNTM9M2jMkKm3GLHpLiq3J4gE,"","North Campus",6c2573ce-592a-4519-989c-2fd21d6918b7,"W", 11/16/2025 10:15:00 AM,"(UTC-07:00) Arizona",,,3820285.6,3765502,3875069.2,
PNTM9M2jMkKm3GLHpLiq3J4gE,"","North Campus",6c2573ce-592a-4519-989c-2fd21d6918b7,"W", 11/16/2025 10:30:00 AM,"(UTC-07:00) Arizona",,,3725199,3725199,3725199,
PNTM9M2jMkKm3GLHpLiq3J4gE,"","North Campus",6c2573ce-592a-4519-989c-2fd21d6918b7,"W", 11/16/2025 10:45:00 AM,"(UTC-07:00) Arizona",,,3716575.8,3716575.8,3716575.8,
PNTM9M2jMkKm3GLHpLiq3J4gE,"","North Campus",6c2573ce-592a-4519-989c-2fd21d6918b7,"W", 11/16/2025 11:00:00 AM,"(UTC-07:00) Arizona",,,3743506.2,3743506.2,3743506.2,
PNTM9M2jMkKm3GLHpLiq3J4gE,"","North Campus",6c2573ce-592a-4519-989c-2fd21d6918b7,"W", 11/16/2025 11:15:00 AM,"(UTC-07:00) Arizona",,,3783719.2,3783719.2,3783719.2,
PNTM9M2jMkKm3GLHpLiq3J4gE,"","North Campus",6c2573ce-592a-4519-989c-2fd21d6918b7,"W", 11/16/2025 11:30:00 AM,"(UTC-07:00) Arizona",,,3797334.8,3797334.8,3797334.8,
PNTM9M2jMkKm3GLHpLiq3J4gE,"","North Campus",6c2573ce-592a-4519-989c-2fd21d6918b7,"W", 11/16/2025 12:00:00 PM,"(UTC-07:00) Arizona",,,3951496.8,3951496.8,3951496.8,
PNTM9M2jMkKm3GLHpLiq3J4gE,"","North Campus",6c2573ce-592a-4519-989c-2fd21d6918b7,"W", 11/16/2025 12:15:00 PM,"(UTC-07:00) Arizona",,,3862492.8,3862492.8,3862492.8,
PNTM9M2jMkKm3GLHpLiq3J4gE,"","North Campus",6c2573ce-592a-4519-989c-2fd21d6918b7,"W", 11/16/2025 12:30:00 PM,"(UTC-07:00) Arizona",,,3979179.6,3958806,3999553.2,
PNTM9M2jMkKm3GLHpLiq3J4gE,"","North Campus",6c2573ce-592a-4519-989c-2fd21d6918b7,"W", 11/16/2025 12:45:00 PM,"(UTC-07:00) Arizona",,,4017344.2,4017344.2,4017344.2,
PNTM9M2jMkKm3GLHpLiq3J4gE,"","North Campus",6c2573ce-592a-4519-989c-2fd21d6918b7,"W", 11/16/2025 01:00:00 PM,"(UTC-07:00) Arizona",,,3957517.8,3957517.8,3957517.8,
PNTM9M2jMkKm3GLHpLiq3J4gE,"","North Campus",6c2573ce-592a-4519-989c-2fd21d6918b7,"W", 11/16/2025 01:15:00 PM,"(UTC-07:00) Arizona",,,4033944,4033944,4033944,
PNTM9M2jMkKm3GLHpLiq3J4gE,"","North Campus",6c2573ce-592a-4519-989c-2fd21d6918b7,"W", 11/16/2025 01:30:00 PM,"(UTC-07:00) Arizona",,,4078884.8,4078884.8,4078884.8,
PNTM9M2jMkKm3GLHpLiq3J4gE,"","North Campus",6c2573ce-592a-4519-989c-2fd21d6918b7,"W", 11/16/2025 01:45:00 PM,"(UTC-07:00) Arizona",,,4009836.5,3962547.8,4057125.2,
PNTM9M2jMkKm3GLHpLiq3J4gE,"","North Campus",6c2573ce-592a-4519-989c-2fd21d6918b7,"W", 11/16/2025 02:00:00 PM,"(UTC-07:00) Arizona",,,3914356.2,3914356.2,3914356.2,
PNTM9M2jMkKm3GLHpLiq3J4gE,"","North Campus",6c2573ce-592a-4519-989c-2fd21d6918b7,"W", 11/16/2025 02:15:00 PM,"(UTC-07:00) Arizona",,,3987695.2,3987695.2,3987695.2,
PNTM9M2jMkKm3GLHpLiq3J4gE,"","North Campus",6c2573ce-592a-4519-989c-2fd21d6918b7,"W", 11/16/2025 02:30:00 PM,"(UTC-07:00) Arizona",,,4016899,4016899,4016899,
PNTM9M2jMkKm3GLHpLiq3J4gE,"","North Campus",6c2573ce-592a-4519-989c-2fd21d6918b7,"W", 11/16/2025 02:45:00 PM,"(UTC-07:00) Arizona",,,4135661.2,4135661.2,4135661.2,
PNTM9M2jMkKm3GLHpLiq3J4gE,"","North Campus",6c2573ce-592a-4519-989c-2fd21d6918b7,"W", 11/16/2025 03:00:00 PM,"(UTC-07:00) Arizona",,,3976881,3976881,3976881,
PNTM9M2jMkKm3GLHpLiq3J4gE,"","North Campus",6c2573ce-592a-4519-989c-2fd21d6918b7,"W", 11/16/2025 03:15:00 PM,"(UTC-07:00) Arizona",,,4023692.4,3958584,4088800.8,
PNTM9M2jMkKm3GLHpLiq3J4gE,"","North Campus",6c2573ce-592a-4519-989c-2fd21d6918b7,"W", 11/16/2025 03:45:00 PM,"(UTC-07:00) Arizona",,,4147188.6666666665,4081056.2,4227886,
PNTM9M2jMkKm3GLHpLiq3J4gE,"","North Campus",6c2573ce-592a-4519-989c-2fd21d6918b7,"W", 11/16/2025 04:00:00 PM,"(UTC-07:00) Arizona",,,4175700.5,4168790.5,4182610.5,
PNTM9M2jMkKm3GLHpLiq3J4gE,"","North Campus",6c2573ce-592a-4519-989c-2fd21d6918b7,"W", 11/16/2025 04:15:00 PM,"(UTC-07:00) Arizona",,,4116114.1,4071813,4192936.8,
PNTM9M2jMkKm3GLHpLiq3J4gE,"","North Campus",6c2573ce-592a-4519-989c-2fd21d6918b7,"W", 11/16/2025 04:30:00 PM,"(UTC-07:00) Arizona",,,4132519,4132256.2,4132781.8,
PNTM9M2jMkKm3GLHpLiq3J4gE,"","North Campus",6c2573ce-592a-4519-989c-2fd21d6918b7,"W", 11/16/2025 04:45:00 PM,"(UTC-07:00) Arizona",,,4162672.8,4162672.8,4162672.8,
PNTM9M2jMkKm3GLHpLiq3J4gE,"","North Campus",6c2573ce-592a-4519-989c-2fd21d6918b7,"W", 11/16/2025 05:00:00 PM,"(UTC-07:00) Arizona",,,4194784,4156006.5,4233561.5,
PNTM9M2jMkKm3GLHpLiq3J4gE,"","North Campus",6c2573ce-592a-4519-989c-2fd21d6918b7,"W", 11/16/2025 05:15:00 PM,"(UTC-07:00) Arizona",,,4148612.8,4148612.8,4148612.8,
PNTM9M2jMkKm3GLHpLiq3J4gE,"","North Campus",6c2573ce-592a-4519-989c-2fd21d6918b7,"W", 11/16/2025 05:30:00 PM,"(UTC-07:00) Arizona",,,4207547.5,4207547.5,4207547.5,
PNTM9M2jMkKm3GLHpLiq3J4gE,"","North Campus",6c2573ce-592a-4519-989c-2fd21d6918b7,"W", 11/16/2025 05:45:00 PM,"(UTC-07:00) Arizona",,,4216207.65,4185592.8,4246822.5,
PNTM9M2jMkKm3GLHpLiq3J4gE,"","North Campus",6c2573ce-592a-4519-989c-2fd21d6918b7,"W", 11/16/2025 06:00:00 PM,"(UTC-07:00) Arizona",,,4241332,4227478.5,4255185.5,
PNTM9M2jMkKm3GLHpLiq3J4gE,"","North Campus",6c2573ce-592a-4519-989c-2fd21d6918b7,"W", 11/16/2025 06:15:00 PM,"(UTC-07:00) Arizona",,,4235415.433333334,4176807.8,4304499.5,
PNTM9M2jMkKm3GLHpLiq3J4gE,"","North Campus",6c2573ce-592a-4519-989c-2fd21d6918b7,"W", 11/16/2025 06:30:00 PM,"(UTC-07:00) Arizona",,,4249014.25,4219311,4278717.5,
PNTM9M2jMkKm3GLHpLiq3J4gE,"","North Campus",6c2573ce-592a-4519-989c-2fd21d6918b7,"W", 11/16/2025 06:45:00 PM,"(UTC-07:00) Arizona",,,4225068.75,4221844,4228293.5,
PNTM9M2jMkKm3GLHpLiq3J4gE,"","North Campus",6c2573ce-592a-4519-989c-2fd21d6918b7,"W", 11/16/2025 07:00:00 PM,"(UTC-07:00) Arizona",,,4086794,4086607.5,4086980.5,
PNTM9M2jMkKm3GLHpLiq3J4gE,"","North Campus",6c2573ce-592a-4519-989c-2fd21d6918b7,"W", 11/16/2025 07:15:00 PM,"(UTC-07:00) Arizona",,,4072781.2,4072781.2,4072781.2,
PNTM9M2jMkKm3GLHpLiq3J4gE,"","North Campus",6c2573ce-592a-4519-989c-2fd21d6918b7,"W", 11/16/2025 07:30:00 PM,"(UTC-07:00) Arizona",,,4046334.9,4028247.8,4064422,
PNTM9M2jMkKm3GLHpLiq3J4gE,"","North Campus",6c2573ce-592a-4519-989c-2fd21d6918b7,"W", 11/16/2025 07:45:00 PM,"(UTC-07:00) Arizona",,,4043752.9,4035249.8,4052256,
PNTM9M2jMkKm3GLHpLiq3J4gE,"","North Campus",6c2573ce-592a-4519-989c-2fd21d6918b7,"W", 11/16/2025 08:00:00 PM,"(UTC-07:00) Arizona",,,4016949.825,4009556.8,4031388.2,
PNTM9M2jMkKm3GLHpLiq3J4gE,"","North Campus",6c2573ce-592a-4519-989c-2fd21d6918b7,"W", 11/16/2025 08:15:00 PM,"(UTC-07:00) Arizona",,,4044884.85,4017085.5,4072684.2,
PNTM9M2jMkKm3GLHpLiq3J4gE,"","North Campus",6c2573ce-592a-4519-989c-2fd21d6918b7,"W", 11/16/2025 08:30:00 PM,"(UTC-07:00) Arizona",,,4016536.8,4016536.8,4016536.8,
PNTM9M2jMkKm3GLHpLiq3J4gE,"","North Campus",6c2573ce-592a-4519-989c-2fd21d6918b7,"W", 11/16/2025 08:45:00 PM,"(UTC-07:00) Arizona",,,3955892.7,3944138.2,3967647.2,
PNTM9M2jMkKm3GLHpLiq3J4gE,"","North Campus",6c2573ce-592a-4519-989c-2fd21d6918b7,"W", 11/16/2025 09:00:00 PM,"(UTC-07:00) Arizona",,,3875249.8,3875249.8,3875249.8,
PNTM9M2jMkKm3GLHpLiq3J4gE,"","North Campus",6c2573ce-592a-4519-989c-2fd21d6918b7,"W", 11/16/2025 09:15:00 PM,"(UTC-07:00) Arizona",,,3886670.8,3873895.8,3899445.8,
PNTM9M2jMkKm3GLHpLiq3J4gE,"","North Campus",6c2573ce-592a-4519-989c-2fd21d6918b7,"W", 11/16/2025 09:30:00 PM,"(UTC-07:00) Arizona",,,3886434.266666667,3864986.5,3900139.8,
PNTM9M2jMkKm3GLHpLiq3J4gE,"","North Campus",6c2573ce-592a-4519-989c-2fd21d6918b7,"W", 11/16/2025 09:45:00 PM,"(UTC-07:00) Arizona",,,3834434.5,3834434.5,3834434.5,
PNTM9M2jMkKm3GLHpLiq3J4gE,"","North Campus",6c2573ce-592a-4519-989c-2fd21d6918b7,"W", 11/16/2025 10:00:00 PM,"(UTC-07:00) Arizona",,,3780534.35,3771992.2,3789076.5,
PNTM9M2jMkKm3GLHpLiq3J4gE,"","North Campus",6c2573ce-592a-4519-989c-2fd21d6918b7,"W", 11/16/2025 10:15:00 PM,"(UTC-07:00) Arizona",,,3749109,3749109,3749109,
PNTM9M2jMkKm3GLHpLiq3J4gE,"","North Campus",6c2573ce-592a-4519-989c-2fd21d6918b7,"W", 11/16/2025 10:30:00 PM,"(UTC-07:00) Arizona",,,3752044,3751091.8,3752996.2,
PNTM9M2jMkKm3GLHpLiq3J4gE,"","North Campus",6c2573ce-592a-4519-989c-2fd21d6918b7,"W", 11/16/2025 10:45:00 PM,"(UTC-07:00) Arizona",,,3727557.2,3727557.2,3727557.2,
PNTM9M2jMkKm3GLHpLiq3J4gE,"","North Campus",6c2573ce-592a-4519-989c-2fd21d6918b7,"W", 11/16/2025 11:00:00 PM,"(UTC-07:00) Arizona",,,3684048.4,3682417.8,3685679,
PNTM9M2jMkKm3GLHpLiq3J4gE,"","North Campus",6c2573ce-592a-4519-989c-2fd21d6918b7,"W", 11/16/2025 11:15:00 PM,"(UTC-07:00) Arizona",,,3675759.5,3675759.5,3675759.5,
PNTM9M2jMkKm3GLHpLiq3J4gE,"","North Campus",6c2573ce-592a-4519-989c-2fd21d6918b7,"W", 11/16/2025 11:30:00 PM,"(UTC-07:00) Arizona",,,3674666.2,3669563.2,3679769.2,
PNTM9M2jMkKm3GLHpLiq3J4gE,"","North Campus",6c2573ce-592a-4519-989c-2fd21d6918b7,"W", 11/16/2025 11:45:00 PM,"(UTC-07:00) Arizona",,,3623267.6666666665,3576106,3671699.8,
