ExternalPointID,Tags,Parent Equipment Name,Site Name,FrequencyUnit,Time,Timezone,OnCount,OffCount,Average,Minimum,Maximum,Sum,State
PNTM9M2jMkKm3GLHpLiq3J4gE,"","North Campus",6c2573ce-592a-4519-989c-2fd21d6918b7,"W", 10/27/2025 12:00:00 AM,"(UTC-07:00) Arizona",,,3527718.5,3518029,3537408,
PNTM9M2jMkKm3GLHpLiq3J4gE,"","North Campus",6c2573ce-592a-4519-989c-2fd21d6918b7,"W", 10/27/2025 12:15:00 AM,"(UTC-07:00) Arizona",,,3482637.6,3444769.2,3520506,
PNTM9M2jMkKm3GLHpLiq3J4gE,"","North Campus",6c2573ce-592a-4519-989c-2fd21d6918b7,"W", 10/27/2025 12:30:00 AM,"(UTC-07:00) Arizona",,,3449785,3433129.8,3466440.2,
PNTM9M2jMkKm3GLHpLiq3J4gE,"","North Campus",6c2573ce-592a-4519-989c-2fd21d6918b7,"W", 10/27/2025 12:45:00 AM,"(UTC-07:00) Arizona",,,3420719.8,3420719.8,3420719.8,
PNTM9M2jMkKm3GLHpLiq3J4gE,"","North Campus",6c2573ce-592a-4519-989c-2fd21d6918b7,"W", 10/27/2025 01:00:00 AM,"(UTC-07:00) Arizona",,,3445890,3440424.5,3451355.5,
PNTM9M2jMkKm3GLHpLiq3J4gE,"","North Campus",6c2573ce-592a-4519-989c-2fd21d6918b7,"W", 10/27/2025 01:15:00 AM,"(UTC-07:00) Arizona",,,3407931,3407931,3407931,
PNTM9M2jMkKm3GLHpLiq3J4gE,"","North Campus",6c2573ce-592a-4519-989c-2fd21d6918b7,"W", 10/27/2025 01:30:00 AM,"(UTC-07:00) Arizona",,,3360895.65,3346576.5,3375214.8,
PNTM9M2jMkKm3GLHpLiq3J4gE,"","North Campus",6c2573ce-592a-4519-989c-2fd21d6918b7,"W", 10/27/2025 01:45:00 AM,"(UTC-07:00) Arizona",,,3312008.8333333335,3285983.2,3337289.5,
PNTM9M2jMkKm3GLHpLiq3J4gE,"","North Campus",6c2573ce-592a-4519-989c-2fd21d6918b7,"W", 10/27/2025 02:00:00 AM,"(UTC-07:00) Arizona",,,3329296.1,3308277,3368646.8,
PNTM9M2jMkKm3GLHpLiq3J4gE,"","North Campus",6c2573ce-592a-4519-989c-2fd21d6918b7,"W", 10/27/2025 02:15:00 AM,"(UTC-07:00) Arizona",,,3286849.4333333336,3279157.5,3293390.8,
PNTM9M2jMkKm3GLHpLiq3J4gE,"","North Campus",6c2573ce-592a-4519-989c-2fd21d6918b7,"W", 10/27/2025 02:30:00 AM,"(UTC-07:00) Arizona",,,3317758.5,3286716.2,3348800.8,
PNTM9M2jMkKm3GLHpLiq3J4gE,"","North Campus",6c2573ce-592a-4519-989c-2fd21d6918b7,"W", 10/27/2025 02:45:00 AM,"(UTC-07:00) Arizona",,,3335691.6,3304147.2,3367236,
PNTM9M2jMkKm3GLHpLiq3J4gE,"","North Campus",6c2573ce-592a-4519-989c-2fd21d6918b7,"W", 10/27/2025 03:00:00 AM,"(UTC-07:00) Arizona",,,3280517.6,3264925,3296110.2,
PNTM9M2jMkKm3GLHpLiq3J4gE,"","North Campus",6c2573ce-592a-4519-989c-2fd21d6918b7,"W", 10/27/2025 03:15:00 AM,"(UTC-07:00) Arizona",,,3263763.2,3263763.2,3263763.2,
PNTM9M2jMkKm3GLHpLiq3J4gE,"","North Campus",6c2573ce-592a-4519-989c-2fd21d6918b7,"W", 10/27/2025 03:30:00 AM,"(UTC-07:00) Arizona",,,3253693.8,3244227.8,3263159.8,
PNTM9M2jMkKm3GLHpLiq3J4gE,"","North Campus",6c2573ce-592a-4519-989c-2fd21d6918b7,"W", 10/27/2025 03:45:00 AM,"(UTC-07:00) Arizona",,,3276083.6666666665,3262322.2,3285835.8,
PNTM9M2jMkKm3GLHpLiq3J4gE,"","North Campus",6c2573ce-592a-4519-989c-2fd21d6918b7,"W", 10/27/2025 04:00:00 AM,"(UTC-07:00) Arizona",,,3344219.8,3300162,3380467.2,
PNTM9M2jMkKm3GLHpLiq3J4gE,"","North Campus",6c2573ce-592a-4519-989c-2fd21d6918b7,"W", 10/27/2025 04:15:00 AM,"(UTC-07:00) Arizona",,,3378303.1,3362345,3394261.2,
PNTM9M2jMkKm3GLHpLiq3J4gE,"","North Campus",6c2573ce-592a-4519-989c-2fd21d6918b7,"W", 10/27/2025 04:30:00 AM,"(UTC-07:00) Arizona",,,3386354.75,3361842,3410867.5,
PNTM9M2jMkKm3GLHpLiq3J4gE,"","North Campus",6c2573ce-592a-4519-989c-2fd21d6918b7,"W", 10/27/2025 04:45:00 AM,"(UTC-07:00) Arizona",,,3429719.2,3410141.2,3449297.2,
PNTM9M2jMkKm3GLHpLiq3J4gE,"","North Campus",6c2573ce-592a-4519-989c-2fd21d6918b7,"W", 10/27/2025 05:00:00 AM,"(UTC-07:00) Arizona",,,3485898.1666666665,3452790.2,3525012.5,
PNTM9M2jMkKm3GLHpLiq3J4gE,"","North Campus",6c2573ce-592a-4519-989c-2fd21d6918b7,"W", 10/27/2025 05:15:00 AM,"(UTC-07:00) Arizona",,,3474386.5,3462587.5,3494918.8,
PNTM9M2jMkKm3GLHpLiq3J4gE,"","North Campus",6c2573ce-592a-4519-989c-2fd21d6918b7,"W", 10/27/2025 05:30:00 AM,"(UTC-07:00) Arizona",,,3541946.65,3526213.5,3557679.8,
PNTM9M2jMkKm3GLHpLiq3J4gE,"","North Campus",6c2573ce-592a-4519-989c-2fd21d6918b7,"W", 10/27/2025 05:45:00 AM,"(UTC-07:00) Arizona",,,3617744.1,3600746,3634742.2,
PNTM9M2jMkKm3GLHpLiq3J4gE,"","North Campus",6c2573ce-592a-4519-989c-2fd21d6918b7,"W", 10/27/2025 06:00:00 AM,"(UTC-07:00) Arizona",,,3744623.5,3716251,3772996,
PNTM9M2jMkKm3GLHpLiq3J4gE,"","North Campus",6c2573ce-592a-4519-989c-2fd21d6918b7,"W", 10/27/2025 06:15:00 AM,"(UTC-07:00) Arizona",,,3766691,3706978.2,3816047.8,
PNTM9M2jMkKm3GLHpLiq3J4gE,"","North Campus",6c2573ce-592a-4519-989c-2fd21d6918b7,"W", 10/27/2025 06:30:00 AM,"(UTC-07:00) Arizona",,,3841808.2,3821400.2,3862216.2,
PNTM9M2jMkKm3GLHpLiq3J4gE,"","North Campus",6c2573ce-592a-4519-989c-2fd21d6918b7,"W", 10/27/2025 06:45:00 AM,"(UTC-07:00) Arizona",,,3882852.1500000004,3834630.2,3980148.8,
PNTM9M2jMkKm3GLHpLiq3J4gE,"","North Campus",6c2573ce-592a-4519-989c-2fd21d6918b7,"W", 10/27/2025 07:00:00 AM,"(UTC-07:00) Arizona",,,3942968.25,3893934.5,3992002,
PNTM9M2jMkKm3GLHpLiq3J4gE,"","North Campus",6c2573ce-592a-4519-989c-2fd21d6918b7,"W", 10/27/2025 07:15:00 AM,"(UTC-07:00) Arizona",,,4052550.15,4033698.5,4071401.8,
PNTM9M2jMkKm3GLHpLiq3J4gE,"","North Campus",6c2573ce-592a-4519-989c-2fd21d6918b7,"W", 10/27/2025 07:30:00 AM,"(UTC-07:00) Arizona",,,4110817,4110817,4110817,
PNTM9M2jMkKm3GLHpLiq3J4gE,"","North Campus",6c2573ce-592a-4519-989c-2fd21d6918b7,"W", 10/27/2025 07:45:00 AM,"(UTC-07:00) Arizona",,,4123703.25,4102150.5,4145256,
PNTM9M2jMkKm3GLHpLiq3J4gE,"","North Campus",6c2573ce-592a-4519-989c-2fd21d6918b7,"W", 10/27/2025 08:00:00 AM,"(UTC-07:00) Arizona",,,4291727,4245942.5,4337511.5,
PNTM9M2jMkKm3GLHpLiq3J4gE,"","North Campus",6c2573ce-592a-4519-989c-2fd21d6918b7,"W", 10/27/2025 08:15:00 AM,"(UTC-07:00) Arizona",,,4231517,4228150.5,4234883.5,
PNTM9M2jMkKm3GLHpLiq3J4gE,"","North Campus",6c2573ce-592a-4519-989c-2fd21d6918b7,"W", 10/27/2025 08:30:00 AM,"(UTC-07:00) Arizona",,,4354462,4305321,4403603,
PNTM9M2jMkKm3GLHpLiq3J4gE,"","North Campus",6c2573ce-592a-4519-989c-2fd21d6918b7,"W", 10/27/2025 08:45:00 AM,"(UTC-07:00) Arizona",,,4439320.666666667,4399594.5,4505366,
PNTM9M2jMkKm3GLHpLiq3J4gE,"","North Campus",6c2573ce-592a-4519-989c-2fd21d6918b7,"W", 10/27/2025 09:00:00 AM,"(UTC-07:00) Arizona",,,4514993.25,4501909,4528077.5,
PNTM9M2jMkKm3GLHpLiq3J4gE,"","North Campus",6c2573ce-592a-4519-989c-2fd21d6918b7,"W", 10/27/2025 09:15:00 AM,"(UTC-07:00) Arizona",,,4487428.25,4455852.5,4519004,
PNTM9M2jMkKm3GLHpLiq3J4gE,"","North Campus",6c2573ce-592a-4519-989c-2fd21d6918b7,"W", 10/27/2025 09:30:00 AM,"(UTC-07:00) Arizona",,,4450610,4428552,4472668,
PNTM9M2jMkKm3GLHpLiq3J4gE,"","North Campus",6c2573ce-592a-4519-989c-2fd21d6918b7,"W", 10/27/2025 09:45:00 AM,"(UTC-07:00) Arizona",,,4502840,4455090,4550590,
PNTM9M2jMkKm3GLHpLiq3J4gE,"","North Campus",6c2573ce-592a-4519-989c-2fd21d6918b7,"W", 10/27/2025 10:00:00 AM,"(UTC-07:00) Arizona",,,4628619.75,4562197,4695042.5,
PNTM9M2jMkKm3GLHpLiq3J4gE,"","North Campus",6c2573ce-592a-4519-989c-2fd21d6918b7,"W", 10/27/2025 10:15:00 AM,"(UTC-07:00) Arizona",,,4611818.5,4541760,4681877,
PNTM9M2jMkKm3GLHpLiq3J4gE,"","North Campus",6c2573ce-592a-4519-989c-2fd21d6918b7,"W", 10/27/2025 10:30:00 AM,"(UTC-07:00) Arizona",,,4611101.666666667,4581040,4670942.5,
PNTM9M2jMkKm3GLHpLiq3J4gE,"","North Campus",6c2573ce-592a-4519-989c-2fd21d6918b7,"W", 10/27/2025 10:45:00 AM,"(UTC-07:00) Arizona",,,4655193.5,4586103.5,4724164.5,
PNTM9M2jMkKm3GLHpLiq3J4gE,"","North Campus",6c2573ce-592a-4519-989c-2fd21d6918b7,"W", 10/27/2025 11:00:00 AM,"(UTC-07:00) Arizona",,,4718561.75,4698560.5,4738563,
PNTM9M2jMkKm3GLHpLiq3J4gE,"","North Campus",6c2573ce-592a-4519-989c-2fd21d6918b7,"W", 10/27/2025 11:15:00 AM,"(UTC-07:00) Arizona",,,4823331,4748083,4902781,
PNTM9M2jMkKm3GLHpLiq3J4gE,"","North Campus",6c2573ce-592a-4519-989c-2fd21d6918b7,"W", 10/27/2025 11:30:00 AM,"(UTC-07:00) Arizona",,,4721232,4688993,4753471,
PNTM9M2jMkKm3GLHpLiq3J4gE,"","North Campus",6c2573ce-592a-4519-989c-2fd21d6918b7,"W", 10/27/2025 11:45:00 AM,"(UTC-07:00) Arizona",,,4685937.5,4683962,4687913,
PNTM9M2jMkKm3GLHpLiq3J4gE,"","North Campus",6c2573ce-592a-4519-989c-2fd21d6918b7,"W", 10/27/2025 12:00:00 PM,"(UTC-07:00) Arizona",,,4765735,4765735,4765735,
PNTM9M2jMkKm3GLHpLiq3J4gE,"","North Campus",6c2573ce-592a-4519-989c-2fd21d6918b7,"W", 10/27/2025 12:15:00 PM,"(UTC-07:00) Arizona",,,4760337.5,4712387,4808288,
PNTM9M2jMkKm3GLHpLiq3J4gE,"","North Campus",6c2573ce-592a-4519-989c-2fd21d6918b7,"W", 10/27/2025 12:30:00 PM,"(UTC-07:00) Arizona",,,4832076.333333333,4825896,4841079.5,
PNTM9M2jMkKm3GLHpLiq3J4gE,"","North Campus",6c2573ce-592a-4519-989c-2fd21d6918b7,"W", 10/27/2025 12:45:00 PM,"(UTC-07:00) Arizona",,,4911348.5,4871301,4951396,
PNTM9M2jMkKm3GLHpLiq3J4gE,"","North Campus",6c2573ce-592a-4519-989c-2fd21d6918b7,"W", 10/27/2025 01:00:00 PM,"(UTC-07:00) Arizona",,,4831421.666666667,4824025.5,4840564,
PNTM9M2jMkKm3GLHpLiq3J4gE,"","North Campus",6c2573ce-592a-4519-989c-2fd21d6918b7,"W", 10/27/2025 01:15:00 PM,"(UTC-07:00) Arizona",,,4916168,4916168,4916168,
PNTM9M2jMkKm3GLHpLiq3J4gE,"","North Campus",6c2573ce-592a-4519-989c-2fd21d6918b7,"W", 10/27/2025 01:30:00 PM,"(UTC-07:00) Arizona",,,4871717.666666667,4834834,4940064,
PNTM9M2jMkKm3GLHpLiq3J4gE,"","North Campus",6c2573ce-592a-4519-989c-2fd21d6918b7,"W", 10/27/2025 01:45:00 PM,"(UTC-07:00) Arizona",,,4863995.75,4817688.5,4910303,
PNTM9M2jMkKm3GLHpLiq3J4gE,"","North Campus",6c2573ce-592a-4519-989c-2fd21d6918b7,"W", 10/27/2025 02:00:00 PM,"(UTC-07:00) Arizona",,,4974922.25,4921340.5,5028504,
PNTM9M2jMkKm3GLHpLiq3J4gE,"","North Campus",6c2573ce-592a-4519-989c-2fd21d6918b7,"W", 10/27/2025 02:15:00 PM,"(UTC-07:00) Arizona",,,5019192.25,5011639.5,5026745,
PNTM9M2jMkKm3GLHpLiq3J4gE,"","North Campus",6c2573ce-592a-4519-989c-2fd21d6918b7,"W", 10/27/2025 02:30:00 PM,"(UTC-07:00) Arizona",,,4991208.833333333,4920703,5036132.5,
PNTM9M2jMkKm3GLHpLiq3J4gE,"","North Campus",6c2573ce-592a-4519-989c-2fd21d6918b7,"W", 10/27/2025 02:45:00 PM,"(UTC-07:00) Arizona",,,5061436.5,5061436.5,5061436.5,
PNTM9M2jMkKm3GLHpLiq3J4gE,"","North Campus",6c2573ce-592a-4519-989c-2fd21d6918b7,"W", 10/27/2025 03:00:00 PM,"(UTC-07:00) Arizona",,,5017463,5011537,5023389,
PNTM9M2jMkKm3GLHpLiq3J4gE,"","North Campus",6c2573ce-592a-4519-989c-2fd21d6918b7,"W", 10/27/2025 03:15:00 PM,"(UTC-07:00) Arizona",,,5056960.75,5021944,5091977.5,
PNTM9M2jMkKm3GLHpLiq3J4gE,"","North Campus",6c2573ce-592a-4519-989c-2fd21d6918b7,"W", 10/27/2025 03:30:00 PM,"(UTC-07:00) Arizona",,,5148495.75,5144309.5,5152682,
PNTM9M2jMkKm3GLHpLiq3J4gE,"","North Campus",6c2573ce-592a-4519-989c-2fd21d6918b7,"W", 10/27/2025 03:45:00 PM,"(UTC-07:00) Arizona",,,5172051,5105067.5,5239034.5,
PNTM9M2jMkKm3GLHpLiq3J4gE,"","North Campus",6c2573ce-592a-4519-989c-2fd21d6918b7,"W", 10/27/2025 04:00:00 PM,"(UTC-07:00) Arizona",,,5107360.166666667,5102814,5113442,
PNTM9M2jMkKm3GLHpLiq3J4gE,"","North Campus",6c2573ce-592a-4519-989c-2fd21d6918b7,"W", 10/27/2025 04:15:00 PM,"(UTC-07:00) Arizona",,,5216093.75,5211995,5220192.5,
PNTM9M2jMkKm3GLHpLiq3J4gE,"","North Campus",6c2573ce-592a-4519-989c-2fd21d6918b7,"W", 10/27/2025 04:30:00 PM,"(UTC-07:00) Arizona",,,5159374.25,5147913,5170835.5,
PNTM9M2jMkKm3GLHpLiq3J4gE,"","North Campus",6c2573ce-592a-4519-989c-2fd21d6918b7,"W", 10/27/2025 04:45:00 PM,"(UTC-07:00) Arizona",,,5114511,5114511,5114511,
PNTM9M2jMkKm3GLHpLiq3J4gE,"","North Campus",6c2573ce-592a-4519-989c-2fd21d6918b7,"W", 10/27/2025 05:00:00 PM,"(UTC-07:00) Arizona",,,5078871.5,5034893,5122850,
PNTM9M2jMkKm3GLHpLiq3J4gE,"","North Campus",6c2573ce-592a-4519-989c-2fd21d6918b7,"W", 10/27/2025 05:15:00 PM,"(UTC-07:00) Arizona",,,4977905.833333333,4977428.5,4978571.5,
PNTM9M2jMkKm3GLHpLiq3J4gE,"","North Campus",6c2573ce-592a-4519-989c-2fd21d6918b7,"W", 10/27/2025 05:30:00 PM,"(UTC-07:00) Arizona",,,5029838.75,4986666,5073011.5,
PNTM9M2jMkKm3GLHpLiq3J4gE,"","North Campus",6c2573ce-592a-4519-989c-2fd21d6918b7,"W", 10/27/2025 05:45:00 PM,"(UTC-07:00) Arizona",,,5014058.5,5014058.5,5014058.5,
PNTM9M2jMkKm3GLHpLiq3J4gE,"","North Campus",6c2573ce-592a-4519-989c-2fd21d6918b7,"W", 10/27/2025 06:00:00 PM,"(UTC-07:00) Arizona",,,4827632.75,4794194,4861071.5,
PNTM9M2jMkKm3GLHpLiq3J4gE,"","North Campus",6c2573ce-592a-4519-989c-2fd21d6918b7,"W", 10/27/2025 06:15:00 PM,"(UTC-07:00) Arizona",,,4855320.333333333,4804799,4883911.5,
PNTM9M2jMkKm3GLHpLiq3J4gE,"","North Campus",6c2573ce-592a-4519-989c-2fd21d6918b7,"W", 10/27/2025 06:30:00 PM,"(UTC-07:00) Arizona",,,4791178,4791178,4791178,
PNTM9M2jMkKm3GLHpLiq3J4gE,"","North Campus",6c2573ce-592a-4519-989c-2fd21d6918b7,"W", 10/27/2025 06:45:00 PM,"(UTC-07:00) Arizona",,,4776418.75,4752950,4799887.5,
PNTM9M2jMkKm3GLHpLiq3J4gE,"","North Campus",6c2573ce-592a-4519-989c-2fd21d6918b7,"W", 10/27/2025 07:00:00 PM,"(UTC-07:00) Arizona",,,4558496.5,4507305,4609688,
PNTM9M2jMkKm3GLHpLiq3J4gE,"","North Campus",6c2573ce-592a-4519-989c-2fd21d6918b7,"W", 10/27/2025 07:15:00 PM,"(UTC-07:00) Arizona",,,4556303.666666667,4518387.5,4589636.5,
PNTM9M2jMkKm3GLHpLiq3J4gE,"","North Campus",6c2573ce-592a-4519-989c-2fd21d6918b7,"W", 10/27/2025 07:30:00 PM,"(UTC-07:00) Arizona",,,4569862.166666667,4562006.5,4579233.5,
PNTM9M2jMkKm3GLHpLiq3J4gE,"","North Campus",6c2573ce-592a-4519-989c-2fd21d6918b7,"W", 10/27/2025 07:45:00 PM,"(UTC-07:00) Arizona",,,4556359.25,4555764.5,4556954,
PNTM9M2jMkKm3GLHpLiq3J4gE,"","North Campus",6c2573ce-592a-4519-989c-2fd21d6918b7,"W", 10/27/2025 08:00:00 PM,"(UTC-07:00) Arizona",,,4457881,4420749,4495013,
PNTM9M2jMkKm3GLHpLiq3J4gE,"","North Campus",6c2573ce-592a-4519-989c-2fd21d6918b7,"W", 10/27/2025 08:15:00 PM,"(UTC-07:00) Arizona",,,4457350,4440799,4473901,
PNTM9M2jMkKm3GLHpLiq3J4gE,"","North Campus",6c2573ce-592a-4519-989c-2fd21d6918b7,"W", 10/27/2025 08:30:00 PM,"(UTC-07:00) Arizona",,,4289415.5,4289415.5,4289415.5,
PNTM9M2jMkKm3GLHpLiq3J4gE,"","North Campus",6c2573ce-592a-4519-989c-2fd21d6918b7,"W", 10/27/2025 08:45:00 PM,"(UTC-07:00) Arizona",,,4332520.333333333,4301065,4366283.5,
PNTM9M2jMkKm3GLHpLiq3J4gE,"","North Campus",6c2573ce-592a-4519-989c-2fd21d6918b7,"W", 10/27/2025 09:00:00 PM,"(UTC-07:00) Arizona",,,4248942,4233978,4263906,
PNTM9M2jMkKm3GLHpLiq3J4gE,"","North Campus",6c2573ce-592a-4519-989c-2fd21d6918b7,"W", 10/27/2025 09:15:00 PM,"(UTC-07:00) Arizona",,,4189548.6,4136575.8,4251668.5,
PNTM9M2jMkKm3GLHpLiq3J4gE,"","North Campus",6c2573ce-592a-4519-989c-2fd21d6918b7,"W", 10/27/2025 09:30:00 PM,"(UTC-07:00) Arizona",,,4197105,4188784,4203107.5,
PNTM9M2jMkKm3GLHpLiq3J4gE,"","North Campus",6c2573ce-592a-4519-989c-2fd21d6918b7,"W", 10/27/2025 09:45:00 PM,"(UTC-07:00) Arizona",,,3982961,3982961,3982961,
PNTM9M2jMkKm3GLHpLiq3J4gE,"","North Campus",6c2573ce-592a-4519-989c-2fd21d6918b7,"W", 10/27/2025 10:00:00 PM,"(UTC-07:00) Arizona",,,3938526.5,3938526.5,3938526.5,
PNTM9M2jMkKm3GLHpLiq3J4gE,"","North Campus",6c2573ce-592a-4519-989c-2fd21d6918b7,"W", 10/27/2025 10:15:00 PM,"(UTC-07:00) Arizona",,,3907870.4,3894810.8,3920930,
PNTM9M2jMkKm3GLHpLiq3J4gE,"","North Campus",6c2573ce-592a-4519-989c-2fd21d6918b7,"W", 10/27/2025 10:30:00 PM,"(UTC-07:00) Arizona",,,3813526.8000000003,3801207.2,3826645,
PNTM9M2jMkKm3GLHpLiq3J4gE,"","North Campus",6c2573ce-592a-4519-989c-2fd21d6918b7,"W", 10/27/2025 10:45:00 PM,"(UTC-07:00) Arizona",,,3738379.5,3682451.8,3794307.2,
PNTM9M2jMkKm3GLHpLiq3J4gE,"","North Campus",6c2573ce-592a-4519-989c-2fd21d6918b7,"W", 10/27/2025 11:00:00 PM,"(UTC-07:00) Arizona",,,3618186.5,3610492.8,3625880.2,
PNTM9M2jMkKm3GLHpLiq3J4gE,"","North Campus",6c2573ce-592a-4519-989c-2fd21d6918b7,"W", 10/27/2025 11:15:00 PM,"(UTC-07:00) Arizona",,,3599202.8,3598181.8,3600223.8,
PNTM9M2jMkKm3GLHpLiq3J4gE,"","North Campus",6c2573ce-592a-4519-989c-2fd21d6918b7,"W", 10/27/2025 11:30:00 PM,"(UTC-07:00) Arizona",,,3591227.466666667,3558943.2,3641561.2,
PNTM9M2jMkKm3GLHpLiq3J4gE,"","North Campus",6c2573ce-592a-4519-989c-2fd21d6918b7,"W", 10/28/2025 12:00:00 AM,"(UTC-07:00) Arizona",,,3497515.5666666664,3465734.2,3524023,
PNTM9M2jMkKm3GLHpLiq3J4gE,"","North Campus",6c2573ce-592a-4519-989c-2fd21d6918b7,"W", 10/28/2025 12:15:00 AM,"(UTC-07:00) Arizona",,,3511797.85,3500351.5,3523244.2,
PNTM9M2jMkKm3GLHpLiq3J4gE,"","North Campus",6c2573ce-592a-4519-989c-2fd21d6918b7,"W", 10/28/2025 12:30:00 AM,"(UTC-07:00) Arizona",,,3459099.15,3435574.5,3482623.8,
PNTM9M2jMkKm3GLHpLiq3J4gE,"","North Campus",6c2573ce-592a-4519-989c-2fd21d6918b7,"W", 10/28/2025 12:45:00 AM,"(UTC-07:00) Arizona",,,3455483,3448521.8,3462444.2,
PNTM9M2jMkKm3GLHpLiq3J4gE,"","North Campus",6c2573ce-592a-4519-989c-2fd21d6918b7,"W", 10/28/2025 01:00:00 AM,"(UTC-07:00) Arizona",,,3465434.85,3464070.2,3466799.5,
PNTM9M2jMkKm3GLHpLiq3J4gE,"","North Campus",6c2573ce-592a-4519-989c-2fd21d6918b7,"W", 10/28/2025 01:15:00 AM,"(UTC-07:00) Arizona",,,3415997.4666666663,3385131.8,3453833.8,
PNTM9M2jMkKm3GLHpLiq3J4gE,"","North Campus",6c2573ce-592a-4519-989c-2fd21d6918b7,"W", 10/28/2025 01:30:00 AM,"(UTC-07:00) Arizona",,,3369654.65,3344881.8,3394427.5,
PNTM9M2jMkKm3GLHpLiq3J4gE,"","North Campus",6c2573ce-592a-4519-989c-2fd21d6918b7,"W", 10/28/2025 01:45:00 AM,"(UTC-07:00) Arizona",,,3369145.9,3347238.8,3391053,
PNTM9M2jMkKm3GLHpLiq3J4gE,"","North Campus",6c2573ce-592a-4519-989c-2fd21d6918b7,"W", 10/28/2025 02:00:00 AM,"(UTC-07:00) Arizona",,,3349754.5333333337,3333643.2,3379827.2,
PNTM9M2jMkKm3GLHpLiq3J4gE,"","North Campus",6c2573ce-592a-4519-989c-2fd21d6918b7,"W", 10/28/2025 02:15:00 AM,"(UTC-07:00) Arizona",,,3318199.15,3312359.8,3324038.5,
PNTM9M2jMkKm3GLHpLiq3J4gE,"","North Campus",6c2573ce-592a-4519-989c-2fd21d6918b7,"W", 10/28/2025 02:30:00 AM,"(UTC-07:00) Arizona",,,3305111.6,3300980,3309243.2,
PNTM9M2jMkKm3GLHpLiq3J4gE,"","North Campus",6c2573ce-592a-4519-989c-2fd21d6918b7,"W", 10/28/2025 02:45:00 AM,"(UTC-07:00) Arizona",,,3316868.9,3309544.8,3324193,
PNTM9M2jMkKm3GLHpLiq3J4gE,"","North Campus",6c2573ce-592a-4519-989c-2fd21d6918b7,"W", 10/28/2025 03:00:00 AM,"(UTC-07:00) Arizona",,,3344218,3331353.5,3355426,
PNTM9M2jMkKm3GLHpLiq3J4gE,"","North Campus",6c2573ce-592a-4519-989c-2fd21d6918b7,"W", 10/28/2025 03:15:00 AM,"(UTC-07:00) Arizona",,,3327171.2,3327171.2,3327171.2,
PNTM9M2jMkKm3GLHpLiq3J4gE,"","North Campus",6c2573ce-592a-4519-989c-2fd21d6918b7,"W", 10/28/2025 03:30:00 AM,"(UTC-07:00) Arizona",,,3294209.25,3270863,3317555.5,
PNTM9M2jMkKm3GLHpLiq3J4gE,"","North Campus",6c2573ce-592a-4519-989c-2fd21d6918b7,"W", 10/28/2025 03:45:00 AM,"(UTC-07:00) Arizona",,,3320616.6666666665,3295934.5,3360995.5,
PNTM9M2jMkKm3GLHpLiq3J4gE,"","North Campus",6c2573ce-592a-4519-989c-2fd21d6918b7,"W", 10/28/2025 04:00:00 AM,"(UTC-07:00) Arizona",,,3440219.35,3431259.2,3449179.5,
PNTM9M2jMkKm3GLHpLiq3J4gE,"","North Campus",6c2573ce-592a-4519-989c-2fd21d6918b7,"W", 10/28/2025 04:15:00 AM,"(UTC-07:00) Arizona",,,3416591.75,3404624,3428559.5,
PNTM9M2jMkKm3GLHpLiq3J4gE,"","North Campus",6c2573ce-592a-4519-989c-2fd21d6918b7,"W", 10/28/2025 04:30:00 AM,"(UTC-07:00) Arizona",,,3462149.8333333335,3458929.2,3467314.5,
PNTM9M2jMkKm3GLHpLiq3J4gE,"","North Campus",6c2573ce-592a-4519-989c-2fd21d6918b7,"W", 10/28/2025 04:45:00 AM,"(UTC-07:00) Arizona",,,3511270.85,3504342.2,3518199.5,
PNTM9M2jMkKm3GLHpLiq3J4gE,"","North Campus",6c2573ce-592a-4519-989c-2fd21d6918b7,"W", 10/28/2025 05:00:00 AM,"(UTC-07:00) Arizona",,,3579301.5,3546117,3612486,
PNTM9M2jMkKm3GLHpLiq3J4gE,"","North Campus",6c2573ce-592a-4519-989c-2fd21d6918b7,"W", 10/28/2025 05:15:00 AM,"(UTC-07:00) Arizona",,,3590693.7,3547081.2,3634306.2,
PNTM9M2jMkKm3GLHpLiq3J4gE,"","North Campus",6c2573ce-592a-4519-989c-2fd21d6918b7,"W", 10/28/2025 05:30:00 AM,"(UTC-07:00) Arizona",,,3576895.3333333335,3551508.8,3614925.2,
PNTM9M2jMkKm3GLHpLiq3J4gE,"","North Campus",6c2573ce-592a-4519-989c-2fd21d6918b7,"W", 10/28/2025 06:00:00 AM,"(UTC-07:00) Arizona",,,3781038.6999999997,3735035.5,3831303.8,
PNTM9M2jMkKm3GLHpLiq3J4gE,"","North Campus",6c2573ce-592a-4519-989c-2fd21d6918b7,"W", 10/28/2025 06:15:00 AM,"(UTC-07:00) Arizona",,,3840277.65,3791815.5,3888739.8,
PNTM9M2jMkKm3GLHpLiq3J4gE,"","North Campus",6c2573ce-592a-4519-989c-2fd21d6918b7,"W", 10/28/2025 06:30:00 AM,"(UTC-07:00) Arizona",,,3831749.766666667,3798434.8,3876876.5,
PNTM9M2jMkKm3GLHpLiq3J4gE,"","North Campus",6c2573ce-592a-4519-989c-2fd21d6918b7,"W", 10/28/2025 06:45:00 AM,"(UTC-07:00) Arizona",,,3970779.15,3879954.8,4061603.5,
PNTM9M2jMkKm3GLHpLiq3J4gE,"","North Campus",6c2573ce-592a-4519-989c-2fd21d6918b7,"W", 10/28/2025 07:00:00 AM,"(UTC-07:00) Arizona",,,4019476.9,3985400.8,4053553,
PNTM9M2jMkKm3GLHpLiq3J4gE,"","North Campus",6c2573ce-592a-4519-989c-2fd21d6918b7,"W", 10/28/2025 07:15:00 AM,"(UTC-07:00) Arizona",,,4083821.6666666665,4041722,4129153.2,
PNTM9M2jMkKm3GLHpLiq3J4gE,"","North Campus",6c2573ce-592a-4519-989c-2fd21d6918b7,"W", 10/28/2025 07:30:00 AM,"(UTC-07:00) Arizona",,,4222102.25,4172195,4272009.5,
PNTM9M2jMkKm3GLHpLiq3J4gE,"","North Campus",6c2573ce-592a-4519-989c-2fd21d6918b7,"W", 10/28/2025 07:45:00 AM,"(UTC-07:00) Arizona",,,4205245.25,4194583.5,4215907,
PNTM9M2jMkKm3GLHpLiq3J4gE,"","North Campus",6c2573ce-592a-4519-989c-2fd21d6918b7,"W", 10/28/2025 08:00:00 AM,"(UTC-07:00) Arizona",,,4277778.5,4275686.5,4279870.5,
PNTM9M2jMkKm3GLHpLiq3J4gE,"","North Campus",6c2573ce-592a-4519-989c-2fd21d6918b7,"W", 10/28/2025 08:15:00 AM,"(UTC-07:00) Arizona",,,4305400.5,4282397.5,4328403.5,
PNTM9M2jMkKm3GLHpLiq3J4gE,"","North Campus",6c2573ce-592a-4519-989c-2fd21d6918b7,"W", 10/28/2025 08:30:00 AM,"(UTC-07:00) Arizona",,,4365342.5,4345291.5,4385393.5,
PNTM9M2jMkKm3GLHpLiq3J4gE,"","North Campus",6c2573ce-592a-4519-989c-2fd21d6918b7,"W", 10/28/2025 08:45:00 AM,"(UTC-07:00) Arizona",,,4445140.25,4428262.5,4462018,
PNTM9M2jMkKm3GLHpLiq3J4gE,"","North Campus",6c2573ce-592a-4519-989c-2fd21d6918b7,"W", 10/28/2025 09:00:00 AM,"(UTC-07:00) Arizona",,,4549930.25,4528532,4571328.5,
PNTM9M2jMkKm3GLHpLiq3J4gE,"","North Campus",6c2573ce-592a-4519-989c-2fd21d6918b7,"W", 10/28/2025 09:15:00 AM,"(UTC-07:00) Arizona",,,4473478.5,4473478.5,4473478.5,
PNTM9M2jMkKm3GLHpLiq3J4gE,"","North Campus",6c2573ce-592a-4519-989c-2fd21d6918b7,"W", 10/28/2025 09:30:00 AM,"(UTC-07:00) Arizona",,,4498731.5,4440408.5,4557054.5,
PNTM9M2jMkKm3GLHpLiq3J4gE,"","North Campus",6c2573ce-592a-4519-989c-2fd21d6918b7,"W", 10/28/2025 09:45:00 AM,"(UTC-07:00) Arizona",,,4514108.75,4485636,4542581.5,
PNTM9M2jMkKm3GLHpLiq3J4gE,"","North Campus",6c2573ce-592a-4519-989c-2fd21d6918b7,"W", 10/28/2025 10:00:00 AM,"(UTC-07:00) Arizona",,,4641557.666666667,4590463.5,4708860.5,
PNTM9M2jMkKm3GLHpLiq3J4gE,"","North Campus",6c2573ce-592a-4519-989c-2fd21d6918b7,"W", 10/28/2025 10:15:00 AM,"(UTC-07:00) Arizona",,,4560269.5,4560269.5,4560269.5,
PNTM9M2jMkKm3GLHpLiq3J4gE,"","North Campus",6c2573ce-592a-4519-989c-2fd21d6918b7,"W", 10/28/2025 10:30:00 AM,"(UTC-07:00) Arizona",,,4592775.5,4553306.5,4647608.5,
PNTM9M2jMkKm3GLHpLiq3J4gE,"","North Campus",6c2573ce-592a-4519-989c-2fd21d6918b7,"W", 10/28/2025 10:45:00 AM,"(UTC-07:00) Arizona",,,4640694,4621307,4660081,
PNTM9M2jMkKm3GLHpLiq3J4gE,"","North Campus",6c2573ce-592a-4519-989c-2fd21d6918b7,"W", 10/28/2025 11:00:00 AM,"(UTC-07:00) Arizona",,,4703661,4671954,4735368,
PNTM9M2jMkKm3GLHpLiq3J4gE,"","North Campus",6c2573ce-592a-4519-989c-2fd21d6918b7,"W", 10/28/2025 11:15:00 AM,"(UTC-07:00) Arizona",,,4622648,4608991,4636305,
PNTM9M2jMkKm3GLHpLiq3J4gE,"","North Campus",6c2573ce-592a-4519-989c-2fd21d6918b7,"W", 10/28/2025 11:30:00 AM,"(UTC-07:00) Arizona",,,4611920.5,4597419,4626422,
PNTM9M2jMkKm3GLHpLiq3J4gE,"","North Campus",6c2573ce-592a-4519-989c-2fd21d6918b7,"W", 10/28/2025 11:45:00 AM,"(UTC-07:00) Arizona",,,4638664.666666667,4590764.5,4673227.5,
PNTM9M2jMkKm3GLHpLiq3J4gE,"","North Campus",6c2573ce-592a-4519-989c-2fd21d6918b7,"W", 10/28/2025 12:00:00 PM,"(UTC-07:00) Arizona",,,4724427.5,4690384,4776761.5,
PNTM9M2jMkKm3GLHpLiq3J4gE,"","North Campus",6c2573ce-592a-4519-989c-2fd21d6918b7,"W", 10/28/2025 12:15:00 PM,"(UTC-07:00) Arizona",,,4749749,4728632,4765851,
PNTM9M2jMkKm3GLHpLiq3J4gE,"","North Campus",6c2573ce-592a-4519-989c-2fd21d6918b7,"W", 10/28/2025 12:30:00 PM,"(UTC-07:00) Arizona",,,4794426.5,4775603,4813250,
PNTM9M2jMkKm3GLHpLiq3J4gE,"","North Campus",6c2573ce-592a-4519-989c-2fd21d6918b7,"W", 10/28/2025 12:45:00 PM,"(UTC-07:00) Arizona",,,4748466.5,4730291.5,4766641.5,
PNTM9M2jMkKm3GLHpLiq3J4gE,"","North Campus",6c2573ce-592a-4519-989c-2fd21d6918b7,"W", 10/28/2025 01:00:00 PM,"(UTC-07:00) Arizona",,,4837383.25,4778251.5,4896515,
PNTM9M2jMkKm3GLHpLiq3J4gE,"","North Campus",6c2573ce-592a-4519-989c-2fd21d6918b7,"W", 10/28/2025 01:15:00 PM,"(UTC-07:00) Arizona",,,4913585,4901880.5,4925289.5,
PNTM9M2jMkKm3GLHpLiq3J4gE,"","North Campus",6c2573ce-592a-4519-989c-2fd21d6918b7,"W", 10/28/2025 01:30:00 PM,"(UTC-07:00) Arizona",,,4818989.75,4786657.5,4851322,
PNTM9M2jMkKm3GLHpLiq3J4gE,"","North Campus",6c2573ce-592a-4519-989c-2fd21d6918b7,"W", 10/28/2025 01:45:00 PM,"(UTC-07:00) Arizona",,,4910673.166666667,4825374.5,4962429,
PNTM9M2jMkKm3GLHpLiq3J4gE,"","North Campus",6c2573ce-592a-4519-989c-2fd21d6918b7,"W", 10/28/2025 02:00:00 PM,"(UTC-07:00) Arizona",,,4931046.5,4931046.5,4931046.5,
PNTM9M2jMkKm3GLHpLiq3J4gE,"","North Campus",6c2573ce-592a-4519-989c-2fd21d6918b7,"W", 10/28/2025 02:15:00 PM,"(UTC-07:00) Arizona",,,4923892,4894134,4952689.5,
PNTM9M2jMkKm3GLHpLiq3J4gE,"","North Campus",6c2573ce-592a-4519-989c-2fd21d6918b7,"W", 10/28/2025 02:30:00 PM,"(UTC-07:00) Arizona",,,4825257,4816248,4834266,
PNTM9M2jMkKm3GLHpLiq3J4gE,"","North Campus",6c2573ce-592a-4519-989c-2fd21d6918b7,"W", 10/28/2025 02:45:00 PM,"(UTC-07:00) Arizona",,,4861000,4837613.5,4899711.5,
PNTM9M2jMkKm3GLHpLiq3J4gE,"","North Campus",6c2573ce-592a-4519-989c-2fd21d6918b7,"W", 10/28/2025 03:00:00 PM,"(UTC-07:00) Arizona",,,4965557.75,4958396,4972719.5,
PNTM9M2jMkKm3GLHpLiq3J4gE,"","North Campus",6c2573ce-592a-4519-989c-2fd21d6918b7,"W", 10/28/2025 03:15:00 PM,"(UTC-07:00) Arizona",,,4941801,4900985,4982617,
PNTM9M2jMkKm3GLHpLiq3J4gE,"","North Campus",6c2573ce-592a-4519-989c-2fd21d6918b7,"W", 10/28/2025 03:30:00 PM,"(UTC-07:00) Arizona",,,5002556.166666667,4952607,5071366.5,
PNTM9M2jMkKm3GLHpLiq3J4gE,"","North Campus",6c2573ce-592a-4519-989c-2fd21d6918b7,"W", 10/28/2025 03:45:00 PM,"(UTC-07:00) Arizona",,,4982950.5,4944543,5021358,
PNTM9M2jMkKm3GLHpLiq3J4gE,"","North Campus",6c2573ce-592a-4519-989c-2fd21d6918b7,"W", 10/28/2025 04:00:00 PM,"(UTC-07:00) Arizona",,,4948913.666666667,4903375,5000398,
PNTM9M2jMkKm3GLHpLiq3J4gE,"","North Campus",6c2573ce-592a-4519-989c-2fd21d6918b7,"W", 10/28/2025 04:15:00 PM,"(UTC-07:00) Arizona",,,4965335.25,4947254.5,4983416,
PNTM9M2jMkKm3GLHpLiq3J4gE,"","North Campus",6c2573ce-592a-4519-989c-2fd21d6918b7,"W", 10/28/2025 04:30:00 PM,"(UTC-07:00) Arizona",,,5005992,5005992,5005992,
PNTM9M2jMkKm3GLHpLiq3J4gE,"","North Campus",6c2573ce-592a-4519-989c-2fd21d6918b7,"W", 10/28/2025 04:45:00 PM,"(UTC-07:00) Arizona",,,4955382.5,4888748,5059070,
PNTM9M2jMkKm3GLHpLiq3J4gE,"","North Campus",6c2573ce-592a-4519-989c-2fd21d6918b7,"W", 10/28/2025 05:00:00 PM,"(UTC-07:00) Arizona",,,4918187,4892670,4943704,
PNTM9M2jMkKm3GLHpLiq3J4gE,"","North Campus",6c2573ce-592a-4519-989c-2fd21d6918b7,"W", 10/28/2025 05:15:00 PM,"(UTC-07:00) Arizona",,,4851716,4845952.5,4857479.5,
PNTM9M2jMkKm3GLHpLiq3J4gE,"","North Campus",6c2573ce-592a-4519-989c-2fd21d6918b7,"W", 10/28/2025 05:30:00 PM,"(UTC-07:00) Arizona",,,4900703,4870485.5,4930920.5,
PNTM9M2jMkKm3GLHpLiq3J4gE,"","North Campus",6c2573ce-592a-4519-989c-2fd21d6918b7,"W", 10/28/2025 05:45:00 PM,"(UTC-07:00) Arizona",,,4934334,4927832,4940836,
PNTM9M2jMkKm3GLHpLiq3J4gE,"","North Campus",6c2573ce-592a-4519-989c-2fd21d6918b7,"W", 10/28/2025 06:00:00 PM,"(UTC-07:00) Arizona",,,4854260.5,4826885,4881636,
PNTM9M2jMkKm3GLHpLiq3J4gE,"","North Campus",6c2573ce-592a-4519-989c-2fd21d6918b7,"W", 10/28/2025 06:15:00 PM,"(UTC-07:00) Arizona",,,4795148.5,4795148.5,4795148.5,
PNTM9M2jMkKm3GLHpLiq3J4gE,"","North Campus",6c2573ce-592a-4519-989c-2fd21d6918b7,"W", 10/28/2025 06:30:00 PM,"(UTC-07:00) Arizona",,,4733127.75,4682665,4783590.5,
PNTM9M2jMkKm3GLHpLiq3J4gE,"","North Campus",6c2573ce-592a-4519-989c-2fd21d6918b7,"W", 10/28/2025 06:45:00 PM,"(UTC-07:00) Arizona",,,4708767.5,4696443.5,4721091.5,
PNTM9M2jMkKm3GLHpLiq3J4gE,"","North Campus",6c2573ce-592a-4519-989c-2fd21d6918b7,"W", 10/28/2025 07:00:00 PM,"(UTC-07:00) Arizona",,,4614578.666666667,4592531,4631708,
PNTM9M2jMkKm3GLHpLiq3J4gE,"","North Campus",6c2573ce-592a-4519-989c-2fd21d6918b7,"W", 10/28/2025 07:15:00 PM,"(UTC-07:00) Arizona",,,4567876.5,4567876.5,4567876.5,
PNTM9M2jMkKm3GLHpLiq3J4gE,"","North Campus",6c2573ce-592a-4519-989c-2fd21d6918b7,"W", 10/28/2025 07:30:00 PM,"(UTC-07:00) Arizona",,,4560809.333333333,4539704.5,4589161,
PNTM9M2jMkKm3GLHpLiq3J4gE,"","North Campus",6c2573ce-592a-4519-989c-2fd21d6918b7,"W", 10/28/2025 07:45:00 PM,"(UTC-07:00) Arizona",,,4544687.75,4535907,4553468.5,
PNTM9M2jMkKm3GLHpLiq3J4gE,"","North Campus",6c2573ce-592a-4519-989c-2fd21d6918b7,"W", 10/28/2025 08:00:00 PM,"(UTC-07:00) Arizona",,,4370088,4360772,4379404,
PNTM9M2jMkKm3GLHpLiq3J4gE,"","North Campus",6c2573ce-592a-4519-989c-2fd21d6918b7,"W", 10/28/2025 08:15:00 PM,"(UTC-07:00) Arizona",,,4359061.25,4311094.5,4407028,
PNTM9M2jMkKm3GLHpLiq3J4gE,"","North Campus",6c2573ce-592a-4519-989c-2fd21d6918b7,"W", 10/28/2025 08:30:00 PM,"(UTC-07:00) Arizona",,,4251612.066666666,4193443.2,4305900,
PNTM9M2jMkKm3GLHpLiq3J4gE,"","North Campus",6c2573ce-592a-4519-989c-2fd21d6918b7,"W", 10/28/2025 08:45:00 PM,"(UTC-07:00) Arizona",,,4198182.766666667,4159478.8,4227161,
PNTM9M2jMkKm3GLHpLiq3J4gE,"","North Campus",6c2573ce-592a-4519-989c-2fd21d6918b7,"W", 10/28/2025 09:00:00 PM,"(UTC-07:00) Arizona",,,4216343,4216343,4216343,
PNTM9M2jMkKm3GLHpLiq3J4gE,"","North Campus",6c2573ce-592a-4519-989c-2fd21d6918b7,"W", 10/28/2025 09:15:00 PM,"(UTC-07:00) Arizona",,,4146159.4,4143730.8,4148588,
PNTM9M2jMkKm3GLHpLiq3J4gE,"","North Campus",6c2573ce-592a-4519-989c-2fd21d6918b7,"W", 10/28/2025 09:30:00 PM,"(UTC-07:00) Arizona",,,4154944.766666667,4138565.8,4181484.5,
PNTM9M2jMkKm3GLHpLiq3J4gE,"","North Campus",6c2573ce-592a-4519-989c-2fd21d6918b7,"W", 10/28/2025 09:45:00 PM,"(UTC-07:00) Arizona",,,3977988.4,3866730.8,4089246,
PNTM9M2jMkKm3GLHpLiq3J4gE,"","North Campus",6c2573ce-592a-4519-989c-2fd21d6918b7,"W", 10/28/2025 10:00:00 PM,"(UTC-07:00) Arizona",,,3897484.75,3888591.5,3906378,
PNTM9M2jMkKm3GLHpLiq3J4gE,"","North Campus",6c2573ce-592a-4519-989c-2fd21d6918b7,"W", 10/28/2025 10:15:00 PM,"(UTC-07:00) Arizona",,,3877708,3862990.5,3892425.5,
PNTM9M2jMkKm3GLHpLiq3J4gE,"","North Campus",6c2573ce-592a-4519-989c-2fd21d6918b7,"W", 10/28/2025 10:30:00 PM,"(UTC-07:00) Arizona",,,3858366.8333333335,3799203,3918136.5,
PNTM9M2jMkKm3GLHpLiq3J4gE,"","North Campus",6c2573ce-592a-4519-989c-2fd21d6918b7,"W", 10/28/2025 10:45:00 PM,"(UTC-07:00) Arizona",,,3812394,3812394,3812394,
PNTM9M2jMkKm3GLHpLiq3J4gE,"","North Campus",6c2573ce-592a-4519-989c-2fd21d6918b7,"W", 10/28/2025 11:00:00 PM,"(UTC-07:00) Arizona",,,3653910.9,3644567.8,3663254,
PNTM9M2jMkKm3GLHpLiq3J4gE,"","North Campus",6c2573ce-592a-4519-989c-2fd21d6918b7,"W", 10/28/2025 11:15:00 PM,"(UTC-07:00) Arizona",,,3634350,3615817.8,3652882.2,
PNTM9M2jMkKm3GLHpLiq3J4gE,"","North Campus",6c2573ce-592a-4519-989c-2fd21d6918b7,"W", 10/28/2025 11:30:00 PM,"(UTC-07:00) Arizona",,,3599193.4,3585567,3612819.8,
PNTM9M2jMkKm3GLHpLiq3J4gE,"","North Campus",6c2573ce-592a-4519-989c-2fd21d6918b7,"W", 10/28/2025 11:45:00 PM,"(UTC-07:00) Arizona",,,3578652.9,3570195.5,3584916,
PNTM9M2jMkKm3GLHpLiq3J4gE,"","North Campus",6c2573ce-592a-4519-989c-2fd21d6918b7,"W", 10/29/2025 12:00:00 AM,"(UTC-07:00) Arizona",,,3564787.0666666664,3529672,3603798,
PNTM9M2jMkKm3GLHpLiq3J4gE,"","North Campus",6c2573ce-592a-4519-989c-2fd21d6918b7,"W", 10/29/2025 12:15:00 AM,"(UTC-07:00) Arizona",,,3501756.1333333333,3464478.2,3525349.2,
PNTM9M2jMkKm3GLHpLiq3J4gE,"","North Campus",6c2573ce-592a-4519-989c-2fd21d6918b7,"W", 10/29/2025 12:30:00 AM,"(UTC-07:00) Arizona",,,3475838.866666667,3430816.2,3526896.2,
PNTM9M2jMkKm3GLHpLiq3J4gE,"","North Campus",6c2573ce-592a-4519-989c-2fd21d6918b7,"W", 10/29/2025 12:45:00 AM,"(UTC-07:00) Arizona",,,3424086.7,3411367.2,3436806.2,
PNTM9M2jMkKm3GLHpLiq3J4gE,"","North Campus",6c2573ce-592a-4519-989c-2fd21d6918b7,"W", 10/29/2025 01:00:00 AM,"(UTC-07:00) Arizona",,,3417586.3000000003,3386812.2,3432984.5,
PNTM9M2jMkKm3GLHpLiq3J4gE,"","North Campus",6c2573ce-592a-4519-989c-2fd21d6918b7,"W", 10/29/2025 01:15:00 AM,"(UTC-07:00) Arizona",,,3398557.5,3398557.5,3398557.5,
PNTM9M2jMkKm3GLHpLiq3J4gE,"","North Campus",6c2573ce-592a-4519-989c-2fd21d6918b7,"W", 10/29/2025 01:30:00 AM,"(UTC-07:00) Arizona",,,3340567.6,3326538,3356398.8,
PNTM9M2jMkKm3GLHpLiq3J4gE,"","North Campus",6c2573ce-592a-4519-989c-2fd21d6918b7,"W", 10/29/2025 01:45:00 AM,"(UTC-07:00) Arizona",,,3340150,3338787.5,3341512.5,
PNTM9M2jMkKm3GLHpLiq3J4gE,"","North Campus",6c2573ce-592a-4519-989c-2fd21d6918b7,"W", 10/29/2025 02:00:00 AM,"(UTC-07:00) Arizona",,,3330527.2,3330527.2,3330527.2,
PNTM9M2jMkKm3GLHpLiq3J4gE,"","North Campus",6c2573ce-592a-4519-989c-2fd21d6918b7,"W", 10/29/2025 02:15:00 AM,"(UTC-07:00) Arizona",,,3322439.5,3306949.2,3337929.8,
PNTM9M2jMkKm3GLHpLiq3J4gE,"","North Campus",6c2573ce-592a-4519-989c-2fd21d6918b7,"W", 10/29/2025 02:30:00 AM,"(UTC-07:00) Arizona",,,3344832.1999999997,3328554,3355313.8,
PNTM9M2jMkKm3GLHpLiq3J4gE,"","North Campus",6c2573ce-592a-4519-989c-2fd21d6918b7,"W", 10/29/2025 02:45:00 AM,"(UTC-07:00) Arizona",,,3298866.5,3298866.5,3298866.5,
PNTM9M2jMkKm3GLHpLiq3J4gE,"","North Campus",6c2573ce-592a-4519-989c-2fd21d6918b7,"W", 10/29/2025 03:00:00 AM,"(UTC-07:00) Arizona",,,3338817.15,3337412.8,3340221.5,
PNTM9M2jMkKm3GLHpLiq3J4gE,"","North Campus",6c2573ce-592a-4519-989c-2fd21d6918b7,"W", 10/29/2025 03:15:00 AM,"(UTC-07:00) Arizona",,,3340343.5,3340343.5,3340343.5,
PNTM9M2jMkKm3GLHpLiq3J4gE,"","North Campus",6c2573ce-592a-4519-989c-2fd21d6918b7,"W", 10/29/2025 03:30:00 AM,"(UTC-07:00) Arizona",,,3358470.6,3348272.8,3364955.5,
PNTM9M2jMkKm3GLHpLiq3J4gE,"","North Campus",6c2573ce-592a-4519-989c-2fd21d6918b7,"W", 10/29/2025 03:45:00 AM,"(UTC-07:00) Arizona",,,3362676.25,3328027.5,3397325,
PNTM9M2jMkKm3GLHpLiq3J4gE,"","North Campus",6c2573ce-592a-4519-989c-2fd21d6918b7,"W", 10/29/2025 04:00:00 AM,"(UTC-07:00) Arizona",,,3389813.75,3336510.5,3443117,
PNTM9M2jMkKm3GLHpLiq3J4gE,"","North Campus",6c2573ce-592a-4519-989c-2fd21d6918b7,"W", 10/29/2025 04:15:00 AM,"(UTC-07:00) Arizona",,,3473709.8,3473709.8,3473709.8,
PNTM9M2jMkKm3GLHpLiq3J4gE,"","North Campus",6c2573ce-592a-4519-989c-2fd21d6918b7,"W", 10/29/2025 04:30:00 AM,"(UTC-07:00) Arizona",,,3457310.75,3452952.5,3461669,
PNTM9M2jMkKm3GLHpLiq3J4gE,"","North Campus",6c2573ce-592a-4519-989c-2fd21d6918b7,"W", 10/29/2025 04:45:00 AM,"(UTC-07:00) Arizona",,,3507993.8000000003,3489813.2,3523338.2,
PNTM9M2jMkKm3GLHpLiq3J4gE,"","North Campus",6c2573ce-592a-4519-989c-2fd21d6918b7,"W", 10/29/2025 05:00:00 AM,"(UTC-07:00) Arizona",,,3538508.5,3532368.2,3544648.8,
PNTM9M2jMkKm3GLHpLiq3J4gE,"","North Campus",6c2573ce-592a-4519-989c-2fd21d6918b7,"W", 10/29/2025 05:15:00 AM,"(UTC-07:00) Arizona",,,3513856.85,3507978.5,3519735.2,
PNTM9M2jMkKm3GLHpLiq3J4gE,"","North Campus",6c2573ce-592a-4519-989c-2fd21d6918b7,"W", 10/29/2025 05:30:00 AM,"(UTC-07:00) Arizona",,,3548260.5,3545406,3551115,
PNTM9M2jMkKm3GLHpLiq3J4gE,"","North Campus",6c2573ce-592a-4519-989c-2fd21d6918b7,"W", 10/29/2025 05:45:00 AM,"(UTC-07:00) Arizona",,,3625523,3523944.2,3727101.8,
PNTM9M2jMkKm3GLHpLiq3J4gE,"","North Campus",6c2573ce-592a-4519-989c-2fd21d6918b7,"W", 10/29/2025 06:00:00 AM,"(UTC-07:00) Arizona",,,3769608.3,3742335.8,3796880.8,
PNTM9M2jMkKm3GLHpLiq3J4gE,"","North Campus",6c2573ce-592a-4519-989c-2fd21d6918b7,"W", 10/29/2025 06:15:00 AM,"(UTC-07:00) Arizona",,,3723675.7,3715313.2,3732038.2,
PNTM9M2jMkKm3GLHpLiq3J4gE,"","North Campus",6c2573ce-592a-4519-989c-2fd21d6918b7,"W", 10/29/2025 06:30:00 AM,"(UTC-07:00) Arizona",,,3793415.733333333,3789017.2,3800898.2,
PNTM9M2jMkKm3GLHpLiq3J4gE,"","North Campus",6c2573ce-592a-4519-989c-2fd21d6918b7,"W", 10/29/2025 06:45:00 AM,"(UTC-07:00) Arizona",,,3980003.3,3968462.8,3991543.8,
PNTM9M2jMkKm3GLHpLiq3J4gE,"","North Campus",6c2573ce-592a-4519-989c-2fd21d6918b7,"W", 10/29/2025 07:00:00 AM,"(UTC-07:00) Arizona",,,3975216.266666667,3946628.5,3995177.8,
PNTM9M2jMkKm3GLHpLiq3J4gE,"","North Campus",6c2573ce-592a-4519-989c-2fd21d6918b7,"W", 10/29/2025 07:15:00 AM,"(UTC-07:00) Arizona",,,4040597.1,3991332,4089862.2,
PNTM9M2jMkKm3GLHpLiq3J4gE,"","North Campus",6c2573ce-592a-4519-989c-2fd21d6918b7,"W", 10/29/2025 07:30:00 AM,"(UTC-07:00) Arizona",,,4047437.8,4047437.8,4047437.8,
PNTM9M2jMkKm3GLHpLiq3J4gE,"","North Campus",6c2573ce-592a-4519-989c-2fd21d6918b7,"W", 10/29/2025 07:45:00 AM,"(UTC-07:00) Arizona",,,4185248.233333333,4146446.2,4239754,
PNTM9M2jMkKm3GLHpLiq3J4gE,"","North Campus",6c2573ce-592a-4519-989c-2fd21d6918b7,"W", 10/29/2025 08:00:00 AM,"(UTC-07:00) Arizona",,,4363708.5,4363708.5,4363708.5,
PNTM9M2jMkKm3GLHpLiq3J4gE,"","North Campus",6c2573ce-592a-4519-989c-2fd21d6918b7,"W", 10/29/2025 08:15:00 AM,"(UTC-07:00) Arizona",,,4398237.5,4341522,4454953,
PNTM9M2jMkKm3GLHpLiq3J4gE,"","North Campus",6c2573ce-592a-4519-989c-2fd21d6918b7,"W", 10/29/2025 08:30:00 AM,"(UTC-07:00) Arizona",,,4460614.166666667,4398106.5,4561233.5,
PNTM9M2jMkKm3GLHpLiq3J4gE,"","North Campus",6c2573ce-592a-4519-989c-2fd21d6918b7,"W", 10/29/2025 08:45:00 AM,"(UTC-07:00) Arizona",,,4552630.25,4508792.5,4596468,
PNTM9M2jMkKm3GLHpLiq3J4gE,"","North Campus",6c2573ce-592a-4519-989c-2fd21d6918b7,"W", 10/29/2025 09:00:00 AM,"(UTC-07:00) Arizona",,,4568812.75,4470486.5,4667139,
PNTM9M2jMkKm3GLHpLiq3J4gE,"","North Campus",6c2573ce-592a-4519-989c-2fd21d6918b7,"W", 10/29/2025 09:15:00 AM,"(UTC-07:00) Arizona",,,4492825.833333333,4470252.5,4519207.5,
PNTM9M2jMkKm3GLHpLiq3J4gE,"","North Campus",6c2573ce-592a-4519-989c-2fd21d6918b7,"W", 10/29/2025 09:30:00 AM,"(UTC-07:00) Arizona",,,4488062.833333333,4445729.5,4531457.5,
PNTM9M2jMkKm3GLHpLiq3J4gE,"","North Campus",6c2573ce-592a-4519-989c-2fd21d6918b7,"W", 10/29/2025 09:45:00 AM,"(UTC-07:00) Arizona",,,4678894.75,4605227.5,4752562,
PNTM9M2jMkKm3GLHpLiq3J4gE,"","North Campus",6c2573ce-592a-4519-989c-2fd21d6918b7,"W", 10/29/2025 10:00:00 AM,"(UTC-07:00) Arizona",,,4629268.833333333,4592990,4693916.5,
PNTM9M2jMkKm3GLHpLiq3J4gE,"","North Campus",6c2573ce-592a-4519-989c-2fd21d6918b7,"W", 10/29/2025 10:15:00 AM,"(UTC-07:00) Arizona",,,4667483.25,4652296,4682670.5,
PNTM9M2jMkKm3GLHpLiq3J4gE,"","North Campus",6c2573ce-592a-4519-989c-2fd21d6918b7,"W", 10/29/2025 10:30:00 AM,"(UTC-07:00) Arizona",,,4625454,4579380,4671528,
PNTM9M2jMkKm3GLHpLiq3J4gE,"","North Campus",6c2573ce-592a-4519-989c-2fd21d6918b7,"W", 10/29/2025 11:00:00 AM,"(UTC-07:00) Arizona",,,4656292.5,4656292.5,4656292.5,
PNTM9M2jMkKm3GLHpLiq3J4gE,"","North Campus",6c2573ce-592a-4519-989c-2fd21d6918b7,"W", 10/29/2025 11:30:00 AM,"(UTC-07:00) Arizona",,,4725998.25,4690789,4761207.5,
PNTM9M2jMkKm3GLHpLiq3J4gE,"","North Campus",6c2573ce-592a-4519-989c-2fd21d6918b7,"W", 10/29/2025 11:45:00 AM,"(UTC-07:00) Arizona",,,4798910.75,4739888,4857933.5,
PNTM9M2jMkKm3GLHpLiq3J4gE,"","North Campus",6c2573ce-592a-4519-989c-2fd21d6918b7,"W", 10/29/2025 12:00:00 PM,"(UTC-07:00) Arizona",,,4701056.5,4687039.5,4715073.5,
PNTM9M2jMkKm3GLHpLiq3J4gE,"","North Campus",6c2573ce-592a-4519-989c-2fd21d6918b7,"W", 10/29/2025 12:15:00 PM,"(UTC-07:00) Arizona",,,4828715,4823187.5,4834242.5,
PNTM9M2jMkKm3GLHpLiq3J4gE,"","North Campus",6c2573ce-592a-4519-989c-2fd21d6918b7,"W", 10/29/2025 12:30:00 PM,"(UTC-07:00) Arizona",,,4802533.5,4740334,4864733,
PNTM9M2jMkKm3GLHpLiq3J4gE,"","North Campus",6c2573ce-592a-4519-989c-2fd21d6918b7,"W", 10/29/2025 12:45:00 PM,"(UTC-07:00) Arizona",,,4750234.75,4688612,4811857.5,
PNTM9M2jMkKm3GLHpLiq3J4gE,"","North Campus",6c2573ce-592a-4519-989c-2fd21d6918b7,"W", 10/29/2025 01:00:00 PM,"(UTC-07:00) Arizona",,,4832566,4804186.5,4860945.5,
PNTM9M2jMkKm3GLHpLiq3J4gE,"","North Campus",6c2573ce-592a-4519-989c-2fd21d6918b7,"W", 10/29/2025 01:15:00 PM,"(UTC-07:00) Arizona",,,4787395.75,4782992.5,4791799,
PNTM9M2jMkKm3GLHpLiq3J4gE,"","North Campus",6c2573ce-592a-4519-989c-2fd21d6918b7,"W", 10/29/2025 01:30:00 PM,"(UTC-07:00) Arizona",,,4903064.25,4871176,4934952.5,
PNTM9M2jMkKm3GLHpLiq3J4gE,"","North Campus",6c2573ce-592a-4519-989c-2fd21d6918b7,"W", 10/29/2025 01:45:00 PM,"(UTC-07:00) Arizona",,,4972726.75,4962670.5,4982783,
PNTM9M2jMkKm3GLHpLiq3J4gE,"","North Campus",6c2573ce-592a-4519-989c-2fd21d6918b7,"W", 10/29/2025 02:00:00 PM,"(UTC-07:00) Arizona",,,4959282,4946844,4971720,
PNTM9M2jMkKm3GLHpLiq3J4gE,"","North Campus",6c2573ce-592a-4519-989c-2fd21d6918b7,"W", 10/29/2025 02:15:00 PM,"(UTC-07:00) Arizona",,,4843098.25,4821239,4864957.5,
PNTM9M2jMkKm3GLHpLiq3J4gE,"","North Campus",6c2573ce-592a-4519-989c-2fd21d6918b7,"W", 10/29/2025 02:30:00 PM,"(UTC-07:00) Arizona",,,4864252.25,4816610,4911894.5,
PNTM9M2jMkKm3GLHpLiq3J4gE,"","North Campus",6c2573ce-592a-4519-989c-2fd21d6918b7,"W", 10/29/2025 02:45:00 PM,"(UTC-07:00) Arizona",,,4900590.75,4830103.5,4971078,
PNTM9M2jMkKm3GLHpLiq3J4gE,"","North Campus",6c2573ce-592a-4519-989c-2fd21d6918b7,"W", 10/29/2025 03:00:00 PM,"(UTC-07:00) Arizona",,,4917898.333333333,4864117.5,4966842.5,
PNTM9M2jMkKm3GLHpLiq3J4gE,"","North Campus",6c2573ce-592a-4519-989c-2fd21d6918b7,"W", 10/29/2025 03:15:00 PM,"(UTC-07:00) Arizona",,,4900757,4886916,4914598,
PNTM9M2jMkKm3GLHpLiq3J4gE,"","North Campus",6c2573ce-592a-4519-989c-2fd21d6918b7,"W", 10/29/2025 03:30:00 PM,"(UTC-07:00) Arizona",,,4947239.75,4936291.5,4958188,
PNTM9M2jMkKm3GLHpLiq3J4gE,"","North Campus",6c2573ce-592a-4519-989c-2fd21d6918b7,"W", 10/29/2025 03:45:00 PM,"(UTC-07:00) Arizona",,,5019917.5,4998844.5,5040990.5,
PNTM9M2jMkKm3GLHpLiq3J4gE,"","North Campus",6c2573ce-592a-4519-989c-2fd21d6918b7,"W", 10/29/2025 04:00:00 PM,"(UTC-07:00) Arizona",,,4920644,4920644,4920644,
PNTM9M2jMkKm3GLHpLiq3J4gE,"","North Campus",6c2573ce-592a-4519-989c-2fd21d6918b7,"W", 10/29/2025 04:15:00 PM,"(UTC-07:00) Arizona",,,4988880.5,4907649.5,5070111.5,
PNTM9M2jMkKm3GLHpLiq3J4gE,"","North Campus",6c2573ce-592a-4519-989c-2fd21d6918b7,"W", 10/29/2025 04:30:00 PM,"(UTC-07:00) Arizona",,,5070084.75,5063329.5,5076840,
PNTM9M2jMkKm3GLHpLiq3J4gE,"","North Campus",6c2573ce-592a-4519-989c-2fd21d6918b7,"W", 10/29/2025 04:45:00 PM,"(UTC-07:00) Arizona",,,4942698.5,4924386,4961011,
PNTM9M2jMkKm3GLHpLiq3J4gE,"","North Campus",6c2573ce-592a-4519-989c-2fd21d6918b7,"W", 10/29/2025 05:00:00 PM,"(UTC-07:00) Arizona",,,4964331,4924063,4992267.5,
PNTM9M2jMkKm3GLHpLiq3J4gE,"","North Campus",6c2573ce-592a-4519-989c-2fd21d6918b7,"W", 10/29/2025 05:15:00 PM,"(UTC-07:00) Arizona",,,4872502.5,4856111,4888894,
PNTM9M2jMkKm3GLHpLiq3J4gE,"","North Campus",6c2573ce-592a-4519-989c-2fd21d6918b7,"W", 10/29/2025 05:30:00 PM,"(UTC-07:00) Arizona",,,4874298,4831998.5,4898956.5,
PNTM9M2jMkKm3GLHpLiq3J4gE,"","North Campus",6c2573ce-592a-4519-989c-2fd21d6918b7,"W", 10/29/2025 05:45:00 PM,"(UTC-07:00) Arizona",,,4875859.5,4825309.5,4939973.5,
PNTM9M2jMkKm3GLHpLiq3J4gE,"","North Campus",6c2573ce-592a-4519-989c-2fd21d6918b7,"W", 10/29/2025 06:00:00 PM,"(UTC-07:00) Arizona",,,4727451,4706382.5,4748519.5,
PNTM9M2jMkKm3GLHpLiq3J4gE,"","North Campus",6c2573ce-592a-4519-989c-2fd21d6918b7,"W", 10/29/2025 06:15:00 PM,"(UTC-07:00) Arizona",,,4726426.5,4716068.5,4736784.5,
PNTM9M2jMkKm3GLHpLiq3J4gE,"","North Campus",6c2573ce-592a-4519-989c-2fd21d6918b7,"W", 10/29/2025 06:30:00 PM,"(UTC-07:00) Arizona",,,4647923.666666667,4611749.5,4671286,
PNTM9M2jMkKm3GLHpLiq3J4gE,"","North Campus",6c2573ce-592a-4519-989c-2fd21d6918b7,"W", 10/29/2025 06:45:00 PM,"(UTC-07:00) Arizona",,,4567256.5,4567256.5,4567256.5,
PNTM9M2jMkKm3GLHpLiq3J4gE,"","North Campus",6c2573ce-592a-4519-989c-2fd21d6918b7,"W", 10/29/2025 07:00:00 PM,"(UTC-07:00) Arizona",,,4493812,4490100.5,4497523.5,
PNTM9M2jMkKm3GLHpLiq3J4gE,"","North Campus",6c2573ce-592a-4519-989c-2fd21d6918b7,"W", 10/29/2025 07:15:00 PM,"(UTC-07:00) Arizona",,,4403491.666666667,4373000,4457011,
PNTM9M2jMkKm3GLHpLiq3J4gE,"","North Campus",6c2573ce-592a-4519-989c-2fd21d6918b7,"W", 10/29/2025 07:30:00 PM,"(UTC-07:00) Arizona",,,4404657.5,4397459.5,4411855.5,
PNTM9M2jMkKm3GLHpLiq3J4gE,"","North Campus",6c2573ce-592a-4519-989c-2fd21d6918b7,"W", 10/29/2025 07:45:00 PM,"(UTC-07:00) Arizona",,,4324530.5,4295497.5,4353563.5,
PNTM9M2jMkKm3GLHpLiq3J4gE,"","North Campus",6c2573ce-592a-4519-989c-2fd21d6918b7,"W", 10/29/2025 08:00:00 PM,"(UTC-07:00) Arizona",,,4255959.5,4251511.5,4264393.5,
PNTM9M2jMkKm3GLHpLiq3J4gE,"","North Campus",6c2573ce-592a-4519-989c-2fd21d6918b7,"W", 10/29/2025 08:15:00 PM,"(UTC-07:00) Arizona",,,4228697.9,4177182.8,4280213,
PNTM9M2jMkKm3GLHpLiq3J4gE,"","North Campus",6c2573ce-592a-4519-989c-2fd21d6918b7,"W", 10/29/2025 08:30:00 PM,"(UTC-07:00) Arizona",,,4165638.8,4165638.8,4165638.8,
PNTM9M2jMkKm3GLHpLiq3J4gE,"","North Campus",6c2573ce-592a-4519-989c-2fd21d6918b7,"W", 10/29/2025 08:45:00 PM,"(UTC-07:00) Arizona",,,4139613.65,4131285.8,4147941.5,
PNTM9M2jMkKm3GLHpLiq3J4gE,"","North Campus",6c2573ce-592a-4519-989c-2fd21d6918b7,"W", 10/29/2025 09:00:00 PM,"(UTC-07:00) Arizona",,,4109084.25,4085460.5,4132708,
PNTM9M2jMkKm3GLHpLiq3J4gE,"","North Campus",6c2573ce-592a-4519-989c-2fd21d6918b7,"W", 10/29/2025 09:15:00 PM,"(UTC-07:00) Arizona",,,4116244.25,4115968,4116520.5,
PNTM9M2jMkKm3GLHpLiq3J4gE,"","North Campus",6c2573ce-592a-4519-989c-2fd21d6918b7,"W", 10/29/2025 09:30:00 PM,"(UTC-07:00) Arizona",,,4053571.35,4022273.2,4084869.5,
PNTM9M2jMkKm3GLHpLiq3J4gE,"","North Campus",6c2573ce-592a-4519-989c-2fd21d6918b7,"W", 10/29/2025 09:45:00 PM,"(UTC-07:00) Arizona",,,3976516.75,3912435.5,4040598,
PNTM9M2jMkKm3GLHpLiq3J4gE,"","North Campus",6c2573ce-592a-4519-989c-2fd21d6918b7,"W", 10/29/2025 10:00:00 PM,"(UTC-07:00) Arizona",,,3880115,3866477,3893753,
PNTM9M2jMkKm3GLHpLiq3J4gE,"","North Campus",6c2573ce-592a-4519-989c-2fd21d6918b7,"W", 10/29/2025 10:15:00 PM,"(UTC-07:00) Arizona",,,3872457.25,3851866.5,3893048,
PNTM9M2jMkKm3GLHpLiq3J4gE,"","North Campus",6c2573ce-592a-4519-989c-2fd21d6918b7,"W", 10/29/2025 10:30:00 PM,"(UTC-07:00) Arizona",,,3844310.8,3844310.8,3844310.8,
PNTM9M2jMkKm3GLHpLiq3J4gE,"","North Campus",6c2573ce-592a-4519-989c-2fd21d6918b7,"W", 10/29/2025 10:45:00 PM,"(UTC-07:00) Arizona",,,3824873.6,3740263,3909484.2,
PNTM9M2jMkKm3GLHpLiq3J4gE,"","North Campus",6c2573ce-592a-4519-989c-2fd21d6918b7,"W", 10/29/2025 11:00:00 PM,"(UTC-07:00) Arizona",,,3665949.766666667,3652684.8,3675348.5,
PNTM9M2jMkKm3GLHpLiq3J4gE,"","North Campus",6c2573ce-592a-4519-989c-2fd21d6918b7,"W", 10/29/2025 11:15:00 PM,"(UTC-07:00) Arizona",,,3621739.8,3610068.8,3633410.8,
PNTM9M2jMkKm3GLHpLiq3J4gE,"","North Campus",6c2573ce-592a-4519-989c-2fd21d6918b7,"W", 10/29/2025 11:30:00 PM,"(UTC-07:00) Arizona",,,3613904.5,3580748.2,3647060.8,
PNTM9M2jMkKm3GLHpLiq3J4gE,"","North Campus",6c2573ce-592a-4519-989c-2fd21d6918b7,"W", 10/29/2025 11:45:00 PM,"(UTC-07:00) Arizona",,,3576479.5,3549387.5,3603571.5,
PNTM9M2jMkKm3GLHpLiq3J4gE,"","North Campus",6c2573ce-592a-4519-989c-2fd21d6918b7,"W", 10/30/2025 12:00:00 AM,"(UTC-07:00) Arizona",,,3573624.2,3545269.2,3601979.2,
PNTM9M2jMkKm3GLHpLiq3J4gE,"","North Campus",6c2573ce-592a-4519-989c-2fd21d6918b7,"W", 10/30/2025 12:15:00 AM,"(UTC-07:00) Arizona",,,3512772.4,3501716.2,3532035,
PNTM9M2jMkKm3GLHpLiq3J4gE,"","North Campus",6c2573ce-592a-4519-989c-2fd21d6918b7,"W", 10/30/2025 12:30:00 AM,"(UTC-07:00) Arizona",,,3474425.85,3460663.2,3488188.5,
PNTM9M2jMkKm3GLHpLiq3J4gE,"","North Campus",6c2573ce-592a-4519-989c-2fd21d6918b7,"W", 10/30/2025 12:45:00 AM,"(UTC-07:00) Arizona",,,3473677.65,3464599.5,3482755.8,
PNTM9M2jMkKm3GLHpLiq3J4gE,"","North Campus",6c2573ce-592a-4519-989c-2fd21d6918b7,"W", 10/30/2025 01:00:00 AM,"(UTC-07:00) Arizona",,,3425744.9,3399845,3451644.8,
PNTM9M2jMkKm3GLHpLiq3J4gE,"","North Campus",6c2573ce-592a-4519-989c-2fd21d6918b7,"W", 10/30/2025 01:15:00 AM,"(UTC-07:00) Arizona",,,3437999.766666667,3373744.5,3491619,
PNTM9M2jMkKm3GLHpLiq3J4gE,"","North Campus",6c2573ce-592a-4519-989c-2fd21d6918b7,"W", 10/30/2025 01:30:00 AM,"(UTC-07:00) Arizona",,,3454006.65,3432514.8,3475498.5,
PNTM9M2jMkKm3GLHpLiq3J4gE,"","North Campus",6c2573ce-592a-4519-989c-2fd21d6918b7,"W", 10/30/2025 01:45:00 AM,"(UTC-07:00) Arizona",,,3379034.1,3377336,3380732.2,
PNTM9M2jMkKm3GLHpLiq3J4gE,"","North Campus",6c2573ce-592a-4519-989c-2fd21d6918b7,"W", 10/30/2025 02:00:00 AM,"(UTC-07:00) Arizona",,,3393651.8,3391087.8,3396215.8,
PNTM9M2jMkKm3GLHpLiq3J4gE,"","North Campus",6c2573ce-592a-4519-989c-2fd21d6918b7,"W", 10/30/2025 02:15:00 AM,"(UTC-07:00) Arizona",,,3364311.5,3334314.2,3394308.8,
PNTM9M2jMkKm3GLHpLiq3J4gE,"","North Campus",6c2573ce-592a-4519-989c-2fd21d6918b7,"W", 10/30/2025 02:30:00 AM,"(UTC-07:00) Arizona",,,3346175,3322166,3370184,
PNTM9M2jMkKm3GLHpLiq3J4gE,"","North Campus",6c2573ce-592a-4519-989c-2fd21d6918b7,"W", 10/30/2025 02:45:00 AM,"(UTC-07:00) Arizona",,,3350902.5666666664,3334722.5,3371152.2,
PNTM9M2jMkKm3GLHpLiq3J4gE,"","North Campus",6c2573ce-592a-4519-989c-2fd21d6918b7,"W", 10/30/2025 03:00:00 AM,"(UTC-07:00) Arizona",,,3356639.5,3342861.2,3370417.8,
PNTM9M2jMkKm3GLHpLiq3J4gE,"","North Campus",6c2573ce-592a-4519-989c-2fd21d6918b7,"W", 10/30/2025 03:15:00 AM,"(UTC-07:00) Arizona",,,3376234.85,3347619.5,3404850.2,
PNTM9M2jMkKm3GLHpLiq3J4gE,"","North Campus",6c2573ce-592a-4519-989c-2fd21d6918b7,"W", 10/30/2025 03:30:00 AM,"(UTC-07:00) Arizona",,,3312102.5,3312102.5,3312102.5,
PNTM9M2jMkKm3GLHpLiq3J4gE,"","North Campus",6c2573ce-592a-4519-989c-2fd21d6918b7,"W", 10/30/2025 03:45:00 AM,"(UTC-07:00) Arizona",,,3365222.1,3363552.2,3366892,
PNTM9M2jMkKm3GLHpLiq3J4gE,"","North Campus",6c2573ce-592a-4519-989c-2fd21d6918b7,"W", 10/30/2025 04:00:00 AM,"(UTC-07:00) Arizona",,,3459451.5,3459451.5,3459451.5,
PNTM9M2jMkKm3GLHpLiq3J4gE,"","North Campus",6c2573ce-592a-4519-989c-2fd21d6918b7,"W", 10/30/2025 04:15:00 AM,"(UTC-07:00) Arizona",,,3445073,3432844.8,3457301.2,
PNTM9M2jMkKm3GLHpLiq3J4gE,"","North Campus",6c2573ce-592a-4519-989c-2fd21d6918b7,"W", 10/30/2025 04:30:00 AM,"(UTC-07:00) Arizona",,,3450700.6,3422257,3473168.8,
PNTM9M2jMkKm3GLHpLiq3J4gE,"","North Campus",6c2573ce-592a-4519-989c-2fd21d6918b7,"W", 10/30/2025 04:45:00 AM,"(UTC-07:00) Arizona",,,3511268.65,3498816.5,3523720.8,
PNTM9M2jMkKm3GLHpLiq3J4gE,"","North Campus",6c2573ce-592a-4519-989c-2fd21d6918b7,"W", 10/30/2025 05:00:00 AM,"(UTC-07:00) Arizona",,,3550316.5,3550316.5,3550316.5,
PNTM9M2jMkKm3GLHpLiq3J4gE,"","North Campus",6c2573ce-592a-4519-989c-2fd21d6918b7,"W", 10/30/2025 05:15:00 AM,"(UTC-07:00) Arizona",,,3549248.4,3496899.8,3601597,
PNTM9M2jMkKm3GLHpLiq3J4gE,"","North Campus",6c2573ce-592a-4519-989c-2fd21d6918b7,"W", 10/30/2025 05:30:00 AM,"(UTC-07:00) Arizona",,,3577782.05,3550105.5,3616106,
PNTM9M2jMkKm3GLHpLiq3J4gE,"","North Campus",6c2573ce-592a-4519-989c-2fd21d6918b7,"W", 10/30/2025 05:45:00 AM,"(UTC-07:00) Arizona",,,3585636.2,3585636.2,3585636.2,
PNTM9M2jMkKm3GLHpLiq3J4gE,"","North Campus",6c2573ce-592a-4519-989c-2fd21d6918b7,"W", 10/30/2025 06:00:00 AM,"(UTC-07:00) Arizona",,,3729651.9,3722672,3736631.8,
PNTM9M2jMkKm3GLHpLiq3J4gE,"","North Campus",6c2573ce-592a-4519-989c-2fd21d6918b7,"W", 10/30/2025 06:15:00 AM,"(UTC-07:00) Arizona",,,3800907.4,3784390.8,3817424,
PNTM9M2jMkKm3GLHpLiq3J4gE,"","North Campus",6c2573ce-592a-4519-989c-2fd21d6918b7,"W", 10/30/2025 06:30:00 AM,"(UTC-07:00) Arizona",,,3766184.25,3741045.5,3791323,
PNTM9M2jMkKm3GLHpLiq3J4gE,"","North Campus",6c2573ce-592a-4519-989c-2fd21d6918b7,"W", 10/30/2025 06:45:00 AM,"(UTC-07:00) Arizona",,,3883550.6,3785075.2,3982026,
PNTM9M2jMkKm3GLHpLiq3J4gE,"","North Campus",6c2573ce-592a-4519-989c-2fd21d6918b7,"W", 10/30/2025 07:00:00 AM,"(UTC-07:00) Arizona",,,3960628.2,3960628.2,3960628.2,
PNTM9M2jMkKm3GLHpLiq3J4gE,"","North Campus",6c2573ce-592a-4519-989c-2fd21d6918b7,"W", 10/30/2025 07:15:00 AM,"(UTC-07:00) Arizona",,,4000044.1,3961135.2,4038953,
PNTM9M2jMkKm3GLHpLiq3J4gE,"","North Campus",6c2573ce-592a-4519-989c-2fd21d6918b7,"W", 10/30/2025 07:30:00 AM,"(UTC-07:00) Arizona",,,4265483.5,4265483.5,4265483.5,
PNTM9M2jMkKm3GLHpLiq3J4gE,"","North Campus",6c2573ce-592a-4519-989c-2fd21d6918b7,"W", 10/30/2025 07:45:00 AM,"(UTC-07:00) Arizona",,,4221313.25,4201561,4241065.5,
PNTM9M2jMkKm3GLHpLiq3J4gE,"","North Campus",6c2573ce-592a-4519-989c-2fd21d6918b7,"W", 10/30/2025 08:00:00 AM,"(UTC-07:00) Arizona",,,4299089.75,4290393.5,4307786,
PNTM9M2jMkKm3GLHpLiq3J4gE,"","North Campus",6c2573ce-592a-4519-989c-2fd21d6918b7,"W", 10/30/2025 08:15:00 AM,"(UTC-07:00) Arizona",,,4327049.5,4327049.5,4327049.5,
PNTM9M2jMkKm3GLHpLiq3J4gE,"","North Campus",6c2573ce-592a-4519-989c-2fd21d6918b7,"W", 10/30/2025 08:30:00 AM,"(UTC-07:00) Arizona",,,4445367.5,4440935,4449800,
PNTM9M2jMkKm3GLHpLiq3J4gE,"","North Campus",6c2573ce-592a-4519-989c-2fd21d6918b7,"W", 10/30/2025 08:45:00 AM,"(UTC-07:00) Arizona",,,4464641.25,4463560.5,4465722,
PNTM9M2jMkKm3GLHpLiq3J4gE,"","North Campus",6c2573ce-592a-4519-989c-2fd21d6918b7,"W", 10/30/2025 09:00:00 AM,"(UTC-07:00) Arizona",,,4443749,4443749,4443749,
PNTM9M2jMkKm3GLHpLiq3J4gE,"","North Campus",6c2573ce-592a-4519-989c-2fd21d6918b7,"W", 10/30/2025 09:15:00 AM,"(UTC-07:00) Arizona",,,4436713.5,4435519.5,4437907.5,
PNTM9M2jMkKm3GLHpLiq3J4gE,"","North Campus",6c2573ce-592a-4519-989c-2fd21d6918b7,"W", 10/30/2025 09:30:00 AM,"(UTC-07:00) Arizona",,,4541183,4502717.5,4579648.5,
PNTM9M2jMkKm3GLHpLiq3J4gE,"","North Campus",6c2573ce-592a-4519-989c-2fd21d6918b7,"W", 10/30/2025 09:45:00 AM,"(UTC-07:00) Arizona",,,4600296.75,4582514,4618079.5,
PNTM9M2jMkKm3GLHpLiq3J4gE,"","North Campus",6c2573ce-592a-4519-989c-2fd21d6918b7,"W", 10/30/2025 10:00:00 AM,"(UTC-07:00) Arizona",,,4620056.166666667,4586378.5,4656957,
PNTM9M2jMkKm3GLHpLiq3J4gE,"","North Campus",6c2573ce-592a-4519-989c-2fd21d6918b7,"W", 10/30/2025 10:15:00 AM,"(UTC-07:00) Arizona",,,4615328.5,4608543,4622114,
PNTM9M2jMkKm3GLHpLiq3J4gE,"","North Campus",6c2573ce-592a-4519-989c-2fd21d6918b7,"W", 10/30/2025 10:30:00 AM,"(UTC-07:00) Arizona",,,4723893.5,4711499.5,4742668,
PNTM9M2jMkKm3GLHpLiq3J4gE,"","North Campus",6c2573ce-592a-4519-989c-2fd21d6918b7,"W", 10/30/2025 10:45:00 AM,"(UTC-07:00) Arizona",,,4745515.5,4728964.5,4762066.5,
PNTM9M2jMkKm3GLHpLiq3J4gE,"","North Campus",6c2573ce-592a-4519-989c-2fd21d6918b7,"W", 10/30/2025 11:00:00 AM,"(UTC-07:00) Arizona",,,4829062.5,4829062.5,4829062.5,
PNTM9M2jMkKm3GLHpLiq3J4gE,"","North Campus",6c2573ce-592a-4519-989c-2fd21d6918b7,"W", 10/30/2025 11:15:00 AM,"(UTC-07:00) Arizona",,,4809043.75,4707632,4910455.5,
PNTM9M2jMkKm3GLHpLiq3J4gE,"","North Campus",6c2573ce-592a-4519-989c-2fd21d6918b7,"W", 10/30/2025 11:30:00 AM,"(UTC-07:00) Arizona",,,4820364.25,4819610,4821118.5,
PNTM9M2jMkKm3GLHpLiq3J4gE,"","North Campus",6c2573ce-592a-4519-989c-2fd21d6918b7,"W", 10/30/2025 11:45:00 AM,"(UTC-07:00) Arizona",,,4839480,4839480,4839480,
PNTM9M2jMkKm3GLHpLiq3J4gE,"","North Campus",6c2573ce-592a-4519-989c-2fd21d6918b7,"W", 10/30/2025 12:00:00 PM,"(UTC-07:00) Arizona",,,4925249.25,4924181.5,4926317,
PNTM9M2jMkKm3GLHpLiq3J4gE,"","North Campus",6c2573ce-592a-4519-989c-2fd21d6918b7,"W", 10/30/2025 12:15:00 PM,"(UTC-07:00) Arizona",,,4868544.25,4859206,4877882.5,
PNTM9M2jMkKm3GLHpLiq3J4gE,"","North Campus",6c2573ce-592a-4519-989c-2fd21d6918b7,"W", 10/30/2025 12:30:00 PM,"(UTC-07:00) Arizona",,,4952914.75,4937485.5,4968344,
PNTM9M2jMkKm3GLHpLiq3J4gE,"","North Campus",6c2573ce-592a-4519-989c-2fd21d6918b7,"W", 10/30/2025 12:45:00 PM,"(UTC-07:00) Arizona",,,4952618,4952618,4952618,
PNTM9M2jMkKm3GLHpLiq3J4gE,"","North Campus",6c2573ce-592a-4519-989c-2fd21d6918b7,"W", 10/30/2025 01:00:00 PM,"(UTC-07:00) Arizona",,,4871883.166666667,4814769,4925085,
PNTM9M2jMkKm3GLHpLiq3J4gE,"","North Campus",6c2573ce-592a-4519-989c-2fd21d6918b7,"W", 10/30/2025 01:15:00 PM,"(UTC-07:00) Arizona",,,4912043.25,4876298.5,4947788,
PNTM9M2jMkKm3GLHpLiq3J4gE,"","North Campus",6c2573ce-592a-4519-989c-2fd21d6918b7,"W", 10/30/2025 01:30:00 PM,"(UTC-07:00) Arizona",,,4951887,4918632,4985142,
PNTM9M2jMkKm3GLHpLiq3J4gE,"","North Campus",6c2573ce-592a-4519-989c-2fd21d6918b7,"W", 10/30/2025 01:45:00 PM,"(UTC-07:00) Arizona",,,5066617,5054778,5078456,
PNTM9M2jMkKm3GLHpLiq3J4gE,"","North Campus",6c2573ce-592a-4519-989c-2fd21d6918b7,"W", 10/30/2025 02:00:00 PM,"(UTC-07:00) Arizona",,,5115405.666666667,5036903,5177232,
PNTM9M2jMkKm3GLHpLiq3J4gE,"","North Campus",6c2573ce-592a-4519-989c-2fd21d6918b7,"W", 10/30/2025 02:15:00 PM,"(UTC-07:00) Arizona",,,5101992,5049595,5154389,
PNTM9M2jMkKm3GLHpLiq3J4gE,"","North Campus",6c2573ce-592a-4519-989c-2fd21d6918b7,"W", 10/30/2025 02:30:00 PM,"(UTC-07:00) Arizona",,,5138779,5138779,5138779,
PNTM9M2jMkKm3GLHpLiq3J4gE,"","North Campus",6c2573ce-592a-4519-989c-2fd21d6918b7,"W", 10/30/2025 02:45:00 PM,"(UTC-07:00) Arizona",,,5083700,5083700,5083700,
PNTM9M2jMkKm3GLHpLiq3J4gE,"","North Campus",6c2573ce-592a-4519-989c-2fd21d6918b7,"W", 10/30/2025 03:00:00 PM,"(UTC-07:00) Arizona",,,5120067,5118575,5121559,
PNTM9M2jMkKm3GLHpLiq3J4gE,"","North Campus",6c2573ce-592a-4519-989c-2fd21d6918b7,"W", 10/30/2025 03:15:00 PM,"(UTC-07:00) Arizona",,,5150040.75,5122489,5177592.5,
PNTM9M2jMkKm3GLHpLiq3J4gE,"","North Campus",6c2573ce-592a-4519-989c-2fd21d6918b7,"W", 10/30/2025 03:30:00 PM,"(UTC-07:00) Arizona",,,5197596,5092742,5302450,
PNTM9M2jMkKm3GLHpLiq3J4gE,"","North Campus",6c2573ce-592a-4519-989c-2fd21d6918b7,"W", 10/30/2025 03:45:00 PM,"(UTC-07:00) Arizona",,,5218085.5,5191176.5,5244994.5,
PNTM9M2jMkKm3GLHpLiq3J4gE,"","North Campus",6c2573ce-592a-4519-989c-2fd21d6918b7,"W", 10/30/2025 04:00:00 PM,"(UTC-07:00) Arizona",,,5124698.5,5124698.5,5124698.5,
PNTM9M2jMkKm3GLHpLiq3J4gE,"","North Campus",6c2573ce-592a-4519-989c-2fd21d6918b7,"W", 10/30/2025 04:15:00 PM,"(UTC-07:00) Arizona",,,5186139.5,5165306,5206973,
PNTM9M2jMkKm3GLHpLiq3J4gE,"","North Campus",6c2573ce-592a-4519-989c-2fd21d6918b7,"W", 10/30/2025 04:30:00 PM,"(UTC-07:00) Arizona",,,5116224.5,5040505,5191944,
PNTM9M2jMkKm3GLHpLiq3J4gE,"","North Campus",6c2573ce-592a-4519-989c-2fd21d6918b7,"W", 10/30/2025 04:45:00 PM,"(UTC-07:00) Arizona",,,5063857,4997414,5130300,
PNTM9M2jMkKm3GLHpLiq3J4gE,"","North Campus",6c2573ce-592a-4519-989c-2fd21d6918b7,"W", 10/30/2025 05:00:00 PM,"(UTC-07:00) Arizona",,,5016595.75,4978922.5,5054269,
PNTM9M2jMkKm3GLHpLiq3J4gE,"","North Campus",6c2573ce-592a-4519-989c-2fd21d6918b7,"W", 10/30/2025 05:15:00 PM,"(UTC-07:00) Arizona",,,4976647,4952460.5,5000833.5,
PNTM9M2jMkKm3GLHpLiq3J4gE,"","North Campus",6c2573ce-592a-4519-989c-2fd21d6918b7,"W", 10/30/2025 05:30:00 PM,"(UTC-07:00) Arizona",,,4859098,4859098,4859098,
PNTM9M2jMkKm3GLHpLiq3J4gE,"","North Campus",6c2573ce-592a-4519-989c-2fd21d6918b7,"W", 10/30/2025 05:45:00 PM,"(UTC-07:00) Arizona",,,4832980.875,4799578.5,4854028,
PNTM9M2jMkKm3GLHpLiq3J4gE,"","North Campus",6c2573ce-592a-4519-989c-2fd21d6918b7,"W", 10/30/2025 06:00:00 PM,"(UTC-07:00) Arizona",,,4748865.833333333,4694076.5,4818269.5,
PNTM9M2jMkKm3GLHpLiq3J4gE,"","North Campus",6c2573ce-592a-4519-989c-2fd21d6918b7,"W", 10/30/2025 06:15:00 PM,"(UTC-07:00) Arizona",,,4793059.5,4793059.5,4793059.5,
PNTM9M2jMkKm3GLHpLiq3J4gE,"","North Campus",6c2573ce-592a-4519-989c-2fd21d6918b7,"W", 10/30/2025 06:30:00 PM,"(UTC-07:00) Arizona",,,4724916.5,4712759,4737074,
PNTM9M2jMkKm3GLHpLiq3J4gE,"","North Campus",6c2573ce-592a-4519-989c-2fd21d6918b7,"W", 10/30/2025 06:45:00 PM,"(UTC-07:00) Arizona",,,4571754.25,4521164.5,4622344,
PNTM9M2jMkKm3GLHpLiq3J4gE,"","North Campus",6c2573ce-592a-4519-989c-2fd21d6918b7,"W", 10/30/2025 07:00:00 PM,"(UTC-07:00) Arizona",,,4480029,4465996.5,4494061.5,
PNTM9M2jMkKm3GLHpLiq3J4gE,"","North Campus",6c2573ce-592a-4519-989c-2fd21d6918b7,"W", 10/30/2025 07:15:00 PM,"(UTC-07:00) Arizona",,,4458348.75,4427236,4489461.5,
PNTM9M2jMkKm3GLHpLiq3J4gE,"","North Campus",6c2573ce-592a-4519-989c-2fd21d6918b7,"W", 10/30/2025 07:30:00 PM,"(UTC-07:00) Arizona",,,4435428,4434986,4435870,
PNTM9M2jMkKm3GLHpLiq3J4gE,"","North Campus",6c2573ce-592a-4519-989c-2fd21d6918b7,"W", 10/30/2025 07:45:00 PM,"(UTC-07:00) Arizona",,,4391488.5,4359226,4423751,
PNTM9M2jMkKm3GLHpLiq3J4gE,"","North Campus",6c2573ce-592a-4519-989c-2fd21d6918b7,"W", 10/30/2025 08:00:00 PM,"(UTC-07:00) Arizona",,,4322921.5,4304640.5,4341202.5,
PNTM9M2jMkKm3GLHpLiq3J4gE,"","North Campus",6c2573ce-592a-4519-989c-2fd21d6918b7,"W", 10/30/2025 08:15:00 PM,"(UTC-07:00) Arizona",,,4336115.5,4287933,4384298,
PNTM9M2jMkKm3GLHpLiq3J4gE,"","North Campus",6c2573ce-592a-4519-989c-2fd21d6918b7,"W", 10/30/2025 08:30:00 PM,"(UTC-07:00) Arizona",,,4186598.2,4186598.2,4186598.2,
PNTM9M2jMkKm3GLHpLiq3J4gE,"","North Campus",6c2573ce-592a-4519-989c-2fd21d6918b7,"W", 10/30/2025 08:45:00 PM,"(UTC-07:00) Arizona",,,4166158.75,4164376.5,4167941,
PNTM9M2jMkKm3GLHpLiq3J4gE,"","North Campus",6c2573ce-592a-4519-989c-2fd21d6918b7,"W", 10/30/2025 09:15:00 PM,"(UTC-07:00) Arizona",,,4083204.25,4048922,4117486.5,
PNTM9M2jMkKm3GLHpLiq3J4gE,"","North Campus",6c2573ce-592a-4519-989c-2fd21d6918b7,"W", 10/30/2025 09:30:00 PM,"(UTC-07:00) Arizona",,,4009038,3993024.2,4025051.8,
PNTM9M2jMkKm3GLHpLiq3J4gE,"","North Campus",6c2573ce-592a-4519-989c-2fd21d6918b7,"W", 10/30/2025 09:45:00 PM,"(UTC-07:00) Arizona",,,3980450.4,3922162.2,4014518,
PNTM9M2jMkKm3GLHpLiq3J4gE,"","North Campus",6c2573ce-592a-4519-989c-2fd21d6918b7,"W", 10/30/2025 10:00:00 PM,"(UTC-07:00) Arizona",,,3898894.2,3898894.2,3898894.2,
PNTM9M2jMkKm3GLHpLiq3J4gE,"","North Campus",6c2573ce-592a-4519-989c-2fd21d6918b7,"W", 10/30/2025 10:15:00 PM,"(UTC-07:00) Arizona",,,3899298.75,3880651,3917946.5,
PNTM9M2jMkKm3GLHpLiq3J4gE,"","North Campus",6c2573ce-592a-4519-989c-2fd21d6918b7,"W", 10/30/2025 10:30:00 PM,"(UTC-07:00) Arizona",,,3837200.65,3825980.5,3848420.8,
PNTM9M2jMkKm3GLHpLiq3J4gE,"","North Campus",6c2573ce-592a-4519-989c-2fd21d6918b7,"W", 10/30/2025 10:45:00 PM,"(UTC-07:00) Arizona",,,3807161.0666666664,3772397.8,3852360.2,
PNTM9M2jMkKm3GLHpLiq3J4gE,"","North Campus",6c2573ce-592a-4519-989c-2fd21d6918b7,"W", 10/30/2025 11:00:00 PM,"(UTC-07:00) Arizona",,,3614611.2,3609498.2,3619724.2,
PNTM9M2jMkKm3GLHpLiq3J4gE,"","North Campus",6c2573ce-592a-4519-989c-2fd21d6918b7,"W", 10/30/2025 11:15:00 PM,"(UTC-07:00) Arizona",,,3623540.9333333336,3608424.5,3635333.8,
PNTM9M2jMkKm3GLHpLiq3J4gE,"","North Campus",6c2573ce-592a-4519-989c-2fd21d6918b7,"W", 10/30/2025 11:30:00 PM,"(UTC-07:00) Arizona",,,3639224.4,3590202,3688246.8,
PNTM9M2jMkKm3GLHpLiq3J4gE,"","North Campus",6c2573ce-592a-4519-989c-2fd21d6918b7,"W", 10/30/2025 11:45:00 PM,"(UTC-07:00) Arizona",,,3581322.4,3567850.8,3594794,
PNTM9M2jMkKm3GLHpLiq3J4gE,"","North Campus",6c2573ce-592a-4519-989c-2fd21d6918b7,"W", 10/31/2025 12:00:00 AM,"(UTC-07:00) Arizona",,,3543676.8,3521238.8,3566114.8,
PNTM9M2jMkKm3GLHpLiq3J4gE,"","North Campus",6c2573ce-592a-4519-989c-2fd21d6918b7,"W", 10/31/2025 12:15:00 AM,"(UTC-07:00) Arizona",,,3474498.85,3468611.5,3480386.2,
PNTM9M2jMkKm3GLHpLiq3J4gE,"","North Campus",6c2573ce-592a-4519-989c-2fd21d6918b7,"W", 10/31/2025 12:30:00 AM,"(UTC-07:00) Arizona",,,3472480.3333333335,3456723.8,3501745,
PNTM9M2jMkKm3GLHpLiq3J4gE,"","North Campus",6c2573ce-592a-4519-989c-2fd21d6918b7,"W", 10/31/2025 12:45:00 AM,"(UTC-07:00) Arizona",,,3472430.5,3470997.8,3473863.2,
PNTM9M2jMkKm3GLHpLiq3J4gE,"","North Campus",6c2573ce-592a-4519-989c-2fd21d6918b7,"W", 10/31/2025 01:00:00 AM,"(UTC-07:00) Arizona",,,3439985,3439985,3439985,
PNTM9M2jMkKm3GLHpLiq3J4gE,"","North Campus",6c2573ce-592a-4519-989c-2fd21d6918b7,"W", 10/31/2025 01:15:00 AM,"(UTC-07:00) Arizona",,,3441572.4666666663,3431928.8,3451720.8,
PNTM9M2jMkKm3GLHpLiq3J4gE,"","North Campus",6c2573ce-592a-4519-989c-2fd21d6918b7,"W", 10/31/2025 01:30:00 AM,"(UTC-07:00) Arizona",,,3414902,3403060.5,3426743.5,
PNTM9M2jMkKm3GLHpLiq3J4gE,"","North Campus",6c2573ce-592a-4519-989c-2fd21d6918b7,"W", 10/31/2025 01:45:00 AM,"(UTC-07:00) Arizona",,,3413720.266666667,3395739.8,3428858.8,
PNTM9M2jMkKm3GLHpLiq3J4gE,"","North Campus",6c2573ce-592a-4519-989c-2fd21d6918b7,"W", 10/31/2025 02:00:00 AM,"(UTC-07:00) Arizona",,,3380676.5,3370241.2,3391111.8,
PNTM9M2jMkKm3GLHpLiq3J4gE,"","North Campus",6c2573ce-592a-4519-989c-2fd21d6918b7,"W", 10/31/2025 02:15:00 AM,"(UTC-07:00) Arizona",,,3345974.5666666664,3328879.5,3377475.2,
PNTM9M2jMkKm3GLHpLiq3J4gE,"","North Campus",6c2573ce-592a-4519-989c-2fd21d6918b7,"W", 10/31/2025 02:30:00 AM,"(UTC-07:00) Arizona",,,3332512.766666667,3310508,3351175.5,
PNTM9M2jMkKm3GLHpLiq3J4gE,"","North Campus",6c2573ce-592a-4519-989c-2fd21d6918b7,"W", 10/31/2025 02:45:00 AM,"(UTC-07:00) Arizona",,,3366410.2,3356996.2,3375824.2,
PNTM9M2jMkKm3GLHpLiq3J4gE,"","North Campus",6c2573ce-592a-4519-989c-2fd21d6918b7,"W", 10/31/2025 03:00:00 AM,"(UTC-07:00) Arizona",,,3358089.3,3356981.8,3359196.8,
PNTM9M2jMkKm3GLHpLiq3J4gE,"","North Campus",6c2573ce-592a-4519-989c-2fd21d6918b7,"W", 10/31/2025 03:15:00 AM,"(UTC-07:00) Arizona",,,3372043.35,3367938.2,3376148.5,
PNTM9M2jMkKm3GLHpLiq3J4gE,"","North Campus",6c2573ce-592a-4519-989c-2fd21d6918b7,"W", 10/31/2025 03:30:00 AM,"(UTC-07:00) Arizona",,,3359204.4,3359111,3359297.8,
PNTM9M2jMkKm3GLHpLiq3J4gE,"","North Campus",6c2573ce-592a-4519-989c-2fd21d6918b7,"W", 10/31/2025 03:45:00 AM,"(UTC-07:00) Arizona",,,3355080.6666666665,3338519.2,3375712.8,
PNTM9M2jMkKm3GLHpLiq3J4gE,"","North Campus",6c2573ce-592a-4519-989c-2fd21d6918b7,"W", 10/31/2025 04:00:00 AM,"(UTC-07:00) Arizona",,,3433759.9,3413532,3453987.8,
PNTM9M2jMkKm3GLHpLiq3J4gE,"","North Campus",6c2573ce-592a-4519-989c-2fd21d6918b7,"W", 10/31/2025 04:15:00 AM,"(UTC-07:00) Arizona",,,3479506.8,3455568.8,3503444.8,
PNTM9M2jMkKm3GLHpLiq3J4gE,"","North Campus",6c2573ce-592a-4519-989c-2fd21d6918b7,"W", 10/31/2025 04:30:00 AM,"(UTC-07:00) Arizona",,,3466162,3466162,3466162,
PNTM9M2jMkKm3GLHpLiq3J4gE,"","North Campus",6c2573ce-592a-4519-989c-2fd21d6918b7,"W", 10/31/2025 04:45:00 AM,"(UTC-07:00) Arizona",,,3486440.2,3483930.2,3488950.2,
PNTM9M2jMkKm3GLHpLiq3J4gE,"","North Campus",6c2573ce-592a-4519-989c-2fd21d6918b7,"W", 10/31/2025 05:00:00 AM,"(UTC-07:00) Arizona",,,3537570.4,3511657.8,3563483,
PNTM9M2jMkKm3GLHpLiq3J4gE,"","North Campus",6c2573ce-592a-4519-989c-2fd21d6918b7,"W", 10/31/2025 05:15:00 AM,"(UTC-07:00) Arizona",,,3497353.8,3497353.8,3497353.8,
PNTM9M2jMkKm3GLHpLiq3J4gE,"","North Campus",6c2573ce-592a-4519-989c-2fd21d6918b7,"W", 10/31/2025 05:30:00 AM,"(UTC-07:00) Arizona",,,3537237.3666666667,3528852.8,3545937.8,
PNTM9M2jMkKm3GLHpLiq3J4gE,"","North Campus",6c2573ce-592a-4519-989c-2fd21d6918b7,"W", 10/31/2025 05:45:00 AM,"(UTC-07:00) Arizona",,,3602971,3595225,3610717,
PNTM9M2jMkKm3GLHpLiq3J4gE,"","North Campus",6c2573ce-592a-4519-989c-2fd21d6918b7,"W", 10/31/2025 06:00:00 AM,"(UTC-07:00) Arizona",,,3697796.5,3685065.5,3710527.5,
PNTM9M2jMkKm3GLHpLiq3J4gE,"","North Campus",6c2573ce-592a-4519-989c-2fd21d6918b7,"W", 10/31/2025 06:15:00 AM,"(UTC-07:00) Arizona",,,3718948,3702616.8,3735279.2,
PNTM9M2jMkKm3GLHpLiq3J4gE,"","North Campus",6c2573ce-592a-4519-989c-2fd21d6918b7,"W", 10/31/2025 06:30:00 AM,"(UTC-07:00) Arizona",,,3750435.533333333,3718074.8,3774512.8,
PNTM9M2jMkKm3GLHpLiq3J4gE,"","North Campus",6c2573ce-592a-4519-989c-2fd21d6918b7,"W", 10/31/2025 06:45:00 AM,"(UTC-07:00) Arizona",,,3793061,3780106.5,3806015.5,
PNTM9M2jMkKm3GLHpLiq3J4gE,"","North Campus",6c2573ce-592a-4519-989c-2fd21d6918b7,"W", 10/31/2025 07:00:00 AM,"(UTC-07:00) Arizona",,,3879280.65,3876499.8,3882061.5,
PNTM9M2jMkKm3GLHpLiq3J4gE,"","North Campus",6c2573ce-592a-4519-989c-2fd21d6918b7,"W", 10/31/2025 07:15:00 AM,"(UTC-07:00) Arizona",,,3920976.1,3913190.2,3928762,
PNTM9M2jMkKm3GLHpLiq3J4gE,"","North Campus",6c2573ce-592a-4519-989c-2fd21d6918b7,"W", 10/31/2025 07:30:00 AM,"(UTC-07:00) Arizona",,,3974832,3974832,3974832,
PNTM9M2jMkKm3GLHpLiq3J4gE,"","North Campus",6c2573ce-592a-4519-989c-2fd21d6918b7,"W", 10/31/2025 07:45:00 AM,"(UTC-07:00) Arizona",,,4034384.5,4009580.5,4080391,
PNTM9M2jMkKm3GLHpLiq3J4gE,"","North Campus",6c2573ce-592a-4519-989c-2fd21d6918b7,"W", 10/31/2025 08:00:00 AM,"(UTC-07:00) Arizona",,,4179936.5,4165585.8,4194287.2,
PNTM9M2jMkKm3GLHpLiq3J4gE,"","North Campus",6c2573ce-592a-4519-989c-2fd21d6918b7,"W", 10/31/2025 08:15:00 AM,"(UTC-07:00) Arizona",,,4208576,4194236,4222916,
PNTM9M2jMkKm3GLHpLiq3J4gE,"","North Campus",6c2573ce-592a-4519-989c-2fd21d6918b7,"W", 10/31/2025 08:30:00 AM,"(UTC-07:00) Arizona",,,4167061.2,4167061.2,4167061.2,
PNTM9M2jMkKm3GLHpLiq3J4gE,"","North Campus",6c2573ce-592a-4519-989c-2fd21d6918b7,"W", 10/31/2025 08:45:00 AM,"(UTC-07:00) Arizona",,,4271355.266666667,4187449.8,4335353,
PNTM9M2jMkKm3GLHpLiq3J4gE,"","North Campus",6c2573ce-592a-4519-989c-2fd21d6918b7,"W", 10/31/2025 09:00:00 AM,"(UTC-07:00) Arizona",,,4386248.25,4306786.5,4465710,
PNTM9M2jMkKm3GLHpLiq3J4gE,"","North Campus",6c2573ce-592a-4519-989c-2fd21d6918b7,"W", 10/31/2025 09:15:00 AM,"(UTC-07:00) Arizona",,,4319872,4319872,4319872,
PNTM9M2jMkKm3GLHpLiq3J4gE,"","North Campus",6c2573ce-592a-4519-989c-2fd21d6918b7,"W", 10/31/2025 09:30:00 AM,"(UTC-07:00) Arizona",,,4300663.75,4252171,4349156.5,
PNTM9M2jMkKm3GLHpLiq3J4gE,"","North Campus",6c2573ce-592a-4519-989c-2fd21d6918b7,"W", 10/31/2025 09:45:00 AM,"(UTC-07:00) Arizona",,,4426888.25,4387713,4466063.5,
PNTM9M2jMkKm3GLHpLiq3J4gE,"","North Campus",6c2573ce-592a-4519-989c-2fd21d6918b7,"W", 10/31/2025 10:00:00 AM,"(UTC-07:00) Arizona",,,4396831.5,4377341,4416322,
PNTM9M2jMkKm3GLHpLiq3J4gE,"","North Campus",6c2573ce-592a-4519-989c-2fd21d6918b7,"W", 10/31/2025 10:15:00 AM,"(UTC-07:00) Arizona",,,4437442.5,4406378,4463007.5,
PNTM9M2jMkKm3GLHpLiq3J4gE,"","North Campus",6c2573ce-592a-4519-989c-2fd21d6918b7,"W", 10/31/2025 10:30:00 AM,"(UTC-07:00) Arizona",,,4381575.75,4367860,4395291.5,
PNTM9M2jMkKm3GLHpLiq3J4gE,"","North Campus",6c2573ce-592a-4519-989c-2fd21d6918b7,"W", 10/31/2025 10:45:00 AM,"(UTC-07:00) Arizona",,,4553944.75,4543570.5,4564319,
PNTM9M2jMkKm3GLHpLiq3J4gE,"","North Campus",6c2573ce-592a-4519-989c-2fd21d6918b7,"W", 10/31/2025 11:00:00 AM,"(UTC-07:00) Arizona",,,4539048,4524583,4555091,
PNTM9M2jMkKm3GLHpLiq3J4gE,"","North Campus",6c2573ce-592a-4519-989c-2fd21d6918b7,"W", 10/31/2025 11:15:00 AM,"(UTC-07:00) Arizona",,,4555297.5,4496309,4614286,
PNTM9M2jMkKm3GLHpLiq3J4gE,"","North Campus",6c2573ce-592a-4519-989c-2fd21d6918b7,"W", 10/31/2025 11:30:00 AM,"(UTC-07:00) Arizona",,,4578003.5,4578003.5,4578003.5,
PNTM9M2jMkKm3GLHpLiq3J4gE,"","North Campus",6c2573ce-592a-4519-989c-2fd21d6918b7,"W", 10/31/2025 11:45:00 AM,"(UTC-07:00) Arizona",,,4577683,4553364.5,4602001.5,
PNTM9M2jMkKm3GLHpLiq3J4gE,"","North Campus",6c2573ce-592a-4519-989c-2fd21d6918b7,"W", 10/31/2025 12:00:00 PM,"(UTC-07:00) Arizona",,,4541198,4467895.5,4614500.5,
PNTM9M2jMkKm3GLHpLiq3J4gE,"","North Campus",6c2573ce-592a-4519-989c-2fd21d6918b7,"W", 10/31/2025 12:15:00 PM,"(UTC-07:00) Arizona",,,4587575.5,4587575.5,4587575.5,
PNTM9M2jMkKm3GLHpLiq3J4gE,"","North Campus",6c2573ce-592a-4519-989c-2fd21d6918b7,"W", 10/31/2025 12:30:00 PM,"(UTC-07:00) Arizona",,,4647213.5,4623990.5,4670436.5,
PNTM9M2jMkKm3GLHpLiq3J4gE,"","North Campus",6c2573ce-592a-4519-989c-2fd21d6918b7,"W", 10/31/2025 12:45:00 PM,"(UTC-07:00) Arizona",,,4607775.25,4600743,4614807.5,
PNTM9M2jMkKm3GLHpLiq3J4gE,"","North Campus",6c2573ce-592a-4519-989c-2fd21d6918b7,"W", 10/31/2025 01:00:00 PM,"(UTC-07:00) Arizona",,,4632670.166666667,4522721.5,4705794.5,
PNTM9M2jMkKm3GLHpLiq3J4gE,"","North Campus",6c2573ce-592a-4519-989c-2fd21d6918b7,"W", 10/31/2025 01:15:00 PM,"(UTC-07:00) Arizona",,,4648609.5,4623100,4674119,
PNTM9M2jMkKm3GLHpLiq3J4gE,"","North Campus",6c2573ce-592a-4519-989c-2fd21d6918b7,"W", 10/31/2025 01:30:00 PM,"(UTC-07:00) Arizona",,,4609211.5,4560767,4662668,
PNTM9M2jMkKm3GLHpLiq3J4gE,"","North Campus",6c2573ce-592a-4519-989c-2fd21d6918b7,"W", 10/31/2025 01:45:00 PM,"(UTC-07:00) Arizona",,,4632174.666666667,4616960,4654920,
PNTM9M2jMkKm3GLHpLiq3J4gE,"","North Campus",6c2573ce-592a-4519-989c-2fd21d6918b7,"W", 10/31/2025 02:00:00 PM,"(UTC-07:00) Arizona",,,4671059.25,4658210,4683908.5,
PNTM9M2jMkKm3GLHpLiq3J4gE,"","North Campus",6c2573ce-592a-4519-989c-2fd21d6918b7,"W", 10/31/2025 02:15:00 PM,"(UTC-07:00) Arizona",,,4722782.75,4669390.5,4763295,
PNTM9M2jMkKm3GLHpLiq3J4gE,"","North Campus",6c2573ce-592a-4519-989c-2fd21d6918b7,"W", 10/31/2025 02:30:00 PM,"(UTC-07:00) Arizona",,,4692053.666666667,4669805.5,4723693,
PNTM9M2jMkKm3GLHpLiq3J4gE,"","North Campus",6c2573ce-592a-4519-989c-2fd21d6918b7,"W", 10/31/2025 02:45:00 PM,"(UTC-07:00) Arizona",,,4697186.25,4660402,4733970.5,
PNTM9M2jMkKm3GLHpLiq3J4gE,"","North Campus",6c2573ce-592a-4519-989c-2fd21d6918b7,"W", 10/31/2025 03:00:00 PM,"(UTC-07:00) Arizona",,,4798030.5,4798030.5,4798030.5,
PNTM9M2jMkKm3GLHpLiq3J4gE,"","North Campus",6c2573ce-592a-4519-989c-2fd21d6918b7,"W", 10/31/2025 03:15:00 PM,"(UTC-07:00) Arizona",,,4786519.75,4722461.5,4850578,
PNTM9M2jMkKm3GLHpLiq3J4gE,"","North Campus",6c2573ce-592a-4519-989c-2fd21d6918b7,"W", 10/31/2025 03:30:00 PM,"(UTC-07:00) Arizona",,,4788613.25,4775084,4802142.5,
PNTM9M2jMkKm3GLHpLiq3J4gE,"","North Campus",6c2573ce-592a-4519-989c-2fd21d6918b7,"W", 10/31/2025 03:45:00 PM,"(UTC-07:00) Arizona",,,4848529.75,4841327,4855732.5,
PNTM9M2jMkKm3GLHpLiq3J4gE,"","North Campus",6c2573ce-592a-4519-989c-2fd21d6918b7,"W", 10/31/2025 04:00:00 PM,"(UTC-07:00) Arizona",,,4804506.5,4804506.5,4804506.5,
PNTM9M2jMkKm3GLHpLiq3J4gE,"","North Campus",6c2573ce-592a-4519-989c-2fd21d6918b7,"W", 10/31/2025 04:15:00 PM,"(UTC-07:00) Arizona",,,4790308,4756958,4823658,
PNTM9M2jMkKm3GLHpLiq3J4gE,"","North Campus",6c2573ce-592a-4519-989c-2fd21d6918b7,"W", 10/31/2025 04:30:00 PM,"(UTC-07:00) Arizona",,,4778858,4758686.5,4799029.5,
PNTM9M2jMkKm3GLHpLiq3J4gE,"","North Campus",6c2573ce-592a-4519-989c-2fd21d6918b7,"W", 10/31/2025 04:45:00 PM,"(UTC-07:00) Arizona",,,4585866.25,4435162.5,4736570,
PNTM9M2jMkKm3GLHpLiq3J4gE,"","North Campus",6c2573ce-592a-4519-989c-2fd21d6918b7,"W", 10/31/2025 05:00:00 PM,"(UTC-07:00) Arizona",,,4494978.5,4476683.5,4513273.5,
PNTM9M2jMkKm3GLHpLiq3J4gE,"","North Campus",6c2573ce-592a-4519-989c-2fd21d6918b7,"W", 10/31/2025 05:15:00 PM,"(UTC-07:00) Arizona",,,4446605,4446605,4446605,
PNTM9M2jMkKm3GLHpLiq3J4gE,"","North Campus",6c2573ce-592a-4519-989c-2fd21d6918b7,"W", 10/31/2025 05:30:00 PM,"(UTC-07:00) Arizona",,,4433794.333333333,4423317,4453732,
PNTM9M2jMkKm3GLHpLiq3J4gE,"","North Campus",6c2573ce-592a-4519-989c-2fd21d6918b7,"W", 10/31/2025 05:45:00 PM,"(UTC-07:00) Arizona",,,4413654,4395673.5,4431634.5,
PNTM9M2jMkKm3GLHpLiq3J4gE,"","North Campus",6c2573ce-592a-4519-989c-2fd21d6918b7,"W", 10/31/2025 06:00:00 PM,"(UTC-07:00) Arizona",,,4409123,4405303,4412943,
PNTM9M2jMkKm3GLHpLiq3J4gE,"","North Campus",6c2573ce-592a-4519-989c-2fd21d6918b7,"W", 10/31/2025 06:15:00 PM,"(UTC-07:00) Arizona",,,4265001.75,4234979,4295024.5,
PNTM9M2jMkKm3GLHpLiq3J4gE,"","North Campus",6c2573ce-592a-4519-989c-2fd21d6918b7,"W", 10/31/2025 06:30:00 PM,"(UTC-07:00) Arizona",,,4205947.825,4155906.8,4244981.5,
PNTM9M2jMkKm3GLHpLiq3J4gE,"","North Campus",6c2573ce-592a-4519-989c-2fd21d6918b7,"W", 10/31/2025 06:45:00 PM,"(UTC-07:00) Arizona",,,4172593.2,4172593.2,4172593.2,
PNTM9M2jMkKm3GLHpLiq3J4gE,"","North Campus",6c2573ce-592a-4519-989c-2fd21d6918b7,"W", 10/31/2025 07:00:00 PM,"(UTC-07:00) Arizona",,,4089085.85,4085864.5,4092307.2,
PNTM9M2jMkKm3GLHpLiq3J4gE,"","North Campus",6c2573ce-592a-4519-989c-2fd21d6918b7,"W", 10/31/2025 07:15:00 PM,"(UTC-07:00) Arizona",,,4096239.15,4084465.5,4108012.8,
PNTM9M2jMkKm3GLHpLiq3J4gE,"","North Campus",6c2573ce-592a-4519-989c-2fd21d6918b7,"W", 10/31/2025 07:30:00 PM,"(UTC-07:00) Arizona",,,4069415.3,4069053.8,4069776.8,
PNTM9M2jMkKm3GLHpLiq3J4gE,"","North Campus",6c2573ce-592a-4519-989c-2fd21d6918b7,"W", 10/31/2025 07:45:00 PM,"(UTC-07:00) Arizona",,,4061822.6999999997,4054017.5,4066904.8,
PNTM9M2jMkKm3GLHpLiq3J4gE,"","North Campus",6c2573ce-592a-4519-989c-2fd21d6918b7,"W", 10/31/2025 08:00:00 PM,"(UTC-07:00) Arizona",,,4012018.85,3984566.2,4039471.5,
PNTM9M2jMkKm3GLHpLiq3J4gE,"","North Campus",6c2573ce-592a-4519-989c-2fd21d6918b7,"W", 10/31/2025 08:15:00 PM,"(UTC-07:00) Arizona",,,3949574.6,3924719,3974430.2,
PNTM9M2jMkKm3GLHpLiq3J4gE,"","North Campus",6c2573ce-592a-4519-989c-2fd21d6918b7,"W", 10/31/2025 08:30:00 PM,"(UTC-07:00) Arizona",,,3910378.65,3908933.5,3911823.8,
PNTM9M2jMkKm3GLHpLiq3J4gE,"","North Campus",6c2573ce-592a-4519-989c-2fd21d6918b7,"W", 10/31/2025 08:45:00 PM,"(UTC-07:00) Arizona",,,3861542.5,3738954,3984131,
PNTM9M2jMkKm3GLHpLiq3J4gE,"","North Campus",6c2573ce-592a-4519-989c-2fd21d6918b7,"W", 10/31/2025 09:00:00 PM,"(UTC-07:00) Arizona",,,3755264.6,3744558.2,3765971,
PNTM9M2jMkKm3GLHpLiq3J4gE,"","North Campus",6c2573ce-592a-4519-989c-2fd21d6918b7,"W", 10/31/2025 09:15:00 PM,"(UTC-07:00) Arizona",,,3691862.6,3669697,3714028.2,
PNTM9M2jMkKm3GLHpLiq3J4gE,"","North Campus",6c2573ce-592a-4519-989c-2fd21d6918b7,"W", 10/31/2025 09:30:00 PM,"(UTC-07:00) Arizona",,,3641441.0666666664,3613248.2,3656574.8,
PNTM9M2jMkKm3GLHpLiq3J4gE,"","North Campus",6c2573ce-592a-4519-989c-2fd21d6918b7,"W", 10/31/2025 09:45:00 PM,"(UTC-07:00) Arizona",,,3640849.5,3607240.8,3674458.2,
PNTM9M2jMkKm3GLHpLiq3J4gE,"","North Campus",6c2573ce-592a-4519-989c-2fd21d6918b7,"W", 10/31/2025 10:00:00 PM,"(UTC-07:00) Arizona",,,3566653.85,3533569.2,3599738.5,
PNTM9M2jMkKm3GLHpLiq3J4gE,"","North Campus",6c2573ce-592a-4519-989c-2fd21d6918b7,"W", 10/31/2025 10:15:00 PM,"(UTC-07:00) Arizona",,,3559139.9,3526726.8,3591553,
PNTM9M2jMkKm3GLHpLiq3J4gE,"","North Campus",6c2573ce-592a-4519-989c-2fd21d6918b7,"W", 10/31/2025 10:30:00 PM,"(UTC-07:00) Arizona",,,3467592.2,3467592.2,3467592.2,
PNTM9M2jMkKm3GLHpLiq3J4gE,"","North Campus",6c2573ce-592a-4519-989c-2fd21d6918b7,"W", 10/31/2025 10:45:00 PM,"(UTC-07:00) Arizona",,,3473332.4333333336,3459995,3480554.8,
PNTM9M2jMkKm3GLHpLiq3J4gE,"","North Campus",6c2573ce-592a-4519-989c-2fd21d6918b7,"W", 10/31/2025 11:00:00 PM,"(UTC-07:00) Arizona",,,3442571.966666667,3433484.5,3455557.2,
PNTM9M2jMkKm3GLHpLiq3J4gE,"","North Campus",6c2573ce-592a-4519-989c-2fd21d6918b7,"W", 10/31/2025 11:15:00 PM,"(UTC-07:00) Arizona",,,3425037.5,3404042.8,3446032.2,
PNTM9M2jMkKm3GLHpLiq3J4gE,"","North Campus",6c2573ce-592a-4519-989c-2fd21d6918b7,"W", 10/31/2025 11:30:00 PM,"(UTC-07:00) Arizona",,,3416723.9,3401567.8,3431880,
PNTM9M2jMkKm3GLHpLiq3J4gE,"","North Campus",6c2573ce-592a-4519-989c-2fd21d6918b7,"W", 10/31/2025 11:45:00 PM,"(UTC-07:00) Arizona",,,3426340.7,3404007.2,3448674.2,
PNTM9M2jMkKm3GLHpLiq3J4gE,"","North Campus",6c2573ce-592a-4519-989c-2fd21d6918b7,"W", 11/01/2025 12:00:00 AM,"(UTC-07:00) Arizona",,,3377722.6,3362565,3392880.2,
PNTM9M2jMkKm3GLHpLiq3J4gE,"","North Campus",6c2573ce-592a-4519-989c-2fd21d6918b7,"W", 11/01/2025 12:15:00 AM,"(UTC-07:00) Arizona",,,3357165.6,3327571,3386760.2,
PNTM9M2jMkKm3GLHpLiq3J4gE,"","North Campus",6c2573ce-592a-4519-989c-2fd21d6918b7,"W", 11/01/2025 12:30:00 AM,"(UTC-07:00) Arizona",,,3347992.8333333335,3322893,3370485.5,
PNTM9M2jMkKm3GLHpLiq3J4gE,"","North Campus",6c2573ce-592a-4519-989c-2fd21d6918b7,"W", 11/01/2025 12:45:00 AM,"(UTC-07:00) Arizona",,,3334548.75,3327946.5,3341151,
PNTM9M2jMkKm3GLHpLiq3J4gE,"","North Campus",6c2573ce-592a-4519-989c-2fd21d6918b7,"W", 11/01/2025 01:00:00 AM,"(UTC-07:00) Arizona",,,3343487.25,3318531,3368443.5,
PNTM9M2jMkKm3GLHpLiq3J4gE,"","North Campus",6c2573ce-592a-4519-989c-2fd21d6918b7,"W", 11/01/2025 01:15:00 AM,"(UTC-07:00) Arizona",,,3316065.1,3306657.2,3325473,
PNTM9M2jMkKm3GLHpLiq3J4gE,"","North Campus",6c2573ce-592a-4519-989c-2fd21d6918b7,"W", 11/01/2025 01:30:00 AM,"(UTC-07:00) Arizona",,,3334412.9,3324176,3344649.8,
PNTM9M2jMkKm3GLHpLiq3J4gE,"","North Campus",6c2573ce-592a-4519-989c-2fd21d6918b7,"W", 11/01/2025 01:45:00 AM,"(UTC-07:00) Arizona",,,3325586.8,3325586.8,3325586.8,
PNTM9M2jMkKm3GLHpLiq3J4gE,"","North Campus",6c2573ce-592a-4519-989c-2fd21d6918b7,"W", 11/01/2025 02:00:00 AM,"(UTC-07:00) Arizona",,,3322950.65,3283909.8,3361991.5,
PNTM9M2jMkKm3GLHpLiq3J4gE,"","North Campus",6c2573ce-592a-4519-989c-2fd21d6918b7,"W", 11/01/2025 02:15:00 AM,"(UTC-07:00) Arizona",,,3311428.733333333,3291905.8,3329751.2,
PNTM9M2jMkKm3GLHpLiq3J4gE,"","North Campus",6c2573ce-592a-4519-989c-2fd21d6918b7,"W", 11/01/2025 02:30:00 AM,"(UTC-07:00) Arizona",,,3297224.6,3273995.8,3309844.2,
PNTM9M2jMkKm3GLHpLiq3J4gE,"","North Campus",6c2573ce-592a-4519-989c-2fd21d6918b7,"W", 11/01/2025 02:45:00 AM,"(UTC-07:00) Arizona",,,3260332.6,3252785,3267880.2,
PNTM9M2jMkKm3GLHpLiq3J4gE,"","North Campus",6c2573ce-592a-4519-989c-2fd21d6918b7,"W", 11/01/2025 03:00:00 AM,"(UTC-07:00) Arizona",,,3274139.75,3265905.5,3282374,
PNTM9M2jMkKm3GLHpLiq3J4gE,"","North Campus",6c2573ce-592a-4519-989c-2fd21d6918b7,"W", 11/01/2025 03:15:00 AM,"(UTC-07:00) Arizona",,,3277559.5,3263768.8,3291350.2,
PNTM9M2jMkKm3GLHpLiq3J4gE,"","North Campus",6c2573ce-592a-4519-989c-2fd21d6918b7,"W", 11/01/2025 03:30:00 AM,"(UTC-07:00) Arizona",,,3199616.2,3199616.2,3199616.2,
PNTM9M2jMkKm3GLHpLiq3J4gE,"","North Campus",6c2573ce-592a-4519-989c-2fd21d6918b7,"W", 11/01/2025 03:45:00 AM,"(UTC-07:00) Arizona",,,3258350.575,3217364.8,3307138,
PNTM9M2jMkKm3GLHpLiq3J4gE,"","North Campus",6c2573ce-592a-4519-989c-2fd21d6918b7,"W", 11/01/2025 04:00:00 AM,"(UTC-07:00) Arizona",,,3295751,3282676.5,3308825.5,
PNTM9M2jMkKm3GLHpLiq3J4gE,"","North Campus",6c2573ce-592a-4519-989c-2fd21d6918b7,"W", 11/01/2025 04:15:00 AM,"(UTC-07:00) Arizona",,,3253981.75,3240883,3267080.5,
PNTM9M2jMkKm3GLHpLiq3J4gE,"","North Campus",6c2573ce-592a-4519-989c-2fd21d6918b7,"W", 11/01/2025 04:30:00 AM,"(UTC-07:00) Arizona",,,3277875.35,3263800.2,3291950.5,
PNTM9M2jMkKm3GLHpLiq3J4gE,"","North Campus",6c2573ce-592a-4519-989c-2fd21d6918b7,"W", 11/01/2025 04:45:00 AM,"(UTC-07:00) Arizona",,,3260709.1,3255068.2,3266350,
PNTM9M2jMkKm3GLHpLiq3J4gE,"","North Campus",6c2573ce-592a-4519-989c-2fd21d6918b7,"W", 11/01/2025 05:00:00 AM,"(UTC-07:00) Arizona",,,3312387.1,3306628,3318146.2,
PNTM9M2jMkKm3GLHpLiq3J4gE,"","North Campus",6c2573ce-592a-4519-989c-2fd21d6918b7,"W", 11/01/2025 05:15:00 AM,"(UTC-07:00) Arizona",,,3328516.35,3293451.2,3363581.5,
PNTM9M2jMkKm3GLHpLiq3J4gE,"","North Campus",6c2573ce-592a-4519-989c-2fd21d6918b7,"W", 11/01/2025 05:30:00 AM,"(UTC-07:00) Arizona",,,3306507,3286751.5,3326262.5,
PNTM9M2jMkKm3GLHpLiq3J4gE,"","North Campus",6c2573ce-592a-4519-989c-2fd21d6918b7,"W", 11/01/2025 05:45:00 AM,"(UTC-07:00) Arizona",,,3321143,3315635,3325456,
PNTM9M2jMkKm3GLHpLiq3J4gE,"","North Campus",6c2573ce-592a-4519-989c-2fd21d6918b7,"W", 11/01/2025 06:00:00 AM,"(UTC-07:00) Arizona",,,3414626.6,3397269.8,3434895.8,
PNTM9M2jMkKm3GLHpLiq3J4gE,"","North Campus",6c2573ce-592a-4519-989c-2fd21d6918b7,"W", 11/01/2025 06:15:00 AM,"(UTC-07:00) Arizona",,,3414499.5,3393990.5,3436543.5,
PNTM9M2jMkKm3GLHpLiq3J4gE,"","North Campus",6c2573ce-592a-4519-989c-2fd21d6918b7,"W", 11/01/2025 06:30:00 AM,"(UTC-07:00) Arizona",,,3365546.25,3360872,3370220.5,
PNTM9M2jMkKm3GLHpLiq3J4gE,"","North Campus",6c2573ce-592a-4519-989c-2fd21d6918b7,"W", 11/01/2025 06:45:00 AM,"(UTC-07:00) Arizona",,,3372324.25,3358019.5,3386629,
PNTM9M2jMkKm3GLHpLiq3J4gE,"","North Campus",6c2573ce-592a-4519-989c-2fd21d6918b7,"W", 11/01/2025 07:00:00 AM,"(UTC-07:00) Arizona",,,3395903.25,3383415.5,3408391,
PNTM9M2jMkKm3GLHpLiq3J4gE,"","North Campus",6c2573ce-592a-4519-989c-2fd21d6918b7,"W", 11/01/2025 07:15:00 AM,"(UTC-07:00) Arizona",,,3379784,3350510,3406849.5,
PNTM9M2jMkKm3GLHpLiq3J4gE,"","North Campus",6c2573ce-592a-4519-989c-2fd21d6918b7,"W", 11/01/2025 07:30:00 AM,"(UTC-07:00) Arizona",,,3372423.375,3352822.5,3387000.8,
PNTM9M2jMkKm3GLHpLiq3J4gE,"","North Campus",6c2573ce-592a-4519-989c-2fd21d6918b7,"W", 11/01/2025 07:45:00 AM,"(UTC-07:00) Arizona",,,3388118,3364512,3411724,
PNTM9M2jMkKm3GLHpLiq3J4gE,"","North Campus",6c2573ce-592a-4519-989c-2fd21d6918b7,"W", 11/01/2025 08:00:00 AM,"(UTC-07:00) Arizona",,,3430896,3409587.8,3442628,
PNTM9M2jMkKm3GLHpLiq3J4gE,"","North Campus",6c2573ce-592a-4519-989c-2fd21d6918b7,"W", 11/01/2025 08:15:00 AM,"(UTC-07:00) Arizona",,,3431012.0666666664,3405627.5,3464378.5,
PNTM9M2jMkKm3GLHpLiq3J4gE,"","North Campus",6c2573ce-592a-4519-989c-2fd21d6918b7,"W", 11/01/2025 08:30:00 AM,"(UTC-07:00) Arizona",,,3396871.15,3369391.5,3424350.8,
PNTM9M2jMkKm3GLHpLiq3J4gE,"","North Campus",6c2573ce-592a-4519-989c-2fd21d6918b7,"W", 11/01/2025 08:45:00 AM,"(UTC-07:00) Arizona",,,3432535.4,3400082,3464988.8,
PNTM9M2jMkKm3GLHpLiq3J4gE,"","North Campus",6c2573ce-592a-4519-989c-2fd21d6918b7,"W", 11/01/2025 09:00:00 AM,"(UTC-07:00) Arizona",,,3455529,3454452.5,3456605.5,
PNTM9M2jMkKm3GLHpLiq3J4gE,"","North Campus",6c2573ce-592a-4519-989c-2fd21d6918b7,"W", 11/01/2025 09:15:00 AM,"(UTC-07:00) Arizona",,,3469178.75,3461859,3476498.5,
PNTM9M2jMkKm3GLHpLiq3J4gE,"","North Campus",6c2573ce-592a-4519-989c-2fd21d6918b7,"W", 11/01/2025 09:30:00 AM,"(UTC-07:00) Arizona",,,3568721.1,3544980,3611476.5,
PNTM9M2jMkKm3GLHpLiq3J4gE,"","North Campus",6c2573ce-592a-4519-989c-2fd21d6918b7,"W", 11/01/2025 09:45:00 AM,"(UTC-07:00) Arizona",,,3531980.85,3502941.5,3561020.2,
PNTM9M2jMkKm3GLHpLiq3J4gE,"","North Campus",6c2573ce-592a-4519-989c-2fd21d6918b7,"W", 11/01/2025 10:00:00 AM,"(UTC-07:00) Arizona",,,3614587,3614587,3614587,
PNTM9M2jMkKm3GLHpLiq3J4gE,"","North Campus",6c2573ce-592a-4519-989c-2fd21d6918b7,"W", 11/01/2025 10:15:00 AM,"(UTC-07:00) Arizona",,,3616706.733333333,3591859.5,3659124.2,
PNTM9M2jMkKm3GLHpLiq3J4gE,"","North Campus",6c2573ce-592a-4519-989c-2fd21d6918b7,"W", 11/01/2025 10:30:00 AM,"(UTC-07:00) Arizona",,,3674886.1,3638936,3710836.2,
PNTM9M2jMkKm3GLHpLiq3J4gE,"","North Campus",6c2573ce-592a-4519-989c-2fd21d6918b7,"W", 11/01/2025 10:45:00 AM,"(UTC-07:00) Arizona",,,3723349.4,3723347,3723351.8,
PNTM9M2jMkKm3GLHpLiq3J4gE,"","North Campus",6c2573ce-592a-4519-989c-2fd21d6918b7,"W", 11/01/2025 11:00:00 AM,"(UTC-07:00) Arizona",,,3704721,3691653.8,3714059.2,
PNTM9M2jMkKm3GLHpLiq3J4gE,"","North Campus",6c2573ce-592a-4519-989c-2fd21d6918b7,"W", 11/01/2025 11:15:00 AM,"(UTC-07:00) Arizona",,,3783090,3783090,3783090,
PNTM9M2jMkKm3GLHpLiq3J4gE,"","North Campus",6c2573ce-592a-4519-989c-2fd21d6918b7,"W", 11/01/2025 11:30:00 AM,"(UTC-07:00) Arizona",,,3716185.15,3655521.5,3776848.8,
PNTM9M2jMkKm3GLHpLiq3J4gE,"","North Campus",6c2573ce-592a-4519-989c-2fd21d6918b7,"W", 11/01/2025 11:45:00 AM,"(UTC-07:00) Arizona",,,3743488.1,3731175,3755801.2,
PNTM9M2jMkKm3GLHpLiq3J4gE,"","North Campus",6c2573ce-592a-4519-989c-2fd21d6918b7,"W", 11/01/2025 12:00:00 PM,"(UTC-07:00) Arizona",,,3804269.15,3792112.8,3816425.5,
PNTM9M2jMkKm3GLHpLiq3J4gE,"","North Campus",6c2573ce-592a-4519-989c-2fd21d6918b7,"W", 11/01/2025 12:15:00 PM,"(UTC-07:00) Arizona",,,3849111.5,3844135.5,3854087.5,
PNTM9M2jMkKm3GLHpLiq3J4gE,"","North Campus",6c2573ce-592a-4519-989c-2fd21d6918b7,"W", 11/01/2025 12:30:00 PM,"(UTC-07:00) Arizona",,,3833303,3825415.8,3841190.2,
PNTM9M2jMkKm3GLHpLiq3J4gE,"","North Campus",6c2573ce-592a-4519-989c-2fd21d6918b7,"W", 11/01/2025 12:45:00 PM,"(UTC-07:00) Arizona",,,3855056.25,3805953.5,3904159,
PNTM9M2jMkKm3GLHpLiq3J4gE,"","North Campus",6c2573ce-592a-4519-989c-2fd21d6918b7,"W", 11/01/2025 01:00:00 PM,"(UTC-07:00) Arizona",,,3884029,3884029,3884029,
PNTM9M2jMkKm3GLHpLiq3J4gE,"","North Campus",6c2573ce-592a-4519-989c-2fd21d6918b7,"W", 11/01/2025 01:15:00 PM,"(UTC-07:00) Arizona",,,3882537,3874304,3890770,
PNTM9M2jMkKm3GLHpLiq3J4gE,"","North Campus",6c2573ce-592a-4519-989c-2fd21d6918b7,"W", 11/01/2025 01:30:00 PM,"(UTC-07:00) Arizona",,,3932843,3932843,3932843,
PNTM9M2jMkKm3GLHpLiq3J4gE,"","North Campus",6c2573ce-592a-4519-989c-2fd21d6918b7,"W", 11/01/2025 01:45:00 PM,"(UTC-07:00) Arizona",,,3959625.85,3949518.2,3969733.5,
PNTM9M2jMkKm3GLHpLiq3J4gE,"","North Campus",6c2573ce-592a-4519-989c-2fd21d6918b7,"W", 11/01/2025 02:00:00 PM,"(UTC-07:00) Arizona",,,4028127.3333333335,3980555.5,4053545.5,
PNTM9M2jMkKm3GLHpLiq3J4gE,"","North Campus",6c2573ce-592a-4519-989c-2fd21d6918b7,"W", 11/01/2025 02:15:00 PM,"(UTC-07:00) Arizona",,,3975952.2,3975952.2,3975952.2,
PNTM9M2jMkKm3GLHpLiq3J4gE,"","North Campus",6c2573ce-592a-4519-989c-2fd21d6918b7,"W", 11/01/2025 02:30:00 PM,"(UTC-07:00) Arizona",,,3994261.2,3994261.2,3994261.2,
PNTM9M2jMkKm3GLHpLiq3J4gE,"","North Campus",6c2573ce-592a-4519-989c-2fd21d6918b7,"W", 11/01/2025 02:45:00 PM,"(UTC-07:00) Arizona",,,4014768.1,3991446.2,4038090,
PNTM9M2jMkKm3GLHpLiq3J4gE,"","North Campus",6c2573ce-592a-4519-989c-2fd21d6918b7,"W", 11/01/2025 03:00:00 PM,"(UTC-07:00) Arizona",,,4015092,4008604.2,4021579.8,
PNTM9M2jMkKm3GLHpLiq3J4gE,"","North Campus",6c2573ce-592a-4519-989c-2fd21d6918b7,"W", 11/01/2025 03:15:00 PM,"(UTC-07:00) Arizona",,,4060681.733333333,4037802.2,4077147.8,
PNTM9M2jMkKm3GLHpLiq3J4gE,"","North Campus",6c2573ce-592a-4519-989c-2fd21d6918b7,"W", 11/01/2025 03:30:00 PM,"(UTC-07:00) Arizona",,,4108112.65,4106310.8,4109914.5,
PNTM9M2jMkKm3GLHpLiq3J4gE,"","North Campus",6c2573ce-592a-4519-989c-2fd21d6918b7,"W", 11/01/2025 03:45:00 PM,"(UTC-07:00) Arizona",,,4065982,4065982,4065982,
PNTM9M2jMkKm3GLHpLiq3J4gE,"","North Campus",6c2573ce-592a-4519-989c-2fd21d6918b7,"W", 11/01/2025 04:00:00 PM,"(UTC-07:00) Arizona",,,4147638.85,4135320.2,4159957.5,
PNTM9M2jMkKm3GLHpLiq3J4gE,"","North Campus",6c2573ce-592a-4519-989c-2fd21d6918b7,"W", 11/01/2025 04:15:00 PM,"(UTC-07:00) Arizona",,,4174358,4116992,4231724,
PNTM9M2jMkKm3GLHpLiq3J4gE,"","North Campus",6c2573ce-592a-4519-989c-2fd21d6918b7,"W", 11/01/2025 04:30:00 PM,"(UTC-07:00) Arizona",,,4195822.5,4195822.5,4195822.5,
PNTM9M2jMkKm3GLHpLiq3J4gE,"","North Campus",6c2573ce-592a-4519-989c-2fd21d6918b7,"W", 11/01/2025 04:45:00 PM,"(UTC-07:00) Arizona",,,4205446.5,4185253,4239011,
PNTM9M2jMkKm3GLHpLiq3J4gE,"","North Campus",6c2573ce-592a-4519-989c-2fd21d6918b7,"W", 11/01/2025 05:00:00 PM,"(UTC-07:00) Arizona",,,4215248.75,4192237,4238260.5,
PNTM9M2jMkKm3GLHpLiq3J4gE,"","North Campus",6c2573ce-592a-4519-989c-2fd21d6918b7,"W", 11/01/2025 05:15:00 PM,"(UTC-07:00) Arizona",,,4255189.5,4255189.5,4255189.5,
PNTM9M2jMkKm3GLHpLiq3J4gE,"","North Campus",6c2573ce-592a-4519-989c-2fd21d6918b7,"W", 11/01/2025 05:30:00 PM,"(UTC-07:00) Arizona",,,4220021.75,4210454,4229589.5,
PNTM9M2jMkKm3GLHpLiq3J4gE,"","North Campus",6c2573ce-592a-4519-989c-2fd21d6918b7,"W", 11/01/2025 05:45:00 PM,"(UTC-07:00) Arizona",,,4278159,4269778,4286540,
PNTM9M2jMkKm3GLHpLiq3J4gE,"","North Campus",6c2573ce-592a-4519-989c-2fd21d6918b7,"W", 11/01/2025 06:00:00 PM,"(UTC-07:00) Arizona",,,4178648.25,4139291,4218005.5,
PNTM9M2jMkKm3GLHpLiq3J4gE,"","North Campus",6c2573ce-592a-4519-989c-2fd21d6918b7,"W", 11/01/2025 06:15:00 PM,"(UTC-07:00) Arizona",,,4110901,4110901,4110901,
PNTM9M2jMkKm3GLHpLiq3J4gE,"","North Campus",6c2573ce-592a-4519-989c-2fd21d6918b7,"W", 11/01/2025 06:30:00 PM,"(UTC-07:00) Arizona",,,4205007.5,4204485.5,4205529.5,
PNTM9M2jMkKm3GLHpLiq3J4gE,"","North Campus",6c2573ce-592a-4519-989c-2fd21d6918b7,"W", 11/01/2025 06:45:00 PM,"(UTC-07:00) Arizona",,,4117167.2,4076710.2,4157624.2,
PNTM9M2jMkKm3GLHpLiq3J4gE,"","North Campus",6c2573ce-592a-4519-989c-2fd21d6918b7,"W", 11/01/2025 07:00:00 PM,"(UTC-07:00) Arizona",,,4062083.2,4062083.2,4062083.2,
PNTM9M2jMkKm3GLHpLiq3J4gE,"","North Campus",6c2573ce-592a-4519-989c-2fd21d6918b7,"W", 11/01/2025 07:15:00 PM,"(UTC-07:00) Arizona",,,3961409.2,3961409.2,3961409.2,
PNTM9M2jMkKm3GLHpLiq3J4gE,"","North Campus",6c2573ce-592a-4519-989c-2fd21d6918b7,"W", 11/01/2025 07:30:00 PM,"(UTC-07:00) Arizona",,,3963517.3333333335,3891947.2,4022521.8,
PNTM9M2jMkKm3GLHpLiq3J4gE,"","North Campus",6c2573ce-592a-4519-989c-2fd21d6918b7,"W", 11/01/2025 07:45:00 PM,"(UTC-07:00) Arizona",,,3924315.75,3905226,3943405.5,
PNTM9M2jMkKm3GLHpLiq3J4gE,"","North Campus",6c2573ce-592a-4519-989c-2fd21d6918b7,"W", 11/01/2025 08:00:00 PM,"(UTC-07:00) Arizona",,,3866988.6,3845074.2,3888903,
PNTM9M2jMkKm3GLHpLiq3J4gE,"","North Campus",6c2573ce-592a-4519-989c-2fd21d6918b7,"W", 11/01/2025 08:15:00 PM,"(UTC-07:00) Arizona",,,3866858.4,3856681,3877035.8,
PNTM9M2jMkKm3GLHpLiq3J4gE,"","North Campus",6c2573ce-592a-4519-989c-2fd21d6918b7,"W", 11/01/2025 08:30:00 PM,"(UTC-07:00) Arizona",,,3852912.35,3847043.2,3858781.5,
PNTM9M2jMkKm3GLHpLiq3J4gE,"","North Campus",6c2573ce-592a-4519-989c-2fd21d6918b7,"W", 11/01/2025 08:45:00 PM,"(UTC-07:00) Arizona",,,3719602.85,3701137.5,3738068.2,
PNTM9M2jMkKm3GLHpLiq3J4gE,"","North Campus",6c2573ce-592a-4519-989c-2fd21d6918b7,"W", 11/01/2025 09:00:00 PM,"(UTC-07:00) Arizona",,,3724345.5,3723459,3725232,
PNTM9M2jMkKm3GLHpLiq3J4gE,"","North Campus",6c2573ce-592a-4519-989c-2fd21d6918b7,"W", 11/01/2025 09:15:00 PM,"(UTC-07:00) Arizona",,,3678500.5,3675337,3681721,
PNTM9M2jMkKm3GLHpLiq3J4gE,"","North Campus",6c2573ce-592a-4519-989c-2fd21d6918b7,"W", 11/01/2025 09:30:00 PM,"(UTC-07:00) Arizona",,,3672848.4,3631222.2,3726171,
PNTM9M2jMkKm3GLHpLiq3J4gE,"","North Campus",6c2573ce-592a-4519-989c-2fd21d6918b7,"W", 11/01/2025 09:45:00 PM,"(UTC-07:00) Arizona",,,3602153.9,3539249,3665058.8,
PNTM9M2jMkKm3GLHpLiq3J4gE,"","North Campus",6c2573ce-592a-4519-989c-2fd21d6918b7,"W", 11/01/2025 10:00:00 PM,"(UTC-07:00) Arizona",,,3524984.25,3521656.5,3528312,
PNTM9M2jMkKm3GLHpLiq3J4gE,"","North Campus",6c2573ce-592a-4519-989c-2fd21d6918b7,"W", 11/01/2025 10:15:00 PM,"(UTC-07:00) Arizona",,,3536683.4,3517368.8,3555998,
PNTM9M2jMkKm3GLHpLiq3J4gE,"","North Campus",6c2573ce-592a-4519-989c-2fd21d6918b7,"W", 11/01/2025 10:30:00 PM,"(UTC-07:00) Arizona",,,3547986.6,3525380,3570593.2,
PNTM9M2jMkKm3GLHpLiq3J4gE,"","North Campus",6c2573ce-592a-4519-989c-2fd21d6918b7,"W", 11/01/2025 10:45:00 PM,"(UTC-07:00) Arizona",,,3497302.533333333,3487631.8,3516383.8,
PNTM9M2jMkKm3GLHpLiq3J4gE,"","North Campus",6c2573ce-592a-4519-989c-2fd21d6918b7,"W", 11/01/2025 11:00:00 PM,"(UTC-07:00) Arizona",,,3481788.75,3475382,3488195.5,
PNTM9M2jMkKm3GLHpLiq3J4gE,"","North Campus",6c2573ce-592a-4519-989c-2fd21d6918b7,"W", 11/01/2025 11:15:00 PM,"(UTC-07:00) Arizona",,,3438194.85,3434749.5,3441640.2,
PNTM9M2jMkKm3GLHpLiq3J4gE,"","North Campus",6c2573ce-592a-4519-989c-2fd21d6918b7,"W", 11/01/2025 11:30:00 PM,"(UTC-07:00) Arizona",,,3450745.9,3446012.8,3455479,
PNTM9M2jMkKm3GLHpLiq3J4gE,"","North Campus",6c2573ce-592a-4519-989c-2fd21d6918b7,"W", 11/01/2025 11:45:00 PM,"(UTC-07:00) Arizona",,,3405569.3,3380822.8,3430315.8,
PNTM9M2jMkKm3GLHpLiq3J4gE,"","North Campus",6c2573ce-592a-4519-989c-2fd21d6918b7,"W", 11/02/2025 12:00:00 AM,"(UTC-07:00) Arizona",,,3429317.4,3399444.2,3469323,
PNTM9M2jMkKm3GLHpLiq3J4gE,"","North Campus",6c2573ce-592a-4519-989c-2fd21d6918b7,"W", 11/02/2025 12:15:00 AM,"(UTC-07:00) Arizona",,,3408714.35,3405404.5,3412024.2,
PNTM9M2jMkKm3GLHpLiq3J4gE,"","North Campus",6c2573ce-592a-4519-989c-2fd21d6918b7,"W", 11/02/2025 12:30:00 AM,"(UTC-07:00) Arizona",,,3341592,3341592,3341592,
PNTM9M2jMkKm3GLHpLiq3J4gE,"","North Campus",6c2573ce-592a-4519-989c-2fd21d6918b7,"W", 11/02/2025 12:45:00 AM,"(UTC-07:00) Arizona",,,3383157.15,3354931.5,3411382.8,
PNTM9M2jMkKm3GLHpLiq3J4gE,"","North Campus",6c2573ce-592a-4519-989c-2fd21d6918b7,"W", 11/02/2025 01:00:00 AM,"(UTC-07:00) Arizona",,,3338390.8,3338390.8,3338390.8,
PNTM9M2jMkKm3GLHpLiq3J4gE,"","North Campus",6c2573ce-592a-4519-989c-2fd21d6918b7,"W", 11/02/2025 01:15:00 AM,"(UTC-07:00) Arizona",,,3312065.9,3303504,3320627.8,
PNTM9M2jMkKm3GLHpLiq3J4gE,"","North Campus",6c2573ce-592a-4519-989c-2fd21d6918b7,"W", 11/02/2025 01:30:00 AM,"(UTC-07:00) Arizona",,,3321479.4,3314975,3327983.8,
PNTM9M2jMkKm3GLHpLiq3J4gE,"","North Campus",6c2573ce-592a-4519-989c-2fd21d6918b7,"W", 11/02/2025 01:45:00 AM,"(UTC-07:00) Arizona",,,3284652,3245716.8,3323587.2,
PNTM9M2jMkKm3GLHpLiq3J4gE,"","North Campus",6c2573ce-592a-4519-989c-2fd21d6918b7,"W", 11/02/2025 02:00:00 AM,"(UTC-07:00) Arizona",,,3274056.1,3272308.2,3275804,
PNTM9M2jMkKm3GLHpLiq3J4gE,"","North Campus",6c2573ce-592a-4519-989c-2fd21d6918b7,"W", 11/02/2025 02:15:00 AM,"(UTC-07:00) Arizona",,,3283046.4333333336,3267352.5,3302848.8,
PNTM9M2jMkKm3GLHpLiq3J4gE,"","North Campus",6c2573ce-592a-4519-989c-2fd21d6918b7,"W", 11/02/2025 02:30:00 AM,"(UTC-07:00) Arizona",,,3304320.9,3274386,3334255.8,
PNTM9M2jMkKm3GLHpLiq3J4gE,"","North Campus",6c2573ce-592a-4519-989c-2fd21d6918b7,"W", 11/02/2025 02:45:00 AM,"(UTC-07:00) Arizona",,,3254814,3246242.2,3263385.8,
PNTM9M2jMkKm3GLHpLiq3J4gE,"","North Campus",6c2573ce-592a-4519-989c-2fd21d6918b7,"W", 11/02/2025 03:00:00 AM,"(UTC-07:00) Arizona",,,3260902.4333333336,3238705,3282792.8,
PNTM9M2jMkKm3GLHpLiq3J4gE,"","North Campus",6c2573ce-592a-4519-989c-2fd21d6918b7,"W", 11/02/2025 03:15:00 AM,"(UTC-07:00) Arizona",,,3247236.5,3241939,3252534,
PNTM9M2jMkKm3GLHpLiq3J4gE,"","North Campus",6c2573ce-592a-4519-989c-2fd21d6918b7,"W", 11/02/2025 03:30:00 AM,"(UTC-07:00) Arizona",,,3296750,3296750,3296750,
PNTM9M2jMkKm3GLHpLiq3J4gE,"","North Campus",6c2573ce-592a-4519-989c-2fd21d6918b7,"W", 11/02/2025 03:45:00 AM,"(UTC-07:00) Arizona",,,3241492.5,3227358.5,3255626.5,
PNTM9M2jMkKm3GLHpLiq3J4gE,"","North Campus",6c2573ce-592a-4519-989c-2fd21d6918b7,"W", 11/02/2025 04:00:00 AM,"(UTC-07:00) Arizona",,,3249703,3239416.2,3259989.8,
PNTM9M2jMkKm3GLHpLiq3J4gE,"","North Campus",6c2573ce-592a-4519-989c-2fd21d6918b7,"W", 11/02/2025 04:15:00 AM,"(UTC-07:00) Arizona",,,3226443.1666666665,3195273.5,3265865.2,
PNTM9M2jMkKm3GLHpLiq3J4gE,"","North Campus",6c2573ce-592a-4519-989c-2fd21d6918b7,"W", 11/02/2025 04:30:00 AM,"(UTC-07:00) Arizona",,,3225848.85,3214372.2,3237325.5,
PNTM9M2jMkKm3GLHpLiq3J4gE,"","North Campus",6c2573ce-592a-4519-989c-2fd21d6918b7,"W", 11/02/2025 04:45:00 AM,"(UTC-07:00) Arizona",,,3267509.033333333,3241616.8,3289382.5,
PNTM9M2jMkKm3GLHpLiq3J4gE,"","North Campus",6c2573ce-592a-4519-989c-2fd21d6918b7,"W", 11/02/2025 05:00:00 AM,"(UTC-07:00) Arizona",,,3259130.6,3222161.2,3296100,
PNTM9M2jMkKm3GLHpLiq3J4gE,"","North Campus",6c2573ce-592a-4519-989c-2fd21d6918b7,"W", 11/02/2025 05:15:00 AM,"(UTC-07:00) Arizona",,,3276434.75,3274219,3278650.5,
PNTM9M2jMkKm3GLHpLiq3J4gE,"","North Campus",6c2573ce-592a-4519-989c-2fd21d6918b7,"W", 11/02/2025 05:30:00 AM,"(UTC-07:00) Arizona",,,3276121.3666666667,3264347.8,3291456.5,
PNTM9M2jMkKm3GLHpLiq3J4gE,"","North Campus",6c2573ce-592a-4519-989c-2fd21d6918b7,"W", 11/02/2025 05:45:00 AM,"(UTC-07:00) Arizona",,,3315599.75,3288105.5,3343094,
PNTM9M2jMkKm3GLHpLiq3J4gE,"","North Campus",6c2573ce-592a-4519-989c-2fd21d6918b7,"W", 11/02/2025 06:00:00 AM,"(UTC-07:00) Arizona",,,3363107.4,3336052,3390162.8,
PNTM9M2jMkKm3GLHpLiq3J4gE,"","North Campus",6c2573ce-592a-4519-989c-2fd21d6918b7,"W", 11/02/2025 06:15:00 AM,"(UTC-07:00) Arizona",,,3360232.85,3322467.5,3397998.2,
PNTM9M2jMkKm3GLHpLiq3J4gE,"","North Campus",6c2573ce-592a-4519-989c-2fd21d6918b7,"W", 11/02/2025 06:30:00 AM,"(UTC-07:00) Arizona",,,3340500.4,3333872,3347128.8,
PNTM9M2jMkKm3GLHpLiq3J4gE,"","North Campus",6c2573ce-592a-4519-989c-2fd21d6918b7,"W", 11/02/2025 06:45:00 AM,"(UTC-07:00) Arizona",,,3299965.25,3293285,3306645.5,
PNTM9M2jMkKm3GLHpLiq3J4gE,"","North Campus",6c2573ce-592a-4519-989c-2fd21d6918b7,"W", 11/02/2025 07:00:00 AM,"(UTC-07:00) Arizona",,,3317255.5,3317255.5,3317255.5,
PNTM9M2jMkKm3GLHpLiq3J4gE,"","North Campus",6c2573ce-592a-4519-989c-2fd21d6918b7,"W", 11/02/2025 07:15:00 AM,"(UTC-07:00) Arizona",,,3251770.5,3239583.5,3263957.5,
PNTM9M2jMkKm3GLHpLiq3J4gE,"","North Campus",6c2573ce-592a-4519-989c-2fd21d6918b7,"W", 11/02/2025 07:30:00 AM,"(UTC-07:00) Arizona",,,3260436.75,3218193.5,3302680,
PNTM9M2jMkKm3GLHpLiq3J4gE,"","North Campus",6c2573ce-592a-4519-989c-2fd21d6918b7,"W", 11/02/2025 07:45:00 AM,"(UTC-07:00) Arizona",,,3275979.1,3246901.2,3305057,
PNTM9M2jMkKm3GLHpLiq3J4gE,"","North Campus",6c2573ce-592a-4519-989c-2fd21d6918b7,"W", 11/02/2025 08:00:00 AM,"(UTC-07:00) Arizona",,,3282070.35,3257685.5,3306455.2,
PNTM9M2jMkKm3GLHpLiq3J4gE,"","North Campus",6c2573ce-592a-4519-989c-2fd21d6918b7,"W", 11/02/2025 08:15:00 AM,"(UTC-07:00) Arizona",,,3276543.8,3274150.8,3278936.8,
PNTM9M2jMkKm3GLHpLiq3J4gE,"","North Campus",6c2573ce-592a-4519-989c-2fd21d6918b7,"W", 11/02/2025 08:30:00 AM,"(UTC-07:00) Arizona",,,3281021.75,3264243,3297800.5,
PNTM9M2jMkKm3GLHpLiq3J4gE,"","North Campus",6c2573ce-592a-4519-989c-2fd21d6918b7,"W", 11/02/2025 08:45:00 AM,"(UTC-07:00) Arizona",,,3274289.4333333336,3236974.8,3297223.5,
PNTM9M2jMkKm3GLHpLiq3J4gE,"","North Campus",6c2573ce-592a-4519-989c-2fd21d6918b7,"W", 11/02/2025 09:00:00 AM,"(UTC-07:00) Arizona",,,3323081,3293910.5,3352251.5,
PNTM9M2jMkKm3GLHpLiq3J4gE,"","North Campus",6c2573ce-592a-4519-989c-2fd21d6918b7,"W", 11/02/2025 09:15:00 AM,"(UTC-07:00) Arizona",,,3330209.1,3310667,3349751.2,
PNTM9M2jMkKm3GLHpLiq3J4gE,"","North Campus",6c2573ce-592a-4519-989c-2fd21d6918b7,"W", 11/02/2025 09:30:00 AM,"(UTC-07:00) Arizona",,,3376993,3376993,3376993,
PNTM9M2jMkKm3GLHpLiq3J4gE,"","North Campus",6c2573ce-592a-4519-989c-2fd21d6918b7,"W", 11/02/2025 09:45:00 AM,"(UTC-07:00) Arizona",,,3447270.7,3443334.2,3451207.2,
PNTM9M2jMkKm3GLHpLiq3J4gE,"","North Campus",6c2573ce-592a-4519-989c-2fd21d6918b7,"W", 11/02/2025 10:00:00 AM,"(UTC-07:00) Arizona",,,3441822.233333333,3417729.2,3454206,
PNTM9M2jMkKm3GLHpLiq3J4gE,"","North Campus",6c2573ce-592a-4519-989c-2fd21d6918b7,"W", 11/02/2025 10:15:00 AM,"(UTC-07:00) Arizona",,,3481789.8666666667,3459995.8,3492862.8,
PNTM9M2jMkKm3GLHpLiq3J4gE,"","North Campus",6c2573ce-592a-4519-989c-2fd21d6918b7,"W", 11/02/2025 10:30:00 AM,"(UTC-07:00) Arizona",,,3505303.8,3505303.8,3505303.8,
PNTM9M2jMkKm3GLHpLiq3J4gE,"","North Campus",6c2573ce-592a-4519-989c-2fd21d6918b7,"W", 11/02/2025 10:45:00 AM,"(UTC-07:00) Arizona",,,3530143.5,3514028.5,3546258.5,
PNTM9M2jMkKm3GLHpLiq3J4gE,"","North Campus",6c2573ce-592a-4519-989c-2fd21d6918b7,"W", 11/02/2025 11:00:00 AM,"(UTC-07:00) Arizona",,,3587091.3000000003,3523927.2,3635283.5,
PNTM9M2jMkKm3GLHpLiq3J4gE,"","North Campus",6c2573ce-592a-4519-989c-2fd21d6918b7,"W", 11/02/2025 11:15:00 AM,"(UTC-07:00) Arizona",,,3599923.25,3598404.5,3601442,
PNTM9M2jMkKm3GLHpLiq3J4gE,"","North Campus",6c2573ce-592a-4519-989c-2fd21d6918b7,"W", 11/02/2025 11:30:00 AM,"(UTC-07:00) Arizona",,,3617034.8,3607165.8,3626903.8,
PNTM9M2jMkKm3GLHpLiq3J4gE,"","North Campus",6c2573ce-592a-4519-989c-2fd21d6918b7,"W", 11/02/2025 11:45:00 AM,"(UTC-07:00) Arizona",,,3618880.85,3597482.2,3640279.5,
PNTM9M2jMkKm3GLHpLiq3J4gE,"","North Campus",6c2573ce-592a-4519-989c-2fd21d6918b7,"W", 11/02/2025 12:00:00 PM,"(UTC-07:00) Arizona",,,3664600.2,3664600.2,3664600.2,
PNTM9M2jMkKm3GLHpLiq3J4gE,"","North Campus",6c2573ce-592a-4519-989c-2fd21d6918b7,"W", 11/02/2025 12:15:00 PM,"(UTC-07:00) Arizona",,,3679960,3679960,3679960,
PNTM9M2jMkKm3GLHpLiq3J4gE,"","North Campus",6c2573ce-592a-4519-989c-2fd21d6918b7,"W", 11/02/2025 12:30:00 PM,"(UTC-07:00) Arizona",,,3766833,3764038.2,3769627.8,
PNTM9M2jMkKm3GLHpLiq3J4gE,"","North Campus",6c2573ce-592a-4519-989c-2fd21d6918b7,"W", 11/02/2025 12:45:00 PM,"(UTC-07:00) Arizona",,,3815475.35,3797815.5,3833135.2,
PNTM9M2jMkKm3GLHpLiq3J4gE,"","North Campus",6c2573ce-592a-4519-989c-2fd21d6918b7,"W", 11/02/2025 01:00:00 PM,"(UTC-07:00) Arizona",,,3874810.1,3827450.2,3922170,
PNTM9M2jMkKm3GLHpLiq3J4gE,"","North Campus",6c2573ce-592a-4519-989c-2fd21d6918b7,"W", 11/02/2025 01:15:00 PM,"(UTC-07:00) Arizona",,,3835910.7,3825809.2,3846012.2,
PNTM9M2jMkKm3GLHpLiq3J4gE,"","North Campus",6c2573ce-592a-4519-989c-2fd21d6918b7,"W", 11/02/2025 01:30:00 PM,"(UTC-07:00) Arizona",,,3872977.15,3870818.8,3875135.5,
PNTM9M2jMkKm3GLHpLiq3J4gE,"","North Campus",6c2573ce-592a-4519-989c-2fd21d6918b7,"W", 11/02/2025 01:45:00 PM,"(UTC-07:00) Arizona",,,3912112.25,3885231.5,3938993,
PNTM9M2jMkKm3GLHpLiq3J4gE,"","North Campus",6c2573ce-592a-4519-989c-2fd21d6918b7,"W", 11/02/2025 02:00:00 PM,"(UTC-07:00) Arizona",,,3908996.35,3895240.5,3922752.2,
PNTM9M2jMkKm3GLHpLiq3J4gE,"","North Campus",6c2573ce-592a-4519-989c-2fd21d6918b7,"W", 11/02/2025 02:15:00 PM,"(UTC-07:00) Arizona",,,4069195.2,4069195.2,4069195.2,
PNTM9M2jMkKm3GLHpLiq3J4gE,"","North Campus",6c2573ce-592a-4519-989c-2fd21d6918b7,"W", 11/02/2025 02:30:00 PM,"(UTC-07:00) Arizona",,,4021999.25,4004261.5,4039737,
PNTM9M2jMkKm3GLHpLiq3J4gE,"","North Campus",6c2573ce-592a-4519-989c-2fd21d6918b7,"W", 11/02/2025 02:45:00 PM,"(UTC-07:00) Arizona",,,4023670.5,3992523.8,4054817.2,
PNTM9M2jMkKm3GLHpLiq3J4gE,"","North Campus",6c2573ce-592a-4519-989c-2fd21d6918b7,"W", 11/02/2025 03:00:00 PM,"(UTC-07:00) Arizona",,,4042548,4020367.2,4064728.8,
PNTM9M2jMkKm3GLHpLiq3J4gE,"","North Campus",6c2573ce-592a-4519-989c-2fd21d6918b7,"W", 11/02/2025 03:15:00 PM,"(UTC-07:00) Arizona",,,4083952,4083952,4083952,
PNTM9M2jMkKm3GLHpLiq3J4gE,"","North Campus",6c2573ce-592a-4519-989c-2fd21d6918b7,"W", 11/02/2025 03:30:00 PM,"(UTC-07:00) Arizona",,,4142421.6999999997,4134980.8,4147883.8,
PNTM9M2jMkKm3GLHpLiq3J4gE,"","North Campus",6c2573ce-592a-4519-989c-2fd21d6918b7,"W", 11/02/2025 03:45:00 PM,"(UTC-07:00) Arizona",,,4134924.5,4134924.5,4134924.5,
PNTM9M2jMkKm3GLHpLiq3J4gE,"","North Campus",6c2573ce-592a-4519-989c-2fd21d6918b7,"W", 11/02/2025 04:00:00 PM,"(UTC-07:00) Arizona",,,4183742.0666666664,4102191.2,4257066.5,
PNTM9M2jMkKm3GLHpLiq3J4gE,"","North Campus",6c2573ce-592a-4519-989c-2fd21d6918b7,"W", 11/02/2025 04:15:00 PM,"(UTC-07:00) Arizona",,,4219156,4200314.5,4237997.5,
PNTM9M2jMkKm3GLHpLiq3J4gE,"","North Campus",6c2573ce-592a-4519-989c-2fd21d6918b7,"W", 11/02/2025 04:30:00 PM,"(UTC-07:00) Arizona",,,4228184,4228184,4228184,
PNTM9M2jMkKm3GLHpLiq3J4gE,"","North Campus",6c2573ce-592a-4519-989c-2fd21d6918b7,"W", 11/02/2025 04:45:00 PM,"(UTC-07:00) Arizona",,,4211666.7,4174806.8,4230845.5,
PNTM9M2jMkKm3GLHpLiq3J4gE,"","North Campus",6c2573ce-592a-4519-989c-2fd21d6918b7,"W", 11/02/2025 05:00:00 PM,"(UTC-07:00) Arizona",,,4189365.15,4165749.8,4212980.5,
PNTM9M2jMkKm3GLHpLiq3J4gE,"","North Campus",6c2573ce-592a-4519-989c-2fd21d6918b7,"W", 11/02/2025 05:15:00 PM,"(UTC-07:00) Arizona",,,4187639,4169997,4205281,
PNTM9M2jMkKm3GLHpLiq3J4gE,"","North Campus",6c2573ce-592a-4519-989c-2fd21d6918b7,"W", 11/02/2025 05:30:00 PM,"(UTC-07:00) Arizona",,,4197675,4197062.5,4198287.5,
PNTM9M2jMkKm3GLHpLiq3J4gE,"","North Campus",6c2573ce-592a-4519-989c-2fd21d6918b7,"W", 11/02/2025 05:45:00 PM,"(UTC-07:00) Arizona",,,4210113.75,4191299.5,4228928,
PNTM9M2jMkKm3GLHpLiq3J4gE,"","North Campus",6c2573ce-592a-4519-989c-2fd21d6918b7,"W", 11/02/2025 06:00:00 PM,"(UTC-07:00) Arizona",,,4162866.766666667,4135421.8,4215677,
PNTM9M2jMkKm3GLHpLiq3J4gE,"","North Campus",6c2573ce-592a-4519-989c-2fd21d6918b7,"W", 11/02/2025 06:15:00 PM,"(UTC-07:00) Arizona",,,4232082.433333334,4147494.8,4306126.5,
PNTM9M2jMkKm3GLHpLiq3J4gE,"","North Campus",6c2573ce-592a-4519-989c-2fd21d6918b7,"W", 11/02/2025 06:30:00 PM,"(UTC-07:00) Arizona",,,4174473.2,4174473.2,4174473.2,
PNTM9M2jMkKm3GLHpLiq3J4gE,"","North Campus",6c2573ce-592a-4519-989c-2fd21d6918b7,"W", 11/02/2025 06:45:00 PM,"(UTC-07:00) Arizona",,,4160118,4145327,4174909,
PNTM9M2jMkKm3GLHpLiq3J4gE,"","North Campus",6c2573ce-592a-4519-989c-2fd21d6918b7,"W", 11/02/2025 07:00:00 PM,"(UTC-07:00) Arizona",,,3950250.9,3938595.8,3961906,
PNTM9M2jMkKm3GLHpLiq3J4gE,"","North Campus",6c2573ce-592a-4519-989c-2fd21d6918b7,"W", 11/02/2025 07:15:00 PM,"(UTC-07:00) Arizona",,,4056917.65,4019377.5,4094457.8,
PNTM9M2jMkKm3GLHpLiq3J4gE,"","North Campus",6c2573ce-592a-4519-989c-2fd21d6918b7,"W", 11/02/2025 07:30:00 PM,"(UTC-07:00) Arizona",,,3889074.2,3889074.2,3889074.2,
PNTM9M2jMkKm3GLHpLiq3J4gE,"","North Campus",6c2573ce-592a-4519-989c-2fd21d6918b7,"W", 11/02/2025 07:45:00 PM,"(UTC-07:00) Arizona",,,3881835.15,3852710.8,3910959.5,
PNTM9M2jMkKm3GLHpLiq3J4gE,"","North Campus",6c2573ce-592a-4519-989c-2fd21d6918b7,"W", 11/02/2025 08:00:00 PM,"(UTC-07:00) Arizona",,,3865736.5,3865736.5,3865736.5,
PNTM9M2jMkKm3GLHpLiq3J4gE,"","North Campus",6c2573ce-592a-4519-989c-2fd21d6918b7,"W", 11/02/2025 08:15:00 PM,"(UTC-07:00) Arizona",,,3858813.1,3808047,3909579.2,
PNTM9M2jMkKm3GLHpLiq3J4gE,"","North Campus",6c2573ce-592a-4519-989c-2fd21d6918b7,"W", 11/02/2025 08:30:00 PM,"(UTC-07:00) Arizona",,,3833175.5,3833175.5,3833175.5,
PNTM9M2jMkKm3GLHpLiq3J4gE,"","North Campus",6c2573ce-592a-4519-989c-2fd21d6918b7,"W", 11/02/2025 08:45:00 PM,"(UTC-07:00) Arizona",,,3802589.5,3802589.5,3802589.5,
PNTM9M2jMkKm3GLHpLiq3J4gE,"","North Campus",6c2573ce-592a-4519-989c-2fd21d6918b7,"W", 11/02/2025 09:00:00 PM,"(UTC-07:00) Arizona",,,3813933,3798130.8,3829735.2,
PNTM9M2jMkKm3GLHpLiq3J4gE,"","North Campus",6c2573ce-592a-4519-989c-2fd21d6918b7,"W", 11/02/2025 09:15:00 PM,"(UTC-07:00) Arizona",,,3776011.25,3764933.5,3787089,
PNTM9M2jMkKm3GLHpLiq3J4gE,"","North Campus",6c2573ce-592a-4519-989c-2fd21d6918b7,"W", 11/02/2025 09:30:00 PM,"(UTC-07:00) Arizona",,,3745765.1,3740211,3751319.2,
PNTM9M2jMkKm3GLHpLiq3J4gE,"","North Campus",6c2573ce-592a-4519-989c-2fd21d6918b7,"W", 11/02/2025 09:45:00 PM,"(UTC-07:00) Arizona",,,3626197.8,3626197.8,3626197.8,
PNTM9M2jMkKm3GLHpLiq3J4gE,"","North Campus",6c2573ce-592a-4519-989c-2fd21d6918b7,"W", 11/02/2025 10:00:00 PM,"(UTC-07:00) Arizona",,,3656443.9,3616915,3695972.8,
PNTM9M2jMkKm3GLHpLiq3J4gE,"","North Campus",6c2573ce-592a-4519-989c-2fd21d6918b7,"W", 11/02/2025 10:15:00 PM,"(UTC-07:00) Arizona",,,3682688.5,3612837.2,3752539.8,
PNTM9M2jMkKm3GLHpLiq3J4gE,"","North Campus",6c2573ce-592a-4519-989c-2fd21d6918b7,"W", 11/02/2025 10:30:00 PM,"(UTC-07:00) Arizona",,,3618681.5,3610044.8,3627318.2,
PNTM9M2jMkKm3GLHpLiq3J4gE,"","North Campus",6c2573ce-592a-4519-989c-2fd21d6918b7,"W", 11/02/2025 10:45:00 PM,"(UTC-07:00) Arizona",,,3546847.1,3546038.2,3547656,
PNTM9M2jMkKm3GLHpLiq3J4gE,"","North Campus",6c2573ce-592a-4519-989c-2fd21d6918b7,"W", 11/02/2025 11:00:00 PM,"(UTC-07:00) Arizona",,,3550416.5,3550416.5,3550416.5,
PNTM9M2jMkKm3GLHpLiq3J4gE,"","North Campus",6c2573ce-592a-4519-989c-2fd21d6918b7,"W", 11/02/2025 11:15:00 PM,"(UTC-07:00) Arizona",,,3499207.15,3493812.8,3504601.5,
PNTM9M2jMkKm3GLHpLiq3J4gE,"","North Campus",6c2573ce-592a-4519-989c-2fd21d6918b7,"W", 11/02/2025 11:30:00 PM,"(UTC-07:00) Arizona",,,3475084.25,3461417.5,3488751,
PNTM9M2jMkKm3GLHpLiq3J4gE,"","North Campus",6c2573ce-592a-4519-989c-2fd21d6918b7,"W", 11/02/2025 11:45:00 PM,"(UTC-07:00) Arizona",,,3492462.25,3477524,3507400.5,
