ExternalPointID,Tags,Parent Equipment Name,Site Name,FrequencyUnit,Time,Timezone,OnCount,OffCount,Average,Minimum,Maximum,Sum,State
PNTM9M2jMkKm3GLHpLiq3J4gE,"","North Campus",6c2573ce-592a-4519-989c-2fd21d6918b7,"W", 10/20/2025 12:00:00 AM,"(UTC-07:00) Arizona",,,3560703.8000000003,3531605.2,3595317.2,
PNTM9M2jMkKm3GLHpLiq3J4gE,"","North Campus",6c2573ce-592a-4519-989c-2fd21d6918b7,"W", 10/20/2025 12:15:00 AM,"(UTC-07:00) Arizona",,,3466772.8666666667,3426130,3498965.8,
PNTM9M2jMkKm3GLHpLiq3J4gE,"","North Campus",6c2573ce-592a-4519-989c-2fd21d6918b7,"W", 10/20/2025 12:30:00 AM,"(UTC-07:00) Arizona",,,3444593.9,3437589,3451598.8,
PNTM9M2jMkKm3GLHpLiq3J4gE,"","North Campus",6c2573ce-592a-4519-989c-2fd21d6918b7,"W", 10/20/2025 12:45:00 AM,"(UTC-07:00) Arizona",,,3431358.6,3425173.8,3439733.8,
PNTM9M2jMkKm3GLHpLiq3J4gE,"","North Campus",6c2573ce-592a-4519-989c-2fd21d6918b7,"W", 10/20/2025 01:00:00 AM,"(UTC-07:00) Arizona",,,3421985.8333333335,3401436.2,3442179.8,
PNTM9M2jMkKm3GLHpLiq3J4gE,"","North Campus",6c2573ce-592a-4519-989c-2fd21d6918b7,"W", 10/20/2025 01:15:00 AM,"(UTC-07:00) Arizona",,,3378176.6,3341686.8,3441397,
PNTM9M2jMkKm3GLHpLiq3J4gE,"","North Campus",6c2573ce-592a-4519-989c-2fd21d6918b7,"W", 10/20/2025 01:30:00 AM,"(UTC-07:00) Arizona",,,3367578.0250000004,3339699.5,3417727.8,
PNTM9M2jMkKm3GLHpLiq3J4gE,"","North Campus",6c2573ce-592a-4519-989c-2fd21d6918b7,"W", 10/20/2025 01:45:00 AM,"(UTC-07:00) Arizona",,,3323389.5,3321792.5,3324986.5,
PNTM9M2jMkKm3GLHpLiq3J4gE,"","North Campus",6c2573ce-592a-4519-989c-2fd21d6918b7,"W", 10/20/2025 02:00:00 AM,"(UTC-07:00) Arizona",,,3327895.9333333336,3314817.8,3352568.5,
PNTM9M2jMkKm3GLHpLiq3J4gE,"","North Campus",6c2573ce-592a-4519-989c-2fd21d6918b7,"W", 10/20/2025 02:15:00 AM,"(UTC-07:00) Arizona",,,3284871.425,3264718,3310276.2,
PNTM9M2jMkKm3GLHpLiq3J4gE,"","North Campus",6c2573ce-592a-4519-989c-2fd21d6918b7,"W", 10/20/2025 02:30:00 AM,"(UTC-07:00) Arizona",,,3278616.4,3274704.8,3282528,
PNTM9M2jMkKm3GLHpLiq3J4gE,"","North Campus",6c2573ce-592a-4519-989c-2fd21d6918b7,"W", 10/20/2025 02:45:00 AM,"(UTC-07:00) Arizona",,,3302989.3499999996,3268683.2,3356011,
PNTM9M2jMkKm3GLHpLiq3J4gE,"","North Campus",6c2573ce-592a-4519-989c-2fd21d6918b7,"W", 10/20/2025 03:00:00 AM,"(UTC-07:00) Arizona",,,3320753.9,3306820,3334687.8,
PNTM9M2jMkKm3GLHpLiq3J4gE,"","North Campus",6c2573ce-592a-4519-989c-2fd21d6918b7,"W", 10/20/2025 03:15:00 AM,"(UTC-07:00) Arizona",,,3337537.1,3294004.5,3392218,
PNTM9M2jMkKm3GLHpLiq3J4gE,"","North Campus",6c2573ce-592a-4519-989c-2fd21d6918b7,"W", 10/20/2025 03:30:00 AM,"(UTC-07:00) Arizona",,,3358935.6666666665,3345631.8,3379482,
PNTM9M2jMkKm3GLHpLiq3J4gE,"","North Campus",6c2573ce-592a-4519-989c-2fd21d6918b7,"W", 10/20/2025 03:45:00 AM,"(UTC-07:00) Arizona",,,3369231.733333333,3366102.5,3373559.5,
PNTM9M2jMkKm3GLHpLiq3J4gE,"","North Campus",6c2573ce-592a-4519-989c-2fd21d6918b7,"W", 10/20/2025 04:00:00 AM,"(UTC-07:00) Arizona",,,3406494.466666667,3387220,3424000.2,
PNTM9M2jMkKm3GLHpLiq3J4gE,"","North Campus",6c2573ce-592a-4519-989c-2fd21d6918b7,"W", 10/20/2025 04:15:00 AM,"(UTC-07:00) Arizona",,,3423854.966666667,3394884.2,3438730.2,
PNTM9M2jMkKm3GLHpLiq3J4gE,"","North Campus",6c2573ce-592a-4519-989c-2fd21d6918b7,"W", 10/20/2025 04:30:00 AM,"(UTC-07:00) Arizona",,,3448237.233333333,3396710.5,3479694.2,
PNTM9M2jMkKm3GLHpLiq3J4gE,"","North Campus",6c2573ce-592a-4519-989c-2fd21d6918b7,"W", 10/20/2025 04:45:00 AM,"(UTC-07:00) Arizona",,,3534860.6666666665,3514352.5,3563014.5,
PNTM9M2jMkKm3GLHpLiq3J4gE,"","North Campus",6c2573ce-592a-4519-989c-2fd21d6918b7,"W", 10/20/2025 05:00:00 AM,"(UTC-07:00) Arizona",,,3554252.5,3542476.8,3566028.2,
PNTM9M2jMkKm3GLHpLiq3J4gE,"","North Campus",6c2573ce-592a-4519-989c-2fd21d6918b7,"W", 10/20/2025 05:15:00 AM,"(UTC-07:00) Arizona",,,3531705.1666666665,3499730.5,3587028.2,
PNTM9M2jMkKm3GLHpLiq3J4gE,"","North Campus",6c2573ce-592a-4519-989c-2fd21d6918b7,"W", 10/20/2025 05:30:00 AM,"(UTC-07:00) Arizona",,,3519638.6666666665,3515465,3524971.2,
PNTM9M2jMkKm3GLHpLiq3J4gE,"","North Campus",6c2573ce-592a-4519-989c-2fd21d6918b7,"W", 10/20/2025 05:45:00 AM,"(UTC-07:00) Arizona",,,3613133.3333333335,3587112,3655139,
PNTM9M2jMkKm3GLHpLiq3J4gE,"","North Campus",6c2573ce-592a-4519-989c-2fd21d6918b7,"W", 10/20/2025 06:00:00 AM,"(UTC-07:00) Arizona",,,3742801.85,3738609.5,3746994.2,
PNTM9M2jMkKm3GLHpLiq3J4gE,"","North Campus",6c2573ce-592a-4519-989c-2fd21d6918b7,"W", 10/20/2025 06:15:00 AM,"(UTC-07:00) Arizona",,,3748317.5666666664,3737597.2,3764347.5,
PNTM9M2jMkKm3GLHpLiq3J4gE,"","North Campus",6c2573ce-592a-4519-989c-2fd21d6918b7,"W", 10/20/2025 06:30:00 AM,"(UTC-07:00) Arizona",,,3787896.6999999997,3770465.5,3810996.8,
PNTM9M2jMkKm3GLHpLiq3J4gE,"","North Campus",6c2573ce-592a-4519-989c-2fd21d6918b7,"W", 10/20/2025 06:45:00 AM,"(UTC-07:00) Arizona",,,3826603.7,3780173.2,3873034.2,
PNTM9M2jMkKm3GLHpLiq3J4gE,"","North Campus",6c2573ce-592a-4519-989c-2fd21d6918b7,"W", 10/20/2025 07:00:00 AM,"(UTC-07:00) Arizona",,,3941648.266666667,3919455.2,3977621.8,
PNTM9M2jMkKm3GLHpLiq3J4gE,"","North Campus",6c2573ce-592a-4519-989c-2fd21d6918b7,"W", 10/20/2025 07:15:00 AM,"(UTC-07:00) Arizona",,,3987351,3937395.5,4037306.5,
PNTM9M2jMkKm3GLHpLiq3J4gE,"","North Campus",6c2573ce-592a-4519-989c-2fd21d6918b7,"W", 10/20/2025 07:30:00 AM,"(UTC-07:00) Arizona",,,4043219.925,4008025,4073137.2,
PNTM9M2jMkKm3GLHpLiq3J4gE,"","North Campus",6c2573ce-592a-4519-989c-2fd21d6918b7,"W", 10/20/2025 07:45:00 AM,"(UTC-07:00) Arizona",,,4114852.4,4082253.5,4179278.2,
PNTM9M2jMkKm3GLHpLiq3J4gE,"","North Campus",6c2573ce-592a-4519-989c-2fd21d6918b7,"W", 10/20/2025 08:00:00 AM,"(UTC-07:00) Arizona",,,4174206.5,4157879.8,4202048.5,
PNTM9M2jMkKm3GLHpLiq3J4gE,"","North Campus",6c2573ce-592a-4519-989c-2fd21d6918b7,"W", 10/20/2025 08:15:00 AM,"(UTC-07:00) Arizona",,,4213339.5,4213339.5,4213339.5,
PNTM9M2jMkKm3GLHpLiq3J4gE,"","North Campus",6c2573ce-592a-4519-989c-2fd21d6918b7,"W", 10/20/2025 08:30:00 AM,"(UTC-07:00) Arizona",,,4291262.375,4260639.5,4330532.5,
PNTM9M2jMkKm3GLHpLiq3J4gE,"","North Campus",6c2573ce-592a-4519-989c-2fd21d6918b7,"W", 10/20/2025 08:45:00 AM,"(UTC-07:00) Arizona",,,4377641.75,4371964,4383319.5,
PNTM9M2jMkKm3GLHpLiq3J4gE,"","North Campus",6c2573ce-592a-4519-989c-2fd21d6918b7,"W", 10/20/2025 09:00:00 AM,"(UTC-07:00) Arizona",,,4345149,4310326,4379972,
PNTM9M2jMkKm3GLHpLiq3J4gE,"","North Campus",6c2573ce-592a-4519-989c-2fd21d6918b7,"W", 10/20/2025 09:15:00 AM,"(UTC-07:00) Arizona",,,4388558.75,4357418,4419699.5,
PNTM9M2jMkKm3GLHpLiq3J4gE,"","North Campus",6c2573ce-592a-4519-989c-2fd21d6918b7,"W", 10/20/2025 09:30:00 AM,"(UTC-07:00) Arizona",,,4374895,4374514,4375276,
PNTM9M2jMkKm3GLHpLiq3J4gE,"","North Campus",6c2573ce-592a-4519-989c-2fd21d6918b7,"W", 10/20/2025 09:45:00 AM,"(UTC-07:00) Arizona",,,4513171.25,4420274,4606068.5,
PNTM9M2jMkKm3GLHpLiq3J4gE,"","North Campus",6c2573ce-592a-4519-989c-2fd21d6918b7,"W", 10/20/2025 10:00:00 AM,"(UTC-07:00) Arizona",,,4617138.5,4560096.5,4674180.5,
PNTM9M2jMkKm3GLHpLiq3J4gE,"","North Campus",6c2573ce-592a-4519-989c-2fd21d6918b7,"W", 10/20/2025 10:15:00 AM,"(UTC-07:00) Arizona",,,4601308.75,4598782.5,4603835,
PNTM9M2jMkKm3GLHpLiq3J4gE,"","North Campus",6c2573ce-592a-4519-989c-2fd21d6918b7,"W", 10/20/2025 10:30:00 AM,"(UTC-07:00) Arizona",,,4612819,4562374,4663264,
PNTM9M2jMkKm3GLHpLiq3J4gE,"","North Campus",6c2573ce-592a-4519-989c-2fd21d6918b7,"W", 10/20/2025 10:45:00 AM,"(UTC-07:00) Arizona",,,4757111,4683184.5,4827414,
PNTM9M2jMkKm3GLHpLiq3J4gE,"","North Campus",6c2573ce-592a-4519-989c-2fd21d6918b7,"W", 10/20/2025 11:00:00 AM,"(UTC-07:00) Arizona",,,4735519,4683483,4784516.5,
PNTM9M2jMkKm3GLHpLiq3J4gE,"","North Campus",6c2573ce-592a-4519-989c-2fd21d6918b7,"W", 10/20/2025 11:15:00 AM,"(UTC-07:00) Arizona",,,4671456.5,4671456.5,4671456.5,
PNTM9M2jMkKm3GLHpLiq3J4gE,"","North Campus",6c2573ce-592a-4519-989c-2fd21d6918b7,"W", 10/20/2025 11:30:00 AM,"(UTC-07:00) Arizona",,,4737693,4737693,4737693,
PNTM9M2jMkKm3GLHpLiq3J4gE,"","North Campus",6c2573ce-592a-4519-989c-2fd21d6918b7,"W", 10/20/2025 11:45:00 AM,"(UTC-07:00) Arizona",,,4828206.833333333,4705359,4942509.5,
PNTM9M2jMkKm3GLHpLiq3J4gE,"","North Campus",6c2573ce-592a-4519-989c-2fd21d6918b7,"W", 10/20/2025 12:00:00 PM,"(UTC-07:00) Arizona",,,4835273.5,4835273.5,4835273.5,
PNTM9M2jMkKm3GLHpLiq3J4gE,"","North Campus",6c2573ce-592a-4519-989c-2fd21d6918b7,"W", 10/20/2025 12:15:00 PM,"(UTC-07:00) Arizona",,,4789464.5,4768479.5,4810449.5,
PNTM9M2jMkKm3GLHpLiq3J4gE,"","North Campus",6c2573ce-592a-4519-989c-2fd21d6918b7,"W", 10/20/2025 12:30:00 PM,"(UTC-07:00) Arizona",,,4794291.75,4750490,4838093.5,
PNTM9M2jMkKm3GLHpLiq3J4gE,"","North Campus",6c2573ce-592a-4519-989c-2fd21d6918b7,"W", 10/20/2025 12:45:00 PM,"(UTC-07:00) Arizona",,,4799580,4755463.5,4843696.5,
PNTM9M2jMkKm3GLHpLiq3J4gE,"","North Campus",6c2573ce-592a-4519-989c-2fd21d6918b7,"W", 10/20/2025 01:00:00 PM,"(UTC-07:00) Arizona",,,4868661.75,4837732,4899591.5,
PNTM9M2jMkKm3GLHpLiq3J4gE,"","North Campus",6c2573ce-592a-4519-989c-2fd21d6918b7,"W", 10/20/2025 01:15:00 PM,"(UTC-07:00) Arizona",,,4810269.5,4759043,4846458.5,
PNTM9M2jMkKm3GLHpLiq3J4gE,"","North Campus",6c2573ce-592a-4519-989c-2fd21d6918b7,"W", 10/20/2025 01:30:00 PM,"(UTC-07:00) Arizona",,,4913001.5,4861968.5,4964034.5,
PNTM9M2jMkKm3GLHpLiq3J4gE,"","North Campus",6c2573ce-592a-4519-989c-2fd21d6918b7,"W", 10/20/2025 01:45:00 PM,"(UTC-07:00) Arizona",,,4904024,4881122.5,4926925.5,
PNTM9M2jMkKm3GLHpLiq3J4gE,"","North Campus",6c2573ce-592a-4519-989c-2fd21d6918b7,"W", 10/20/2025 02:00:00 PM,"(UTC-07:00) Arizona",,,4963722.333333333,4939801,4988002.5,
PNTM9M2jMkKm3GLHpLiq3J4gE,"","North Campus",6c2573ce-592a-4519-989c-2fd21d6918b7,"W", 10/20/2025 02:15:00 PM,"(UTC-07:00) Arizona",,,5019460.5,5019460.5,5019460.5,
PNTM9M2jMkKm3GLHpLiq3J4gE,"","North Campus",6c2573ce-592a-4519-989c-2fd21d6918b7,"W", 10/20/2025 02:30:00 PM,"(UTC-07:00) Arizona",,,5005487,5005487,5005487,
PNTM9M2jMkKm3GLHpLiq3J4gE,"","North Campus",6c2573ce-592a-4519-989c-2fd21d6918b7,"W", 10/20/2025 02:45:00 PM,"(UTC-07:00) Arizona",,,4906285.5,4906285.5,4906285.5,
PNTM9M2jMkKm3GLHpLiq3J4gE,"","North Campus",6c2573ce-592a-4519-989c-2fd21d6918b7,"W", 10/20/2025 03:00:00 PM,"(UTC-07:00) Arizona",,,5035512.25,5011405.5,5059619,
PNTM9M2jMkKm3GLHpLiq3J4gE,"","North Campus",6c2573ce-592a-4519-989c-2fd21d6918b7,"W", 10/20/2025 03:15:00 PM,"(UTC-07:00) Arizona",,,4995876,4995876,4995876,
PNTM9M2jMkKm3GLHpLiq3J4gE,"","North Campus",6c2573ce-592a-4519-989c-2fd21d6918b7,"W", 10/20/2025 03:30:00 PM,"(UTC-07:00) Arizona",,,5122901,5116490.5,5129311.5,
PNTM9M2jMkKm3GLHpLiq3J4gE,"","North Campus",6c2573ce-592a-4519-989c-2fd21d6918b7,"W", 10/20/2025 03:45:00 PM,"(UTC-07:00) Arizona",,,5167430.75,5163336.5,5171525,
PNTM9M2jMkKm3GLHpLiq3J4gE,"","North Campus",6c2573ce-592a-4519-989c-2fd21d6918b7,"W", 10/20/2025 04:00:00 PM,"(UTC-07:00) Arizona",,,5120139.75,5112701,5127578.5,
PNTM9M2jMkKm3GLHpLiq3J4gE,"","North Campus",6c2573ce-592a-4519-989c-2fd21d6918b7,"W", 10/20/2025 04:15:00 PM,"(UTC-07:00) Arizona",,,5050083.25,5049587,5050579.5,
PNTM9M2jMkKm3GLHpLiq3J4gE,"","North Campus",6c2573ce-592a-4519-989c-2fd21d6918b7,"W", 10/20/2025 04:30:00 PM,"(UTC-07:00) Arizona",,,5066875,5066875,5066875,
PNTM9M2jMkKm3GLHpLiq3J4gE,"","North Campus",6c2573ce-592a-4519-989c-2fd21d6918b7,"W", 10/20/2025 04:45:00 PM,"(UTC-07:00) Arizona",,,5128413.75,5100171,5156656.5,
PNTM9M2jMkKm3GLHpLiq3J4gE,"","North Campus",6c2573ce-592a-4519-989c-2fd21d6918b7,"W", 10/20/2025 05:00:00 PM,"(UTC-07:00) Arizona",,,5039138.5,5030631.5,5047645.5,
PNTM9M2jMkKm3GLHpLiq3J4gE,"","North Campus",6c2573ce-592a-4519-989c-2fd21d6918b7,"W", 10/20/2025 05:15:00 PM,"(UTC-07:00) Arizona",,,5094301.666666667,5057345.5,5119312.5,
PNTM9M2jMkKm3GLHpLiq3J4gE,"","North Campus",6c2573ce-592a-4519-989c-2fd21d6918b7,"W", 10/20/2025 05:30:00 PM,"(UTC-07:00) Arizona",,,5029603.5,5029603.5,5029603.5,
PNTM9M2jMkKm3GLHpLiq3J4gE,"","North Campus",6c2573ce-592a-4519-989c-2fd21d6918b7,"W", 10/20/2025 05:45:00 PM,"(UTC-07:00) Arizona",,,4949636,4924288,4974984,
PNTM9M2jMkKm3GLHpLiq3J4gE,"","North Campus",6c2573ce-592a-4519-989c-2fd21d6918b7,"W", 10/20/2025 06:00:00 PM,"(UTC-07:00) Arizona",,,4793888.25,4783422,4804354.5,
PNTM9M2jMkKm3GLHpLiq3J4gE,"","North Campus",6c2573ce-592a-4519-989c-2fd21d6918b7,"W", 10/20/2025 06:15:00 PM,"(UTC-07:00) Arizona",,,4720057,4720057,4720057,
PNTM9M2jMkKm3GLHpLiq3J4gE,"","North Campus",6c2573ce-592a-4519-989c-2fd21d6918b7,"W", 10/20/2025 06:30:00 PM,"(UTC-07:00) Arizona",,,4725894,4699597,4753550,
PNTM9M2jMkKm3GLHpLiq3J4gE,"","North Campus",6c2573ce-592a-4519-989c-2fd21d6918b7,"W", 10/20/2025 06:45:00 PM,"(UTC-07:00) Arizona",,,4648446,4563787.5,4733104.5,
PNTM9M2jMkKm3GLHpLiq3J4gE,"","North Campus",6c2573ce-592a-4519-989c-2fd21d6918b7,"W", 10/20/2025 07:00:00 PM,"(UTC-07:00) Arizona",,,4562675,4562675,4562675,
PNTM9M2jMkKm3GLHpLiq3J4gE,"","North Campus",6c2573ce-592a-4519-989c-2fd21d6918b7,"W", 10/20/2025 07:15:00 PM,"(UTC-07:00) Arizona",,,4542751.833333333,4511743.5,4565922,
PNTM9M2jMkKm3GLHpLiq3J4gE,"","North Campus",6c2573ce-592a-4519-989c-2fd21d6918b7,"W", 10/20/2025 07:30:00 PM,"(UTC-07:00) Arizona",,,4507865,4480769.5,4534960.5,
PNTM9M2jMkKm3GLHpLiq3J4gE,"","North Campus",6c2573ce-592a-4519-989c-2fd21d6918b7,"W", 10/20/2025 07:45:00 PM,"(UTC-07:00) Arizona",,,4496437.5,4446622.5,4531737.5,
PNTM9M2jMkKm3GLHpLiq3J4gE,"","North Campus",6c2573ce-592a-4519-989c-2fd21d6918b7,"W", 10/20/2025 08:00:00 PM,"(UTC-07:00) Arizona",,,4369669.75,4367413.5,4371926,
PNTM9M2jMkKm3GLHpLiq3J4gE,"","North Campus",6c2573ce-592a-4519-989c-2fd21d6918b7,"W", 10/20/2025 08:15:00 PM,"(UTC-07:00) Arizona",,,4305374.75,4278574,4332175.5,
PNTM9M2jMkKm3GLHpLiq3J4gE,"","North Campus",6c2573ce-592a-4519-989c-2fd21d6918b7,"W", 10/20/2025 08:30:00 PM,"(UTC-07:00) Arizona",,,4279402,4279402,4279402,
PNTM9M2jMkKm3GLHpLiq3J4gE,"","North Campus",6c2573ce-592a-4519-989c-2fd21d6918b7,"W", 10/20/2025 08:45:00 PM,"(UTC-07:00) Arizona",,,4184829.35,4167643.2,4202015.5,
PNTM9M2jMkKm3GLHpLiq3J4gE,"","North Campus",6c2573ce-592a-4519-989c-2fd21d6918b7,"W", 10/20/2025 09:00:00 PM,"(UTC-07:00) Arizona",,,4135260.5,4113652.8,4156868.2,
PNTM9M2jMkKm3GLHpLiq3J4gE,"","North Campus",6c2573ce-592a-4519-989c-2fd21d6918b7,"W", 10/20/2025 09:15:00 PM,"(UTC-07:00) Arizona",,,4110639.6666666665,4091434.5,4127577.5,
PNTM9M2jMkKm3GLHpLiq3J4gE,"","North Campus",6c2573ce-592a-4519-989c-2fd21d6918b7,"W", 10/20/2025 09:30:00 PM,"(UTC-07:00) Arizona",,,4077720,4077720,4077720,
PNTM9M2jMkKm3GLHpLiq3J4gE,"","North Campus",6c2573ce-592a-4519-989c-2fd21d6918b7,"W", 10/20/2025 09:45:00 PM,"(UTC-07:00) Arizona",,,4025550.75,4013963,4037138.5,
PNTM9M2jMkKm3GLHpLiq3J4gE,"","North Campus",6c2573ce-592a-4519-989c-2fd21d6918b7,"W", 10/20/2025 10:00:00 PM,"(UTC-07:00) Arizona",,,3889510.15,3880627.8,3898392.5,
PNTM9M2jMkKm3GLHpLiq3J4gE,"","North Campus",6c2573ce-592a-4519-989c-2fd21d6918b7,"W", 10/20/2025 10:15:00 PM,"(UTC-07:00) Arizona",,,3864068.75,3859563,3868574.5,
PNTM9M2jMkKm3GLHpLiq3J4gE,"","North Campus",6c2573ce-592a-4519-989c-2fd21d6918b7,"W", 10/20/2025 10:30:00 PM,"(UTC-07:00) Arizona",,,3802057.4333333336,3776342.8,3836380.5,
PNTM9M2jMkKm3GLHpLiq3J4gE,"","North Campus",6c2573ce-592a-4519-989c-2fd21d6918b7,"W", 10/20/2025 10:45:00 PM,"(UTC-07:00) Arizona",,,3744027.6,3695133,3792922.2,
PNTM9M2jMkKm3GLHpLiq3J4gE,"","North Campus",6c2573ce-592a-4519-989c-2fd21d6918b7,"W", 10/20/2025 11:00:00 PM,"(UTC-07:00) Arizona",,,3637637.5,3637637.5,3637637.5,
PNTM9M2jMkKm3GLHpLiq3J4gE,"","North Campus",6c2573ce-592a-4519-989c-2fd21d6918b7,"W", 10/20/2025 11:15:00 PM,"(UTC-07:00) Arizona",,,3633494,3577549.5,3689438.5,
PNTM9M2jMkKm3GLHpLiq3J4gE,"","North Campus",6c2573ce-592a-4519-989c-2fd21d6918b7,"W", 10/20/2025 11:30:00 PM,"(UTC-07:00) Arizona",,,3585766.65,3568595.5,3602937.8,
PNTM9M2jMkKm3GLHpLiq3J4gE,"","North Campus",6c2573ce-592a-4519-989c-2fd21d6918b7,"W", 10/20/2025 11:45:00 PM,"(UTC-07:00) Arizona",,,3528077.575,3504447.5,3553800.8,
PNTM9M2jMkKm3GLHpLiq3J4gE,"","North Campus",6c2573ce-592a-4519-989c-2fd21d6918b7,"W", 10/21/2025 12:00:00 AM,"(UTC-07:00) Arizona",,,3499924.6666666665,3464584.8,3526443.2,
PNTM9M2jMkKm3GLHpLiq3J4gE,"","North Campus",6c2573ce-592a-4519-989c-2fd21d6918b7,"W", 10/21/2025 12:15:00 AM,"(UTC-07:00) Arizona",,,3467536.2,3467536.2,3467536.2,
PNTM9M2jMkKm3GLHpLiq3J4gE,"","North Campus",6c2573ce-592a-4519-989c-2fd21d6918b7,"W", 10/21/2025 12:30:00 AM,"(UTC-07:00) Arizona",,,3453215.4,3452448,3453982.8,
PNTM9M2jMkKm3GLHpLiq3J4gE,"","North Campus",6c2573ce-592a-4519-989c-2fd21d6918b7,"W", 10/21/2025 12:45:00 AM,"(UTC-07:00) Arizona",,,3424005.8000000003,3412995.2,3437756.2,
PNTM9M2jMkKm3GLHpLiq3J4gE,"","North Campus",6c2573ce-592a-4519-989c-2fd21d6918b7,"W", 10/21/2025 01:00:00 AM,"(UTC-07:00) Arizona",,,3401263.1666666665,3384893.8,3418981.5,
PNTM9M2jMkKm3GLHpLiq3J4gE,"","North Campus",6c2573ce-592a-4519-989c-2fd21d6918b7,"W", 10/21/2025 01:15:00 AM,"(UTC-07:00) Arizona",,,3349514,3340669.2,3358358.8,
PNTM9M2jMkKm3GLHpLiq3J4gE,"","North Campus",6c2573ce-592a-4519-989c-2fd21d6918b7,"W", 10/21/2025 01:30:00 AM,"(UTC-07:00) Arizona",,,3358537.4,3346016.2,3379064.8,
PNTM9M2jMkKm3GLHpLiq3J4gE,"","North Campus",6c2573ce-592a-4519-989c-2fd21d6918b7,"W", 10/21/2025 01:45:00 AM,"(UTC-07:00) Arizona",,,3330522.1999999997,3309390,3347842.8,
PNTM9M2jMkKm3GLHpLiq3J4gE,"","North Campus",6c2573ce-592a-4519-989c-2fd21d6918b7,"W", 10/21/2025 02:00:00 AM,"(UTC-07:00) Arizona",,,3334963.35,3326160.2,3343766.5,
PNTM9M2jMkKm3GLHpLiq3J4gE,"","North Campus",6c2573ce-592a-4519-989c-2fd21d6918b7,"W", 10/21/2025 02:15:00 AM,"(UTC-07:00) Arizona",,,3301056.25,3292958,3309154.5,
PNTM9M2jMkKm3GLHpLiq3J4gE,"","North Campus",6c2573ce-592a-4519-989c-2fd21d6918b7,"W", 10/21/2025 02:30:00 AM,"(UTC-07:00) Arizona",,,3292314,3271575.5,3313052.5,
PNTM9M2jMkKm3GLHpLiq3J4gE,"","North Campus",6c2573ce-592a-4519-989c-2fd21d6918b7,"W", 10/21/2025 02:45:00 AM,"(UTC-07:00) Arizona",,,3285118.6,3257591.5,3300281.5,
PNTM9M2jMkKm3GLHpLiq3J4gE,"","North Campus",6c2573ce-592a-4519-989c-2fd21d6918b7,"W", 10/21/2025 03:00:00 AM,"(UTC-07:00) Arizona",,,3330490.8666666667,3313723.8,3338941,
PNTM9M2jMkKm3GLHpLiq3J4gE,"","North Campus",6c2573ce-592a-4519-989c-2fd21d6918b7,"W", 10/21/2025 03:15:00 AM,"(UTC-07:00) Arizona",,,3278601.5,3276808.5,3280394.5,
PNTM9M2jMkKm3GLHpLiq3J4gE,"","North Campus",6c2573ce-592a-4519-989c-2fd21d6918b7,"W", 10/21/2025 03:30:00 AM,"(UTC-07:00) Arizona",,,3323213.6,3312700,3333749.8,
PNTM9M2jMkKm3GLHpLiq3J4gE,"","North Campus",6c2573ce-592a-4519-989c-2fd21d6918b7,"W", 10/21/2025 03:45:00 AM,"(UTC-07:00) Arizona",,,3327803.1,3318787,3336819.2,
PNTM9M2jMkKm3GLHpLiq3J4gE,"","North Campus",6c2573ce-592a-4519-989c-2fd21d6918b7,"W", 10/21/2025 04:00:00 AM,"(UTC-07:00) Arizona",,,3383209.75,3370355,3396064.5,
PNTM9M2jMkKm3GLHpLiq3J4gE,"","North Campus",6c2573ce-592a-4519-989c-2fd21d6918b7,"W", 10/21/2025 04:15:00 AM,"(UTC-07:00) Arizona",,,3357852.25,3356497,3359207.5,
PNTM9M2jMkKm3GLHpLiq3J4gE,"","North Campus",6c2573ce-592a-4519-989c-2fd21d6918b7,"W", 10/21/2025 04:30:00 AM,"(UTC-07:00) Arizona",,,3413475,3413475,3413475,
PNTM9M2jMkKm3GLHpLiq3J4gE,"","North Campus",6c2573ce-592a-4519-989c-2fd21d6918b7,"W", 10/21/2025 04:45:00 AM,"(UTC-07:00) Arizona",,,3475662,3474210.8,3477113.2,
PNTM9M2jMkKm3GLHpLiq3J4gE,"","North Campus",6c2573ce-592a-4519-989c-2fd21d6918b7,"W", 10/21/2025 05:00:00 AM,"(UTC-07:00) Arizona",,,3505679,3468264.8,3547019,
PNTM9M2jMkKm3GLHpLiq3J4gE,"","North Campus",6c2573ce-592a-4519-989c-2fd21d6918b7,"W", 10/21/2025 05:15:00 AM,"(UTC-07:00) Arizona",,,3519322.533333333,3498263.8,3545950,
PNTM9M2jMkKm3GLHpLiq3J4gE,"","North Campus",6c2573ce-592a-4519-989c-2fd21d6918b7,"W", 10/21/2025 05:30:00 AM,"(UTC-07:00) Arizona",,,3574160.2,3568671.2,3579649.2,
PNTM9M2jMkKm3GLHpLiq3J4gE,"","North Campus",6c2573ce-592a-4519-989c-2fd21d6918b7,"W", 10/21/2025 05:45:00 AM,"(UTC-07:00) Arizona",,,3619262.5,3605161,3633364,
PNTM9M2jMkKm3GLHpLiq3J4gE,"","North Campus",6c2573ce-592a-4519-989c-2fd21d6918b7,"W", 10/21/2025 06:00:00 AM,"(UTC-07:00) Arizona",,,3733649,3733649,3733649,
PNTM9M2jMkKm3GLHpLiq3J4gE,"","North Campus",6c2573ce-592a-4519-989c-2fd21d6918b7,"W", 10/21/2025 06:15:00 AM,"(UTC-07:00) Arizona",,,3814666.1,3798979,3830713.8,
PNTM9M2jMkKm3GLHpLiq3J4gE,"","North Campus",6c2573ce-592a-4519-989c-2fd21d6918b7,"W", 10/21/2025 06:30:00 AM,"(UTC-07:00) Arizona",,,3815751.9,3801720,3829783.8,
PNTM9M2jMkKm3GLHpLiq3J4gE,"","North Campus",6c2573ce-592a-4519-989c-2fd21d6918b7,"W", 10/21/2025 06:45:00 AM,"(UTC-07:00) Arizona",,,3907867.033333333,3826578.5,4004795.8,
PNTM9M2jMkKm3GLHpLiq3J4gE,"","North Campus",6c2573ce-592a-4519-989c-2fd21d6918b7,"W", 10/21/2025 07:00:00 AM,"(UTC-07:00) Arizona",,,4039007.2,4021496.2,4056518.2,
PNTM9M2jMkKm3GLHpLiq3J4gE,"","North Campus",6c2573ce-592a-4519-989c-2fd21d6918b7,"W", 10/21/2025 07:15:00 AM,"(UTC-07:00) Arizona",,,4020007.35,3969966.2,4070048.5,
PNTM9M2jMkKm3GLHpLiq3J4gE,"","North Campus",6c2573ce-592a-4519-989c-2fd21d6918b7,"W", 10/21/2025 07:30:00 AM,"(UTC-07:00) Arizona",,,4098062.85,4096415.5,4099710.2,
PNTM9M2jMkKm3GLHpLiq3J4gE,"","North Campus",6c2573ce-592a-4519-989c-2fd21d6918b7,"W", 10/21/2025 07:45:00 AM,"(UTC-07:00) Arizona",,,4230197.75,4200087.5,4260308,
PNTM9M2jMkKm3GLHpLiq3J4gE,"","North Campus",6c2573ce-592a-4519-989c-2fd21d6918b7,"W", 10/21/2025 08:00:00 AM,"(UTC-07:00) Arizona",,,4372334.5,4323092,4455549.5,
PNTM9M2jMkKm3GLHpLiq3J4gE,"","North Campus",6c2573ce-592a-4519-989c-2fd21d6918b7,"W", 10/21/2025 08:15:00 AM,"(UTC-07:00) Arizona",,,4383255,4379526,4386984,
PNTM9M2jMkKm3GLHpLiq3J4gE,"","North Campus",6c2573ce-592a-4519-989c-2fd21d6918b7,"W", 10/21/2025 08:30:00 AM,"(UTC-07:00) Arizona",,,4375628,4369859.5,4385544.5,
PNTM9M2jMkKm3GLHpLiq3J4gE,"","North Campus",6c2573ce-592a-4519-989c-2fd21d6918b7,"W", 10/21/2025 08:45:00 AM,"(UTC-07:00) Arizona",,,4426411.5,4415925,4436898,
PNTM9M2jMkKm3GLHpLiq3J4gE,"","North Campus",6c2573ce-592a-4519-989c-2fd21d6918b7,"W", 10/21/2025 09:00:00 AM,"(UTC-07:00) Arizona",,,4595735.25,4542975.5,4648495,
PNTM9M2jMkKm3GLHpLiq3J4gE,"","North Campus",6c2573ce-592a-4519-989c-2fd21d6918b7,"W", 10/21/2025 09:15:00 AM,"(UTC-07:00) Arizona",,,4570150,4523399,4626261,
PNTM9M2jMkKm3GLHpLiq3J4gE,"","North Campus",6c2573ce-592a-4519-989c-2fd21d6918b7,"W", 10/21/2025 09:30:00 AM,"(UTC-07:00) Arizona",,,4565936,4549901.5,4581970.5,
PNTM9M2jMkKm3GLHpLiq3J4gE,"","North Campus",6c2573ce-592a-4519-989c-2fd21d6918b7,"W", 10/21/2025 09:45:00 AM,"(UTC-07:00) Arizona",,,4571709.5,4552705,4590714,
PNTM9M2jMkKm3GLHpLiq3J4gE,"","North Campus",6c2573ce-592a-4519-989c-2fd21d6918b7,"W", 10/21/2025 10:00:00 AM,"(UTC-07:00) Arizona",,,4604839.166666667,4574983.5,4631959.5,
PNTM9M2jMkKm3GLHpLiq3J4gE,"","North Campus",6c2573ce-592a-4519-989c-2fd21d6918b7,"W", 10/21/2025 10:15:00 AM,"(UTC-07:00) Arizona",,,4666939.5,4646377.5,4687501.5,
PNTM9M2jMkKm3GLHpLiq3J4gE,"","North Campus",6c2573ce-592a-4519-989c-2fd21d6918b7,"W", 10/21/2025 10:30:00 AM,"(UTC-07:00) Arizona",,,4710510,4683623.5,4737396.5,
PNTM9M2jMkKm3GLHpLiq3J4gE,"","North Campus",6c2573ce-592a-4519-989c-2fd21d6918b7,"W", 10/21/2025 10:45:00 AM,"(UTC-07:00) Arizona",,,4866704.5,4808506.5,4924902.5,
PNTM9M2jMkKm3GLHpLiq3J4gE,"","North Campus",6c2573ce-592a-4519-989c-2fd21d6918b7,"W", 10/21/2025 11:00:00 AM,"(UTC-07:00) Arizona",,,4847284,4819483,4875085,
PNTM9M2jMkKm3GLHpLiq3J4gE,"","North Campus",6c2573ce-592a-4519-989c-2fd21d6918b7,"W", 10/21/2025 11:15:00 AM,"(UTC-07:00) Arizona",,,4887855.5,4863186.5,4912524.5,
PNTM9M2jMkKm3GLHpLiq3J4gE,"","North Campus",6c2573ce-592a-4519-989c-2fd21d6918b7,"W", 10/21/2025 11:30:00 AM,"(UTC-07:00) Arizona",,,4863683.25,4848231.5,4879135,
PNTM9M2jMkKm3GLHpLiq3J4gE,"","North Campus",6c2573ce-592a-4519-989c-2fd21d6918b7,"W", 10/21/2025 11:45:00 AM,"(UTC-07:00) Arizona",,,4980723.75,4973479.5,4987968,
PNTM9M2jMkKm3GLHpLiq3J4gE,"","North Campus",6c2573ce-592a-4519-989c-2fd21d6918b7,"W", 10/21/2025 12:00:00 PM,"(UTC-07:00) Arizona",,,4874433,4835875.5,4948435,
PNTM9M2jMkKm3GLHpLiq3J4gE,"","North Campus",6c2573ce-592a-4519-989c-2fd21d6918b7,"W", 10/21/2025 12:15:00 PM,"(UTC-07:00) Arizona",,,5029099.25,5020138,5038060.5,
PNTM9M2jMkKm3GLHpLiq3J4gE,"","North Campus",6c2573ce-592a-4519-989c-2fd21d6918b7,"W", 10/21/2025 12:30:00 PM,"(UTC-07:00) Arizona",,,5023332.75,4995865,5050800.5,
PNTM9M2jMkKm3GLHpLiq3J4gE,"","North Campus",6c2573ce-592a-4519-989c-2fd21d6918b7,"W", 10/21/2025 12:45:00 PM,"(UTC-07:00) Arizona",,,4982114.333333333,4945748,5019352.5,
PNTM9M2jMkKm3GLHpLiq3J4gE,"","North Campus",6c2573ce-592a-4519-989c-2fd21d6918b7,"W", 10/21/2025 01:00:00 PM,"(UTC-07:00) Arizona",,,4990136,4990136,4990136,
PNTM9M2jMkKm3GLHpLiq3J4gE,"","North Campus",6c2573ce-592a-4519-989c-2fd21d6918b7,"W", 10/21/2025 01:15:00 PM,"(UTC-07:00) Arizona",,,5061655.75,5037542,5085769.5,
PNTM9M2jMkKm3GLHpLiq3J4gE,"","North Campus",6c2573ce-592a-4519-989c-2fd21d6918b7,"W", 10/21/2025 01:30:00 PM,"(UTC-07:00) Arizona",,,5028248,5027726,5028770,
PNTM9M2jMkKm3GLHpLiq3J4gE,"","North Campus",6c2573ce-592a-4519-989c-2fd21d6918b7,"W", 10/21/2025 01:45:00 PM,"(UTC-07:00) Arizona",,,5096466.5,5096466.5,5096466.5,
PNTM9M2jMkKm3GLHpLiq3J4gE,"","North Campus",6c2573ce-592a-4519-989c-2fd21d6918b7,"W", 10/21/2025 02:00:00 PM,"(UTC-07:00) Arizona",,,5039194,5007864,5070524,
PNTM9M2jMkKm3GLHpLiq3J4gE,"","North Campus",6c2573ce-592a-4519-989c-2fd21d6918b7,"W", 10/21/2025 02:15:00 PM,"(UTC-07:00) Arizona",,,5084641.5,5084641.5,5084641.5,
PNTM9M2jMkKm3GLHpLiq3J4gE,"","North Campus",6c2573ce-592a-4519-989c-2fd21d6918b7,"W", 10/21/2025 02:30:00 PM,"(UTC-07:00) Arizona",,,5116191.166666667,5038540,5177312.5,
PNTM9M2jMkKm3GLHpLiq3J4gE,"","North Campus",6c2573ce-592a-4519-989c-2fd21d6918b7,"W", 10/21/2025 02:45:00 PM,"(UTC-07:00) Arizona",,,5198378.75,5152975,5243782.5,
PNTM9M2jMkKm3GLHpLiq3J4gE,"","North Campus",6c2573ce-592a-4519-989c-2fd21d6918b7,"W", 10/21/2025 03:00:00 PM,"(UTC-07:00) Arizona",,,5150943.25,5148692.5,5153194,
PNTM9M2jMkKm3GLHpLiq3J4gE,"","North Campus",6c2573ce-592a-4519-989c-2fd21d6918b7,"W", 10/21/2025 03:15:00 PM,"(UTC-07:00) Arizona",,,5153435.25,5107642.5,5199228,
PNTM9M2jMkKm3GLHpLiq3J4gE,"","North Campus",6c2573ce-592a-4519-989c-2fd21d6918b7,"W", 10/21/2025 03:30:00 PM,"(UTC-07:00) Arizona",,,5205578,5205578,5205578,
PNTM9M2jMkKm3GLHpLiq3J4gE,"","North Campus",6c2573ce-592a-4519-989c-2fd21d6918b7,"W", 10/21/2025 03:45:00 PM,"(UTC-07:00) Arizona",,,5246723,5246723,5246723,
PNTM9M2jMkKm3GLHpLiq3J4gE,"","North Campus",6c2573ce-592a-4519-989c-2fd21d6918b7,"W", 10/21/2025 04:00:00 PM,"(UTC-07:00) Arizona",,,5267068.5,5228595,5293078,
PNTM9M2jMkKm3GLHpLiq3J4gE,"","North Campus",6c2573ce-592a-4519-989c-2fd21d6918b7,"W", 10/21/2025 04:15:00 PM,"(UTC-07:00) Arizona",,,5256940.25,5240311.5,5273569,
PNTM9M2jMkKm3GLHpLiq3J4gE,"","North Campus",6c2573ce-592a-4519-989c-2fd21d6918b7,"W", 10/21/2025 04:30:00 PM,"(UTC-07:00) Arizona",,,5253419.5,5253419.5,5253419.5,
PNTM9M2jMkKm3GLHpLiq3J4gE,"","North Campus",6c2573ce-592a-4519-989c-2fd21d6918b7,"W", 10/21/2025 04:45:00 PM,"(UTC-07:00) Arizona",,,5242150.333333333,5221568,5261827.5,
PNTM9M2jMkKm3GLHpLiq3J4gE,"","North Campus",6c2573ce-592a-4519-989c-2fd21d6918b7,"W", 10/21/2025 05:00:00 PM,"(UTC-07:00) Arizona",,,5105374,5056787.5,5153960.5,
PNTM9M2jMkKm3GLHpLiq3J4gE,"","North Campus",6c2573ce-592a-4519-989c-2fd21d6918b7,"W", 10/21/2025 05:15:00 PM,"(UTC-07:00) Arizona",,,5148545,5078460,5257414.5,
PNTM9M2jMkKm3GLHpLiq3J4gE,"","North Campus",6c2573ce-592a-4519-989c-2fd21d6918b7,"W", 10/21/2025 05:30:00 PM,"(UTC-07:00) Arizona",,,5128207.5,5128207.5,5128207.5,
PNTM9M2jMkKm3GLHpLiq3J4gE,"","North Campus",6c2573ce-592a-4519-989c-2fd21d6918b7,"W", 10/21/2025 05:45:00 PM,"(UTC-07:00) Arizona",,,5069917,5027971.5,5111862.5,
PNTM9M2jMkKm3GLHpLiq3J4gE,"","North Campus",6c2573ce-592a-4519-989c-2fd21d6918b7,"W", 10/21/2025 06:00:00 PM,"(UTC-07:00) Arizona",,,4953330.25,4928834,4977826.5,
PNTM9M2jMkKm3GLHpLiq3J4gE,"","North Campus",6c2573ce-592a-4519-989c-2fd21d6918b7,"W", 10/21/2025 06:15:00 PM,"(UTC-07:00) Arizona",,,4909314.5,4909314.5,4909314.5,
PNTM9M2jMkKm3GLHpLiq3J4gE,"","North Campus",6c2573ce-592a-4519-989c-2fd21d6918b7,"W", 10/21/2025 06:30:00 PM,"(UTC-07:00) Arizona",,,4893073,4873231,4912915,
PNTM9M2jMkKm3GLHpLiq3J4gE,"","North Campus",6c2573ce-592a-4519-989c-2fd21d6918b7,"W", 10/21/2025 06:45:00 PM,"(UTC-07:00) Arizona",,,4787724.5,4787724.5,4787724.5,
PNTM9M2jMkKm3GLHpLiq3J4gE,"","North Campus",6c2573ce-592a-4519-989c-2fd21d6918b7,"W", 10/21/2025 07:00:00 PM,"(UTC-07:00) Arizona",,,4556767.333333333,4509538,4594673,
PNTM9M2jMkKm3GLHpLiq3J4gE,"","North Campus",6c2573ce-592a-4519-989c-2fd21d6918b7,"W", 10/21/2025 07:15:00 PM,"(UTC-07:00) Arizona",,,4508187.5,4505321,4511054,
PNTM9M2jMkKm3GLHpLiq3J4gE,"","North Campus",6c2573ce-592a-4519-989c-2fd21d6918b7,"W", 10/21/2025 07:30:00 PM,"(UTC-07:00) Arizona",,,4468030,4415078,4520982,
PNTM9M2jMkKm3GLHpLiq3J4gE,"","North Campus",6c2573ce-592a-4519-989c-2fd21d6918b7,"W", 10/21/2025 07:45:00 PM,"(UTC-07:00) Arizona",,,4387744.5,4342739.5,4432749.5,
PNTM9M2jMkKm3GLHpLiq3J4gE,"","North Campus",6c2573ce-592a-4519-989c-2fd21d6918b7,"W", 10/21/2025 08:00:00 PM,"(UTC-07:00) Arizona",,,4292272,4292272,4292272,
PNTM9M2jMkKm3GLHpLiq3J4gE,"","North Campus",6c2573ce-592a-4519-989c-2fd21d6918b7,"W", 10/21/2025 08:15:00 PM,"(UTC-07:00) Arizona",,,4265835,4239001.5,4292668.5,
PNTM9M2jMkKm3GLHpLiq3J4gE,"","North Campus",6c2573ce-592a-4519-989c-2fd21d6918b7,"W", 10/21/2025 08:30:00 PM,"(UTC-07:00) Arizona",,,4176424.65,4115205.8,4237643.5,
PNTM9M2jMkKm3GLHpLiq3J4gE,"","North Campus",6c2573ce-592a-4519-989c-2fd21d6918b7,"W", 10/21/2025 08:45:00 PM,"(UTC-07:00) Arizona",,,4152843.15,4136648.8,4169037.5,
PNTM9M2jMkKm3GLHpLiq3J4gE,"","North Campus",6c2573ce-592a-4519-989c-2fd21d6918b7,"W", 10/21/2025 09:00:00 PM,"(UTC-07:00) Arizona",,,4084868.6,4067177,4102560.2,
PNTM9M2jMkKm3GLHpLiq3J4gE,"","North Campus",6c2573ce-592a-4519-989c-2fd21d6918b7,"W", 10/21/2025 09:15:00 PM,"(UTC-07:00) Arizona",,,4031183.9,4020769,4041598.8,
PNTM9M2jMkKm3GLHpLiq3J4gE,"","North Campus",6c2573ce-592a-4519-989c-2fd21d6918b7,"W", 10/21/2025 09:30:00 PM,"(UTC-07:00) Arizona",,,4032030.65,4022786.5,4041274.8,
PNTM9M2jMkKm3GLHpLiq3J4gE,"","North Campus",6c2573ce-592a-4519-989c-2fd21d6918b7,"W", 10/21/2025 09:45:00 PM,"(UTC-07:00) Arizona",,,3951051.766666667,3908637.5,4014303.8,
PNTM9M2jMkKm3GLHpLiq3J4gE,"","North Campus",6c2573ce-592a-4519-989c-2fd21d6918b7,"W", 10/21/2025 10:00:00 PM,"(UTC-07:00) Arizona",,,3877018.5,3877018.5,3877018.5,
PNTM9M2jMkKm3GLHpLiq3J4gE,"","North Campus",6c2573ce-592a-4519-989c-2fd21d6918b7,"W", 10/21/2025 10:15:00 PM,"(UTC-07:00) Arizona",,,3847451.25,3845265,3849637.5,
PNTM9M2jMkKm3GLHpLiq3J4gE,"","North Campus",6c2573ce-592a-4519-989c-2fd21d6918b7,"W", 10/21/2025 10:30:00 PM,"(UTC-07:00) Arizona",,,3803947.8,3803947.8,3803947.8,
PNTM9M2jMkKm3GLHpLiq3J4gE,"","North Campus",6c2573ce-592a-4519-989c-2fd21d6918b7,"W", 10/21/2025 10:45:00 PM,"(UTC-07:00) Arizona",,,3777668,3776748.5,3778587.5,
PNTM9M2jMkKm3GLHpLiq3J4gE,"","North Campus",6c2573ce-592a-4519-989c-2fd21d6918b7,"W", 10/21/2025 11:00:00 PM,"(UTC-07:00) Arizona",,,3612577.75,3604674,3620481.5,
PNTM9M2jMkKm3GLHpLiq3J4gE,"","North Campus",6c2573ce-592a-4519-989c-2fd21d6918b7,"W", 10/21/2025 11:15:00 PM,"(UTC-07:00) Arizona",,,3594115.9,3553995.8,3634236,
PNTM9M2jMkKm3GLHpLiq3J4gE,"","North Campus",6c2573ce-592a-4519-989c-2fd21d6918b7,"W", 10/21/2025 11:30:00 PM,"(UTC-07:00) Arizona",,,3558976,3549301.2,3568650.8,
PNTM9M2jMkKm3GLHpLiq3J4gE,"","North Campus",6c2573ce-592a-4519-989c-2fd21d6918b7,"W", 10/21/2025 11:45:00 PM,"(UTC-07:00) Arizona",,,3546606.5,3542123.2,3551089.8,
PNTM9M2jMkKm3GLHpLiq3J4gE,"","North Campus",6c2573ce-592a-4519-989c-2fd21d6918b7,"W", 10/22/2025 12:00:00 AM,"(UTC-07:00) Arizona",,,3512534.85,3490363.2,3534706.5,
PNTM9M2jMkKm3GLHpLiq3J4gE,"","North Campus",6c2573ce-592a-4519-989c-2fd21d6918b7,"W", 10/22/2025 12:15:00 AM,"(UTC-07:00) Arizona",,,3484474.8,3463789.8,3505159.8,
PNTM9M2jMkKm3GLHpLiq3J4gE,"","North Campus",6c2573ce-592a-4519-989c-2fd21d6918b7,"W", 10/22/2025 12:30:00 AM,"(UTC-07:00) Arizona",,,3477651.85,3459273.2,3496030.5,
PNTM9M2jMkKm3GLHpLiq3J4gE,"","North Campus",6c2573ce-592a-4519-989c-2fd21d6918b7,"W", 10/22/2025 12:45:00 AM,"(UTC-07:00) Arizona",,,3467731.6,3442473,3492990.2,
PNTM9M2jMkKm3GLHpLiq3J4gE,"","North Campus",6c2573ce-592a-4519-989c-2fd21d6918b7,"W", 10/22/2025 01:00:00 AM,"(UTC-07:00) Arizona",,,3411016.2,3411016.2,3411016.2,
PNTM9M2jMkKm3GLHpLiq3J4gE,"","North Campus",6c2573ce-592a-4519-989c-2fd21d6918b7,"W", 10/22/2025 01:15:00 AM,"(UTC-07:00) Arizona",,,3397729.1,3391107,3404351.2,
PNTM9M2jMkKm3GLHpLiq3J4gE,"","North Campus",6c2573ce-592a-4519-989c-2fd21d6918b7,"W", 10/22/2025 01:30:00 AM,"(UTC-07:00) Arizona",,,3393313,3367983.2,3418642.8,
PNTM9M2jMkKm3GLHpLiq3J4gE,"","North Campus",6c2573ce-592a-4519-989c-2fd21d6918b7,"W", 10/22/2025 01:45:00 AM,"(UTC-07:00) Arizona",,,3346167.2,3346167.2,3346167.2,
PNTM9M2jMkKm3GLHpLiq3J4gE,"","North Campus",6c2573ce-592a-4519-989c-2fd21d6918b7,"W", 10/22/2025 02:00:00 AM,"(UTC-07:00) Arizona",,,3356376.3,3345668.8,3367083.8,
PNTM9M2jMkKm3GLHpLiq3J4gE,"","North Campus",6c2573ce-592a-4519-989c-2fd21d6918b7,"W", 10/22/2025 02:15:00 AM,"(UTC-07:00) Arizona",,,3348160.8,3348116.8,3348204.8,
PNTM9M2jMkKm3GLHpLiq3J4gE,"","North Campus",6c2573ce-592a-4519-989c-2fd21d6918b7,"W", 10/22/2025 02:30:00 AM,"(UTC-07:00) Arizona",,,3325835.5,3314590,3337081,
PNTM9M2jMkKm3GLHpLiq3J4gE,"","North Campus",6c2573ce-592a-4519-989c-2fd21d6918b7,"W", 10/22/2025 02:45:00 AM,"(UTC-07:00) Arizona",,,3354868.25,3330150.5,3379586,
PNTM9M2jMkKm3GLHpLiq3J4gE,"","North Campus",6c2573ce-592a-4519-989c-2fd21d6918b7,"W", 10/22/2025 03:00:00 AM,"(UTC-07:00) Arizona",,,3330178.1,3324538,3335818.2,
PNTM9M2jMkKm3GLHpLiq3J4gE,"","North Campus",6c2573ce-592a-4519-989c-2fd21d6918b7,"W", 10/22/2025 03:15:00 AM,"(UTC-07:00) Arizona",,,3313696.75,3291915.5,3335478,
PNTM9M2jMkKm3GLHpLiq3J4gE,"","North Campus",6c2573ce-592a-4519-989c-2fd21d6918b7,"W", 10/22/2025 03:30:00 AM,"(UTC-07:00) Arizona",,,3346077,3346077,3346077,
PNTM9M2jMkKm3GLHpLiq3J4gE,"","North Campus",6c2573ce-592a-4519-989c-2fd21d6918b7,"W", 10/22/2025 03:45:00 AM,"(UTC-07:00) Arizona",,,3372364,3372364,3372364,
PNTM9M2jMkKm3GLHpLiq3J4gE,"","North Campus",6c2573ce-592a-4519-989c-2fd21d6918b7,"W", 10/22/2025 04:00:00 AM,"(UTC-07:00) Arizona",,,3397693,3394858.8,3400527.2,
PNTM9M2jMkKm3GLHpLiq3J4gE,"","North Campus",6c2573ce-592a-4519-989c-2fd21d6918b7,"W", 10/22/2025 04:15:00 AM,"(UTC-07:00) Arizona",,,3406624.8,3406624.8,3406624.8,
PNTM9M2jMkKm3GLHpLiq3J4gE,"","North Campus",6c2573ce-592a-4519-989c-2fd21d6918b7,"W", 10/22/2025 04:30:00 AM,"(UTC-07:00) Arizona",,,3449255.9,3441663.8,3456848,
PNTM9M2jMkKm3GLHpLiq3J4gE,"","North Campus",6c2573ce-592a-4519-989c-2fd21d6918b7,"W", 10/22/2025 04:45:00 AM,"(UTC-07:00) Arizona",,,3485284.7,3465433.2,3505136.2,
PNTM9M2jMkKm3GLHpLiq3J4gE,"","North Campus",6c2573ce-592a-4519-989c-2fd21d6918b7,"W", 10/22/2025 05:00:00 AM,"(UTC-07:00) Arizona",,,3479602.25,3474061.5,3485143,
PNTM9M2jMkKm3GLHpLiq3J4gE,"","North Campus",6c2573ce-592a-4519-989c-2fd21d6918b7,"W", 10/22/2025 05:15:00 AM,"(UTC-07:00) Arizona",,,3502126.5,3502126.5,3502126.5,
PNTM9M2jMkKm3GLHpLiq3J4gE,"","North Campus",6c2573ce-592a-4519-989c-2fd21d6918b7,"W", 10/22/2025 05:30:00 AM,"(UTC-07:00) Arizona",,,3537435,3525016.5,3549853.5,
PNTM9M2jMkKm3GLHpLiq3J4gE,"","North Campus",6c2573ce-592a-4519-989c-2fd21d6918b7,"W", 10/22/2025 05:45:00 AM,"(UTC-07:00) Arizona",,,3566748,3566748,3566748,
PNTM9M2jMkKm3GLHpLiq3J4gE,"","North Campus",6c2573ce-592a-4519-989c-2fd21d6918b7,"W", 10/22/2025 06:00:00 AM,"(UTC-07:00) Arizona",,,3675553.25,3672343,3678763.5,
PNTM9M2jMkKm3GLHpLiq3J4gE,"","North Campus",6c2573ce-592a-4519-989c-2fd21d6918b7,"W", 10/22/2025 06:15:00 AM,"(UTC-07:00) Arizona",,,3770093.8,3770093.8,3770093.8,
PNTM9M2jMkKm3GLHpLiq3J4gE,"","North Campus",6c2573ce-592a-4519-989c-2fd21d6918b7,"W", 10/22/2025 06:30:00 AM,"(UTC-07:00) Arizona",,,3752374.9,3731249,3770014.5,
PNTM9M2jMkKm3GLHpLiq3J4gE,"","North Campus",6c2573ce-592a-4519-989c-2fd21d6918b7,"W", 10/22/2025 06:45:00 AM,"(UTC-07:00) Arizona",,,3756246.8,3756246.8,3756246.8,
PNTM9M2jMkKm3GLHpLiq3J4gE,"","North Campus",6c2573ce-592a-4519-989c-2fd21d6918b7,"W", 10/22/2025 07:00:00 AM,"(UTC-07:00) Arizona",,,4023748.5,4015501.5,4031995.5,
PNTM9M2jMkKm3GLHpLiq3J4gE,"","North Campus",6c2573ce-592a-4519-989c-2fd21d6918b7,"W", 10/22/2025 07:15:00 AM,"(UTC-07:00) Arizona",,,4085375.85,4081677.2,4089074.5,
PNTM9M2jMkKm3GLHpLiq3J4gE,"","North Campus",6c2573ce-592a-4519-989c-2fd21d6918b7,"W", 10/22/2025 07:30:00 AM,"(UTC-07:00) Arizona",,,4034464.5,4034464.5,4034464.5,
PNTM9M2jMkKm3GLHpLiq3J4gE,"","North Campus",6c2573ce-592a-4519-989c-2fd21d6918b7,"W", 10/22/2025 07:45:00 AM,"(UTC-07:00) Arizona",,,4214651,4193395.5,4235906.5,
PNTM9M2jMkKm3GLHpLiq3J4gE,"","North Campus",6c2573ce-592a-4519-989c-2fd21d6918b7,"W", 10/22/2025 08:00:00 AM,"(UTC-07:00) Arizona",,,4314761.25,4270054.5,4359468,
PNTM9M2jMkKm3GLHpLiq3J4gE,"","North Campus",6c2573ce-592a-4519-989c-2fd21d6918b7,"W", 10/22/2025 08:15:00 AM,"(UTC-07:00) Arizona",,,4413576.5,4413576.5,4413576.5,
PNTM9M2jMkKm3GLHpLiq3J4gE,"","North Campus",6c2573ce-592a-4519-989c-2fd21d6918b7,"W", 10/22/2025 08:30:00 AM,"(UTC-07:00) Arizona",,,4583885.5,4468416.5,4699354.5,
PNTM9M2jMkKm3GLHpLiq3J4gE,"","North Campus",6c2573ce-592a-4519-989c-2fd21d6918b7,"W", 10/22/2025 08:45:00 AM,"(UTC-07:00) Arizona",,,4595844,4588633,4603055,
PNTM9M2jMkKm3GLHpLiq3J4gE,"","North Campus",6c2573ce-592a-4519-989c-2fd21d6918b7,"W", 10/22/2025 09:00:00 AM,"(UTC-07:00) Arizona",,,4679156.75,4667710,4690603.5,
PNTM9M2jMkKm3GLHpLiq3J4gE,"","North Campus",6c2573ce-592a-4519-989c-2fd21d6918b7,"W", 10/22/2025 09:15:00 AM,"(UTC-07:00) Arizona",,,4602160,4592663,4611657,
PNTM9M2jMkKm3GLHpLiq3J4gE,"","North Campus",6c2573ce-592a-4519-989c-2fd21d6918b7,"W", 10/22/2025 09:30:00 AM,"(UTC-07:00) Arizona",,,4666149.5,4666149.5,4666149.5,
PNTM9M2jMkKm3GLHpLiq3J4gE,"","North Campus",6c2573ce-592a-4519-989c-2fd21d6918b7,"W", 10/22/2025 09:45:00 AM,"(UTC-07:00) Arizona",,,4834068.75,4806127,4862010.5,
PNTM9M2jMkKm3GLHpLiq3J4gE,"","North Campus",6c2573ce-592a-4519-989c-2fd21d6918b7,"W", 10/22/2025 10:00:00 AM,"(UTC-07:00) Arizona",,,4930090.75,4834063,5026118.5,
PNTM9M2jMkKm3GLHpLiq3J4gE,"","North Campus",6c2573ce-592a-4519-989c-2fd21d6918b7,"W", 10/22/2025 10:15:00 AM,"(UTC-07:00) Arizona",,,4944230.5,4944230.5,4944230.5,
PNTM9M2jMkKm3GLHpLiq3J4gE,"","North Campus",6c2573ce-592a-4519-989c-2fd21d6918b7,"W", 10/22/2025 10:30:00 AM,"(UTC-07:00) Arizona",,,4740865.75,4556579,4925152.5,
PNTM9M2jMkKm3GLHpLiq3J4gE,"","North Campus",6c2573ce-592a-4519-989c-2fd21d6918b7,"W", 10/22/2025 10:45:00 AM,"(UTC-07:00) Arizona",,,4657812.25,4535768.5,4779856,
PNTM9M2jMkKm3GLHpLiq3J4gE,"","North Campus",6c2573ce-592a-4519-989c-2fd21d6918b7,"W", 10/22/2025 11:00:00 AM,"(UTC-07:00) Arizona",,,4900592.5,4852258.5,4948926.5,
PNTM9M2jMkKm3GLHpLiq3J4gE,"","North Campus",6c2573ce-592a-4519-989c-2fd21d6918b7,"W", 10/22/2025 11:15:00 AM,"(UTC-07:00) Arizona",,,4871522.75,4788970,4954075.5,
PNTM9M2jMkKm3GLHpLiq3J4gE,"","North Campus",6c2573ce-592a-4519-989c-2fd21d6918b7,"W", 10/22/2025 11:30:00 AM,"(UTC-07:00) Arizona",,,4894122.75,4851664,4936581.5,
PNTM9M2jMkKm3GLHpLiq3J4gE,"","North Campus",6c2573ce-592a-4519-989c-2fd21d6918b7,"W", 10/22/2025 11:45:00 AM,"(UTC-07:00) Arizona",,,4834948,4834948,4834948,
PNTM9M2jMkKm3GLHpLiq3J4gE,"","North Campus",6c2573ce-592a-4519-989c-2fd21d6918b7,"W", 10/22/2025 12:00:00 PM,"(UTC-07:00) Arizona",,,4665451.25,4566960.5,4763942,
PNTM9M2jMkKm3GLHpLiq3J4gE,"","North Campus",6c2573ce-592a-4519-989c-2fd21d6918b7,"W", 10/22/2025 12:15:00 PM,"(UTC-07:00) Arizona",,,4966903.5,4942993.5,4990302.5,
PNTM9M2jMkKm3GLHpLiq3J4gE,"","North Campus",6c2573ce-592a-4519-989c-2fd21d6918b7,"W", 10/22/2025 12:30:00 PM,"(UTC-07:00) Arizona",,,5012087.5,5012087.5,5012087.5,
PNTM9M2jMkKm3GLHpLiq3J4gE,"","North Campus",6c2573ce-592a-4519-989c-2fd21d6918b7,"W", 10/22/2025 12:45:00 PM,"(UTC-07:00) Arizona",,,4911901.25,4707485.5,5116317,
PNTM9M2jMkKm3GLHpLiq3J4gE,"","North Campus",6c2573ce-592a-4519-989c-2fd21d6918b7,"W", 10/22/2025 01:00:00 PM,"(UTC-07:00) Arizona",,,4941193.25,4910581.5,4971805,
PNTM9M2jMkKm3GLHpLiq3J4gE,"","North Campus",6c2573ce-592a-4519-989c-2fd21d6918b7,"W", 10/22/2025 01:15:00 PM,"(UTC-07:00) Arizona",,,4986458.5,4974823,4998094,
PNTM9M2jMkKm3GLHpLiq3J4gE,"","North Campus",6c2573ce-592a-4519-989c-2fd21d6918b7,"W", 10/22/2025 01:30:00 PM,"(UTC-07:00) Arizona",,,5055352,5055352,5055352,
PNTM9M2jMkKm3GLHpLiq3J4gE,"","North Campus",6c2573ce-592a-4519-989c-2fd21d6918b7,"W", 10/22/2025 01:45:00 PM,"(UTC-07:00) Arizona",,,4957305,4939501,4975109,
PNTM9M2jMkKm3GLHpLiq3J4gE,"","North Campus",6c2573ce-592a-4519-989c-2fd21d6918b7,"W", 10/22/2025 02:00:00 PM,"(UTC-07:00) Arizona",,,4950162.25,4822082.5,5078242,
PNTM9M2jMkKm3GLHpLiq3J4gE,"","North Campus",6c2573ce-592a-4519-989c-2fd21d6918b7,"W", 10/22/2025 02:15:00 PM,"(UTC-07:00) Arizona",,,5157978.5,5157978.5,5157978.5,
PNTM9M2jMkKm3GLHpLiq3J4gE,"","North Campus",6c2573ce-592a-4519-989c-2fd21d6918b7,"W", 10/22/2025 02:30:00 PM,"(UTC-07:00) Arizona",,,4975848.333333333,4895268,5058168,
PNTM9M2jMkKm3GLHpLiq3J4gE,"","North Campus",6c2573ce-592a-4519-989c-2fd21d6918b7,"W", 10/22/2025 02:45:00 PM,"(UTC-07:00) Arizona",,,5028563.75,4921156,5135971.5,
PNTM9M2jMkKm3GLHpLiq3J4gE,"","North Campus",6c2573ce-592a-4519-989c-2fd21d6918b7,"W", 10/22/2025 03:00:00 PM,"(UTC-07:00) Arizona",,,4966925.25,4883359.5,5050491,
PNTM9M2jMkKm3GLHpLiq3J4gE,"","North Campus",6c2573ce-592a-4519-989c-2fd21d6918b7,"W", 10/22/2025 03:15:00 PM,"(UTC-07:00) Arizona",,,5009995.25,4903033.5,5116957,
PNTM9M2jMkKm3GLHpLiq3J4gE,"","North Campus",6c2573ce-592a-4519-989c-2fd21d6918b7,"W", 10/22/2025 03:30:00 PM,"(UTC-07:00) Arizona",,,5122181,5107743,5136619,
PNTM9M2jMkKm3GLHpLiq3J4gE,"","North Campus",6c2573ce-592a-4519-989c-2fd21d6918b7,"W", 10/22/2025 03:45:00 PM,"(UTC-07:00) Arizona",,,5009951.25,4943967.5,5075935,
PNTM9M2jMkKm3GLHpLiq3J4gE,"","North Campus",6c2573ce-592a-4519-989c-2fd21d6918b7,"W", 10/22/2025 04:00:00 PM,"(UTC-07:00) Arizona",,,4986569.5,4986569.5,4986569.5,
PNTM9M2jMkKm3GLHpLiq3J4gE,"","North Campus",6c2573ce-592a-4519-989c-2fd21d6918b7,"W", 10/22/2025 04:15:00 PM,"(UTC-07:00) Arizona",,,4950188.5,4945175,4955202,
PNTM9M2jMkKm3GLHpLiq3J4gE,"","North Campus",6c2573ce-592a-4519-989c-2fd21d6918b7,"W", 10/22/2025 04:30:00 PM,"(UTC-07:00) Arizona",,,5046279.5,5027360,5065199,
PNTM9M2jMkKm3GLHpLiq3J4gE,"","North Campus",6c2573ce-592a-4519-989c-2fd21d6918b7,"W", 10/22/2025 04:45:00 PM,"(UTC-07:00) Arizona",,,5011721.75,4945291.5,5078152,
PNTM9M2jMkKm3GLHpLiq3J4gE,"","North Campus",6c2573ce-592a-4519-989c-2fd21d6918b7,"W", 10/22/2025 05:00:00 PM,"(UTC-07:00) Arizona",,,5035197.75,5031322.5,5039073,
PNTM9M2jMkKm3GLHpLiq3J4gE,"","North Campus",6c2573ce-592a-4519-989c-2fd21d6918b7,"W", 10/22/2025 05:15:00 PM,"(UTC-07:00) Arizona",,,4969301,4951722,4986880,
PNTM9M2jMkKm3GLHpLiq3J4gE,"","North Campus",6c2573ce-592a-4519-989c-2fd21d6918b7,"W", 10/22/2025 05:30:00 PM,"(UTC-07:00) Arizona",,,4964822.25,4901233.5,5028411,
PNTM9M2jMkKm3GLHpLiq3J4gE,"","North Campus",6c2573ce-592a-4519-989c-2fd21d6918b7,"W", 10/22/2025 05:45:00 PM,"(UTC-07:00) Arizona",,,4891501.25,4888315,4894687.5,
PNTM9M2jMkKm3GLHpLiq3J4gE,"","North Campus",6c2573ce-592a-4519-989c-2fd21d6918b7,"W", 10/22/2025 06:00:00 PM,"(UTC-07:00) Arizona",,,4784419.25,4743030.5,4825808,
PNTM9M2jMkKm3GLHpLiq3J4gE,"","North Campus",6c2573ce-592a-4519-989c-2fd21d6918b7,"W", 10/22/2025 06:15:00 PM,"(UTC-07:00) Arizona",,,4823641.75,4816896.5,4830387,
PNTM9M2jMkKm3GLHpLiq3J4gE,"","North Campus",6c2573ce-592a-4519-989c-2fd21d6918b7,"W", 10/22/2025 06:30:00 PM,"(UTC-07:00) Arizona",,,4681318.5,4681318.5,4681318.5,
PNTM9M2jMkKm3GLHpLiq3J4gE,"","North Campus",6c2573ce-592a-4519-989c-2fd21d6918b7,"W", 10/22/2025 06:45:00 PM,"(UTC-07:00) Arizona",,,4681047.75,4605792.5,4756303,
PNTM9M2jMkKm3GLHpLiq3J4gE,"","North Campus",6c2573ce-592a-4519-989c-2fd21d6918b7,"W", 10/22/2025 07:00:00 PM,"(UTC-07:00) Arizona",,,4555150,4555150,4555150,
PNTM9M2jMkKm3GLHpLiq3J4gE,"","North Campus",6c2573ce-592a-4519-989c-2fd21d6918b7,"W", 10/22/2025 07:15:00 PM,"(UTC-07:00) Arizona",,,4541555.75,4540742.5,4542369,
PNTM9M2jMkKm3GLHpLiq3J4gE,"","North Campus",6c2573ce-592a-4519-989c-2fd21d6918b7,"W", 10/22/2025 07:30:00 PM,"(UTC-07:00) Arizona",,,4495992.5,4493200.5,4498784.5,
PNTM9M2jMkKm3GLHpLiq3J4gE,"","North Campus",6c2573ce-592a-4519-989c-2fd21d6918b7,"W", 10/22/2025 07:45:00 PM,"(UTC-07:00) Arizona",,,4426813.25,4416841,4436785.5,
PNTM9M2jMkKm3GLHpLiq3J4gE,"","North Campus",6c2573ce-592a-4519-989c-2fd21d6918b7,"W", 10/22/2025 08:00:00 PM,"(UTC-07:00) Arizona",,,4391027.25,4370498.5,4411556,
PNTM9M2jMkKm3GLHpLiq3J4gE,"","North Campus",6c2573ce-592a-4519-989c-2fd21d6918b7,"W", 10/22/2025 08:15:00 PM,"(UTC-07:00) Arizona",,,4415158.75,4407107.5,4423210,
PNTM9M2jMkKm3GLHpLiq3J4gE,"","North Campus",6c2573ce-592a-4519-989c-2fd21d6918b7,"W", 10/22/2025 08:30:00 PM,"(UTC-07:00) Arizona",,,4351275,4325478,4377072,
PNTM9M2jMkKm3GLHpLiq3J4gE,"","North Campus",6c2573ce-592a-4519-989c-2fd21d6918b7,"W", 10/22/2025 08:45:00 PM,"(UTC-07:00) Arizona",,,4294059.5,4273936.5,4314182.5,
PNTM9M2jMkKm3GLHpLiq3J4gE,"","North Campus",6c2573ce-592a-4519-989c-2fd21d6918b7,"W", 10/22/2025 09:00:00 PM,"(UTC-07:00) Arizona",,,4222737.9,4188953.8,4256522,
PNTM9M2jMkKm3GLHpLiq3J4gE,"","North Campus",6c2573ce-592a-4519-989c-2fd21d6918b7,"W", 10/22/2025 09:15:00 PM,"(UTC-07:00) Arizona",,,4183339.65,4175958.5,4190720.8,
PNTM9M2jMkKm3GLHpLiq3J4gE,"","North Campus",6c2573ce-592a-4519-989c-2fd21d6918b7,"W", 10/22/2025 09:30:00 PM,"(UTC-07:00) Arizona",,,4181971.5,4181971.5,4181971.5,
PNTM9M2jMkKm3GLHpLiq3J4gE,"","North Campus",6c2573ce-592a-4519-989c-2fd21d6918b7,"W", 10/22/2025 09:45:00 PM,"(UTC-07:00) Arizona",,,4199995,4199995,4199995,
PNTM9M2jMkKm3GLHpLiq3J4gE,"","North Campus",6c2573ce-592a-4519-989c-2fd21d6918b7,"W", 10/22/2025 10:00:00 PM,"(UTC-07:00) Arizona",,,4016331.9,3983622.8,4049041,
PNTM9M2jMkKm3GLHpLiq3J4gE,"","North Campus",6c2573ce-592a-4519-989c-2fd21d6918b7,"W", 10/22/2025 10:15:00 PM,"(UTC-07:00) Arizona",,,3891334.4,3869765.8,3912903,
PNTM9M2jMkKm3GLHpLiq3J4gE,"","North Campus",6c2573ce-592a-4519-989c-2fd21d6918b7,"W", 10/22/2025 10:30:00 PM,"(UTC-07:00) Arizona",,,3864028.75,3838198,3889859.5,
PNTM9M2jMkKm3GLHpLiq3J4gE,"","North Campus",6c2573ce-592a-4519-989c-2fd21d6918b7,"W", 10/22/2025 10:45:00 PM,"(UTC-07:00) Arizona",,,3827997.75,3825199,3830796.5,
PNTM9M2jMkKm3GLHpLiq3J4gE,"","North Campus",6c2573ce-592a-4519-989c-2fd21d6918b7,"W", 10/22/2025 11:00:00 PM,"(UTC-07:00) Arizona",,,3701698.65,3676488.5,3726908.8,
PNTM9M2jMkKm3GLHpLiq3J4gE,"","North Campus",6c2573ce-592a-4519-989c-2fd21d6918b7,"W", 10/22/2025 11:15:00 PM,"(UTC-07:00) Arizona",,,3672079.35,3663156.2,3681002.5,
PNTM9M2jMkKm3GLHpLiq3J4gE,"","North Campus",6c2573ce-592a-4519-989c-2fd21d6918b7,"W", 10/22/2025 11:30:00 PM,"(UTC-07:00) Arizona",,,3680404.65,3676563.5,3684245.8,
PNTM9M2jMkKm3GLHpLiq3J4gE,"","North Campus",6c2573ce-592a-4519-989c-2fd21d6918b7,"W", 10/22/2025 11:45:00 PM,"(UTC-07:00) Arizona",,,3641783.15,3620380.8,3663185.5,
PNTM9M2jMkKm3GLHpLiq3J4gE,"","North Campus",6c2573ce-592a-4519-989c-2fd21d6918b7,"W", 10/23/2025 12:00:00 AM,"(UTC-07:00) Arizona",,,3593180.85,3581238.5,3605123.2,
PNTM9M2jMkKm3GLHpLiq3J4gE,"","North Campus",6c2573ce-592a-4519-989c-2fd21d6918b7,"W", 10/23/2025 12:15:00 AM,"(UTC-07:00) Arizona",,,3564273.1,3546501,3582045.2,
PNTM9M2jMkKm3GLHpLiq3J4gE,"","North Campus",6c2573ce-592a-4519-989c-2fd21d6918b7,"W", 10/23/2025 12:30:00 AM,"(UTC-07:00) Arizona",,,3517732,3490811.5,3544652.5,
PNTM9M2jMkKm3GLHpLiq3J4gE,"","North Campus",6c2573ce-592a-4519-989c-2fd21d6918b7,"W", 10/23/2025 12:45:00 AM,"(UTC-07:00) Arizona",,,3485071.5,3485071.5,3485071.5,
PNTM9M2jMkKm3GLHpLiq3J4gE,"","North Campus",6c2573ce-592a-4519-989c-2fd21d6918b7,"W", 10/23/2025 01:00:00 AM,"(UTC-07:00) Arizona",,,3447392.966666667,3438279.2,3452377.5,
PNTM9M2jMkKm3GLHpLiq3J4gE,"","North Campus",6c2573ce-592a-4519-989c-2fd21d6918b7,"W", 10/23/2025 01:15:00 AM,"(UTC-07:00) Arizona",,,3435839.1,3425366.2,3446312,
PNTM9M2jMkKm3GLHpLiq3J4gE,"","North Campus",6c2573ce-592a-4519-989c-2fd21d6918b7,"W", 10/23/2025 01:30:00 AM,"(UTC-07:00) Arizona",,,3461355.15,3459241.5,3463468.8,
PNTM9M2jMkKm3GLHpLiq3J4gE,"","North Campus",6c2573ce-592a-4519-989c-2fd21d6918b7,"W", 10/23/2025 01:45:00 AM,"(UTC-07:00) Arizona",,,3435784,3435784,3435784,
PNTM9M2jMkKm3GLHpLiq3J4gE,"","North Campus",6c2573ce-592a-4519-989c-2fd21d6918b7,"W", 10/23/2025 02:00:00 AM,"(UTC-07:00) Arizona",,,3405849.65,3398706.8,3412992.5,
PNTM9M2jMkKm3GLHpLiq3J4gE,"","North Campus",6c2573ce-592a-4519-989c-2fd21d6918b7,"W", 10/23/2025 02:15:00 AM,"(UTC-07:00) Arizona",,,3369984.8,3348341.8,3391627.8,
PNTM9M2jMkKm3GLHpLiq3J4gE,"","North Campus",6c2573ce-592a-4519-989c-2fd21d6918b7,"W", 10/23/2025 02:30:00 AM,"(UTC-07:00) Arizona",,,3361964.8,3361964.8,3361964.8,
PNTM9M2jMkKm3GLHpLiq3J4gE,"","North Campus",6c2573ce-592a-4519-989c-2fd21d6918b7,"W", 10/23/2025 02:45:00 AM,"(UTC-07:00) Arizona",,,3317678.75,3316664,3318693.5,
PNTM9M2jMkKm3GLHpLiq3J4gE,"","North Campus",6c2573ce-592a-4519-989c-2fd21d6918b7,"W", 10/23/2025 03:00:00 AM,"(UTC-07:00) Arizona",,,3368918.85,3361836.5,3376001.2,
PNTM9M2jMkKm3GLHpLiq3J4gE,"","North Campus",6c2573ce-592a-4519-989c-2fd21d6918b7,"W", 10/23/2025 03:15:00 AM,"(UTC-07:00) Arizona",,,3351115.1,3345977,3356253.2,
PNTM9M2jMkKm3GLHpLiq3J4gE,"","North Campus",6c2573ce-592a-4519-989c-2fd21d6918b7,"W", 10/23/2025 03:30:00 AM,"(UTC-07:00) Arizona",,,3352150.8,3348070.8,3356230.8,
PNTM9M2jMkKm3GLHpLiq3J4gE,"","North Campus",6c2573ce-592a-4519-989c-2fd21d6918b7,"W", 10/23/2025 03:45:00 AM,"(UTC-07:00) Arizona",,,3400824.35,3398807.5,3402841.2,
PNTM9M2jMkKm3GLHpLiq3J4gE,"","North Campus",6c2573ce-592a-4519-989c-2fd21d6918b7,"W", 10/23/2025 04:00:00 AM,"(UTC-07:00) Arizona",,,3432333.8,3432333.8,3432333.8,
PNTM9M2jMkKm3GLHpLiq3J4gE,"","North Campus",6c2573ce-592a-4519-989c-2fd21d6918b7,"W", 10/23/2025 04:15:00 AM,"(UTC-07:00) Arizona",,,3460609.8,3458485.8,3462733.8,
PNTM9M2jMkKm3GLHpLiq3J4gE,"","North Campus",6c2573ce-592a-4519-989c-2fd21d6918b7,"W", 10/23/2025 04:30:00 AM,"(UTC-07:00) Arizona",,,3456338.9,3439133.8,3473544,
PNTM9M2jMkKm3GLHpLiq3J4gE,"","North Campus",6c2573ce-592a-4519-989c-2fd21d6918b7,"W", 10/23/2025 04:45:00 AM,"(UTC-07:00) Arizona",,,3476104,3461484,3490724,
PNTM9M2jMkKm3GLHpLiq3J4gE,"","North Campus",6c2573ce-592a-4519-989c-2fd21d6918b7,"W", 10/23/2025 05:00:00 AM,"(UTC-07:00) Arizona",,,3524784.2,3524784.2,3524784.2,
PNTM9M2jMkKm3GLHpLiq3J4gE,"","North Campus",6c2573ce-592a-4519-989c-2fd21d6918b7,"W", 10/23/2025 05:15:00 AM,"(UTC-07:00) Arizona",,,3532867.65,3532513.8,3533221.5,
PNTM9M2jMkKm3GLHpLiq3J4gE,"","North Campus",6c2573ce-592a-4519-989c-2fd21d6918b7,"W", 10/23/2025 05:30:00 AM,"(UTC-07:00) Arizona",,,3601029,3601029,3601029,
PNTM9M2jMkKm3GLHpLiq3J4gE,"","North Campus",6c2573ce-592a-4519-989c-2fd21d6918b7,"W", 10/23/2025 05:45:00 AM,"(UTC-07:00) Arizona",,,3635849.5,3618640.5,3653058.5,
PNTM9M2jMkKm3GLHpLiq3J4gE,"","North Campus",6c2573ce-592a-4519-989c-2fd21d6918b7,"W", 10/23/2025 06:00:00 AM,"(UTC-07:00) Arizona",,,3704617.1,3698051,3711183.2,
PNTM9M2jMkKm3GLHpLiq3J4gE,"","North Campus",6c2573ce-592a-4519-989c-2fd21d6918b7,"W", 10/23/2025 06:15:00 AM,"(UTC-07:00) Arizona",,,3749982.85,3740544.2,3759421.5,
PNTM9M2jMkKm3GLHpLiq3J4gE,"","North Campus",6c2573ce-592a-4519-989c-2fd21d6918b7,"W", 10/23/2025 06:30:00 AM,"(UTC-07:00) Arizona",,,3794254.1,3784435,3804073.2,
PNTM9M2jMkKm3GLHpLiq3J4gE,"","North Campus",6c2573ce-592a-4519-989c-2fd21d6918b7,"W", 10/23/2025 06:45:00 AM,"(UTC-07:00) Arizona",,,3857401,3857401,3857401,
PNTM9M2jMkKm3GLHpLiq3J4gE,"","North Campus",6c2573ce-592a-4519-989c-2fd21d6918b7,"W", 10/23/2025 07:00:00 AM,"(UTC-07:00) Arizona",,,3999278.35,3991838.2,4006718.5,
PNTM9M2jMkKm3GLHpLiq3J4gE,"","North Campus",6c2573ce-592a-4519-989c-2fd21d6918b7,"W", 10/23/2025 07:15:00 AM,"(UTC-07:00) Arizona",,,4083447.5,4083447.5,4083447.5,
PNTM9M2jMkKm3GLHpLiq3J4gE,"","North Campus",6c2573ce-592a-4519-989c-2fd21d6918b7,"W", 10/23/2025 07:30:00 AM,"(UTC-07:00) Arizona",,,4081000.75,4070625.5,4091376,
PNTM9M2jMkKm3GLHpLiq3J4gE,"","North Campus",6c2573ce-592a-4519-989c-2fd21d6918b7,"W", 10/23/2025 07:45:00 AM,"(UTC-07:00) Arizona",,,4108387.8,4108387.8,4108387.8,
PNTM9M2jMkKm3GLHpLiq3J4gE,"","North Campus",6c2573ce-592a-4519-989c-2fd21d6918b7,"W", 10/23/2025 08:00:00 AM,"(UTC-07:00) Arizona",,,4332900,4332763.5,4333036.5,
PNTM9M2jMkKm3GLHpLiq3J4gE,"","North Campus",6c2573ce-592a-4519-989c-2fd21d6918b7,"W", 10/23/2025 08:15:00 AM,"(UTC-07:00) Arizona",,,4276022,4255738.5,4296305.5,
PNTM9M2jMkKm3GLHpLiq3J4gE,"","North Campus",6c2573ce-592a-4519-989c-2fd21d6918b7,"W", 10/23/2025 08:30:00 AM,"(UTC-07:00) Arizona",,,4344784,4344784,4344784,
PNTM9M2jMkKm3GLHpLiq3J4gE,"","North Campus",6c2573ce-592a-4519-989c-2fd21d6918b7,"W", 10/23/2025 08:45:00 AM,"(UTC-07:00) Arizona",,,4437060.75,4417870.5,4456251,
PNTM9M2jMkKm3GLHpLiq3J4gE,"","North Campus",6c2573ce-592a-4519-989c-2fd21d6918b7,"W", 10/23/2025 09:00:00 AM,"(UTC-07:00) Arizona",,,4514822,4514822,4514822,
PNTM9M2jMkKm3GLHpLiq3J4gE,"","North Campus",6c2573ce-592a-4519-989c-2fd21d6918b7,"W", 10/23/2025 09:15:00 AM,"(UTC-07:00) Arizona",,,4470269,4441796,4498742,
PNTM9M2jMkKm3GLHpLiq3J4gE,"","North Campus",6c2573ce-592a-4519-989c-2fd21d6918b7,"W", 10/23/2025 09:30:00 AM,"(UTC-07:00) Arizona",,,4552562.5,4552562.5,4552562.5,
PNTM9M2jMkKm3GLHpLiq3J4gE,"","North Campus",6c2573ce-592a-4519-989c-2fd21d6918b7,"W", 10/23/2025 09:45:00 AM,"(UTC-07:00) Arizona",,,4430392.5,4430392.5,4430392.5,
PNTM9M2jMkKm3GLHpLiq3J4gE,"","North Campus",6c2573ce-592a-4519-989c-2fd21d6918b7,"W", 10/23/2025 10:00:00 AM,"(UTC-07:00) Arizona",,,4612429.75,4583506,4641353.5,
PNTM9M2jMkKm3GLHpLiq3J4gE,"","North Campus",6c2573ce-592a-4519-989c-2fd21d6918b7,"W", 10/23/2025 10:15:00 AM,"(UTC-07:00) Arizona",,,4511395.25,4495693,4527097.5,
PNTM9M2jMkKm3GLHpLiq3J4gE,"","North Campus",6c2573ce-592a-4519-989c-2fd21d6918b7,"W", 10/23/2025 10:30:00 AM,"(UTC-07:00) Arizona",,,4567054.833333333,4515143,4597179.5,
PNTM9M2jMkKm3GLHpLiq3J4gE,"","North Campus",6c2573ce-592a-4519-989c-2fd21d6918b7,"W", 10/23/2025 10:45:00 AM,"(UTC-07:00) Arizona",,,4673740,4668768.5,4678711.5,
PNTM9M2jMkKm3GLHpLiq3J4gE,"","North Campus",6c2573ce-592a-4519-989c-2fd21d6918b7,"W", 10/23/2025 11:00:00 AM,"(UTC-07:00) Arizona",,,4630115,4630115,4630115,
PNTM9M2jMkKm3GLHpLiq3J4gE,"","North Campus",6c2573ce-592a-4519-989c-2fd21d6918b7,"W", 10/23/2025 11:15:00 AM,"(UTC-07:00) Arizona",,,4617598.25,4597080.5,4638116,
PNTM9M2jMkKm3GLHpLiq3J4gE,"","North Campus",6c2573ce-592a-4519-989c-2fd21d6918b7,"W", 10/23/2025 11:30:00 AM,"(UTC-07:00) Arizona",,,4587333.5,4569062.5,4605604.5,
PNTM9M2jMkKm3GLHpLiq3J4gE,"","North Campus",6c2573ce-592a-4519-989c-2fd21d6918b7,"W", 10/23/2025 11:45:00 AM,"(UTC-07:00) Arizona",,,4713520.25,4666592.5,4760448,
PNTM9M2jMkKm3GLHpLiq3J4gE,"","North Campus",6c2573ce-592a-4519-989c-2fd21d6918b7,"W", 10/23/2025 12:00:00 PM,"(UTC-07:00) Arizona",,,4770933,4770933,4770933,
PNTM9M2jMkKm3GLHpLiq3J4gE,"","North Campus",6c2573ce-592a-4519-989c-2fd21d6918b7,"W", 10/23/2025 12:15:00 PM,"(UTC-07:00) Arizona",,,4698113.75,4653949,4742278.5,
PNTM9M2jMkKm3GLHpLiq3J4gE,"","North Campus",6c2573ce-592a-4519-989c-2fd21d6918b7,"W", 10/23/2025 12:30:00 PM,"(UTC-07:00) Arizona",,,4741972.5,4740158.5,4743786.5,
PNTM9M2jMkKm3GLHpLiq3J4gE,"","North Campus",6c2573ce-592a-4519-989c-2fd21d6918b7,"W", 10/23/2025 12:45:00 PM,"(UTC-07:00) Arizona",,,4805585,4790981.5,4820188.5,
PNTM9M2jMkKm3GLHpLiq3J4gE,"","North Campus",6c2573ce-592a-4519-989c-2fd21d6918b7,"W", 10/23/2025 01:00:00 PM,"(UTC-07:00) Arizona",,,5022169.5,5022169.5,5022169.5,
PNTM9M2jMkKm3GLHpLiq3J4gE,"","North Campus",6c2573ce-592a-4519-989c-2fd21d6918b7,"W", 10/23/2025 01:15:00 PM,"(UTC-07:00) Arizona",,,5052398.75,5048430.5,5056367,
PNTM9M2jMkKm3GLHpLiq3J4gE,"","North Campus",6c2573ce-592a-4519-989c-2fd21d6918b7,"W", 10/23/2025 01:30:00 PM,"(UTC-07:00) Arizona",,,5133695,5133695,5133695,
PNTM9M2jMkKm3GLHpLiq3J4gE,"","North Campus",6c2573ce-592a-4519-989c-2fd21d6918b7,"W", 10/23/2025 01:45:00 PM,"(UTC-07:00) Arizona",,,4926649,4685036.5,5168261.5,
PNTM9M2jMkKm3GLHpLiq3J4gE,"","North Campus",6c2573ce-592a-4519-989c-2fd21d6918b7,"W", 10/23/2025 02:00:00 PM,"(UTC-07:00) Arizona",,,4767833.5,4767833.5,4767833.5,
PNTM9M2jMkKm3GLHpLiq3J4gE,"","North Campus",6c2573ce-592a-4519-989c-2fd21d6918b7,"W", 10/23/2025 02:15:00 PM,"(UTC-07:00) Arizona",,,5069053,5069053,5069053,
PNTM9M2jMkKm3GLHpLiq3J4gE,"","North Campus",6c2573ce-592a-4519-989c-2fd21d6918b7,"W", 10/23/2025 02:30:00 PM,"(UTC-07:00) Arizona",,,4975136.25,4924037.5,5026235,
PNTM9M2jMkKm3GLHpLiq3J4gE,"","North Campus",6c2573ce-592a-4519-989c-2fd21d6918b7,"W", 10/23/2025 02:45:00 PM,"(UTC-07:00) Arizona",,,4962888,4962888,4962888,
PNTM9M2jMkKm3GLHpLiq3J4gE,"","North Campus",6c2573ce-592a-4519-989c-2fd21d6918b7,"W", 10/23/2025 03:00:00 PM,"(UTC-07:00) Arizona",,,4974983.5,4974983.5,4974983.5,
PNTM9M2jMkKm3GLHpLiq3J4gE,"","North Campus",6c2573ce-592a-4519-989c-2fd21d6918b7,"W", 10/23/2025 03:15:00 PM,"(UTC-07:00) Arizona",,,4949119,4949119,4949119,
PNTM9M2jMkKm3GLHpLiq3J4gE,"","North Campus",6c2573ce-592a-4519-989c-2fd21d6918b7,"W", 10/23/2025 03:30:00 PM,"(UTC-07:00) Arizona",,,4875912.75,4870899,4880926.5,
PNTM9M2jMkKm3GLHpLiq3J4gE,"","North Campus",6c2573ce-592a-4519-989c-2fd21d6918b7,"W", 10/23/2025 03:45:00 PM,"(UTC-07:00) Arizona",,,4944339.5,4944339.5,4944339.5,
PNTM9M2jMkKm3GLHpLiq3J4gE,"","North Campus",6c2573ce-592a-4519-989c-2fd21d6918b7,"W", 10/23/2025 04:00:00 PM,"(UTC-07:00) Arizona",,,4938782.5,4938782.5,4938782.5,
PNTM9M2jMkKm3GLHpLiq3J4gE,"","North Campus",6c2573ce-592a-4519-989c-2fd21d6918b7,"W", 10/23/2025 04:15:00 PM,"(UTC-07:00) Arizona",,,4865778.75,4858749.5,4872808,
PNTM9M2jMkKm3GLHpLiq3J4gE,"","North Campus",6c2573ce-592a-4519-989c-2fd21d6918b7,"W", 10/23/2025 04:30:00 PM,"(UTC-07:00) Arizona",,,4909424,4909424,4909424,
PNTM9M2jMkKm3GLHpLiq3J4gE,"","North Campus",6c2573ce-592a-4519-989c-2fd21d6918b7,"W", 10/23/2025 04:45:00 PM,"(UTC-07:00) Arizona",,,4796655.5,4796655.5,4796655.5,
PNTM9M2jMkKm3GLHpLiq3J4gE,"","North Campus",6c2573ce-592a-4519-989c-2fd21d6918b7,"W", 10/23/2025 05:00:00 PM,"(UTC-07:00) Arizona",,,4782410.25,4748723.5,4816097,
PNTM9M2jMkKm3GLHpLiq3J4gE,"","North Campus",6c2573ce-592a-4519-989c-2fd21d6918b7,"W", 10/23/2025 05:15:00 PM,"(UTC-07:00) Arizona",,,4740950,4740950,4740950,
PNTM9M2jMkKm3GLHpLiq3J4gE,"","North Campus",6c2573ce-592a-4519-989c-2fd21d6918b7,"W", 10/23/2025 05:30:00 PM,"(UTC-07:00) Arizona",,,4798766,4798766,4798766,
PNTM9M2jMkKm3GLHpLiq3J4gE,"","North Campus",6c2573ce-592a-4519-989c-2fd21d6918b7,"W", 10/23/2025 05:45:00 PM,"(UTC-07:00) Arizona",,,4742989.5,4682607.5,4803371.5,
PNTM9M2jMkKm3GLHpLiq3J4gE,"","North Campus",6c2573ce-592a-4519-989c-2fd21d6918b7,"W", 10/23/2025 06:00:00 PM,"(UTC-07:00) Arizona",,,4686655,4686655,4686655,
PNTM9M2jMkKm3GLHpLiq3J4gE,"","North Campus",6c2573ce-592a-4519-989c-2fd21d6918b7,"W", 10/23/2025 06:15:00 PM,"(UTC-07:00) Arizona",,,4666917,4666917,4666917,
PNTM9M2jMkKm3GLHpLiq3J4gE,"","North Campus",6c2573ce-592a-4519-989c-2fd21d6918b7,"W", 10/23/2025 06:30:00 PM,"(UTC-07:00) Arizona",,,4671915.5,4655376,4688455,
PNTM9M2jMkKm3GLHpLiq3J4gE,"","North Campus",6c2573ce-592a-4519-989c-2fd21d6918b7,"W", 10/23/2025 06:45:00 PM,"(UTC-07:00) Arizona",,,4726302,4726302,4726302,
PNTM9M2jMkKm3GLHpLiq3J4gE,"","North Campus",6c2573ce-592a-4519-989c-2fd21d6918b7,"W", 10/23/2025 07:00:00 PM,"(UTC-07:00) Arizona",,,4426411.5,4398336,4454487,
PNTM9M2jMkKm3GLHpLiq3J4gE,"","North Campus",6c2573ce-592a-4519-989c-2fd21d6918b7,"W", 10/23/2025 07:15:00 PM,"(UTC-07:00) Arizona",,,4468692.5,4468692.5,4468692.5,
PNTM9M2jMkKm3GLHpLiq3J4gE,"","North Campus",6c2573ce-592a-4519-989c-2fd21d6918b7,"W", 10/23/2025 07:30:00 PM,"(UTC-07:00) Arizona",,,4503355,4503355,4503355,
PNTM9M2jMkKm3GLHpLiq3J4gE,"","North Campus",6c2573ce-592a-4519-989c-2fd21d6918b7,"W", 10/23/2025 07:45:00 PM,"(UTC-07:00) Arizona",,,4429194.5,4429194.5,4429194.5,
PNTM9M2jMkKm3GLHpLiq3J4gE,"","North Campus",6c2573ce-592a-4519-989c-2fd21d6918b7,"W", 10/23/2025 08:00:00 PM,"(UTC-07:00) Arizona",,,4379574.5,4346247,4412902,
PNTM9M2jMkKm3GLHpLiq3J4gE,"","North Campus",6c2573ce-592a-4519-989c-2fd21d6918b7,"W", 10/23/2025 08:15:00 PM,"(UTC-07:00) Arizona",,,4232058,4232058,4232058,
PNTM9M2jMkKm3GLHpLiq3J4gE,"","North Campus",6c2573ce-592a-4519-989c-2fd21d6918b7,"W", 10/23/2025 08:30:00 PM,"(UTC-07:00) Arizona",,,4247847.5,4247847.5,4247847.5,
PNTM9M2jMkKm3GLHpLiq3J4gE,"","North Campus",6c2573ce-592a-4519-989c-2fd21d6918b7,"W", 10/23/2025 08:45:00 PM,"(UTC-07:00) Arizona",,,4193527.1,4190588.2,4196466,
PNTM9M2jMkKm3GLHpLiq3J4gE,"","North Campus",6c2573ce-592a-4519-989c-2fd21d6918b7,"W", 10/23/2025 09:00:00 PM,"(UTC-07:00) Arizona",,,4176812.2,4176812.2,4176812.2,
PNTM9M2jMkKm3GLHpLiq3J4gE,"","North Campus",6c2573ce-592a-4519-989c-2fd21d6918b7,"W", 10/23/2025 09:15:00 PM,"(UTC-07:00) Arizona",,,4100575.5,4095490.5,4105660.5,
PNTM9M2jMkKm3GLHpLiq3J4gE,"","North Campus",6c2573ce-592a-4519-989c-2fd21d6918b7,"W", 10/23/2025 09:30:00 PM,"(UTC-07:00) Arizona",,,4088216.2,4088216.2,4088216.2,
PNTM9M2jMkKm3GLHpLiq3J4gE,"","North Campus",6c2573ce-592a-4519-989c-2fd21d6918b7,"W", 10/23/2025 09:45:00 PM,"(UTC-07:00) Arizona",,,3980665,3980665,3980665,
PNTM9M2jMkKm3GLHpLiq3J4gE,"","North Campus",6c2573ce-592a-4519-989c-2fd21d6918b7,"W", 10/23/2025 10:00:00 PM,"(UTC-07:00) Arizona",,,3882103.85,3859673.2,3904534.5,
PNTM9M2jMkKm3GLHpLiq3J4gE,"","North Campus",6c2573ce-592a-4519-989c-2fd21d6918b7,"W", 10/23/2025 10:15:00 PM,"(UTC-07:00) Arizona",,,3861061.5,3861061.5,3861061.5,
PNTM9M2jMkKm3GLHpLiq3J4gE,"","North Campus",6c2573ce-592a-4519-989c-2fd21d6918b7,"W", 10/23/2025 10:30:00 PM,"(UTC-07:00) Arizona",,,3877786.8,3877786.8,3877786.8,
PNTM9M2jMkKm3GLHpLiq3J4gE,"","North Campus",6c2573ce-592a-4519-989c-2fd21d6918b7,"W", 10/23/2025 10:45:00 PM,"(UTC-07:00) Arizona",,,3735034.5,3669837.2,3800231.8,
PNTM9M2jMkKm3GLHpLiq3J4gE,"","North Campus",6c2573ce-592a-4519-989c-2fd21d6918b7,"W", 10/23/2025 11:00:00 PM,"(UTC-07:00) Arizona",,,3710131.8,3710131.8,3710131.8,
PNTM9M2jMkKm3GLHpLiq3J4gE,"","North Campus",6c2573ce-592a-4519-989c-2fd21d6918b7,"W", 10/23/2025 11:15:00 PM,"(UTC-07:00) Arizona",,,3673564.8,3673564.8,3673564.8,
PNTM9M2jMkKm3GLHpLiq3J4gE,"","North Campus",6c2573ce-592a-4519-989c-2fd21d6918b7,"W", 10/23/2025 11:30:00 PM,"(UTC-07:00) Arizona",,,3629010,3629010,3629010,
PNTM9M2jMkKm3GLHpLiq3J4gE,"","North Campus",6c2573ce-592a-4519-989c-2fd21d6918b7,"W", 10/23/2025 11:45:00 PM,"(UTC-07:00) Arizona",,,3649289.5,3621232.5,3677346.5,
PNTM9M2jMkKm3GLHpLiq3J4gE,"","North Campus",6c2573ce-592a-4519-989c-2fd21d6918b7,"W", 10/24/2025 12:00:00 AM,"(UTC-07:00) Arizona",,,3608857.2,3608857.2,3608857.2,
PNTM9M2jMkKm3GLHpLiq3J4gE,"","North Campus",6c2573ce-592a-4519-989c-2fd21d6918b7,"W", 10/24/2025 12:15:00 AM,"(UTC-07:00) Arizona",,,3566866.9,3543767.8,3589966,
PNTM9M2jMkKm3GLHpLiq3J4gE,"","North Campus",6c2573ce-592a-4519-989c-2fd21d6918b7,"W", 10/24/2025 12:30:00 AM,"(UTC-07:00) Arizona",,,3528667,3528667,3528667,
PNTM9M2jMkKm3GLHpLiq3J4gE,"","North Campus",6c2573ce-592a-4519-989c-2fd21d6918b7,"W", 10/24/2025 12:45:00 AM,"(UTC-07:00) Arizona",,,3502451.2,3502451.2,3502451.2,
PNTM9M2jMkKm3GLHpLiq3J4gE,"","North Campus",6c2573ce-592a-4519-989c-2fd21d6918b7,"W", 10/24/2025 01:00:00 AM,"(UTC-07:00) Arizona",,,3485198.2,3485198.2,3485198.2,
PNTM9M2jMkKm3GLHpLiq3J4gE,"","North Campus",6c2573ce-592a-4519-989c-2fd21d6918b7,"W", 10/24/2025 01:15:00 AM,"(UTC-07:00) Arizona",,,3467587.4,3466729.8,3468445,
PNTM9M2jMkKm3GLHpLiq3J4gE,"","North Campus",6c2573ce-592a-4519-989c-2fd21d6918b7,"W", 10/24/2025 01:30:00 AM,"(UTC-07:00) Arizona",,,3448954.2,3448954.2,3448954.2,
PNTM9M2jMkKm3GLHpLiq3J4gE,"","North Campus",6c2573ce-592a-4519-989c-2fd21d6918b7,"W", 10/24/2025 01:45:00 AM,"(UTC-07:00) Arizona",,,3432042.2,3432042.2,3432042.2,
PNTM9M2jMkKm3GLHpLiq3J4gE,"","North Campus",6c2573ce-592a-4519-989c-2fd21d6918b7,"W", 10/24/2025 02:00:00 AM,"(UTC-07:00) Arizona",,,3421329.15,3415273.5,3427384.8,
PNTM9M2jMkKm3GLHpLiq3J4gE,"","North Campus",6c2573ce-592a-4519-989c-2fd21d6918b7,"W", 10/24/2025 02:15:00 AM,"(UTC-07:00) Arizona",,,3417660.2,3417660.2,3417660.2,
PNTM9M2jMkKm3GLHpLiq3J4gE,"","North Campus",6c2573ce-592a-4519-989c-2fd21d6918b7,"W", 10/24/2025 02:30:00 AM,"(UTC-07:00) Arizona",,,3369742.5,3356121.8,3383363.2,
PNTM9M2jMkKm3GLHpLiq3J4gE,"","North Campus",6c2573ce-592a-4519-989c-2fd21d6918b7,"W", 10/24/2025 02:45:00 AM,"(UTC-07:00) Arizona",,,3372907.5,3372907.5,3372907.5,
PNTM9M2jMkKm3GLHpLiq3J4gE,"","North Campus",6c2573ce-592a-4519-989c-2fd21d6918b7,"W", 10/24/2025 03:00:00 AM,"(UTC-07:00) Arizona",,,3445164.8,3445164.8,3445164.8,
PNTM9M2jMkKm3GLHpLiq3J4gE,"","North Campus",6c2573ce-592a-4519-989c-2fd21d6918b7,"W", 10/24/2025 03:15:00 AM,"(UTC-07:00) Arizona",,,3382441.2,3382441.2,3382441.2,
PNTM9M2jMkKm3GLHpLiq3J4gE,"","North Campus",6c2573ce-592a-4519-989c-2fd21d6918b7,"W", 10/24/2025 03:30:00 AM,"(UTC-07:00) Arizona",,,3393828.7,3358690.2,3428967.2,
PNTM9M2jMkKm3GLHpLiq3J4gE,"","North Campus",6c2573ce-592a-4519-989c-2fd21d6918b7,"W", 10/24/2025 03:45:00 AM,"(UTC-07:00) Arizona",,,3397895.2,3397895.2,3397895.2,
PNTM9M2jMkKm3GLHpLiq3J4gE,"","North Campus",6c2573ce-592a-4519-989c-2fd21d6918b7,"W", 10/24/2025 04:00:00 AM,"(UTC-07:00) Arizona",,,3496262.9,3494433,3498092.8,
PNTM9M2jMkKm3GLHpLiq3J4gE,"","North Campus",6c2573ce-592a-4519-989c-2fd21d6918b7,"W", 10/24/2025 04:15:00 AM,"(UTC-07:00) Arizona",,,3512460,3512460,3512460,
PNTM9M2jMkKm3GLHpLiq3J4gE,"","North Campus",6c2573ce-592a-4519-989c-2fd21d6918b7,"W", 10/24/2025 04:30:00 AM,"(UTC-07:00) Arizona",,,3522875,3522875,3522875,
PNTM9M2jMkKm3GLHpLiq3J4gE,"","North Campus",6c2573ce-592a-4519-989c-2fd21d6918b7,"W", 10/24/2025 04:45:00 AM,"(UTC-07:00) Arizona",,,3559685.2,3559685.2,3559685.2,
PNTM9M2jMkKm3GLHpLiq3J4gE,"","North Campus",6c2573ce-592a-4519-989c-2fd21d6918b7,"W", 10/24/2025 05:00:00 AM,"(UTC-07:00) Arizona",,,3589146.5,3589146.5,3589146.5,
PNTM9M2jMkKm3GLHpLiq3J4gE,"","North Campus",6c2573ce-592a-4519-989c-2fd21d6918b7,"W", 10/24/2025 05:15:00 AM,"(UTC-07:00) Arizona",,,3610895.65,3608591.5,3613199.8,
PNTM9M2jMkKm3GLHpLiq3J4gE,"","North Campus",6c2573ce-592a-4519-989c-2fd21d6918b7,"W", 10/24/2025 05:30:00 AM,"(UTC-07:00) Arizona",,,3652957.8,3652957.8,3652957.8,
PNTM9M2jMkKm3GLHpLiq3J4gE,"","North Campus",6c2573ce-592a-4519-989c-2fd21d6918b7,"W", 10/24/2025 05:45:00 AM,"(UTC-07:00) Arizona",,,3650168.2,3650168.2,3650168.2,
PNTM9M2jMkKm3GLHpLiq3J4gE,"","North Campus",6c2573ce-592a-4519-989c-2fd21d6918b7,"W", 10/24/2025 06:00:00 AM,"(UTC-07:00) Arizona",,,3746488,3713887,3779089,
PNTM9M2jMkKm3GLHpLiq3J4gE,"","North Campus",6c2573ce-592a-4519-989c-2fd21d6918b7,"W", 10/24/2025 06:15:00 AM,"(UTC-07:00) Arizona",,,3838160,3838160,3838160,
PNTM9M2jMkKm3GLHpLiq3J4gE,"","North Campus",6c2573ce-592a-4519-989c-2fd21d6918b7,"W", 10/24/2025 06:30:00 AM,"(UTC-07:00) Arizona",,,3871556.8,3871556.8,3871556.8,
PNTM9M2jMkKm3GLHpLiq3J4gE,"","North Campus",6c2573ce-592a-4519-989c-2fd21d6918b7,"W", 10/24/2025 06:45:00 AM,"(UTC-07:00) Arizona",,,3951162.75,3897153.5,4005172,
PNTM9M2jMkKm3GLHpLiq3J4gE,"","North Campus",6c2573ce-592a-4519-989c-2fd21d6918b7,"W", 10/24/2025 07:00:00 AM,"(UTC-07:00) Arizona",,,4038382.5,4038382.5,4038382.5,
PNTM9M2jMkKm3GLHpLiq3J4gE,"","North Campus",6c2573ce-592a-4519-989c-2fd21d6918b7,"W", 10/24/2025 07:15:00 AM,"(UTC-07:00) Arizona",,,4072423.8,4072423.8,4072423.8,
PNTM9M2jMkKm3GLHpLiq3J4gE,"","North Campus",6c2573ce-592a-4519-989c-2fd21d6918b7,"W", 10/24/2025 07:30:00 AM,"(UTC-07:00) Arizona",,,4065340.5,4005393.2,4125287.8,
PNTM9M2jMkKm3GLHpLiq3J4gE,"","North Campus",6c2573ce-592a-4519-989c-2fd21d6918b7,"W", 10/24/2025 07:45:00 AM,"(UTC-07:00) Arizona",,,4195331.5,4195331.5,4195331.5,
PNTM9M2jMkKm3GLHpLiq3J4gE,"","North Campus",6c2573ce-592a-4519-989c-2fd21d6918b7,"W", 10/24/2025 08:00:00 AM,"(UTC-07:00) Arizona",,,4335188,4300623,4369753,
PNTM9M2jMkKm3GLHpLiq3J4gE,"","North Campus",6c2573ce-592a-4519-989c-2fd21d6918b7,"W", 10/24/2025 08:15:00 AM,"(UTC-07:00) Arizona",,,4265568,4265568,4265568,
PNTM9M2jMkKm3GLHpLiq3J4gE,"","North Campus",6c2573ce-592a-4519-989c-2fd21d6918b7,"W", 10/24/2025 08:30:00 AM,"(UTC-07:00) Arizona",,,4293886.5,4293886.5,4293886.5,
PNTM9M2jMkKm3GLHpLiq3J4gE,"","North Campus",6c2573ce-592a-4519-989c-2fd21d6918b7,"W", 10/24/2025 08:45:00 AM,"(UTC-07:00) Arizona",,,4400848.5,4400848.5,4400848.5,
PNTM9M2jMkKm3GLHpLiq3J4gE,"","North Campus",6c2573ce-592a-4519-989c-2fd21d6918b7,"W", 10/24/2025 09:00:00 AM,"(UTC-07:00) Arizona",,,4440126,4440126,4440126,
PNTM9M2jMkKm3GLHpLiq3J4gE,"","North Campus",6c2573ce-592a-4519-989c-2fd21d6918b7,"W", 10/24/2025 09:15:00 AM,"(UTC-07:00) Arizona",,,4375198,4375198,4375198,
PNTM9M2jMkKm3GLHpLiq3J4gE,"","North Campus",6c2573ce-592a-4519-989c-2fd21d6918b7,"W", 10/24/2025 09:30:00 AM,"(UTC-07:00) Arizona",,,4399638,4399638,4399638,
PNTM9M2jMkKm3GLHpLiq3J4gE,"","North Campus",6c2573ce-592a-4519-989c-2fd21d6918b7,"W", 10/24/2025 09:45:00 AM,"(UTC-07:00) Arizona",,,4450156,4366811,4533501,
PNTM9M2jMkKm3GLHpLiq3J4gE,"","North Campus",6c2573ce-592a-4519-989c-2fd21d6918b7,"W", 10/24/2025 10:00:00 AM,"(UTC-07:00) Arizona",,,4450142,4450142,4450142,
PNTM9M2jMkKm3GLHpLiq3J4gE,"","North Campus",6c2573ce-592a-4519-989c-2fd21d6918b7,"W", 10/24/2025 10:15:00 AM,"(UTC-07:00) Arizona",,,4405672.5,4405672.5,4405672.5,
PNTM9M2jMkKm3GLHpLiq3J4gE,"","North Campus",6c2573ce-592a-4519-989c-2fd21d6918b7,"W", 10/24/2025 10:30:00 AM,"(UTC-07:00) Arizona",,,4472336,4458654,4486018,
PNTM9M2jMkKm3GLHpLiq3J4gE,"","North Campus",6c2573ce-592a-4519-989c-2fd21d6918b7,"W", 10/24/2025 10:45:00 AM,"(UTC-07:00) Arizona",,,4540338,4540338,4540338,
PNTM9M2jMkKm3GLHpLiq3J4gE,"","North Campus",6c2573ce-592a-4519-989c-2fd21d6918b7,"W", 10/24/2025 11:00:00 AM,"(UTC-07:00) Arizona",,,4731767.5,4600255,4863280,
PNTM9M2jMkKm3GLHpLiq3J4gE,"","North Campus",6c2573ce-592a-4519-989c-2fd21d6918b7,"W", 10/24/2025 11:15:00 AM,"(UTC-07:00) Arizona",,,4774101,4774101,4774101,
PNTM9M2jMkKm3GLHpLiq3J4gE,"","North Campus",6c2573ce-592a-4519-989c-2fd21d6918b7,"W", 10/24/2025 11:30:00 AM,"(UTC-07:00) Arizona",,,4561071.5,4561071.5,4561071.5,
PNTM9M2jMkKm3GLHpLiq3J4gE,"","North Campus",6c2573ce-592a-4519-989c-2fd21d6918b7,"W", 10/24/2025 11:45:00 AM,"(UTC-07:00) Arizona",,,4812551.5,4812551.5,4812551.5,
PNTM9M2jMkKm3GLHpLiq3J4gE,"","North Campus",6c2573ce-592a-4519-989c-2fd21d6918b7,"W", 10/24/2025 12:00:00 PM,"(UTC-07:00) Arizona",,,4657240.25,4605289.5,4709191,
PNTM9M2jMkKm3GLHpLiq3J4gE,"","North Campus",6c2573ce-592a-4519-989c-2fd21d6918b7,"W", 10/24/2025 12:15:00 PM,"(UTC-07:00) Arizona",,,4893552,4893552,4893552,
PNTM9M2jMkKm3GLHpLiq3J4gE,"","North Campus",6c2573ce-592a-4519-989c-2fd21d6918b7,"W", 10/24/2025 12:30:00 PM,"(UTC-07:00) Arizona",,,4878091.25,4874952.5,4881230,
PNTM9M2jMkKm3GLHpLiq3J4gE,"","North Campus",6c2573ce-592a-4519-989c-2fd21d6918b7,"W", 10/24/2025 12:45:00 PM,"(UTC-07:00) Arizona",,,4877151,4877151,4877151,
PNTM9M2jMkKm3GLHpLiq3J4gE,"","North Campus",6c2573ce-592a-4519-989c-2fd21d6918b7,"W", 10/24/2025 01:00:00 PM,"(UTC-07:00) Arizona",,,4809035.5,4809035.5,4809035.5,
PNTM9M2jMkKm3GLHpLiq3J4gE,"","North Campus",6c2573ce-592a-4519-989c-2fd21d6918b7,"W", 10/24/2025 01:15:00 PM,"(UTC-07:00) Arizona",,,4627465.5,4501237,4753694,
PNTM9M2jMkKm3GLHpLiq3J4gE,"","North Campus",6c2573ce-592a-4519-989c-2fd21d6918b7,"W", 10/24/2025 01:30:00 PM,"(UTC-07:00) Arizona",,,4649370,4649370,4649370,
PNTM9M2jMkKm3GLHpLiq3J4gE,"","North Campus",6c2573ce-592a-4519-989c-2fd21d6918b7,"W", 10/24/2025 01:45:00 PM,"(UTC-07:00) Arizona",,,4803965,4803965,4803965,
PNTM9M2jMkKm3GLHpLiq3J4gE,"","North Campus",6c2573ce-592a-4519-989c-2fd21d6918b7,"W", 10/24/2025 02:00:00 PM,"(UTC-07:00) Arizona",,,4843435.5,4843435.5,4843435.5,
PNTM9M2jMkKm3GLHpLiq3J4gE,"","North Campus",6c2573ce-592a-4519-989c-2fd21d6918b7,"W", 10/24/2025 02:15:00 PM,"(UTC-07:00) Arizona",,,4603643.25,4526813,4680473.5,
PNTM9M2jMkKm3GLHpLiq3J4gE,"","North Campus",6c2573ce-592a-4519-989c-2fd21d6918b7,"W", 10/24/2025 02:30:00 PM,"(UTC-07:00) Arizona",,,4622654,4622654,4622654,
PNTM9M2jMkKm3GLHpLiq3J4gE,"","North Campus",6c2573ce-592a-4519-989c-2fd21d6918b7,"W", 10/24/2025 02:45:00 PM,"(UTC-07:00) Arizona",,,4728352,4728352,4728352,
PNTM9M2jMkKm3GLHpLiq3J4gE,"","North Campus",6c2573ce-592a-4519-989c-2fd21d6918b7,"W", 10/24/2025 03:00:00 PM,"(UTC-07:00) Arizona",,,4703164,4703164,4703164,
PNTM9M2jMkKm3GLHpLiq3J4gE,"","North Campus",6c2573ce-592a-4519-989c-2fd21d6918b7,"W", 10/24/2025 03:15:00 PM,"(UTC-07:00) Arizona",,,4548880,4548880,4548880,
PNTM9M2jMkKm3GLHpLiq3J4gE,"","North Campus",6c2573ce-592a-4519-989c-2fd21d6918b7,"W", 10/24/2025 03:30:00 PM,"(UTC-07:00) Arizona",,,4678158.5,4678158.5,4678158.5,
PNTM9M2jMkKm3GLHpLiq3J4gE,"","North Campus",6c2573ce-592a-4519-989c-2fd21d6918b7,"W", 10/24/2025 03:45:00 PM,"(UTC-07:00) Arizona",,,4692897,4671449,4714345,
PNTM9M2jMkKm3GLHpLiq3J4gE,"","North Campus",6c2573ce-592a-4519-989c-2fd21d6918b7,"W", 10/24/2025 04:00:00 PM,"(UTC-07:00) Arizona",,,4660797.5,4660797.5,4660797.5,
PNTM9M2jMkKm3GLHpLiq3J4gE,"","North Campus",6c2573ce-592a-4519-989c-2fd21d6918b7,"W", 10/24/2025 04:15:00 PM,"(UTC-07:00) Arizona",,,4832274.5,4832274.5,4832274.5,
PNTM9M2jMkKm3GLHpLiq3J4gE,"","North Campus",6c2573ce-592a-4519-989c-2fd21d6918b7,"W", 10/24/2025 04:30:00 PM,"(UTC-07:00) Arizona",,,4821507.5,4821507.5,4821507.5,
PNTM9M2jMkKm3GLHpLiq3J4gE,"","North Campus",6c2573ce-592a-4519-989c-2fd21d6918b7,"W", 10/24/2025 04:45:00 PM,"(UTC-07:00) Arizona",,,4666318.75,4602409,4730228.5,
PNTM9M2jMkKm3GLHpLiq3J4gE,"","North Campus",6c2573ce-592a-4519-989c-2fd21d6918b7,"W", 10/24/2025 05:00:00 PM,"(UTC-07:00) Arizona",,,4558585,4558585,4558585,
PNTM9M2jMkKm3GLHpLiq3J4gE,"","North Campus",6c2573ce-592a-4519-989c-2fd21d6918b7,"W", 10/24/2025 05:15:00 PM,"(UTC-07:00) Arizona",,,4533623,4504087.5,4563158.5,
PNTM9M2jMkKm3GLHpLiq3J4gE,"","North Campus",6c2573ce-592a-4519-989c-2fd21d6918b7,"W", 10/24/2025 05:30:00 PM,"(UTC-07:00) Arizona",,,4482038.5,4482038.5,4482038.5,
PNTM9M2jMkKm3GLHpLiq3J4gE,"","North Campus",6c2573ce-592a-4519-989c-2fd21d6918b7,"W", 10/24/2025 05:45:00 PM,"(UTC-07:00) Arizona",,,4600942,4600942,4600942,
PNTM9M2jMkKm3GLHpLiq3J4gE,"","North Campus",6c2573ce-592a-4519-989c-2fd21d6918b7,"W", 10/24/2025 06:00:00 PM,"(UTC-07:00) Arizona",,,4523570.25,4473383.5,4573757,
PNTM9M2jMkKm3GLHpLiq3J4gE,"","North Campus",6c2573ce-592a-4519-989c-2fd21d6918b7,"W", 10/24/2025 06:15:00 PM,"(UTC-07:00) Arizona",,,4467037.5,4467037.5,4467037.5,
PNTM9M2jMkKm3GLHpLiq3J4gE,"","North Campus",6c2573ce-592a-4519-989c-2fd21d6918b7,"W", 10/24/2025 06:30:00 PM,"(UTC-07:00) Arizona",,,4513250.5,4513250.5,4513250.5,
PNTM9M2jMkKm3GLHpLiq3J4gE,"","North Campus",6c2573ce-592a-4519-989c-2fd21d6918b7,"W", 10/24/2025 06:45:00 PM,"(UTC-07:00) Arizona",,,4401110.25,4369155.5,4433065,
PNTM9M2jMkKm3GLHpLiq3J4gE,"","North Campus",6c2573ce-592a-4519-989c-2fd21d6918b7,"W", 10/24/2025 07:00:00 PM,"(UTC-07:00) Arizona",,,4307989.5,4307989.5,4307989.5,
PNTM9M2jMkKm3GLHpLiq3J4gE,"","North Campus",6c2573ce-592a-4519-989c-2fd21d6918b7,"W", 10/24/2025 07:15:00 PM,"(UTC-07:00) Arizona",,,4289751,4289751,4289751,
PNTM9M2jMkKm3GLHpLiq3J4gE,"","North Campus",6c2573ce-592a-4519-989c-2fd21d6918b7,"W", 10/24/2025 07:30:00 PM,"(UTC-07:00) Arizona",,,4219411.4,4191824.8,4246998,
PNTM9M2jMkKm3GLHpLiq3J4gE,"","North Campus",6c2573ce-592a-4519-989c-2fd21d6918b7,"W", 10/24/2025 07:45:00 PM,"(UTC-07:00) Arizona",,,4122627.5,4122627.5,4122627.5,
PNTM9M2jMkKm3GLHpLiq3J4gE,"","North Campus",6c2573ce-592a-4519-989c-2fd21d6918b7,"W", 10/24/2025 08:00:00 PM,"(UTC-07:00) Arizona",,,4071405,4071405,4071405,
PNTM9M2jMkKm3GLHpLiq3J4gE,"","North Campus",6c2573ce-592a-4519-989c-2fd21d6918b7,"W", 10/24/2025 08:15:00 PM,"(UTC-07:00) Arizona",,,4090697.85,4089099.5,4092296.2,
PNTM9M2jMkKm3GLHpLiq3J4gE,"","North Campus",6c2573ce-592a-4519-989c-2fd21d6918b7,"W", 10/24/2025 08:30:00 PM,"(UTC-07:00) Arizona",,,4054748.5,4054748.5,4054748.5,
PNTM9M2jMkKm3GLHpLiq3J4gE,"","North Campus",6c2573ce-592a-4519-989c-2fd21d6918b7,"W", 10/24/2025 08:45:00 PM,"(UTC-07:00) Arizona",,,4041107.75,3997478.5,4084737,
PNTM9M2jMkKm3GLHpLiq3J4gE,"","North Campus",6c2573ce-592a-4519-989c-2fd21d6918b7,"W", 10/24/2025 09:00:00 PM,"(UTC-07:00) Arizona",,,3839406.5,3810893.2,3867919.8,
PNTM9M2jMkKm3GLHpLiq3J4gE,"","North Campus",6c2573ce-592a-4519-989c-2fd21d6918b7,"W", 10/24/2025 09:15:00 PM,"(UTC-07:00) Arizona",,,3806186.35,3784601.2,3827771.5,
PNTM9M2jMkKm3GLHpLiq3J4gE,"","North Campus",6c2573ce-592a-4519-989c-2fd21d6918b7,"W", 10/24/2025 09:30:00 PM,"(UTC-07:00) Arizona",,,3813957.25,3812683.5,3815231,
PNTM9M2jMkKm3GLHpLiq3J4gE,"","North Campus",6c2573ce-592a-4519-989c-2fd21d6918b7,"W", 10/24/2025 09:45:00 PM,"(UTC-07:00) Arizona",,,3762385.35,3738068.5,3786702.2,
PNTM9M2jMkKm3GLHpLiq3J4gE,"","North Campus",6c2573ce-592a-4519-989c-2fd21d6918b7,"W", 10/24/2025 10:00:00 PM,"(UTC-07:00) Arizona",,,3751376.2,3751376.2,3751376.2,
PNTM9M2jMkKm3GLHpLiq3J4gE,"","North Campus",6c2573ce-592a-4519-989c-2fd21d6918b7,"W", 10/24/2025 10:15:00 PM,"(UTC-07:00) Arizona",,,3670155.35,3613745.5,3726565.2,
PNTM9M2jMkKm3GLHpLiq3J4gE,"","North Campus",6c2573ce-592a-4519-989c-2fd21d6918b7,"W", 10/24/2025 10:30:00 PM,"(UTC-07:00) Arizona",,,3607160.15,3590552.5,3623767.8,
PNTM9M2jMkKm3GLHpLiq3J4gE,"","North Campus",6c2573ce-592a-4519-989c-2fd21d6918b7,"W", 10/24/2025 10:45:00 PM,"(UTC-07:00) Arizona",,,3652495.1666666665,3632666.8,3666814.5,
PNTM9M2jMkKm3GLHpLiq3J4gE,"","North Campus",6c2573ce-592a-4519-989c-2fd21d6918b7,"W", 10/24/2025 11:00:00 PM,"(UTC-07:00) Arizona",,,3589758.5,3572981.8,3606535.2,
PNTM9M2jMkKm3GLHpLiq3J4gE,"","North Campus",6c2573ce-592a-4519-989c-2fd21d6918b7,"W", 10/24/2025 11:15:00 PM,"(UTC-07:00) Arizona",,,3575395.35,3569790.2,3581000.5,
PNTM9M2jMkKm3GLHpLiq3J4gE,"","North Campus",6c2573ce-592a-4519-989c-2fd21d6918b7,"W", 10/24/2025 11:30:00 PM,"(UTC-07:00) Arizona",,,3541558,3527925.5,3549838,
PNTM9M2jMkKm3GLHpLiq3J4gE,"","North Campus",6c2573ce-592a-4519-989c-2fd21d6918b7,"W", 10/24/2025 11:45:00 PM,"(UTC-07:00) Arizona",,,3539613.6,3520947,3558280.2,
PNTM9M2jMkKm3GLHpLiq3J4gE,"","North Campus",6c2573ce-592a-4519-989c-2fd21d6918b7,"W", 10/25/2025 12:00:00 AM,"(UTC-07:00) Arizona",,,3489170.8,3489170.8,3489170.8,
PNTM9M2jMkKm3GLHpLiq3J4gE,"","North Campus",6c2573ce-592a-4519-989c-2fd21d6918b7,"W", 10/25/2025 12:15:00 AM,"(UTC-07:00) Arizona",,,3464655.9,3430790,3498521.8,
PNTM9M2jMkKm3GLHpLiq3J4gE,"","North Campus",6c2573ce-592a-4519-989c-2fd21d6918b7,"W", 10/25/2025 12:30:00 AM,"(UTC-07:00) Arizona",,,3419273.5,3419273.5,3419273.5,
PNTM9M2jMkKm3GLHpLiq3J4gE,"","North Campus",6c2573ce-592a-4519-989c-2fd21d6918b7,"W", 10/25/2025 12:45:00 AM,"(UTC-07:00) Arizona",,,3440707.5,3440707.5,3440707.5,
PNTM9M2jMkKm3GLHpLiq3J4gE,"","North Campus",6c2573ce-592a-4519-989c-2fd21d6918b7,"W", 10/25/2025 01:00:00 AM,"(UTC-07:00) Arizona",,,3396639.75,3395487.5,3397792,
PNTM9M2jMkKm3GLHpLiq3J4gE,"","North Campus",6c2573ce-592a-4519-989c-2fd21d6918b7,"W", 10/25/2025 01:15:00 AM,"(UTC-07:00) Arizona",,,3366520.2,3366520.2,3366520.2,
PNTM9M2jMkKm3GLHpLiq3J4gE,"","North Campus",6c2573ce-592a-4519-989c-2fd21d6918b7,"W", 10/25/2025 01:30:00 AM,"(UTC-07:00) Arizona",,,3396423,3396423,3396423,
PNTM9M2jMkKm3GLHpLiq3J4gE,"","North Campus",6c2573ce-592a-4519-989c-2fd21d6918b7,"W", 10/25/2025 01:45:00 AM,"(UTC-07:00) Arizona",,,3289152.5,3289152.5,3289152.5,
PNTM9M2jMkKm3GLHpLiq3J4gE,"","North Campus",6c2573ce-592a-4519-989c-2fd21d6918b7,"W", 10/25/2025 02:00:00 AM,"(UTC-07:00) Arizona",,,3302434.2,3302434.2,3302434.2,
PNTM9M2jMkKm3GLHpLiq3J4gE,"","North Campus",6c2573ce-592a-4519-989c-2fd21d6918b7,"W", 10/25/2025 02:15:00 AM,"(UTC-07:00) Arizona",,,3319636.15,3310627.8,3328644.5,
PNTM9M2jMkKm3GLHpLiq3J4gE,"","North Campus",6c2573ce-592a-4519-989c-2fd21d6918b7,"W", 10/25/2025 02:30:00 AM,"(UTC-07:00) Arizona",,,3311861.5,3311861.5,3311861.5,
PNTM9M2jMkKm3GLHpLiq3J4gE,"","North Campus",6c2573ce-592a-4519-989c-2fd21d6918b7,"W", 10/25/2025 02:45:00 AM,"(UTC-07:00) Arizona",,,3316073.75,3302911,3329236.5,
PNTM9M2jMkKm3GLHpLiq3J4gE,"","North Campus",6c2573ce-592a-4519-989c-2fd21d6918b7,"W", 10/25/2025 03:00:00 AM,"(UTC-07:00) Arizona",,,3289525.2,3289525.2,3289525.2,
PNTM9M2jMkKm3GLHpLiq3J4gE,"","North Campus",6c2573ce-592a-4519-989c-2fd21d6918b7,"W", 10/25/2025 03:15:00 AM,"(UTC-07:00) Arizona",,,3321471.5,3321471.5,3321471.5,
PNTM9M2jMkKm3GLHpLiq3J4gE,"","North Campus",6c2573ce-592a-4519-989c-2fd21d6918b7,"W", 10/25/2025 03:30:00 AM,"(UTC-07:00) Arizona",,,3281874.15,3280729.5,3283018.8,
PNTM9M2jMkKm3GLHpLiq3J4gE,"","North Campus",6c2573ce-592a-4519-989c-2fd21d6918b7,"W", 10/25/2025 03:45:00 AM,"(UTC-07:00) Arizona",,,3335564.2,3335564.2,3335564.2,
PNTM9M2jMkKm3GLHpLiq3J4gE,"","North Campus",6c2573ce-592a-4519-989c-2fd21d6918b7,"W", 10/25/2025 04:00:00 AM,"(UTC-07:00) Arizona",,,3275585,3275585,3275585,
PNTM9M2jMkKm3GLHpLiq3J4gE,"","North Campus",6c2573ce-592a-4519-989c-2fd21d6918b7,"W", 10/25/2025 04:15:00 AM,"(UTC-07:00) Arizona",,,3258765.8,3258765.8,3258765.8,
PNTM9M2jMkKm3GLHpLiq3J4gE,"","North Campus",6c2573ce-592a-4519-989c-2fd21d6918b7,"W", 10/25/2025 04:30:00 AM,"(UTC-07:00) Arizona",,,3285035.6,3284280.2,3285791,
PNTM9M2jMkKm3GLHpLiq3J4gE,"","North Campus",6c2573ce-592a-4519-989c-2fd21d6918b7,"W", 10/25/2025 04:45:00 AM,"(UTC-07:00) Arizona",,,3272424,3272424,3272424,
PNTM9M2jMkKm3GLHpLiq3J4gE,"","North Campus",6c2573ce-592a-4519-989c-2fd21d6918b7,"W", 10/25/2025 05:00:00 AM,"(UTC-07:00) Arizona",,,3316312.8,3316312.8,3316312.8,
PNTM9M2jMkKm3GLHpLiq3J4gE,"","North Campus",6c2573ce-592a-4519-989c-2fd21d6918b7,"W", 10/25/2025 05:15:00 AM,"(UTC-07:00) Arizona",,,3354536.6,3344078,3364995.2,
PNTM9M2jMkKm3GLHpLiq3J4gE,"","North Campus",6c2573ce-592a-4519-989c-2fd21d6918b7,"W", 10/25/2025 05:45:00 AM,"(UTC-07:00) Arizona",,,3365555.35,3331055.2,3400055.5,
PNTM9M2jMkKm3GLHpLiq3J4gE,"","North Campus",6c2573ce-592a-4519-989c-2fd21d6918b7,"W", 10/25/2025 06:00:00 AM,"(UTC-07:00) Arizona",,,3485510.8,3485510.8,3485510.8,
PNTM9M2jMkKm3GLHpLiq3J4gE,"","North Campus",6c2573ce-592a-4519-989c-2fd21d6918b7,"W", 10/25/2025 06:15:00 AM,"(UTC-07:00) Arizona",,,3403182.2,3403182.2,3403182.2,
PNTM9M2jMkKm3GLHpLiq3J4gE,"","North Campus",6c2573ce-592a-4519-989c-2fd21d6918b7,"W", 10/25/2025 06:30:00 AM,"(UTC-07:00) Arizona",,,3393460.8,3393460.8,3393460.8,
PNTM9M2jMkKm3GLHpLiq3J4gE,"","North Campus",6c2573ce-592a-4519-989c-2fd21d6918b7,"W", 10/25/2025 06:45:00 AM,"(UTC-07:00) Arizona",,,3405966.2,3405966.2,3405966.2,
PNTM9M2jMkKm3GLHpLiq3J4gE,"","North Campus",6c2573ce-592a-4519-989c-2fd21d6918b7,"W", 10/25/2025 07:00:00 AM,"(UTC-07:00) Arizona",,,3463759.35,3433495.2,3494023.5,
PNTM9M2jMkKm3GLHpLiq3J4gE,"","North Campus",6c2573ce-592a-4519-989c-2fd21d6918b7,"W", 10/25/2025 07:15:00 AM,"(UTC-07:00) Arizona",,,3396387.8,3396387.8,3396387.8,
PNTM9M2jMkKm3GLHpLiq3J4gE,"","North Campus",6c2573ce-592a-4519-989c-2fd21d6918b7,"W", 10/25/2025 07:30:00 AM,"(UTC-07:00) Arizona",,,3353635,3353635,3353635,
PNTM9M2jMkKm3GLHpLiq3J4gE,"","North Campus",6c2573ce-592a-4519-989c-2fd21d6918b7,"W", 10/25/2025 07:45:00 AM,"(UTC-07:00) Arizona",,,3364727.8,3364727.8,3364727.8,
PNTM9M2jMkKm3GLHpLiq3J4gE,"","North Campus",6c2573ce-592a-4519-989c-2fd21d6918b7,"W", 10/25/2025 08:00:00 AM,"(UTC-07:00) Arizona",,,3405740.5,3383366,3428115,
PNTM9M2jMkKm3GLHpLiq3J4gE,"","North Campus",6c2573ce-592a-4519-989c-2fd21d6918b7,"W", 10/25/2025 08:15:00 AM,"(UTC-07:00) Arizona",,,3468179.2,3468179.2,3468179.2,
PNTM9M2jMkKm3GLHpLiq3J4gE,"","North Campus",6c2573ce-592a-4519-989c-2fd21d6918b7,"W", 10/25/2025 08:30:00 AM,"(UTC-07:00) Arizona",,,3542906.2,3542906.2,3542906.2,
PNTM9M2jMkKm3GLHpLiq3J4gE,"","North Campus",6c2573ce-592a-4519-989c-2fd21d6918b7,"W", 10/25/2025 08:45:00 AM,"(UTC-07:00) Arizona",,,3564640.5,3564640.5,3564640.5,
PNTM9M2jMkKm3GLHpLiq3J4gE,"","North Campus",6c2573ce-592a-4519-989c-2fd21d6918b7,"W", 10/25/2025 09:00:00 AM,"(UTC-07:00) Arizona",,,3584478.1,3578423,3590533.2,
PNTM9M2jMkKm3GLHpLiq3J4gE,"","North Campus",6c2573ce-592a-4519-989c-2fd21d6918b7,"W", 10/25/2025 09:15:00 AM,"(UTC-07:00) Arizona",,,3649133.2,3649133.2,3649133.2,
PNTM9M2jMkKm3GLHpLiq3J4gE,"","North Campus",6c2573ce-592a-4519-989c-2fd21d6918b7,"W", 10/25/2025 09:30:00 AM,"(UTC-07:00) Arizona",,,3622827,3622827,3622827,
PNTM9M2jMkKm3GLHpLiq3J4gE,"","North Campus",6c2573ce-592a-4519-989c-2fd21d6918b7,"W", 10/25/2025 09:45:00 AM,"(UTC-07:00) Arizona",,,3648476.35,3609110.2,3687842.5,
PNTM9M2jMkKm3GLHpLiq3J4gE,"","North Campus",6c2573ce-592a-4519-989c-2fd21d6918b7,"W", 10/25/2025 10:00:00 AM,"(UTC-07:00) Arizona",,,3703039.2,3703039.2,3703039.2,
PNTM9M2jMkKm3GLHpLiq3J4gE,"","North Campus",6c2573ce-592a-4519-989c-2fd21d6918b7,"W", 10/25/2025 10:15:00 AM,"(UTC-07:00) Arizona",,,3680756.25,3680304.5,3681208,
PNTM9M2jMkKm3GLHpLiq3J4gE,"","North Campus",6c2573ce-592a-4519-989c-2fd21d6918b7,"W", 10/25/2025 10:30:00 AM,"(UTC-07:00) Arizona",,,3691962.5,3691962.5,3691962.5,
PNTM9M2jMkKm3GLHpLiq3J4gE,"","North Campus",6c2573ce-592a-4519-989c-2fd21d6918b7,"W", 10/25/2025 10:45:00 AM,"(UTC-07:00) Arizona",,,3799099,3799099,3799099,
PNTM9M2jMkKm3GLHpLiq3J4gE,"","North Campus",6c2573ce-592a-4519-989c-2fd21d6918b7,"W", 10/25/2025 11:00:00 AM,"(UTC-07:00) Arizona",,,3753666.8,3751387.8,3755945.8,
PNTM9M2jMkKm3GLHpLiq3J4gE,"","North Campus",6c2573ce-592a-4519-989c-2fd21d6918b7,"W", 10/25/2025 11:15:00 AM,"(UTC-07:00) Arizona",,,3795958.8,3795958.8,3795958.8,
PNTM9M2jMkKm3GLHpLiq3J4gE,"","North Campus",6c2573ce-592a-4519-989c-2fd21d6918b7,"W", 10/25/2025 11:30:00 AM,"(UTC-07:00) Arizona",,,3784243.2,3784243.2,3784243.2,
PNTM9M2jMkKm3GLHpLiq3J4gE,"","North Campus",6c2573ce-592a-4519-989c-2fd21d6918b7,"W", 10/25/2025 11:45:00 AM,"(UTC-07:00) Arizona",,,3743054.2,3743054.2,3743054.2,
PNTM9M2jMkKm3GLHpLiq3J4gE,"","North Campus",6c2573ce-592a-4519-989c-2fd21d6918b7,"W", 10/25/2025 12:00:00 PM,"(UTC-07:00) Arizona",,,3742552,3708770.8,3776333.2,
PNTM9M2jMkKm3GLHpLiq3J4gE,"","North Campus",6c2573ce-592a-4519-989c-2fd21d6918b7,"W", 10/25/2025 12:15:00 PM,"(UTC-07:00) Arizona",,,3792930.8,3792930.8,3792930.8,
PNTM9M2jMkKm3GLHpLiq3J4gE,"","North Campus",6c2573ce-592a-4519-989c-2fd21d6918b7,"W", 10/25/2025 12:30:00 PM,"(UTC-07:00) Arizona",,,3852981,3839546.8,3866415.2,
PNTM9M2jMkKm3GLHpLiq3J4gE,"","North Campus",6c2573ce-592a-4519-989c-2fd21d6918b7,"W", 10/25/2025 12:45:00 PM,"(UTC-07:00) Arizona",,,3907845.5,3907845.5,3907845.5,
PNTM9M2jMkKm3GLHpLiq3J4gE,"","North Campus",6c2573ce-592a-4519-989c-2fd21d6918b7,"W", 10/25/2025 01:00:00 PM,"(UTC-07:00) Arizona",,,3886220.2,3886220.2,3886220.2,
PNTM9M2jMkKm3GLHpLiq3J4gE,"","North Campus",6c2573ce-592a-4519-989c-2fd21d6918b7,"W", 10/25/2025 01:15:00 PM,"(UTC-07:00) Arizona",,,4040716.8,4040716.8,4040716.8,
PNTM9M2jMkKm3GLHpLiq3J4gE,"","North Campus",6c2573ce-592a-4519-989c-2fd21d6918b7,"W", 10/25/2025 01:30:00 PM,"(UTC-07:00) Arizona",,,3955461.8,3955461.8,3955461.8,
PNTM9M2jMkKm3GLHpLiq3J4gE,"","North Campus",6c2573ce-592a-4519-989c-2fd21d6918b7,"W", 10/25/2025 01:45:00 PM,"(UTC-07:00) Arizona",,,3894436.5,3894436.5,3894436.5,
PNTM9M2jMkKm3GLHpLiq3J4gE,"","North Campus",6c2573ce-592a-4519-989c-2fd21d6918b7,"W", 10/25/2025 02:00:00 PM,"(UTC-07:00) Arizona",,,3997212,3997212,3997212,
PNTM9M2jMkKm3GLHpLiq3J4gE,"","North Campus",6c2573ce-592a-4519-989c-2fd21d6918b7,"W", 10/25/2025 02:15:00 PM,"(UTC-07:00) Arizona",,,4015217.2,4015217.2,4015217.2,
PNTM9M2jMkKm3GLHpLiq3J4gE,"","North Campus",6c2573ce-592a-4519-989c-2fd21d6918b7,"W", 10/25/2025 02:30:00 PM,"(UTC-07:00) Arizona",,,4049314.25,4047149,4051479.5,
PNTM9M2jMkKm3GLHpLiq3J4gE,"","North Campus",6c2573ce-592a-4519-989c-2fd21d6918b7,"W", 10/25/2025 02:45:00 PM,"(UTC-07:00) Arizona",,,4014207.2,4014207.2,4014207.2,
PNTM9M2jMkKm3GLHpLiq3J4gE,"","North Campus",6c2573ce-592a-4519-989c-2fd21d6918b7,"W", 10/25/2025 03:00:00 PM,"(UTC-07:00) Arizona",,,4042727.5,4042727.5,4042727.5,
PNTM9M2jMkKm3GLHpLiq3J4gE,"","North Campus",6c2573ce-592a-4519-989c-2fd21d6918b7,"W", 10/25/2025 03:15:00 PM,"(UTC-07:00) Arizona",,,4026865.9,3996811,4056920.8,
PNTM9M2jMkKm3GLHpLiq3J4gE,"","North Campus",6c2573ce-592a-4519-989c-2fd21d6918b7,"W", 10/25/2025 03:30:00 PM,"(UTC-07:00) Arizona",,,4064195.8,4064195.8,4064195.8,
PNTM9M2jMkKm3GLHpLiq3J4gE,"","North Campus",6c2573ce-592a-4519-989c-2fd21d6918b7,"W", 10/25/2025 03:45:00 PM,"(UTC-07:00) Arizona",,,4082436.2,4082436.2,4082436.2,
PNTM9M2jMkKm3GLHpLiq3J4gE,"","North Campus",6c2573ce-592a-4519-989c-2fd21d6918b7,"W", 10/25/2025 04:00:00 PM,"(UTC-07:00) Arizona",,,4165248.8,4165248.8,4165248.8,
PNTM9M2jMkKm3GLHpLiq3J4gE,"","North Campus",6c2573ce-592a-4519-989c-2fd21d6918b7,"W", 10/25/2025 04:15:00 PM,"(UTC-07:00) Arizona",,,4149369.2,4149369.2,4149369.2,
PNTM9M2jMkKm3GLHpLiq3J4gE,"","North Campus",6c2573ce-592a-4519-989c-2fd21d6918b7,"W", 10/25/2025 04:30:00 PM,"(UTC-07:00) Arizona",,,4102048.2,4102048.2,4102048.2,
PNTM9M2jMkKm3GLHpLiq3J4gE,"","North Campus",6c2573ce-592a-4519-989c-2fd21d6918b7,"W", 10/25/2025 04:45:00 PM,"(UTC-07:00) Arizona",,,4164296.65,4131097.8,4197495.5,
PNTM9M2jMkKm3GLHpLiq3J4gE,"","North Campus",6c2573ce-592a-4519-989c-2fd21d6918b7,"W", 10/25/2025 05:00:00 PM,"(UTC-07:00) Arizona",,,4183460,4183460,4183460,
PNTM9M2jMkKm3GLHpLiq3J4gE,"","North Campus",6c2573ce-592a-4519-989c-2fd21d6918b7,"W", 10/25/2025 05:15:00 PM,"(UTC-07:00) Arizona",,,4180050.8,4180050.8,4180050.8,
PNTM9M2jMkKm3GLHpLiq3J4gE,"","North Campus",6c2573ce-592a-4519-989c-2fd21d6918b7,"W", 10/25/2025 05:30:00 PM,"(UTC-07:00) Arizona",,,4299270,4299270,4299270,
PNTM9M2jMkKm3GLHpLiq3J4gE,"","North Campus",6c2573ce-592a-4519-989c-2fd21d6918b7,"W", 10/25/2025 05:45:00 PM,"(UTC-07:00) Arizona",,,4256356.5,4256356.5,4256356.5,
PNTM9M2jMkKm3GLHpLiq3J4gE,"","North Campus",6c2573ce-592a-4519-989c-2fd21d6918b7,"W", 10/25/2025 06:00:00 PM,"(UTC-07:00) Arizona",,,4139502,4137030,4141974,
PNTM9M2jMkKm3GLHpLiq3J4gE,"","North Campus",6c2573ce-592a-4519-989c-2fd21d6918b7,"W", 10/25/2025 06:15:00 PM,"(UTC-07:00) Arizona",,,4121111,4121111,4121111,
PNTM9M2jMkKm3GLHpLiq3J4gE,"","North Campus",6c2573ce-592a-4519-989c-2fd21d6918b7,"W", 10/25/2025 06:30:00 PM,"(UTC-07:00) Arizona",,,4047637.5,4047637.5,4047637.5,
PNTM9M2jMkKm3GLHpLiq3J4gE,"","North Campus",6c2573ce-592a-4519-989c-2fd21d6918b7,"W", 10/25/2025 06:45:00 PM,"(UTC-07:00) Arizona",,,4086865,4086865,4086865,
PNTM9M2jMkKm3GLHpLiq3J4gE,"","North Campus",6c2573ce-592a-4519-989c-2fd21d6918b7,"W", 10/25/2025 07:00:00 PM,"(UTC-07:00) Arizona",,,3926419,3899362.2,3953475.8,
PNTM9M2jMkKm3GLHpLiq3J4gE,"","North Campus",6c2573ce-592a-4519-989c-2fd21d6918b7,"W", 10/25/2025 07:15:00 PM,"(UTC-07:00) Arizona",,,3949116.2,3949116.2,3949116.2,
PNTM9M2jMkKm3GLHpLiq3J4gE,"","North Campus",6c2573ce-592a-4519-989c-2fd21d6918b7,"W", 10/25/2025 07:30:00 PM,"(UTC-07:00) Arizona",,,3947527,3938006,3957048,
PNTM9M2jMkKm3GLHpLiq3J4gE,"","North Campus",6c2573ce-592a-4519-989c-2fd21d6918b7,"W", 10/25/2025 07:45:00 PM,"(UTC-07:00) Arizona",,,3857707.8,3857707.8,3857707.8,
PNTM9M2jMkKm3GLHpLiq3J4gE,"","North Campus",6c2573ce-592a-4519-989c-2fd21d6918b7,"W", 10/25/2025 08:00:00 PM,"(UTC-07:00) Arizona",,,3869569.2,3869569.2,3869569.2,
PNTM9M2jMkKm3GLHpLiq3J4gE,"","North Campus",6c2573ce-592a-4519-989c-2fd21d6918b7,"W", 10/25/2025 08:15:00 PM,"(UTC-07:00) Arizona",,,3886996.2,3886996.2,3886996.2,
PNTM9M2jMkKm3GLHpLiq3J4gE,"","North Campus",6c2573ce-592a-4519-989c-2fd21d6918b7,"W", 10/25/2025 08:30:00 PM,"(UTC-07:00) Arizona",,,3829681,3829681,3829681,
PNTM9M2jMkKm3GLHpLiq3J4gE,"","North Campus",6c2573ce-592a-4519-989c-2fd21d6918b7,"W", 10/25/2025 08:45:00 PM,"(UTC-07:00) Arizona",,,3757292.85,3754652.5,3759933.2,
PNTM9M2jMkKm3GLHpLiq3J4gE,"","North Campus",6c2573ce-592a-4519-989c-2fd21d6918b7,"W", 10/25/2025 09:00:00 PM,"(UTC-07:00) Arizona",,,3705939.5,3705939.5,3705939.5,
PNTM9M2jMkKm3GLHpLiq3J4gE,"","North Campus",6c2573ce-592a-4519-989c-2fd21d6918b7,"W", 10/25/2025 09:15:00 PM,"(UTC-07:00) Arizona",,,3708144.35,3672669.5,3743619.2,
PNTM9M2jMkKm3GLHpLiq3J4gE,"","North Campus",6c2573ce-592a-4519-989c-2fd21d6918b7,"W", 10/25/2025 09:30:00 PM,"(UTC-07:00) Arizona",,,3652128.8,3652128.8,3652128.8,
PNTM9M2jMkKm3GLHpLiq3J4gE,"","North Campus",6c2573ce-592a-4519-989c-2fd21d6918b7,"W", 10/25/2025 09:45:00 PM,"(UTC-07:00) Arizona",,,3697184.5,3697184.5,3697184.5,
PNTM9M2jMkKm3GLHpLiq3J4gE,"","North Campus",6c2573ce-592a-4519-989c-2fd21d6918b7,"W", 10/25/2025 10:00:00 PM,"(UTC-07:00) Arizona",,,3621278.4,3617427.8,3625129,
PNTM9M2jMkKm3GLHpLiq3J4gE,"","North Campus",6c2573ce-592a-4519-989c-2fd21d6918b7,"W", 10/25/2025 10:15:00 PM,"(UTC-07:00) Arizona",,,3567680,3567680,3567680,
PNTM9M2jMkKm3GLHpLiq3J4gE,"","North Campus",6c2573ce-592a-4519-989c-2fd21d6918b7,"W", 10/25/2025 10:30:00 PM,"(UTC-07:00) Arizona",,,3573284,3573284,3573284,
PNTM9M2jMkKm3GLHpLiq3J4gE,"","North Campus",6c2573ce-592a-4519-989c-2fd21d6918b7,"W", 10/25/2025 10:45:00 PM,"(UTC-07:00) Arizona",,,3548535.65,3532541.8,3564529.5,
PNTM9M2jMkKm3GLHpLiq3J4gE,"","North Campus",6c2573ce-592a-4519-989c-2fd21d6918b7,"W", 10/25/2025 11:00:00 PM,"(UTC-07:00) Arizona",,,3542056.5,3542056.5,3542056.5,
PNTM9M2jMkKm3GLHpLiq3J4gE,"","North Campus",6c2573ce-592a-4519-989c-2fd21d6918b7,"W", 10/25/2025 11:15:00 PM,"(UTC-07:00) Arizona",,,3466920.2,3466920.2,3466920.2,
PNTM9M2jMkKm3GLHpLiq3J4gE,"","North Campus",6c2573ce-592a-4519-989c-2fd21d6918b7,"W", 10/25/2025 11:30:00 PM,"(UTC-07:00) Arizona",,,3489049,3489049,3489049,
PNTM9M2jMkKm3GLHpLiq3J4gE,"","North Campus",6c2573ce-592a-4519-989c-2fd21d6918b7,"W", 10/25/2025 11:45:00 PM,"(UTC-07:00) Arizona",,,3485706.5,3477764.8,3493648.2,
PNTM9M2jMkKm3GLHpLiq3J4gE,"","North Campus",6c2573ce-592a-4519-989c-2fd21d6918b7,"W", 10/26/2025 12:00:00 AM,"(UTC-07:00) Arizona",,,3427542.8,3427542.8,3427542.8,
PNTM9M2jMkKm3GLHpLiq3J4gE,"","North Campus",6c2573ce-592a-4519-989c-2fd21d6918b7,"W", 10/26/2025 12:15:00 AM,"(UTC-07:00) Arizona",,,3347826,3347826,3347826,
PNTM9M2jMkKm3GLHpLiq3J4gE,"","North Campus",6c2573ce-592a-4519-989c-2fd21d6918b7,"W", 10/26/2025 12:30:00 AM,"(UTC-07:00) Arizona",,,3397974,3397974,3397974,
PNTM9M2jMkKm3GLHpLiq3J4gE,"","North Campus",6c2573ce-592a-4519-989c-2fd21d6918b7,"W", 10/26/2025 12:45:00 AM,"(UTC-07:00) Arizona",,,3422817.5,3421674.5,3423960.5,
PNTM9M2jMkKm3GLHpLiq3J4gE,"","North Campus",6c2573ce-592a-4519-989c-2fd21d6918b7,"W", 10/26/2025 01:00:00 AM,"(UTC-07:00) Arizona",,,3377857.5,3377857.5,3377857.5,
PNTM9M2jMkKm3GLHpLiq3J4gE,"","North Campus",6c2573ce-592a-4519-989c-2fd21d6918b7,"W", 10/26/2025 01:15:00 AM,"(UTC-07:00) Arizona",,,3371064.8,3371064.8,3371064.8,
PNTM9M2jMkKm3GLHpLiq3J4gE,"","North Campus",6c2573ce-592a-4519-989c-2fd21d6918b7,"W", 10/26/2025 01:30:00 AM,"(UTC-07:00) Arizona",,,3327379.5,3327379.5,3327379.5,
PNTM9M2jMkKm3GLHpLiq3J4gE,"","North Campus",6c2573ce-592a-4519-989c-2fd21d6918b7,"W", 10/26/2025 01:45:00 AM,"(UTC-07:00) Arizona",,,3336091.6,3315541,3356642.2,
PNTM9M2jMkKm3GLHpLiq3J4gE,"","North Campus",6c2573ce-592a-4519-989c-2fd21d6918b7,"W", 10/26/2025 02:00:00 AM,"(UTC-07:00) Arizona",,,3310362,3310362,3310362,
PNTM9M2jMkKm3GLHpLiq3J4gE,"","North Campus",6c2573ce-592a-4519-989c-2fd21d6918b7,"W", 10/26/2025 02:15:00 AM,"(UTC-07:00) Arizona",,,3282376.35,3282118.2,3282634.5,
PNTM9M2jMkKm3GLHpLiq3J4gE,"","North Campus",6c2573ce-592a-4519-989c-2fd21d6918b7,"W", 10/26/2025 02:30:00 AM,"(UTC-07:00) Arizona",,,3289848.8,3289848.8,3289848.8,
PNTM9M2jMkKm3GLHpLiq3J4gE,"","North Campus",6c2573ce-592a-4519-989c-2fd21d6918b7,"W", 10/26/2025 02:45:00 AM,"(UTC-07:00) Arizona",,,3258782.8,3258782.8,3258782.8,
PNTM9M2jMkKm3GLHpLiq3J4gE,"","North Campus",6c2573ce-592a-4519-989c-2fd21d6918b7,"W", 10/26/2025 03:00:00 AM,"(UTC-07:00) Arizona",,,3274966.9,3267817,3282116.8,
PNTM9M2jMkKm3GLHpLiq3J4gE,"","North Campus",6c2573ce-592a-4519-989c-2fd21d6918b7,"W", 10/26/2025 03:15:00 AM,"(UTC-07:00) Arizona",,,3250954.5,3250954.5,3250954.5,
PNTM9M2jMkKm3GLHpLiq3J4gE,"","North Campus",6c2573ce-592a-4519-989c-2fd21d6918b7,"W", 10/26/2025 03:30:00 AM,"(UTC-07:00) Arizona",,,3242611.2,3242611.2,3242611.2,
PNTM9M2jMkKm3GLHpLiq3J4gE,"","North Campus",6c2573ce-592a-4519-989c-2fd21d6918b7,"W", 10/26/2025 03:45:00 AM,"(UTC-07:00) Arizona",,,3242335.1,3233878.2,3250792,
PNTM9M2jMkKm3GLHpLiq3J4gE,"","North Campus",6c2573ce-592a-4519-989c-2fd21d6918b7,"W", 10/26/2025 04:00:00 AM,"(UTC-07:00) Arizona",,,3236126,3236126,3236126,
PNTM9M2jMkKm3GLHpLiq3J4gE,"","North Campus",6c2573ce-592a-4519-989c-2fd21d6918b7,"W", 10/26/2025 04:15:00 AM,"(UTC-07:00) Arizona",,,3239489.8,3239489.8,3239489.8,
PNTM9M2jMkKm3GLHpLiq3J4gE,"","North Campus",6c2573ce-592a-4519-989c-2fd21d6918b7,"W", 10/26/2025 04:30:00 AM,"(UTC-07:00) Arizona",,,3277430.65,3262388.8,3292472.5,
PNTM9M2jMkKm3GLHpLiq3J4gE,"","North Campus",6c2573ce-592a-4519-989c-2fd21d6918b7,"W", 10/26/2025 04:45:00 AM,"(UTC-07:00) Arizona",,,3213029.5,3213029.5,3213029.5,
PNTM9M2jMkKm3GLHpLiq3J4gE,"","North Campus",6c2573ce-592a-4519-989c-2fd21d6918b7,"W", 10/26/2025 05:00:00 AM,"(UTC-07:00) Arizona",,,3272214.5,3271601.8,3272827.2,
PNTM9M2jMkKm3GLHpLiq3J4gE,"","North Campus",6c2573ce-592a-4519-989c-2fd21d6918b7,"W", 10/26/2025 05:15:00 AM,"(UTC-07:00) Arizona",,,3277673.2,3277673.2,3277673.2,
PNTM9M2jMkKm3GLHpLiq3J4gE,"","North Campus",6c2573ce-592a-4519-989c-2fd21d6918b7,"W", 10/26/2025 05:30:00 AM,"(UTC-07:00) Arizona",,,3296802,3296802,3296802,
PNTM9M2jMkKm3GLHpLiq3J4gE,"","North Campus",6c2573ce-592a-4519-989c-2fd21d6918b7,"W", 10/26/2025 05:45:00 AM,"(UTC-07:00) Arizona",,,3290095,3290095,3290095,
PNTM9M2jMkKm3GLHpLiq3J4gE,"","North Campus",6c2573ce-592a-4519-989c-2fd21d6918b7,"W", 10/26/2025 06:00:00 AM,"(UTC-07:00) Arizona",,,3345755.5,3332265,3359246,
PNTM9M2jMkKm3GLHpLiq3J4gE,"","North Campus",6c2573ce-592a-4519-989c-2fd21d6918b7,"W", 10/26/2025 06:15:00 AM,"(UTC-07:00) Arizona",,,3345147.2,3345147.2,3345147.2,
PNTM9M2jMkKm3GLHpLiq3J4gE,"","North Campus",6c2573ce-592a-4519-989c-2fd21d6918b7,"W", 10/26/2025 06:30:00 AM,"(UTC-07:00) Arizona",,,3343779.2,3328701.2,3358857.2,
PNTM9M2jMkKm3GLHpLiq3J4gE,"","North Campus",6c2573ce-592a-4519-989c-2fd21d6918b7,"W", 10/26/2025 06:45:00 AM,"(UTC-07:00) Arizona",,,3349921.2,3349921.2,3349921.2,
PNTM9M2jMkKm3GLHpLiq3J4gE,"","North Campus",6c2573ce-592a-4519-989c-2fd21d6918b7,"W", 10/26/2025 07:00:00 AM,"(UTC-07:00) Arizona",,,3361804.75,3333729.5,3389880,
PNTM9M2jMkKm3GLHpLiq3J4gE,"","North Campus",6c2573ce-592a-4519-989c-2fd21d6918b7,"W", 10/26/2025 07:15:00 AM,"(UTC-07:00) Arizona",,,3398206.8,3398206.8,3398206.8,
PNTM9M2jMkKm3GLHpLiq3J4gE,"","North Campus",6c2573ce-592a-4519-989c-2fd21d6918b7,"W", 10/26/2025 07:30:00 AM,"(UTC-07:00) Arizona",,,3357079.2,3357079.2,3357079.2,
PNTM9M2jMkKm3GLHpLiq3J4gE,"","North Campus",6c2573ce-592a-4519-989c-2fd21d6918b7,"W", 10/26/2025 07:45:00 AM,"(UTC-07:00) Arizona",,,3315752.5,3315752.5,3315752.5,
PNTM9M2jMkKm3GLHpLiq3J4gE,"","North Campus",6c2573ce-592a-4519-989c-2fd21d6918b7,"W", 10/26/2025 08:00:00 AM,"(UTC-07:00) Arizona",,,3425732.2,3399328.2,3452136.2,
PNTM9M2jMkKm3GLHpLiq3J4gE,"","North Campus",6c2573ce-592a-4519-989c-2fd21d6918b7,"W", 10/26/2025 08:15:00 AM,"(UTC-07:00) Arizona",,,3406754.5,3406754.5,3406754.5,
PNTM9M2jMkKm3GLHpLiq3J4gE,"","North Campus",6c2573ce-592a-4519-989c-2fd21d6918b7,"W", 10/26/2025 08:30:00 AM,"(UTC-07:00) Arizona",,,3363352.3,3356117.8,3370586.8,
PNTM9M2jMkKm3GLHpLiq3J4gE,"","North Campus",6c2573ce-592a-4519-989c-2fd21d6918b7,"W", 10/26/2025 08:45:00 AM,"(UTC-07:00) Arizona",,,3358749,3358749,3358749,
PNTM9M2jMkKm3GLHpLiq3J4gE,"","North Campus",6c2573ce-592a-4519-989c-2fd21d6918b7,"W", 10/26/2025 09:00:00 AM,"(UTC-07:00) Arizona",,,3452255.8,3452255.8,3452255.8,
PNTM9M2jMkKm3GLHpLiq3J4gE,"","North Campus",6c2573ce-592a-4519-989c-2fd21d6918b7,"W", 10/26/2025 09:15:00 AM,"(UTC-07:00) Arizona",,,3392515,3392515,3392515,
PNTM9M2jMkKm3GLHpLiq3J4gE,"","North Campus",6c2573ce-592a-4519-989c-2fd21d6918b7,"W", 10/26/2025 09:30:00 AM,"(UTC-07:00) Arizona",,,3423910.85,3417836.2,3429985.5,
PNTM9M2jMkKm3GLHpLiq3J4gE,"","North Campus",6c2573ce-592a-4519-989c-2fd21d6918b7,"W", 10/26/2025 09:45:00 AM,"(UTC-07:00) Arizona",,,3525044.8,3525044.8,3525044.8,
PNTM9M2jMkKm3GLHpLiq3J4gE,"","North Campus",6c2573ce-592a-4519-989c-2fd21d6918b7,"W", 10/26/2025 10:00:00 AM,"(UTC-07:00) Arizona",,,3573170.15,3569292.8,3577047.5,
PNTM9M2jMkKm3GLHpLiq3J4gE,"","North Campus",6c2573ce-592a-4519-989c-2fd21d6918b7,"W", 10/26/2025 10:15:00 AM,"(UTC-07:00) Arizona",,,3609173.2,3609173.2,3609173.2,
PNTM9M2jMkKm3GLHpLiq3J4gE,"","North Campus",6c2573ce-592a-4519-989c-2fd21d6918b7,"W", 10/26/2025 10:30:00 AM,"(UTC-07:00) Arizona",,,3453957.5,3453957.5,3453957.5,
PNTM9M2jMkKm3GLHpLiq3J4gE,"","North Campus",6c2573ce-592a-4519-989c-2fd21d6918b7,"W", 10/26/2025 10:45:00 AM,"(UTC-07:00) Arizona",,,3508607,3508607,3508607,
PNTM9M2jMkKm3GLHpLiq3J4gE,"","North Campus",6c2573ce-592a-4519-989c-2fd21d6918b7,"W", 10/26/2025 11:00:00 AM,"(UTC-07:00) Arizona",,,3470480.6,3430468,3510493.2,
PNTM9M2jMkKm3GLHpLiq3J4gE,"","North Campus",6c2573ce-592a-4519-989c-2fd21d6918b7,"W", 10/26/2025 11:15:00 AM,"(UTC-07:00) Arizona",,,3479843.8,3479843.8,3479843.8,
PNTM9M2jMkKm3GLHpLiq3J4gE,"","North Campus",6c2573ce-592a-4519-989c-2fd21d6918b7,"W", 10/26/2025 11:30:00 AM,"(UTC-07:00) Arizona",,,3537938.25,3533418.5,3542458,
PNTM9M2jMkKm3GLHpLiq3J4gE,"","North Campus",6c2573ce-592a-4519-989c-2fd21d6918b7,"W", 10/26/2025 11:45:00 AM,"(UTC-07:00) Arizona",,,3571605,3571605,3571605,
PNTM9M2jMkKm3GLHpLiq3J4gE,"","North Campus",6c2573ce-592a-4519-989c-2fd21d6918b7,"W", 10/26/2025 12:00:00 PM,"(UTC-07:00) Arizona",,,3592007,3567997.2,3616016.8,
PNTM9M2jMkKm3GLHpLiq3J4gE,"","North Campus",6c2573ce-592a-4519-989c-2fd21d6918b7,"W", 10/26/2025 12:15:00 PM,"(UTC-07:00) Arizona",,,3612149,3612149,3612149,
PNTM9M2jMkKm3GLHpLiq3J4gE,"","North Campus",6c2573ce-592a-4519-989c-2fd21d6918b7,"W", 10/26/2025 12:30:00 PM,"(UTC-07:00) Arizona",,,3640944.65,3605205.8,3676683.5,
PNTM9M2jMkKm3GLHpLiq3J4gE,"","North Campus",6c2573ce-592a-4519-989c-2fd21d6918b7,"W", 10/26/2025 12:45:00 PM,"(UTC-07:00) Arizona",,,3611034.8,3611034.8,3611034.8,
PNTM9M2jMkKm3GLHpLiq3J4gE,"","North Campus",6c2573ce-592a-4519-989c-2fd21d6918b7,"W", 10/26/2025 01:00:00 PM,"(UTC-07:00) Arizona",,,3693552.8,3653502.8,3733602.8,
PNTM9M2jMkKm3GLHpLiq3J4gE,"","North Campus",6c2573ce-592a-4519-989c-2fd21d6918b7,"W", 10/26/2025 01:15:00 PM,"(UTC-07:00) Arizona",,,3755496.1,3728095,3782897.2,
PNTM9M2jMkKm3GLHpLiq3J4gE,"","North Campus",6c2573ce-592a-4519-989c-2fd21d6918b7,"W", 10/26/2025 01:30:00 PM,"(UTC-07:00) Arizona",,,3703042.5,3703042.5,3703042.5,
PNTM9M2jMkKm3GLHpLiq3J4gE,"","North Campus",6c2573ce-592a-4519-989c-2fd21d6918b7,"W", 10/26/2025 01:45:00 PM,"(UTC-07:00) Arizona",,,3793847.85,3784552.2,3803143.5,
PNTM9M2jMkKm3GLHpLiq3J4gE,"","North Campus",6c2573ce-592a-4519-989c-2fd21d6918b7,"W", 10/26/2025 02:00:00 PM,"(UTC-07:00) Arizona",,,3811590.5,3811590.5,3811590.5,
PNTM9M2jMkKm3GLHpLiq3J4gE,"","North Campus",6c2573ce-592a-4519-989c-2fd21d6918b7,"W", 10/26/2025 02:15:00 PM,"(UTC-07:00) Arizona",,,3840259.2,3840259.2,3840259.2,
PNTM9M2jMkKm3GLHpLiq3J4gE,"","North Campus",6c2573ce-592a-4519-989c-2fd21d6918b7,"W", 10/26/2025 02:30:00 PM,"(UTC-07:00) Arizona",,,3823739,3779134,3868344,
PNTM9M2jMkKm3GLHpLiq3J4gE,"","North Campus",6c2573ce-592a-4519-989c-2fd21d6918b7,"W", 10/26/2025 02:45:00 PM,"(UTC-07:00) Arizona",,,3919213.8,3919213.8,3919213.8,
PNTM9M2jMkKm3GLHpLiq3J4gE,"","North Campus",6c2573ce-592a-4519-989c-2fd21d6918b7,"W", 10/26/2025 03:00:00 PM,"(UTC-07:00) Arizona",,,3840292.35,3827762.5,3852822.2,
PNTM9M2jMkKm3GLHpLiq3J4gE,"","North Campus",6c2573ce-592a-4519-989c-2fd21d6918b7,"W", 10/26/2025 03:15:00 PM,"(UTC-07:00) Arizona",,,3894424,3894424,3894424,
PNTM9M2jMkKm3GLHpLiq3J4gE,"","North Campus",6c2573ce-592a-4519-989c-2fd21d6918b7,"W", 10/26/2025 03:30:00 PM,"(UTC-07:00) Arizona",,,3936664.2,3936664.2,3936664.2,
PNTM9M2jMkKm3GLHpLiq3J4gE,"","North Campus",6c2573ce-592a-4519-989c-2fd21d6918b7,"W", 10/26/2025 03:45:00 PM,"(UTC-07:00) Arizona",,,3957200.75,3946475.5,3967926,
PNTM9M2jMkKm3GLHpLiq3J4gE,"","North Campus",6c2573ce-592a-4519-989c-2fd21d6918b7,"W", 10/26/2025 04:00:00 PM,"(UTC-07:00) Arizona",,,3996623.5,3996623.5,3996623.5,
PNTM9M2jMkKm3GLHpLiq3J4gE,"","North Campus",6c2573ce-592a-4519-989c-2fd21d6918b7,"W", 10/26/2025 04:15:00 PM,"(UTC-07:00) Arizona",,,4041771,4015751.8,4067790.2,
PNTM9M2jMkKm3GLHpLiq3J4gE,"","North Campus",6c2573ce-592a-4519-989c-2fd21d6918b7,"W", 10/26/2025 04:30:00 PM,"(UTC-07:00) Arizona",,,4046050.8,4046050.8,4046050.8,
PNTM9M2jMkKm3GLHpLiq3J4gE,"","North Campus",6c2573ce-592a-4519-989c-2fd21d6918b7,"W", 10/26/2025 04:45:00 PM,"(UTC-07:00) Arizona",,,4069158.8,4069158.8,4069158.8,
PNTM9M2jMkKm3GLHpLiq3J4gE,"","North Campus",6c2573ce-592a-4519-989c-2fd21d6918b7,"W", 10/26/2025 05:00:00 PM,"(UTC-07:00) Arizona",,,4089259,4082099.2,4096418.8,
PNTM9M2jMkKm3GLHpLiq3J4gE,"","North Campus",6c2573ce-592a-4519-989c-2fd21d6918b7,"W", 10/26/2025 05:15:00 PM,"(UTC-07:00) Arizona",,,4089072.8,4089072.8,4089072.8,
PNTM9M2jMkKm3GLHpLiq3J4gE,"","North Campus",6c2573ce-592a-4519-989c-2fd21d6918b7,"W", 10/26/2025 05:30:00 PM,"(UTC-07:00) Arizona",,,4162706,4142519,4182893,
PNTM9M2jMkKm3GLHpLiq3J4gE,"","North Campus",6c2573ce-592a-4519-989c-2fd21d6918b7,"W", 10/26/2025 05:45:00 PM,"(UTC-07:00) Arizona",,,4191696.2,4191696.2,4191696.2,
PNTM9M2jMkKm3GLHpLiq3J4gE,"","North Campus",6c2573ce-592a-4519-989c-2fd21d6918b7,"W", 10/26/2025 06:00:00 PM,"(UTC-07:00) Arizona",,,4122239,4122239,4122239,
PNTM9M2jMkKm3GLHpLiq3J4gE,"","North Campus",6c2573ce-592a-4519-989c-2fd21d6918b7,"W", 10/26/2025 06:15:00 PM,"(UTC-07:00) Arizona",,,4139360.9,4123577,4155144.8,
PNTM9M2jMkKm3GLHpLiq3J4gE,"","North Campus",6c2573ce-592a-4519-989c-2fd21d6918b7,"W", 10/26/2025 06:30:00 PM,"(UTC-07:00) Arizona",,,4094118.2,4094118.2,4094118.2,
PNTM9M2jMkKm3GLHpLiq3J4gE,"","North Campus",6c2573ce-592a-4519-989c-2fd21d6918b7,"W", 10/26/2025 06:45:00 PM,"(UTC-07:00) Arizona",,,4120449.1,4107453.2,4133445,
PNTM9M2jMkKm3GLHpLiq3J4gE,"","North Campus",6c2573ce-592a-4519-989c-2fd21d6918b7,"W", 10/26/2025 07:00:00 PM,"(UTC-07:00) Arizona",,,4015314.5,4015314.5,4015314.5,
PNTM9M2jMkKm3GLHpLiq3J4gE,"","North Campus",6c2573ce-592a-4519-989c-2fd21d6918b7,"W", 10/26/2025 07:15:00 PM,"(UTC-07:00) Arizona",,,4084363.25,4072388,4096338.5,
PNTM9M2jMkKm3GLHpLiq3J4gE,"","North Campus",6c2573ce-592a-4519-989c-2fd21d6918b7,"W", 10/26/2025 07:30:00 PM,"(UTC-07:00) Arizona",,,4019537.8,4019537.8,4019537.8,
PNTM9M2jMkKm3GLHpLiq3J4gE,"","North Campus",6c2573ce-592a-4519-989c-2fd21d6918b7,"W", 10/26/2025 07:45:00 PM,"(UTC-07:00) Arizona",,,3972328.8,3972328.8,3972328.8,
PNTM9M2jMkKm3GLHpLiq3J4gE,"","North Campus",6c2573ce-592a-4519-989c-2fd21d6918b7,"W", 10/26/2025 08:00:00 PM,"(UTC-07:00) Arizona",,,3973657.5,3954578.8,3992736.2,
PNTM9M2jMkKm3GLHpLiq3J4gE,"","North Campus",6c2573ce-592a-4519-989c-2fd21d6918b7,"W", 10/26/2025 08:15:00 PM,"(UTC-07:00) Arizona",,,3975034.2,3975034.2,3975034.2,
PNTM9M2jMkKm3GLHpLiq3J4gE,"","North Campus",6c2573ce-592a-4519-989c-2fd21d6918b7,"W", 10/26/2025 08:30:00 PM,"(UTC-07:00) Arizona",,,3966577.2,3966577.2,3966577.2,
PNTM9M2jMkKm3GLHpLiq3J4gE,"","North Campus",6c2573ce-592a-4519-989c-2fd21d6918b7,"W", 10/26/2025 08:45:00 PM,"(UTC-07:00) Arizona",,,3906865.25,3894597.5,3919133,
PNTM9M2jMkKm3GLHpLiq3J4gE,"","North Campus",6c2573ce-592a-4519-989c-2fd21d6918b7,"W", 10/26/2025 09:00:00 PM,"(UTC-07:00) Arizona",,,3772641.75,3748592.5,3796691,
PNTM9M2jMkKm3GLHpLiq3J4gE,"","North Campus",6c2573ce-592a-4519-989c-2fd21d6918b7,"W", 10/26/2025 09:15:00 PM,"(UTC-07:00) Arizona",,,3771553.8,3771553.8,3771553.8,
PNTM9M2jMkKm3GLHpLiq3J4gE,"","North Campus",6c2573ce-592a-4519-989c-2fd21d6918b7,"W", 10/26/2025 09:30:00 PM,"(UTC-07:00) Arizona",,,3787547.5666666664,3748378,3818403.2,
PNTM9M2jMkKm3GLHpLiq3J4gE,"","North Campus",6c2573ce-592a-4519-989c-2fd21d6918b7,"W", 10/26/2025 09:45:00 PM,"(UTC-07:00) Arizona",,,3767281.2,3767281.2,3767281.2,
PNTM9M2jMkKm3GLHpLiq3J4gE,"","North Campus",6c2573ce-592a-4519-989c-2fd21d6918b7,"W", 10/26/2025 10:00:00 PM,"(UTC-07:00) Arizona",,,3710440.1,3700582.2,3720298,
PNTM9M2jMkKm3GLHpLiq3J4gE,"","North Campus",6c2573ce-592a-4519-989c-2fd21d6918b7,"W", 10/26/2025 10:15:00 PM,"(UTC-07:00) Arizona",,,3711789,3692841,3730737,
PNTM9M2jMkKm3GLHpLiq3J4gE,"","North Campus",6c2573ce-592a-4519-989c-2fd21d6918b7,"W", 10/26/2025 10:30:00 PM,"(UTC-07:00) Arizona",,,3638831.0666666664,3609531,3658719,
PNTM9M2jMkKm3GLHpLiq3J4gE,"","North Campus",6c2573ce-592a-4519-989c-2fd21d6918b7,"W", 10/26/2025 10:45:00 PM,"(UTC-07:00) Arizona",,,3620653.6,3608818,3632489.2,
PNTM9M2jMkKm3GLHpLiq3J4gE,"","North Campus",6c2573ce-592a-4519-989c-2fd21d6918b7,"W", 10/26/2025 11:00:00 PM,"(UTC-07:00) Arizona",,,3594071.15,3592765.8,3595376.5,
PNTM9M2jMkKm3GLHpLiq3J4gE,"","North Campus",6c2573ce-592a-4519-989c-2fd21d6918b7,"W", 10/26/2025 11:15:00 PM,"(UTC-07:00) Arizona",,,3588927.5,3584820,3593035,
PNTM9M2jMkKm3GLHpLiq3J4gE,"","North Campus",6c2573ce-592a-4519-989c-2fd21d6918b7,"W", 10/26/2025 11:30:00 PM,"(UTC-07:00) Arizona",,,3543657,3518700.2,3568613.8,
PNTM9M2jMkKm3GLHpLiq3J4gE,"","North Campus",6c2573ce-592a-4519-989c-2fd21d6918b7,"W", 10/26/2025 11:45:00 PM,"(UTC-07:00) Arizona",,,3512382.8666666667,3496331.8,3530039.8,
