ExternalPointID,Tags,Parent Equipment Name,Site Name,FrequencyUnit,Time,Timezone,OnCount,OffCount,Average,Minimum,Maximum,Sum,State
PNTM9M2jMkKm3GLHpLiq3J4gE,"","North Campus",6c2573ce-592a-4519-989c-2fd21d6918b7,"W", 09/01/2025 12:00:00 AM,"(UTC-07:00) Arizona",,,3722684.2000000007,3595449.2,3802470.2,
PNTM9M2jMkKm3GLHpLiq3J4gE,"","North Campus",6c2573ce-592a-4519-989c-2fd21d6918b7,"W", 09/01/2025 12:15:00 AM,"(UTC-07:00) Arizona",,,3678937.625,3670155.5,3687776.5,
PNTM9M2jMkKm3GLHpLiq3J4gE,"","North Campus",6c2573ce-592a-4519-989c-2fd21d6918b7,"W", 09/01/2025 12:30:00 AM,"(UTC-07:00) Arizona",,,3657364.35,3642781.2,3671947.5,
PNTM9M2jMkKm3GLHpLiq3J4gE,"","North Campus",6c2573ce-592a-4519-989c-2fd21d6918b7,"W", 09/01/2025 12:45:00 AM,"(UTC-07:00) Arizona",,,3628721.8000000003,3601400.2,3649835.2,
PNTM9M2jMkKm3GLHpLiq3J4gE,"","North Campus",6c2573ce-592a-4519-989c-2fd21d6918b7,"W", 09/01/2025 01:00:00 AM,"(UTC-07:00) Arizona",,,3624959.133333333,3606019.8,3662074.8,
PNTM9M2jMkKm3GLHpLiq3J4gE,"","North Campus",6c2573ce-592a-4519-989c-2fd21d6918b7,"W", 09/01/2025 01:15:00 AM,"(UTC-07:00) Arizona",,,3588529.266666667,3552558,3643666,
PNTM9M2jMkKm3GLHpLiq3J4gE,"","North Campus",6c2573ce-592a-4519-989c-2fd21d6918b7,"W", 09/01/2025 01:30:00 AM,"(UTC-07:00) Arizona",,,3581506.1666666665,3563345.2,3614032.8,
PNTM9M2jMkKm3GLHpLiq3J4gE,"","North Campus",6c2573ce-592a-4519-989c-2fd21d6918b7,"W", 09/01/2025 01:45:00 AM,"(UTC-07:00) Arizona",,,3530898.733333333,3522257,3541373,
PNTM9M2jMkKm3GLHpLiq3J4gE,"","North Campus",6c2573ce-592a-4519-989c-2fd21d6918b7,"W", 09/01/2025 02:00:00 AM,"(UTC-07:00) Arizona",,,3531895.6,3485562.2,3578229,
PNTM9M2jMkKm3GLHpLiq3J4gE,"","North Campus",6c2573ce-592a-4519-989c-2fd21d6918b7,"W", 09/01/2025 02:15:00 AM,"(UTC-07:00) Arizona",,,3477653.466666667,3450045.2,3494291.2,
PNTM9M2jMkKm3GLHpLiq3J4gE,"","North Campus",6c2573ce-592a-4519-989c-2fd21d6918b7,"W", 09/01/2025 02:30:00 AM,"(UTC-07:00) Arizona",,,3464087.8666666667,3452749.8,3477689,
PNTM9M2jMkKm3GLHpLiq3J4gE,"","North Campus",6c2573ce-592a-4519-989c-2fd21d6918b7,"W", 09/01/2025 02:45:00 AM,"(UTC-07:00) Arizona",,,3423721.8666666667,3419850.8,3431113,
PNTM9M2jMkKm3GLHpLiq3J4gE,"","North Campus",6c2573ce-592a-4519-989c-2fd21d6918b7,"W", 09/01/2025 03:00:00 AM,"(UTC-07:00) Arizona",,,3430397.1,3406676.5,3461302,
PNTM9M2jMkKm3GLHpLiq3J4gE,"","North Campus",6c2573ce-592a-4519-989c-2fd21d6918b7,"W", 09/01/2025 03:15:00 AM,"(UTC-07:00) Arizona",,,3426671,3424558.8,3428783.2,
PNTM9M2jMkKm3GLHpLiq3J4gE,"","North Campus",6c2573ce-592a-4519-989c-2fd21d6918b7,"W", 09/01/2025 03:30:00 AM,"(UTC-07:00) Arizona",,,3435626.1666666665,3419088.5,3448711.2,
PNTM9M2jMkKm3GLHpLiq3J4gE,"","North Campus",6c2573ce-592a-4519-989c-2fd21d6918b7,"W", 09/01/2025 03:45:00 AM,"(UTC-07:00) Arizona",,,3425805.1,3417282.8,3435097,
PNTM9M2jMkKm3GLHpLiq3J4gE,"","North Campus",6c2573ce-592a-4519-989c-2fd21d6918b7,"W", 09/01/2025 04:00:00 AM,"(UTC-07:00) Arizona",,,3427825.5,3410171.5,3451169,
PNTM9M2jMkKm3GLHpLiq3J4gE,"","North Campus",6c2573ce-592a-4519-989c-2fd21d6918b7,"W", 09/01/2025 04:15:00 AM,"(UTC-07:00) Arizona",,,3412733.9333333336,3407802.2,3421889.8,
PNTM9M2jMkKm3GLHpLiq3J4gE,"","North Campus",6c2573ce-592a-4519-989c-2fd21d6918b7,"W", 09/01/2025 04:30:00 AM,"(UTC-07:00) Arizona",,,3452656.533333333,3422765.8,3488292,
PNTM9M2jMkKm3GLHpLiq3J4gE,"","North Campus",6c2573ce-592a-4519-989c-2fd21d6918b7,"W", 09/01/2025 04:45:00 AM,"(UTC-07:00) Arizona",,,3481861.033333333,3450730.8,3502526.5,
PNTM9M2jMkKm3GLHpLiq3J4gE,"","North Campus",6c2573ce-592a-4519-989c-2fd21d6918b7,"W", 09/01/2025 05:00:00 AM,"(UTC-07:00) Arizona",,,3517368.5,3492445.8,3542291.2,
PNTM9M2jMkKm3GLHpLiq3J4gE,"","North Campus",6c2573ce-592a-4519-989c-2fd21d6918b7,"W", 09/01/2025 05:15:00 AM,"(UTC-07:00) Arizona",,,3494553.35,3490245.2,3498861.5,
PNTM9M2jMkKm3GLHpLiq3J4gE,"","North Campus",6c2573ce-592a-4519-989c-2fd21d6918b7,"W", 09/01/2025 05:30:00 AM,"(UTC-07:00) Arizona",,,3505154.875,3487022,3526468.2,
PNTM9M2jMkKm3GLHpLiq3J4gE,"","North Campus",6c2573ce-592a-4519-989c-2fd21d6918b7,"W", 09/01/2025 05:45:00 AM,"(UTC-07:00) Arizona",,,3524968.766666667,3499256.8,3570081,
PNTM9M2jMkKm3GLHpLiq3J4gE,"","North Campus",6c2573ce-592a-4519-989c-2fd21d6918b7,"W", 09/01/2025 06:00:00 AM,"(UTC-07:00) Arizona",,,3579187.1333333333,3571187.2,3588985.2,
PNTM9M2jMkKm3GLHpLiq3J4gE,"","North Campus",6c2573ce-592a-4519-989c-2fd21d6918b7,"W", 09/01/2025 06:15:00 AM,"(UTC-07:00) Arizona",,,3626840.4,3600724.2,3643817.5,
PNTM9M2jMkKm3GLHpLiq3J4gE,"","North Campus",6c2573ce-592a-4519-989c-2fd21d6918b7,"W", 09/01/2025 06:30:00 AM,"(UTC-07:00) Arizona",,,3569679.1666666665,3544350.8,3582453.5,
PNTM9M2jMkKm3GLHpLiq3J4gE,"","North Campus",6c2573ce-592a-4519-989c-2fd21d6918b7,"W", 09/01/2025 06:45:00 AM,"(UTC-07:00) Arizona",,,3613062.266666667,3583258.2,3664392.8,
PNTM9M2jMkKm3GLHpLiq3J4gE,"","North Campus",6c2573ce-592a-4519-989c-2fd21d6918b7,"W", 09/01/2025 07:00:00 AM,"(UTC-07:00) Arizona",,,3699311.4,3667742.8,3730880,
PNTM9M2jMkKm3GLHpLiq3J4gE,"","North Campus",6c2573ce-592a-4519-989c-2fd21d6918b7,"W", 09/01/2025 07:15:00 AM,"(UTC-07:00) Arizona",,,3698083.1666666665,3692067,3701992.5,
PNTM9M2jMkKm3GLHpLiq3J4gE,"","North Campus",6c2573ce-592a-4519-989c-2fd21d6918b7,"W", 09/01/2025 07:30:00 AM,"(UTC-07:00) Arizona",,,3738756.6666666665,3709162.5,3754549.5,
PNTM9M2jMkKm3GLHpLiq3J4gE,"","North Campus",6c2573ce-592a-4519-989c-2fd21d6918b7,"W", 09/01/2025 07:45:00 AM,"(UTC-07:00) Arizona",,,3855381.75,3850334,3860429.5,
PNTM9M2jMkKm3GLHpLiq3J4gE,"","North Campus",6c2573ce-592a-4519-989c-2fd21d6918b7,"W", 09/01/2025 08:00:00 AM,"(UTC-07:00) Arizona",,,4014094.1333333333,3965465.2,4046060.2,
PNTM9M2jMkKm3GLHpLiq3J4gE,"","North Campus",6c2573ce-592a-4519-989c-2fd21d6918b7,"W", 09/01/2025 08:15:00 AM,"(UTC-07:00) Arizona",,,4049498.5,3985552,4113445,
PNTM9M2jMkKm3GLHpLiq3J4gE,"","North Campus",6c2573ce-592a-4519-989c-2fd21d6918b7,"W", 09/01/2025 08:30:00 AM,"(UTC-07:00) Arizona",,,4136111.5666666664,4074394.5,4207532,
PNTM9M2jMkKm3GLHpLiq3J4gE,"","North Campus",6c2573ce-592a-4519-989c-2fd21d6918b7,"W", 09/01/2025 08:45:00 AM,"(UTC-07:00) Arizona",,,4089969.5,4063301.8,4106873.2,
PNTM9M2jMkKm3GLHpLiq3J4gE,"","North Campus",6c2573ce-592a-4519-989c-2fd21d6918b7,"W", 09/01/2025 09:00:00 AM,"(UTC-07:00) Arizona",,,4277277.875,4203551,4385524,
PNTM9M2jMkKm3GLHpLiq3J4gE,"","North Campus",6c2573ce-592a-4519-989c-2fd21d6918b7,"W", 09/01/2025 09:15:00 AM,"(UTC-07:00) Arizona",,,4199935.6,4165919.2,4233952,
PNTM9M2jMkKm3GLHpLiq3J4gE,"","North Campus",6c2573ce-592a-4519-989c-2fd21d6918b7,"W", 09/01/2025 09:30:00 AM,"(UTC-07:00) Arizona",,,4433959.5,4375540.5,4544802.5,
PNTM9M2jMkKm3GLHpLiq3J4gE,"","North Campus",6c2573ce-592a-4519-989c-2fd21d6918b7,"W", 09/01/2025 09:45:00 AM,"(UTC-07:00) Arizona",,,4387011.5,4340260,4439921.5,
PNTM9M2jMkKm3GLHpLiq3J4gE,"","North Campus",6c2573ce-592a-4519-989c-2fd21d6918b7,"W", 09/01/2025 10:00:00 AM,"(UTC-07:00) Arizona",,,4478166,4443737,4512595,
PNTM9M2jMkKm3GLHpLiq3J4gE,"","North Campus",6c2573ce-592a-4519-989c-2fd21d6918b7,"W", 09/01/2025 10:15:00 AM,"(UTC-07:00) Arizona",,,4487903,4431599.5,4519640.5,
PNTM9M2jMkKm3GLHpLiq3J4gE,"","North Campus",6c2573ce-592a-4519-989c-2fd21d6918b7,"W", 09/01/2025 10:30:00 AM,"(UTC-07:00) Arizona",,,4450826.25,4427427,4474225.5,
PNTM9M2jMkKm3GLHpLiq3J4gE,"","North Campus",6c2573ce-592a-4519-989c-2fd21d6918b7,"W", 09/01/2025 10:45:00 AM,"(UTC-07:00) Arizona",,,4383534.833333333,4360814,4403589.5,
PNTM9M2jMkKm3GLHpLiq3J4gE,"","North Campus",6c2573ce-592a-4519-989c-2fd21d6918b7,"W", 09/01/2025 11:00:00 AM,"(UTC-07:00) Arizona",,,4430429.375,4337112,4578049.5,
PNTM9M2jMkKm3GLHpLiq3J4gE,"","North Campus",6c2573ce-592a-4519-989c-2fd21d6918b7,"W", 09/01/2025 11:15:00 AM,"(UTC-07:00) Arizona",,,4421379.833333333,4355559.5,4545921.5,
PNTM9M2jMkKm3GLHpLiq3J4gE,"","North Campus",6c2573ce-592a-4519-989c-2fd21d6918b7,"W", 09/01/2025 11:30:00 AM,"(UTC-07:00) Arizona",,,4330996.25,4304314,4357678.5,
PNTM9M2jMkKm3GLHpLiq3J4gE,"","North Campus",6c2573ce-592a-4519-989c-2fd21d6918b7,"W", 09/01/2025 11:45:00 AM,"(UTC-07:00) Arizona",,,4591474.666666667,4502516.5,4695619,
PNTM9M2jMkKm3GLHpLiq3J4gE,"","North Campus",6c2573ce-592a-4519-989c-2fd21d6918b7,"W", 09/01/2025 12:00:00 PM,"(UTC-07:00) Arizona",,,4587966.166666667,4396886.5,4728888.5,
PNTM9M2jMkKm3GLHpLiq3J4gE,"","North Campus",6c2573ce-592a-4519-989c-2fd21d6918b7,"W", 09/01/2025 12:15:00 PM,"(UTC-07:00) Arizona",,,4468198.833333333,4413077.5,4496369,
PNTM9M2jMkKm3GLHpLiq3J4gE,"","North Campus",6c2573ce-592a-4519-989c-2fd21d6918b7,"W", 09/01/2025 12:30:00 PM,"(UTC-07:00) Arizona",,,4566260,4423632.5,4708887.5,
PNTM9M2jMkKm3GLHpLiq3J4gE,"","North Campus",6c2573ce-592a-4519-989c-2fd21d6918b7,"W", 09/01/2025 12:45:00 PM,"(UTC-07:00) Arizona",,,4524208.833333333,4445276,4664436,
PNTM9M2jMkKm3GLHpLiq3J4gE,"","North Campus",6c2573ce-592a-4519-989c-2fd21d6918b7,"W", 09/01/2025 01:00:00 PM,"(UTC-07:00) Arizona",,,4782717,4782634.5,4782799.5,
PNTM9M2jMkKm3GLHpLiq3J4gE,"","North Campus",6c2573ce-592a-4519-989c-2fd21d6918b7,"W", 09/01/2025 01:15:00 PM,"(UTC-07:00) Arizona",,,4838178.666666667,4806841.5,4898780,
PNTM9M2jMkKm3GLHpLiq3J4gE,"","North Campus",6c2573ce-592a-4519-989c-2fd21d6918b7,"W", 09/01/2025 01:30:00 PM,"(UTC-07:00) Arizona",,,4756664.5,4720046.5,4838415,
PNTM9M2jMkKm3GLHpLiq3J4gE,"","North Campus",6c2573ce-592a-4519-989c-2fd21d6918b7,"W", 09/01/2025 01:45:00 PM,"(UTC-07:00) Arizona",,,4852080.666666667,4794506.5,4882369,
PNTM9M2jMkKm3GLHpLiq3J4gE,"","North Campus",6c2573ce-592a-4519-989c-2fd21d6918b7,"W", 09/01/2025 02:00:00 PM,"(UTC-07:00) Arizona",,,4892676.25,4852016,4933336.5,
PNTM9M2jMkKm3GLHpLiq3J4gE,"","North Campus",6c2573ce-592a-4519-989c-2fd21d6918b7,"W", 09/01/2025 02:15:00 PM,"(UTC-07:00) Arizona",,,4882230.666666667,4830081,4950201.5,
PNTM9M2jMkKm3GLHpLiq3J4gE,"","North Campus",6c2573ce-592a-4519-989c-2fd21d6918b7,"W", 09/01/2025 02:30:00 PM,"(UTC-07:00) Arizona",,,4871489.666666667,4846520,4904925.5,
PNTM9M2jMkKm3GLHpLiq3J4gE,"","North Campus",6c2573ce-592a-4519-989c-2fd21d6918b7,"W", 09/01/2025 02:45:00 PM,"(UTC-07:00) Arizona",,,4836083,4809915.5,4862250.5,
PNTM9M2jMkKm3GLHpLiq3J4gE,"","North Campus",6c2573ce-592a-4519-989c-2fd21d6918b7,"W", 09/01/2025 03:00:00 PM,"(UTC-07:00) Arizona",,,4686784.166666667,4632877,4759025,
PNTM9M2jMkKm3GLHpLiq3J4gE,"","North Campus",6c2573ce-592a-4519-989c-2fd21d6918b7,"W", 09/01/2025 03:15:00 PM,"(UTC-07:00) Arizona",,,4656578.166666667,4588218.5,4722845.5,
PNTM9M2jMkKm3GLHpLiq3J4gE,"","North Campus",6c2573ce-592a-4519-989c-2fd21d6918b7,"W", 09/01/2025 03:30:00 PM,"(UTC-07:00) Arizona",,,4786901.666666667,4676223.5,4895344.5,
PNTM9M2jMkKm3GLHpLiq3J4gE,"","North Campus",6c2573ce-592a-4519-989c-2fd21d6918b7,"W", 09/01/2025 03:45:00 PM,"(UTC-07:00) Arizona",,,4885711.333333333,4762570,4952196,
PNTM9M2jMkKm3GLHpLiq3J4gE,"","North Campus",6c2573ce-592a-4519-989c-2fd21d6918b7,"W", 09/01/2025 04:00:00 PM,"(UTC-07:00) Arizona",,,4809788.333333333,4745935.5,4906041,
PNTM9M2jMkKm3GLHpLiq3J4gE,"","North Campus",6c2573ce-592a-4519-989c-2fd21d6918b7,"W", 09/01/2025 04:15:00 PM,"(UTC-07:00) Arizona",,,4824944.333333333,4790784,4870527.5,
PNTM9M2jMkKm3GLHpLiq3J4gE,"","North Campus",6c2573ce-592a-4519-989c-2fd21d6918b7,"W", 09/01/2025 04:30:00 PM,"(UTC-07:00) Arizona",,,4840962,4814988.5,4880178.5,
PNTM9M2jMkKm3GLHpLiq3J4gE,"","North Campus",6c2573ce-592a-4519-989c-2fd21d6918b7,"W", 09/01/2025 04:45:00 PM,"(UTC-07:00) Arizona",,,5013000.333333333,4959073,5043006,
PNTM9M2jMkKm3GLHpLiq3J4gE,"","North Campus",6c2573ce-592a-4519-989c-2fd21d6918b7,"W", 09/01/2025 05:00:00 PM,"(UTC-07:00) Arizona",,,5036882.333333333,5005726,5055949.5,
PNTM9M2jMkKm3GLHpLiq3J4gE,"","North Campus",6c2573ce-592a-4519-989c-2fd21d6918b7,"W", 09/01/2025 05:15:00 PM,"(UTC-07:00) Arizona",,,5128289.25,5094581,5161997.5,
PNTM9M2jMkKm3GLHpLiq3J4gE,"","North Campus",6c2573ce-592a-4519-989c-2fd21d6918b7,"W", 09/01/2025 05:30:00 PM,"(UTC-07:00) Arizona",,,5079514.833333333,5058832.5,5116808.5,
PNTM9M2jMkKm3GLHpLiq3J4gE,"","North Campus",6c2573ce-592a-4519-989c-2fd21d6918b7,"W", 09/01/2025 05:45:00 PM,"(UTC-07:00) Arizona",,,5006217.5,4888326,5078703,
PNTM9M2jMkKm3GLHpLiq3J4gE,"","North Campus",6c2573ce-592a-4519-989c-2fd21d6918b7,"W", 09/01/2025 06:00:00 PM,"(UTC-07:00) Arizona",,,4927731,4895760,4959702,
PNTM9M2jMkKm3GLHpLiq3J4gE,"","North Campus",6c2573ce-592a-4519-989c-2fd21d6918b7,"W", 09/01/2025 06:15:00 PM,"(UTC-07:00) Arizona",,,4954600.5,4922171,4972851,
PNTM9M2jMkKm3GLHpLiq3J4gE,"","North Campus",6c2573ce-592a-4519-989c-2fd21d6918b7,"W", 09/01/2025 06:30:00 PM,"(UTC-07:00) Arizona",,,4874029.333333333,4870152,4877510.5,
PNTM9M2jMkKm3GLHpLiq3J4gE,"","North Campus",6c2573ce-592a-4519-989c-2fd21d6918b7,"W", 09/01/2025 06:45:00 PM,"(UTC-07:00) Arizona",,,4852911.166666667,4787342.5,4891533.5,
PNTM9M2jMkKm3GLHpLiq3J4gE,"","North Campus",6c2573ce-592a-4519-989c-2fd21d6918b7,"W", 09/01/2025 07:00:00 PM,"(UTC-07:00) Arizona",,,4751425.333333333,4712560,4771591,
PNTM9M2jMkKm3GLHpLiq3J4gE,"","North Campus",6c2573ce-592a-4519-989c-2fd21d6918b7,"W", 09/01/2025 07:15:00 PM,"(UTC-07:00) Arizona",,,4754292.666666667,4710743.5,4830693.5,
PNTM9M2jMkKm3GLHpLiq3J4gE,"","North Campus",6c2573ce-592a-4519-989c-2fd21d6918b7,"W", 09/01/2025 07:30:00 PM,"(UTC-07:00) Arizona",,,4622302.25,4591389,4653215.5,
PNTM9M2jMkKm3GLHpLiq3J4gE,"","North Campus",6c2573ce-592a-4519-989c-2fd21d6918b7,"W", 09/01/2025 07:45:00 PM,"(UTC-07:00) Arizona",,,4606858,4568271,4636159.5,
PNTM9M2jMkKm3GLHpLiq3J4gE,"","North Campus",6c2573ce-592a-4519-989c-2fd21d6918b7,"W", 09/01/2025 08:00:00 PM,"(UTC-07:00) Arizona",,,4560652.833333333,4509355,4592691.5,
PNTM9M2jMkKm3GLHpLiq3J4gE,"","North Campus",6c2573ce-592a-4519-989c-2fd21d6918b7,"W", 09/01/2025 08:15:00 PM,"(UTC-07:00) Arizona",,,4568683.833333333,4549170.5,4584328,
PNTM9M2jMkKm3GLHpLiq3J4gE,"","North Campus",6c2573ce-592a-4519-989c-2fd21d6918b7,"W", 09/01/2025 08:30:00 PM,"(UTC-07:00) Arizona",,,4462461.75,4452572.5,4472351,
PNTM9M2jMkKm3GLHpLiq3J4gE,"","North Campus",6c2573ce-592a-4519-989c-2fd21d6918b7,"W", 09/01/2025 08:45:00 PM,"(UTC-07:00) Arizona",,,4447757.125,4392671.5,4474249.5,
PNTM9M2jMkKm3GLHpLiq3J4gE,"","North Campus",6c2573ce-592a-4519-989c-2fd21d6918b7,"W", 09/01/2025 09:00:00 PM,"(UTC-07:00) Arizona",,,4454090.666666667,4404914.5,4483461.5,
PNTM9M2jMkKm3GLHpLiq3J4gE,"","North Campus",6c2573ce-592a-4519-989c-2fd21d6918b7,"W", 09/01/2025 09:15:00 PM,"(UTC-07:00) Arizona",,,4426422.25,4412996,4439848.5,
PNTM9M2jMkKm3GLHpLiq3J4gE,"","North Campus",6c2573ce-592a-4519-989c-2fd21d6918b7,"W", 09/01/2025 09:30:00 PM,"(UTC-07:00) Arizona",,,4411343.25,4396507,4426179.5,
PNTM9M2jMkKm3GLHpLiq3J4gE,"","North Campus",6c2573ce-592a-4519-989c-2fd21d6918b7,"W", 09/01/2025 09:45:00 PM,"(UTC-07:00) Arizona",,,4390598.75,4336908,4441608.5,
PNTM9M2jMkKm3GLHpLiq3J4gE,"","North Campus",6c2573ce-592a-4519-989c-2fd21d6918b7,"W", 09/01/2025 10:00:00 PM,"(UTC-07:00) Arizona",,,4297693.25,4292850,4302536.5,
PNTM9M2jMkKm3GLHpLiq3J4gE,"","North Campus",6c2573ce-592a-4519-989c-2fd21d6918b7,"W", 09/01/2025 10:15:00 PM,"(UTC-07:00) Arizona",,,4232328.625,4200928,4245318,
PNTM9M2jMkKm3GLHpLiq3J4gE,"","North Campus",6c2573ce-592a-4519-989c-2fd21d6918b7,"W", 09/01/2025 10:30:00 PM,"(UTC-07:00) Arizona",,,4162330.3333333335,4135891,4202626,
PNTM9M2jMkKm3GLHpLiq3J4gE,"","North Campus",6c2573ce-592a-4519-989c-2fd21d6918b7,"W", 09/01/2025 10:45:00 PM,"(UTC-07:00) Arizona",,,4028270.0666666664,3954537.2,4078670.5,
PNTM9M2jMkKm3GLHpLiq3J4gE,"","North Campus",6c2573ce-592a-4519-989c-2fd21d6918b7,"W", 09/01/2025 11:00:00 PM,"(UTC-07:00) Arizona",,,3863175.966666667,3845739.2,3874651.5,
PNTM9M2jMkKm3GLHpLiq3J4gE,"","North Campus",6c2573ce-592a-4519-989c-2fd21d6918b7,"W", 09/01/2025 11:15:00 PM,"(UTC-07:00) Arizona",,,3836443.9,3829233.8,3843654,
PNTM9M2jMkKm3GLHpLiq3J4gE,"","North Campus",6c2573ce-592a-4519-989c-2fd21d6918b7,"W", 09/01/2025 11:30:00 PM,"(UTC-07:00) Arizona",,,3824594.0666666664,3795936.5,3859701.5,
PNTM9M2jMkKm3GLHpLiq3J4gE,"","North Campus",6c2573ce-592a-4519-989c-2fd21d6918b7,"W", 09/01/2025 11:45:00 PM,"(UTC-07:00) Arizona",,,3766339.925,3742581.2,3791123.2,
PNTM9M2jMkKm3GLHpLiq3J4gE,"","North Campus",6c2573ce-592a-4519-989c-2fd21d6918b7,"W", 09/02/2025 12:00:00 AM,"(UTC-07:00) Arizona",,,3719142.5,3708407.8,3729877.2,
PNTM9M2jMkKm3GLHpLiq3J4gE,"","North Campus",6c2573ce-592a-4519-989c-2fd21d6918b7,"W", 09/02/2025 12:15:00 AM,"(UTC-07:00) Arizona",,,3668780,3650065.8,3692848,
PNTM9M2jMkKm3GLHpLiq3J4gE,"","North Campus",6c2573ce-592a-4519-989c-2fd21d6918b7,"W", 09/02/2025 12:30:00 AM,"(UTC-07:00) Arizona",,,3645769.2,3619663.2,3671875.2,
PNTM9M2jMkKm3GLHpLiq3J4gE,"","North Campus",6c2573ce-592a-4519-989c-2fd21d6918b7,"W", 09/02/2025 12:45:00 AM,"(UTC-07:00) Arizona",,,3635404.65,3604276.8,3666532.5,
PNTM9M2jMkKm3GLHpLiq3J4gE,"","North Campus",6c2573ce-592a-4519-989c-2fd21d6918b7,"W", 09/02/2025 01:00:00 AM,"(UTC-07:00) Arizona",,,3600914.575,3568707.8,3615852.5,
PNTM9M2jMkKm3GLHpLiq3J4gE,"","North Campus",6c2573ce-592a-4519-989c-2fd21d6918b7,"W", 09/02/2025 01:15:00 AM,"(UTC-07:00) Arizona",,,3592687.733333333,3576634.2,3605308.8,
PNTM9M2jMkKm3GLHpLiq3J4gE,"","North Campus",6c2573ce-592a-4519-989c-2fd21d6918b7,"W", 09/02/2025 01:30:00 AM,"(UTC-07:00) Arizona",,,3558454.6666666665,3536906,3589734.2,
PNTM9M2jMkKm3GLHpLiq3J4gE,"","North Campus",6c2573ce-592a-4519-989c-2fd21d6918b7,"W", 09/02/2025 01:45:00 AM,"(UTC-07:00) Arizona",,,3528917.5,3487830.5,3570004.5,
PNTM9M2jMkKm3GLHpLiq3J4gE,"","North Campus",6c2573ce-592a-4519-989c-2fd21d6918b7,"W", 09/02/2025 02:00:00 AM,"(UTC-07:00) Arizona",,,3548382.35,3547546.2,3549218.5,
PNTM9M2jMkKm3GLHpLiq3J4gE,"","North Campus",6c2573ce-592a-4519-989c-2fd21d6918b7,"W", 09/02/2025 02:15:00 AM,"(UTC-07:00) Arizona",,,3544507.9333333336,3543428.8,3545429.8,
PNTM9M2jMkKm3GLHpLiq3J4gE,"","North Campus",6c2573ce-592a-4519-989c-2fd21d6918b7,"W", 09/02/2025 02:30:00 AM,"(UTC-07:00) Arizona",,,3562004.925,3539933,3601726.5,
PNTM9M2jMkKm3GLHpLiq3J4gE,"","North Campus",6c2573ce-592a-4519-989c-2fd21d6918b7,"W", 09/02/2025 02:45:00 AM,"(UTC-07:00) Arizona",,,3521960.2000000007,3512119.2,3534340.2,
PNTM9M2jMkKm3GLHpLiq3J4gE,"","North Campus",6c2573ce-592a-4519-989c-2fd21d6918b7,"W", 09/02/2025 03:00:00 AM,"(UTC-07:00) Arizona",,,3519960.1666666665,3511469,3531601,
PNTM9M2jMkKm3GLHpLiq3J4gE,"","North Campus",6c2573ce-592a-4519-989c-2fd21d6918b7,"W", 09/02/2025 03:15:00 AM,"(UTC-07:00) Arizona",,,3541522.9,3541323,3541722.8,
PNTM9M2jMkKm3GLHpLiq3J4gE,"","North Campus",6c2573ce-592a-4519-989c-2fd21d6918b7,"W", 09/02/2025 03:30:00 AM,"(UTC-07:00) Arizona",,,3523650.4,3503451.2,3539823.8,
PNTM9M2jMkKm3GLHpLiq3J4gE,"","North Campus",6c2573ce-592a-4519-989c-2fd21d6918b7,"W", 09/02/2025 03:45:00 AM,"(UTC-07:00) Arizona",,,3550025.95,3515909.5,3615007.5,
PNTM9M2jMkKm3GLHpLiq3J4gE,"","North Campus",6c2573ce-592a-4519-989c-2fd21d6918b7,"W", 09/02/2025 04:00:00 AM,"(UTC-07:00) Arizona",,,3524109.35,3516467.5,3531751.2,
PNTM9M2jMkKm3GLHpLiq3J4gE,"","North Campus",6c2573ce-592a-4519-989c-2fd21d6918b7,"W", 09/02/2025 04:15:00 AM,"(UTC-07:00) Arizona",,,3604911.5666666664,3563645.5,3671227,
PNTM9M2jMkKm3GLHpLiq3J4gE,"","North Campus",6c2573ce-592a-4519-989c-2fd21d6918b7,"W", 09/02/2025 04:30:00 AM,"(UTC-07:00) Arizona",,,3622516.975,3610225.2,3630951,
PNTM9M2jMkKm3GLHpLiq3J4gE,"","North Campus",6c2573ce-592a-4519-989c-2fd21d6918b7,"W", 09/02/2025 04:45:00 AM,"(UTC-07:00) Arizona",,,3632624,3606194.5,3659053.5,
PNTM9M2jMkKm3GLHpLiq3J4gE,"","North Campus",6c2573ce-592a-4519-989c-2fd21d6918b7,"W", 09/02/2025 05:00:00 AM,"(UTC-07:00) Arizona",,,3693676.5999999996,3672180.2,3721462,
PNTM9M2jMkKm3GLHpLiq3J4gE,"","North Campus",6c2573ce-592a-4519-989c-2fd21d6918b7,"W", 09/02/2025 05:15:00 AM,"(UTC-07:00) Arizona",,,3711688.6,3700621,3722756.2,
PNTM9M2jMkKm3GLHpLiq3J4gE,"","North Campus",6c2573ce-592a-4519-989c-2fd21d6918b7,"W", 09/02/2025 05:30:00 AM,"(UTC-07:00) Arizona",,,3712592.475,3698555,3726061.5,
PNTM9M2jMkKm3GLHpLiq3J4gE,"","North Campus",6c2573ce-592a-4519-989c-2fd21d6918b7,"W", 09/02/2025 05:45:00 AM,"(UTC-07:00) Arizona",,,3789250.1666666665,3717575.5,3861836.2,
PNTM9M2jMkKm3GLHpLiq3J4gE,"","North Campus",6c2573ce-592a-4519-989c-2fd21d6918b7,"W", 09/02/2025 06:00:00 AM,"(UTC-07:00) Arizona",,,3847641.25,3824522.5,3870760,
PNTM9M2jMkKm3GLHpLiq3J4gE,"","North Campus",6c2573ce-592a-4519-989c-2fd21d6918b7,"W", 09/02/2025 06:15:00 AM,"(UTC-07:00) Arizona",,,3890749.5999999996,3857737.2,3931517.8,
PNTM9M2jMkKm3GLHpLiq3J4gE,"","North Campus",6c2573ce-592a-4519-989c-2fd21d6918b7,"W", 09/02/2025 06:30:00 AM,"(UTC-07:00) Arizona",,,3937177.2,3893574.2,3980780.2,
PNTM9M2jMkKm3GLHpLiq3J4gE,"","North Campus",6c2573ce-592a-4519-989c-2fd21d6918b7,"W", 09/02/2025 06:45:00 AM,"(UTC-07:00) Arizona",,,4003750.4,3934654,4072846.8,
PNTM9M2jMkKm3GLHpLiq3J4gE,"","North Campus",6c2573ce-592a-4519-989c-2fd21d6918b7,"W", 09/02/2025 07:00:00 AM,"(UTC-07:00) Arizona",,,4149846.8333333335,4113430,4173362,
PNTM9M2jMkKm3GLHpLiq3J4gE,"","North Campus",6c2573ce-592a-4519-989c-2fd21d6918b7,"W", 09/02/2025 07:15:00 AM,"(UTC-07:00) Arizona",,,4299321.5,4259016,4325520.5,
PNTM9M2jMkKm3GLHpLiq3J4gE,"","North Campus",6c2573ce-592a-4519-989c-2fd21d6918b7,"W", 09/02/2025 07:30:00 AM,"(UTC-07:00) Arizona",,,4384282.166666667,4343642.5,4433593,
PNTM9M2jMkKm3GLHpLiq3J4gE,"","North Campus",6c2573ce-592a-4519-989c-2fd21d6918b7,"W", 09/02/2025 07:45:00 AM,"(UTC-07:00) Arizona",,,4389983.666666667,4330093,4494256,
PNTM9M2jMkKm3GLHpLiq3J4gE,"","North Campus",6c2573ce-592a-4519-989c-2fd21d6918b7,"W", 09/02/2025 08:00:00 AM,"(UTC-07:00) Arizona",,,4541815.166666667,4494954,4571556,
PNTM9M2jMkKm3GLHpLiq3J4gE,"","North Campus",6c2573ce-592a-4519-989c-2fd21d6918b7,"W", 09/02/2025 08:15:00 AM,"(UTC-07:00) Arizona",,,4714319.833333333,4671182,4752317,
PNTM9M2jMkKm3GLHpLiq3J4gE,"","North Campus",6c2573ce-592a-4519-989c-2fd21d6918b7,"W", 09/02/2025 08:30:00 AM,"(UTC-07:00) Arizona",,,4832164.833333333,4768999.5,4905265.5,
PNTM9M2jMkKm3GLHpLiq3J4gE,"","North Campus",6c2573ce-592a-4519-989c-2fd21d6918b7,"W", 09/02/2025 08:45:00 AM,"(UTC-07:00) Arizona",,,4866346.5,4815350.5,4911566.5,
PNTM9M2jMkKm3GLHpLiq3J4gE,"","North Campus",6c2573ce-592a-4519-989c-2fd21d6918b7,"W", 09/02/2025 09:00:00 AM,"(UTC-07:00) Arizona",,,4929503.833333333,4906477,4952895,
PNTM9M2jMkKm3GLHpLiq3J4gE,"","North Campus",6c2573ce-592a-4519-989c-2fd21d6918b7,"W", 09/02/2025 09:15:00 AM,"(UTC-07:00) Arizona",,,5011175.833333333,4921252,5067622,
PNTM9M2jMkKm3GLHpLiq3J4gE,"","North Campus",6c2573ce-592a-4519-989c-2fd21d6918b7,"W", 09/02/2025 09:30:00 AM,"(UTC-07:00) Arizona",,,4937536.833333333,4849228.5,5027769,
PNTM9M2jMkKm3GLHpLiq3J4gE,"","North Campus",6c2573ce-592a-4519-989c-2fd21d6918b7,"W", 09/02/2025 09:45:00 AM,"(UTC-07:00) Arizona",,,4988071,4898954,5037890.5,
PNTM9M2jMkKm3GLHpLiq3J4gE,"","North Campus",6c2573ce-592a-4519-989c-2fd21d6918b7,"W", 09/02/2025 10:00:00 AM,"(UTC-07:00) Arizona",,,5196082,5019888.5,5284465.5,
PNTM9M2jMkKm3GLHpLiq3J4gE,"","North Campus",6c2573ce-592a-4519-989c-2fd21d6918b7,"W", 09/02/2025 10:15:00 AM,"(UTC-07:00) Arizona",,,5053894.833333333,4859345.5,5173553.5,
PNTM9M2jMkKm3GLHpLiq3J4gE,"","North Campus",6c2573ce-592a-4519-989c-2fd21d6918b7,"W", 09/02/2025 10:30:00 AM,"(UTC-07:00) Arizona",,,4996089.833333333,4940769,5033560.5,
PNTM9M2jMkKm3GLHpLiq3J4gE,"","North Campus",6c2573ce-592a-4519-989c-2fd21d6918b7,"W", 09/02/2025 10:45:00 AM,"(UTC-07:00) Arizona",,,5143901,5012634.5,5209954.5,
PNTM9M2jMkKm3GLHpLiq3J4gE,"","North Campus",6c2573ce-592a-4519-989c-2fd21d6918b7,"W", 09/02/2025 11:00:00 AM,"(UTC-07:00) Arizona",,,5219353.166666667,5084905,5389487,
PNTM9M2jMkKm3GLHpLiq3J4gE,"","North Campus",6c2573ce-592a-4519-989c-2fd21d6918b7,"W", 09/02/2025 11:15:00 AM,"(UTC-07:00) Arizona",,,5450184.666666667,5398374,5485889,
PNTM9M2jMkKm3GLHpLiq3J4gE,"","North Campus",6c2573ce-592a-4519-989c-2fd21d6918b7,"W", 09/02/2025 11:30:00 AM,"(UTC-07:00) Arizona",,,5505415.75,5455533.5,5555298,
PNTM9M2jMkKm3GLHpLiq3J4gE,"","North Campus",6c2573ce-592a-4519-989c-2fd21d6918b7,"W", 09/02/2025 11:45:00 AM,"(UTC-07:00) Arizona",,,5501876.5,5476425.5,5556088.5,
PNTM9M2jMkKm3GLHpLiq3J4gE,"","North Campus",6c2573ce-592a-4519-989c-2fd21d6918b7,"W", 09/02/2025 12:00:00 PM,"(UTC-07:00) Arizona",,,5598229.833333333,5571487,5622980,
PNTM9M2jMkKm3GLHpLiq3J4gE,"","North Campus",6c2573ce-592a-4519-989c-2fd21d6918b7,"W", 09/02/2025 12:15:00 PM,"(UTC-07:00) Arizona",,,5658207.833333333,5566910.5,5829212,
PNTM9M2jMkKm3GLHpLiq3J4gE,"","North Campus",6c2573ce-592a-4519-989c-2fd21d6918b7,"W", 09/02/2025 12:30:00 PM,"(UTC-07:00) Arizona",,,6017778.833333333,5964447,6087080.5,
PNTM9M2jMkKm3GLHpLiq3J4gE,"","North Campus",6c2573ce-592a-4519-989c-2fd21d6918b7,"W", 09/02/2025 12:45:00 PM,"(UTC-07:00) Arizona",,,5873027.75,5853904,5892151.5,
PNTM9M2jMkKm3GLHpLiq3J4gE,"","North Campus",6c2573ce-592a-4519-989c-2fd21d6918b7,"W", 09/02/2025 01:00:00 PM,"(UTC-07:00) Arizona",,,5819969.333333333,5776857,5846543,
PNTM9M2jMkKm3GLHpLiq3J4gE,"","North Campus",6c2573ce-592a-4519-989c-2fd21d6918b7,"W", 09/02/2025 01:15:00 PM,"(UTC-07:00) Arizona",,,5670225.833333333,5620723,5699952,
PNTM9M2jMkKm3GLHpLiq3J4gE,"","North Campus",6c2573ce-592a-4519-989c-2fd21d6918b7,"W", 09/02/2025 01:30:00 PM,"(UTC-07:00) Arizona",,,5595769.833333333,5575641,5613287.5,
PNTM9M2jMkKm3GLHpLiq3J4gE,"","North Campus",6c2573ce-592a-4519-989c-2fd21d6918b7,"W", 09/02/2025 01:45:00 PM,"(UTC-07:00) Arizona",,,5502423,5445999,5593030,
PNTM9M2jMkKm3GLHpLiq3J4gE,"","North Campus",6c2573ce-592a-4519-989c-2fd21d6918b7,"W", 09/02/2025 02:00:00 PM,"(UTC-07:00) Arizona",,,5414705.5,5414705.5,5414705.5,
PNTM9M2jMkKm3GLHpLiq3J4gE,"","North Campus",6c2573ce-592a-4519-989c-2fd21d6918b7,"W", 09/02/2025 02:15:00 PM,"(UTC-07:00) Arizona",,,5350086.125,5194552,5456669,
PNTM9M2jMkKm3GLHpLiq3J4gE,"","North Campus",6c2573ce-592a-4519-989c-2fd21d6918b7,"W", 09/02/2025 02:30:00 PM,"(UTC-07:00) Arizona",,,5329216.5,5265882,5388819,
PNTM9M2jMkKm3GLHpLiq3J4gE,"","North Campus",6c2573ce-592a-4519-989c-2fd21d6918b7,"W", 09/02/2025 02:45:00 PM,"(UTC-07:00) Arizona",,,5354076.333333333,5239603.5,5437457,
PNTM9M2jMkKm3GLHpLiq3J4gE,"","North Campus",6c2573ce-592a-4519-989c-2fd21d6918b7,"W", 09/02/2025 03:00:00 PM,"(UTC-07:00) Arizona",,,5423069.833333333,5382728,5448464,
PNTM9M2jMkKm3GLHpLiq3J4gE,"","North Campus",6c2573ce-592a-4519-989c-2fd21d6918b7,"W", 09/02/2025 03:15:00 PM,"(UTC-07:00) Arizona",,,5446595.666666667,5410282.5,5516648.5,
PNTM9M2jMkKm3GLHpLiq3J4gE,"","North Campus",6c2573ce-592a-4519-989c-2fd21d6918b7,"W", 09/02/2025 03:30:00 PM,"(UTC-07:00) Arizona",,,5305644.333333333,5244540,5379282.5,
PNTM9M2jMkKm3GLHpLiq3J4gE,"","North Campus",6c2573ce-592a-4519-989c-2fd21d6918b7,"W", 09/02/2025 03:45:00 PM,"(UTC-07:00) Arizona",,,5306962.666666667,5306095.5,5308144.5,
PNTM9M2jMkKm3GLHpLiq3J4gE,"","North Campus",6c2573ce-592a-4519-989c-2fd21d6918b7,"W", 09/02/2025 04:00:00 PM,"(UTC-07:00) Arizona",,,5303825.833333333,5272356.5,5322121,
PNTM9M2jMkKm3GLHpLiq3J4gE,"","North Campus",6c2573ce-592a-4519-989c-2fd21d6918b7,"W", 09/02/2025 04:15:00 PM,"(UTC-07:00) Arizona",,,5505450,5505450,5505450,
PNTM9M2jMkKm3GLHpLiq3J4gE,"","North Campus",6c2573ce-592a-4519-989c-2fd21d6918b7,"W", 09/02/2025 04:30:00 PM,"(UTC-07:00) Arizona",,,5452252,5424478.5,5480025.5,
PNTM9M2jMkKm3GLHpLiq3J4gE,"","North Campus",6c2573ce-592a-4519-989c-2fd21d6918b7,"W", 09/02/2025 04:45:00 PM,"(UTC-07:00) Arizona",,,5420192.166666667,5371277.5,5451123,
PNTM9M2jMkKm3GLHpLiq3J4gE,"","North Campus",6c2573ce-592a-4519-989c-2fd21d6918b7,"W", 09/02/2025 05:00:00 PM,"(UTC-07:00) Arizona",,,5401000,5339180.5,5469311.5,
PNTM9M2jMkKm3GLHpLiq3J4gE,"","North Campus",6c2573ce-592a-4519-989c-2fd21d6918b7,"W", 09/02/2025 05:15:00 PM,"(UTC-07:00) Arizona",,,5303521,5253939.5,5353102.5,
PNTM9M2jMkKm3GLHpLiq3J4gE,"","North Campus",6c2573ce-592a-4519-989c-2fd21d6918b7,"W", 09/02/2025 05:30:00 PM,"(UTC-07:00) Arizona",,,5154034.375,5108377.5,5200303.5,
PNTM9M2jMkKm3GLHpLiq3J4gE,"","North Campus",6c2573ce-592a-4519-989c-2fd21d6918b7,"W", 09/02/2025 05:45:00 PM,"(UTC-07:00) Arizona",,,5055849.25,4937691.5,5174007,
PNTM9M2jMkKm3GLHpLiq3J4gE,"","North Campus",6c2573ce-592a-4519-989c-2fd21d6918b7,"W", 09/02/2025 06:00:00 PM,"(UTC-07:00) Arizona",,,4991024.166666667,4966358.5,5034758,
PNTM9M2jMkKm3GLHpLiq3J4gE,"","North Campus",6c2573ce-592a-4519-989c-2fd21d6918b7,"W", 09/02/2025 06:15:00 PM,"(UTC-07:00) Arizona",,,4944277.5,4913394,4975161,
PNTM9M2jMkKm3GLHpLiq3J4gE,"","North Campus",6c2573ce-592a-4519-989c-2fd21d6918b7,"W", 09/02/2025 06:30:00 PM,"(UTC-07:00) Arizona",,,4885975.666666667,4832839,4928983,
PNTM9M2jMkKm3GLHpLiq3J4gE,"","North Campus",6c2573ce-592a-4519-989c-2fd21d6918b7,"W", 09/02/2025 06:45:00 PM,"(UTC-07:00) Arizona",,,4844660.125,4765681.5,4940229,
PNTM9M2jMkKm3GLHpLiq3J4gE,"","North Campus",6c2573ce-592a-4519-989c-2fd21d6918b7,"W", 09/02/2025 07:00:00 PM,"(UTC-07:00) Arizona",,,4633282.5,4537461,4729104,
PNTM9M2jMkKm3GLHpLiq3J4gE,"","North Campus",6c2573ce-592a-4519-989c-2fd21d6918b7,"W", 09/02/2025 07:15:00 PM,"(UTC-07:00) Arizona",,,4641269.166666667,4622366.5,4662829,
PNTM9M2jMkKm3GLHpLiq3J4gE,"","North Campus",6c2573ce-592a-4519-989c-2fd21d6918b7,"W", 09/02/2025 07:30:00 PM,"(UTC-07:00) Arizona",,,4646803.333333333,4601396,4674050.5,
PNTM9M2jMkKm3GLHpLiq3J4gE,"","North Campus",6c2573ce-592a-4519-989c-2fd21d6918b7,"W", 09/02/2025 07:45:00 PM,"(UTC-07:00) Arizona",,,4629315.25,4564838.5,4693792,
PNTM9M2jMkKm3GLHpLiq3J4gE,"","North Campus",6c2573ce-592a-4519-989c-2fd21d6918b7,"W", 09/02/2025 08:00:00 PM,"(UTC-07:00) Arizona",,,4539579.833333333,4506358.5,4592484.5,
PNTM9M2jMkKm3GLHpLiq3J4gE,"","North Campus",6c2573ce-592a-4519-989c-2fd21d6918b7,"W", 09/02/2025 08:15:00 PM,"(UTC-07:00) Arizona",,,4518290,4496531.5,4547749.5,
PNTM9M2jMkKm3GLHpLiq3J4gE,"","North Campus",6c2573ce-592a-4519-989c-2fd21d6918b7,"W", 09/02/2025 08:30:00 PM,"(UTC-07:00) Arizona",,,4407111.75,4397422,4416801.5,
PNTM9M2jMkKm3GLHpLiq3J4gE,"","North Campus",6c2573ce-592a-4519-989c-2fd21d6918b7,"W", 09/02/2025 08:45:00 PM,"(UTC-07:00) Arizona",,,4412380.666666667,4358587.5,4444939,
PNTM9M2jMkKm3GLHpLiq3J4gE,"","North Campus",6c2573ce-592a-4519-989c-2fd21d6918b7,"W", 09/02/2025 09:00:00 PM,"(UTC-07:00) Arizona",,,4390992.625,4345694,4441632,
PNTM9M2jMkKm3GLHpLiq3J4gE,"","North Campus",6c2573ce-592a-4519-989c-2fd21d6918b7,"W", 09/02/2025 09:15:00 PM,"(UTC-07:00) Arizona",,,4324430.25,4308241.5,4340619,
PNTM9M2jMkKm3GLHpLiq3J4gE,"","North Campus",6c2573ce-592a-4519-989c-2fd21d6918b7,"W", 09/02/2025 09:30:00 PM,"(UTC-07:00) Arizona",,,4286612.666666667,4252851.5,4335816,
PNTM9M2jMkKm3GLHpLiq3J4gE,"","North Campus",6c2573ce-592a-4519-989c-2fd21d6918b7,"W", 09/02/2025 09:45:00 PM,"(UTC-07:00) Arizona",,,4218901.65,4193600.8,4244202.5,
PNTM9M2jMkKm3GLHpLiq3J4gE,"","North Campus",6c2573ce-592a-4519-989c-2fd21d6918b7,"W", 09/02/2025 10:00:00 PM,"(UTC-07:00) Arizona",,,4164316.4333333336,4142820.8,4197453.5,
PNTM9M2jMkKm3GLHpLiq3J4gE,"","North Campus",6c2573ce-592a-4519-989c-2fd21d6918b7,"W", 09/02/2025 10:15:00 PM,"(UTC-07:00) Arizona",,,4132714.5,4088881.8,4173503.5,
PNTM9M2jMkKm3GLHpLiq3J4gE,"","North Campus",6c2573ce-592a-4519-989c-2fd21d6918b7,"W", 09/02/2025 10:30:00 PM,"(UTC-07:00) Arizona",,,4035258.8666666667,3985481,4100610.8,
PNTM9M2jMkKm3GLHpLiq3J4gE,"","North Campus",6c2573ce-592a-4519-989c-2fd21d6918b7,"W", 09/02/2025 10:45:00 PM,"(UTC-07:00) Arizona",,,3976733.033333333,3841457.8,4112017.5,
PNTM9M2jMkKm3GLHpLiq3J4gE,"","North Campus",6c2573ce-592a-4519-989c-2fd21d6918b7,"W", 09/02/2025 11:00:00 PM,"(UTC-07:00) Arizona",,,3778182.1,3754987.2,3801377,
PNTM9M2jMkKm3GLHpLiq3J4gE,"","North Campus",6c2573ce-592a-4519-989c-2fd21d6918b7,"W", 09/02/2025 11:15:00 PM,"(UTC-07:00) Arizona",,,3754947.233333333,3730820.2,3797173.5,
PNTM9M2jMkKm3GLHpLiq3J4gE,"","North Campus",6c2573ce-592a-4519-989c-2fd21d6918b7,"W", 09/02/2025 11:30:00 PM,"(UTC-07:00) Arizona",,,3777337.8666666667,3752911,3812496.8,
PNTM9M2jMkKm3GLHpLiq3J4gE,"","North Campus",6c2573ce-592a-4519-989c-2fd21d6918b7,"W", 09/02/2025 11:45:00 PM,"(UTC-07:00) Arizona",,,3710985.2,3685765.2,3736205.2,
PNTM9M2jMkKm3GLHpLiq3J4gE,"","North Campus",6c2573ce-592a-4519-989c-2fd21d6918b7,"W", 09/03/2025 12:00:00 AM,"(UTC-07:00) Arizona",,,3682897.5,3663994.5,3703683.8,
PNTM9M2jMkKm3GLHpLiq3J4gE,"","North Campus",6c2573ce-592a-4519-989c-2fd21d6918b7,"W", 09/03/2025 12:15:00 AM,"(UTC-07:00) Arizona",,,3624885.233333333,3585964.2,3647711,
PNTM9M2jMkKm3GLHpLiq3J4gE,"","North Campus",6c2573ce-592a-4519-989c-2fd21d6918b7,"W", 09/03/2025 12:30:00 AM,"(UTC-07:00) Arizona",,,3604862.6333333333,3592758.2,3615408.5,
PNTM9M2jMkKm3GLHpLiq3J4gE,"","North Campus",6c2573ce-592a-4519-989c-2fd21d6918b7,"W", 09/03/2025 12:45:00 AM,"(UTC-07:00) Arizona",,,3585455.733333333,3552014,3616825.2,
PNTM9M2jMkKm3GLHpLiq3J4gE,"","North Campus",6c2573ce-592a-4519-989c-2fd21d6918b7,"W", 09/03/2025 01:00:00 AM,"(UTC-07:00) Arizona",,,3556665.8666666667,3537417,3588776.8,
PNTM9M2jMkKm3GLHpLiq3J4gE,"","North Campus",6c2573ce-592a-4519-989c-2fd21d6918b7,"W", 09/03/2025 01:15:00 AM,"(UTC-07:00) Arizona",,,3588311,3529389.8,3619315.2,
PNTM9M2jMkKm3GLHpLiq3J4gE,"","North Campus",6c2573ce-592a-4519-989c-2fd21d6918b7,"W", 09/03/2025 01:30:00 AM,"(UTC-07:00) Arizona",,,3512387.8000000003,3499152.2,3530868,
PNTM9M2jMkKm3GLHpLiq3J4gE,"","North Campus",6c2573ce-592a-4519-989c-2fd21d6918b7,"W", 09/03/2025 01:45:00 AM,"(UTC-07:00) Arizona",,,3492768.8666666667,3476358,3502200.8,
PNTM9M2jMkKm3GLHpLiq3J4gE,"","North Campus",6c2573ce-592a-4519-989c-2fd21d6918b7,"W", 09/03/2025 02:00:00 AM,"(UTC-07:00) Arizona",,,3463553.6,3455210.5,3469957.8,
PNTM9M2jMkKm3GLHpLiq3J4gE,"","North Campus",6c2573ce-592a-4519-989c-2fd21d6918b7,"W", 09/03/2025 02:15:00 AM,"(UTC-07:00) Arizona",,,3507771.1,3497333,3518209.2,
PNTM9M2jMkKm3GLHpLiq3J4gE,"","North Campus",6c2573ce-592a-4519-989c-2fd21d6918b7,"W", 09/03/2025 02:30:00 AM,"(UTC-07:00) Arizona",,,3458172.95,3439400,3493868.8,
PNTM9M2jMkKm3GLHpLiq3J4gE,"","North Campus",6c2573ce-592a-4519-989c-2fd21d6918b7,"W", 09/03/2025 02:45:00 AM,"(UTC-07:00) Arizona",,,3486881.7,3455973.2,3517790.2,
PNTM9M2jMkKm3GLHpLiq3J4gE,"","North Campus",6c2573ce-592a-4519-989c-2fd21d6918b7,"W", 09/03/2025 03:00:00 AM,"(UTC-07:00) Arizona",,,3484954.233333333,3409825.2,3524215,
PNTM9M2jMkKm3GLHpLiq3J4gE,"","North Campus",6c2573ce-592a-4519-989c-2fd21d6918b7,"W", 09/03/2025 03:15:00 AM,"(UTC-07:00) Arizona",,,3434044.3333333335,3413856.2,3459348,
PNTM9M2jMkKm3GLHpLiq3J4gE,"","North Campus",6c2573ce-592a-4519-989c-2fd21d6918b7,"W", 09/03/2025 03:30:00 AM,"(UTC-07:00) Arizona",,,3426607,3422172.2,3431041.8,
PNTM9M2jMkKm3GLHpLiq3J4gE,"","North Campus",6c2573ce-592a-4519-989c-2fd21d6918b7,"W", 09/03/2025 03:45:00 AM,"(UTC-07:00) Arizona",,,3488157.6,3476507.8,3503282.2,
PNTM9M2jMkKm3GLHpLiq3J4gE,"","North Campus",6c2573ce-592a-4519-989c-2fd21d6918b7,"W", 09/03/2025 04:00:00 AM,"(UTC-07:00) Arizona",,,3559827.5,3540810.5,3578844.5,
PNTM9M2jMkKm3GLHpLiq3J4gE,"","North Campus",6c2573ce-592a-4519-989c-2fd21d6918b7,"W", 09/03/2025 04:15:00 AM,"(UTC-07:00) Arizona",,,3579193.4333333336,3566174,3590485.5,
PNTM9M2jMkKm3GLHpLiq3J4gE,"","North Campus",6c2573ce-592a-4519-989c-2fd21d6918b7,"W", 09/03/2025 04:30:00 AM,"(UTC-07:00) Arizona",,,3608846.1666666665,3538602.5,3651350.5,
PNTM9M2jMkKm3GLHpLiq3J4gE,"","North Campus",6c2573ce-592a-4519-989c-2fd21d6918b7,"W", 09/03/2025 04:45:00 AM,"(UTC-07:00) Arizona",,,3574787.75,3549487,3600088.5,
PNTM9M2jMkKm3GLHpLiq3J4gE,"","North Campus",6c2573ce-592a-4519-989c-2fd21d6918b7,"W", 09/03/2025 05:00:00 AM,"(UTC-07:00) Arizona",,,3616441.925,3576504.8,3662233.5,
PNTM9M2jMkKm3GLHpLiq3J4gE,"","North Campus",6c2573ce-592a-4519-989c-2fd21d6918b7,"W", 09/03/2025 05:15:00 AM,"(UTC-07:00) Arizona",,,3638859.85,3619173.2,3658546.5,
PNTM9M2jMkKm3GLHpLiq3J4gE,"","North Campus",6c2573ce-592a-4519-989c-2fd21d6918b7,"W", 09/03/2025 05:30:00 AM,"(UTC-07:00) Arizona",,,3642144.175,3630894.5,3654708,
PNTM9M2jMkKm3GLHpLiq3J4gE,"","North Campus",6c2573ce-592a-4519-989c-2fd21d6918b7,"W", 09/03/2025 05:45:00 AM,"(UTC-07:00) Arizona",,,3699574.966666667,3601292.2,3769117.5,
PNTM9M2jMkKm3GLHpLiq3J4gE,"","North Campus",6c2573ce-592a-4519-989c-2fd21d6918b7,"W", 09/03/2025 06:00:00 AM,"(UTC-07:00) Arizona",,,3830491.9333333336,3803041.5,3857105.8,
PNTM9M2jMkKm3GLHpLiq3J4gE,"","North Campus",6c2573ce-592a-4519-989c-2fd21d6918b7,"W", 09/03/2025 06:15:00 AM,"(UTC-07:00) Arizona",,,3788562.5666666664,3781899.5,3801025.2,
PNTM9M2jMkKm3GLHpLiq3J4gE,"","North Campus",6c2573ce-592a-4519-989c-2fd21d6918b7,"W", 09/03/2025 06:30:00 AM,"(UTC-07:00) Arizona",,,3875857.1333333333,3845463.2,3905480,
PNTM9M2jMkKm3GLHpLiq3J4gE,"","North Campus",6c2573ce-592a-4519-989c-2fd21d6918b7,"W", 09/03/2025 06:45:00 AM,"(UTC-07:00) Arizona",,,3943891,3880975.5,4067312,
PNTM9M2jMkKm3GLHpLiq3J4gE,"","North Campus",6c2573ce-592a-4519-989c-2fd21d6918b7,"W", 09/03/2025 07:00:00 AM,"(UTC-07:00) Arizona",,,4015488.8333333335,4011465.5,4022962.5,
PNTM9M2jMkKm3GLHpLiq3J4gE,"","North Campus",6c2573ce-592a-4519-989c-2fd21d6918b7,"W", 09/03/2025 07:15:00 AM,"(UTC-07:00) Arizona",,,4124840.5,4106509.2,4142556.5,
PNTM9M2jMkKm3GLHpLiq3J4gE,"","North Campus",6c2573ce-592a-4519-989c-2fd21d6918b7,"W", 09/03/2025 07:30:00 AM,"(UTC-07:00) Arizona",,,4168666.1666666665,4092771.5,4226873,
PNTM9M2jMkKm3GLHpLiq3J4gE,"","North Campus",6c2573ce-592a-4519-989c-2fd21d6918b7,"W", 09/03/2025 07:45:00 AM,"(UTC-07:00) Arizona",,,4275751.75,4211862,4339641.5,
PNTM9M2jMkKm3GLHpLiq3J4gE,"","North Campus",6c2573ce-592a-4519-989c-2fd21d6918b7,"W", 09/03/2025 08:00:00 AM,"(UTC-07:00) Arizona",,,4435409.166666667,4342641.5,4569836,
PNTM9M2jMkKm3GLHpLiq3J4gE,"","North Campus",6c2573ce-592a-4519-989c-2fd21d6918b7,"W", 09/03/2025 08:15:00 AM,"(UTC-07:00) Arizona",,,4566086.375,4534684.5,4606953.5,
PNTM9M2jMkKm3GLHpLiq3J4gE,"","North Campus",6c2573ce-592a-4519-989c-2fd21d6918b7,"W", 09/03/2025 08:30:00 AM,"(UTC-07:00) Arizona",,,4616503.5,4523793,4698912,
PNTM9M2jMkKm3GLHpLiq3J4gE,"","North Campus",6c2573ce-592a-4519-989c-2fd21d6918b7,"W", 09/03/2025 08:45:00 AM,"(UTC-07:00) Arizona",,,4736224,4708652.5,4781099,
PNTM9M2jMkKm3GLHpLiq3J4gE,"","North Campus",6c2573ce-592a-4519-989c-2fd21d6918b7,"W", 09/03/2025 09:00:00 AM,"(UTC-07:00) Arizona",,,4769460.833333333,4744962,4789345.5,
PNTM9M2jMkKm3GLHpLiq3J4gE,"","North Campus",6c2573ce-592a-4519-989c-2fd21d6918b7,"W", 09/03/2025 09:15:00 AM,"(UTC-07:00) Arizona",,,4817896.5,4788400.5,4847392.5,
PNTM9M2jMkKm3GLHpLiq3J4gE,"","North Campus",6c2573ce-592a-4519-989c-2fd21d6918b7,"W", 09/03/2025 09:30:00 AM,"(UTC-07:00) Arizona",,,4802672.5,4766814.5,4838530.5,
PNTM9M2jMkKm3GLHpLiq3J4gE,"","North Campus",6c2573ce-592a-4519-989c-2fd21d6918b7,"W", 09/03/2025 09:45:00 AM,"(UTC-07:00) Arizona",,,4751910.5,4613496,4885209.5,
PNTM9M2jMkKm3GLHpLiq3J4gE,"","North Campus",6c2573ce-592a-4519-989c-2fd21d6918b7,"W", 09/03/2025 10:00:00 AM,"(UTC-07:00) Arizona",,,4894998.666666667,4757312,5010904.5,
PNTM9M2jMkKm3GLHpLiq3J4gE,"","North Campus",6c2573ce-592a-4519-989c-2fd21d6918b7,"W", 09/03/2025 10:15:00 AM,"(UTC-07:00) Arizona",,,5090919.5,5009783.5,5149008.5,
PNTM9M2jMkKm3GLHpLiq3J4gE,"","North Campus",6c2573ce-592a-4519-989c-2fd21d6918b7,"W", 09/03/2025 10:30:00 AM,"(UTC-07:00) Arizona",,,5243101,5192036.5,5294165.5,
PNTM9M2jMkKm3GLHpLiq3J4gE,"","North Campus",6c2573ce-592a-4519-989c-2fd21d6918b7,"W", 09/03/2025 10:45:00 AM,"(UTC-07:00) Arizona",,,5257767,5237670.5,5277863.5,
PNTM9M2jMkKm3GLHpLiq3J4gE,"","North Campus",6c2573ce-592a-4519-989c-2fd21d6918b7,"W", 09/03/2025 11:00:00 AM,"(UTC-07:00) Arizona",,,5287497,5281621,5293059.5,
PNTM9M2jMkKm3GLHpLiq3J4gE,"","North Campus",6c2573ce-592a-4519-989c-2fd21d6918b7,"W", 09/03/2025 11:15:00 AM,"(UTC-07:00) Arizona",,,5304033.875,5288382.5,5328864,
PNTM9M2jMkKm3GLHpLiq3J4gE,"","North Campus",6c2573ce-592a-4519-989c-2fd21d6918b7,"W", 09/03/2025 11:30:00 AM,"(UTC-07:00) Arizona",,,5240303.833333333,5033472.5,5350359.5,
PNTM9M2jMkKm3GLHpLiq3J4gE,"","North Campus",6c2573ce-592a-4519-989c-2fd21d6918b7,"W", 09/03/2025 11:45:00 AM,"(UTC-07:00) Arizona",,,4920576.25,4915452,4925700.5,
PNTM9M2jMkKm3GLHpLiq3J4gE,"","North Campus",6c2573ce-592a-4519-989c-2fd21d6918b7,"W", 09/03/2025 12:00:00 PM,"(UTC-07:00) Arizona",,,5369003.25,5355279,5382727.5,
PNTM9M2jMkKm3GLHpLiq3J4gE,"","North Campus",6c2573ce-592a-4519-989c-2fd21d6918b7,"W", 09/03/2025 12:15:00 PM,"(UTC-07:00) Arizona",,,5348103.333333333,5302021.5,5424256,
PNTM9M2jMkKm3GLHpLiq3J4gE,"","North Campus",6c2573ce-592a-4519-989c-2fd21d6918b7,"W", 09/03/2025 12:30:00 PM,"(UTC-07:00) Arizona",,,5206694.833333333,5101620.5,5295353.5,
PNTM9M2jMkKm3GLHpLiq3J4gE,"","North Campus",6c2573ce-592a-4519-989c-2fd21d6918b7,"W", 09/03/2025 12:45:00 PM,"(UTC-07:00) Arizona",,,5279505,5242414.5,5304655.5,
PNTM9M2jMkKm3GLHpLiq3J4gE,"","North Campus",6c2573ce-592a-4519-989c-2fd21d6918b7,"W", 09/03/2025 01:00:00 PM,"(UTC-07:00) Arizona",,,5340903.25,5269287.5,5412519,
PNTM9M2jMkKm3GLHpLiq3J4gE,"","North Campus",6c2573ce-592a-4519-989c-2fd21d6918b7,"W", 09/03/2025 01:15:00 PM,"(UTC-07:00) Arizona",,,5275718,5247764,5303672,
PNTM9M2jMkKm3GLHpLiq3J4gE,"","North Campus",6c2573ce-592a-4519-989c-2fd21d6918b7,"W", 09/03/2025 01:30:00 PM,"(UTC-07:00) Arizona",,,5250242.75,5227793.5,5272692,
PNTM9M2jMkKm3GLHpLiq3J4gE,"","North Campus",6c2573ce-592a-4519-989c-2fd21d6918b7,"W", 09/03/2025 01:45:00 PM,"(UTC-07:00) Arizona",,,5199118.5,5191175,5207062,
PNTM9M2jMkKm3GLHpLiq3J4gE,"","North Campus",6c2573ce-592a-4519-989c-2fd21d6918b7,"W", 09/03/2025 02:00:00 PM,"(UTC-07:00) Arizona",,,5218917.5,5173180.5,5264654.5,
PNTM9M2jMkKm3GLHpLiq3J4gE,"","North Campus",6c2573ce-592a-4519-989c-2fd21d6918b7,"W", 09/03/2025 02:15:00 PM,"(UTC-07:00) Arizona",,,5210913.333333333,5153339,5291018.5,
PNTM9M2jMkKm3GLHpLiq3J4gE,"","North Campus",6c2573ce-592a-4519-989c-2fd21d6918b7,"W", 09/03/2025 02:30:00 PM,"(UTC-07:00) Arizona",,,5099617.833333333,5063085.5,5118047.5,
PNTM9M2jMkKm3GLHpLiq3J4gE,"","North Campus",6c2573ce-592a-4519-989c-2fd21d6918b7,"W", 09/03/2025 02:45:00 PM,"(UTC-07:00) Arizona",,,5125223.333333333,5085066,5182399.5,
PNTM9M2jMkKm3GLHpLiq3J4gE,"","North Campus",6c2573ce-592a-4519-989c-2fd21d6918b7,"W", 09/03/2025 03:00:00 PM,"(UTC-07:00) Arizona",,,5146506,5094626,5183447,
PNTM9M2jMkKm3GLHpLiq3J4gE,"","North Campus",6c2573ce-592a-4519-989c-2fd21d6918b7,"W", 09/03/2025 03:15:00 PM,"(UTC-07:00) Arizona",,,5134645.75,5133679,5135612.5,
PNTM9M2jMkKm3GLHpLiq3J4gE,"","North Campus",6c2573ce-592a-4519-989c-2fd21d6918b7,"W", 09/03/2025 03:30:00 PM,"(UTC-07:00) Arizona",,,5262666.333333333,5191754,5318232,
PNTM9M2jMkKm3GLHpLiq3J4gE,"","North Campus",6c2573ce-592a-4519-989c-2fd21d6918b7,"W", 09/03/2025 03:45:00 PM,"(UTC-07:00) Arizona",,,5166479.25,5134632.5,5198326,
PNTM9M2jMkKm3GLHpLiq3J4gE,"","North Campus",6c2573ce-592a-4519-989c-2fd21d6918b7,"W", 09/03/2025 04:00:00 PM,"(UTC-07:00) Arizona",,,5151246,5134436.5,5163952,
PNTM9M2jMkKm3GLHpLiq3J4gE,"","North Campus",6c2573ce-592a-4519-989c-2fd21d6918b7,"W", 09/03/2025 04:15:00 PM,"(UTC-07:00) Arizona",,,5157429.666666667,5081513.5,5208004.5,
PNTM9M2jMkKm3GLHpLiq3J4gE,"","North Campus",6c2573ce-592a-4519-989c-2fd21d6918b7,"W", 09/03/2025 04:30:00 PM,"(UTC-07:00) Arizona",,,5164379,5145518,5184434,
PNTM9M2jMkKm3GLHpLiq3J4gE,"","North Campus",6c2573ce-592a-4519-989c-2fd21d6918b7,"W", 09/03/2025 04:45:00 PM,"(UTC-07:00) Arizona",,,5161958.333333333,5130876,5188622.5,
PNTM9M2jMkKm3GLHpLiq3J4gE,"","North Campus",6c2573ce-592a-4519-989c-2fd21d6918b7,"W", 09/03/2025 05:00:00 PM,"(UTC-07:00) Arizona",,,5077732.5,5037663,5117802,
PNTM9M2jMkKm3GLHpLiq3J4gE,"","North Campus",6c2573ce-592a-4519-989c-2fd21d6918b7,"W", 09/03/2025 05:15:00 PM,"(UTC-07:00) Arizona",,,5031454.5,4982924.5,5061430.5,
PNTM9M2jMkKm3GLHpLiq3J4gE,"","North Campus",6c2573ce-592a-4519-989c-2fd21d6918b7,"W", 09/03/2025 05:30:00 PM,"(UTC-07:00) Arizona",,,4959361.666666667,4935257.5,4975033,
PNTM9M2jMkKm3GLHpLiq3J4gE,"","North Campus",6c2573ce-592a-4519-989c-2fd21d6918b7,"W", 09/03/2025 05:45:00 PM,"(UTC-07:00) Arizona",,,5046102.5,5024743,5067462,
PNTM9M2jMkKm3GLHpLiq3J4gE,"","North Campus",6c2573ce-592a-4519-989c-2fd21d6918b7,"W", 09/03/2025 06:00:00 PM,"(UTC-07:00) Arizona",,,4828090.833333333,4791107.5,4858432,
PNTM9M2jMkKm3GLHpLiq3J4gE,"","North Campus",6c2573ce-592a-4519-989c-2fd21d6918b7,"W", 09/03/2025 06:15:00 PM,"(UTC-07:00) Arizona",,,4814276.5,4771622.5,4840775.5,
PNTM9M2jMkKm3GLHpLiq3J4gE,"","North Campus",6c2573ce-592a-4519-989c-2fd21d6918b7,"W", 09/03/2025 06:30:00 PM,"(UTC-07:00) Arizona",,,4794577.166666667,4732285.5,4877485,
PNTM9M2jMkKm3GLHpLiq3J4gE,"","North Campus",6c2573ce-592a-4519-989c-2fd21d6918b7,"W", 09/03/2025 06:45:00 PM,"(UTC-07:00) Arizona",,,4709182.5,4695459.5,4722905.5,
PNTM9M2jMkKm3GLHpLiq3J4gE,"","North Campus",6c2573ce-592a-4519-989c-2fd21d6918b7,"W", 09/03/2025 07:00:00 PM,"(UTC-07:00) Arizona",,,4599537.166666667,4572298,4613446.5,
PNTM9M2jMkKm3GLHpLiq3J4gE,"","North Campus",6c2573ce-592a-4519-989c-2fd21d6918b7,"W", 09/03/2025 07:15:00 PM,"(UTC-07:00) Arizona",,,4554929.666666667,4510529.5,4586612.5,
PNTM9M2jMkKm3GLHpLiq3J4gE,"","North Campus",6c2573ce-592a-4519-989c-2fd21d6918b7,"W", 09/03/2025 07:30:00 PM,"(UTC-07:00) Arizona",,,4539823.333333333,4489811.5,4569090.5,
PNTM9M2jMkKm3GLHpLiq3J4gE,"","North Campus",6c2573ce-592a-4519-989c-2fd21d6918b7,"W", 09/03/2025 07:45:00 PM,"(UTC-07:00) Arizona",,,4391368.833333333,4387424,4395569.5,
PNTM9M2jMkKm3GLHpLiq3J4gE,"","North Campus",6c2573ce-592a-4519-989c-2fd21d6918b7,"W", 09/03/2025 08:00:00 PM,"(UTC-07:00) Arizona",,,4339420,4328844.5,4355408,
PNTM9M2jMkKm3GLHpLiq3J4gE,"","North Campus",6c2573ce-592a-4519-989c-2fd21d6918b7,"W", 09/03/2025 08:15:00 PM,"(UTC-07:00) Arizona",,,4342518.333333333,4318355.5,4357900.5,
PNTM9M2jMkKm3GLHpLiq3J4gE,"","North Campus",6c2573ce-592a-4519-989c-2fd21d6918b7,"W", 09/03/2025 08:30:00 PM,"(UTC-07:00) Arizona",,,4347538,4338943,4356459,
PNTM9M2jMkKm3GLHpLiq3J4gE,"","North Campus",6c2573ce-592a-4519-989c-2fd21d6918b7,"W", 09/03/2025 08:45:00 PM,"(UTC-07:00) Arizona",,,4253645.333333333,4204801.5,4284807.5,
PNTM9M2jMkKm3GLHpLiq3J4gE,"","North Campus",6c2573ce-592a-4519-989c-2fd21d6918b7,"W", 09/03/2025 09:00:00 PM,"(UTC-07:00) Arizona",,,4254569.5,4249847.5,4259291.5,
PNTM9M2jMkKm3GLHpLiq3J4gE,"","North Campus",6c2573ce-592a-4519-989c-2fd21d6918b7,"W", 09/03/2025 09:15:00 PM,"(UTC-07:00) Arizona",,,4238661.333333333,4221752,4253795.5,
PNTM9M2jMkKm3GLHpLiq3J4gE,"","North Campus",6c2573ce-592a-4519-989c-2fd21d6918b7,"W", 09/03/2025 09:30:00 PM,"(UTC-07:00) Arizona",,,4277694.75,4256192,4299197.5,
PNTM9M2jMkKm3GLHpLiq3J4gE,"","North Campus",6c2573ce-592a-4519-989c-2fd21d6918b7,"W", 09/03/2025 09:45:00 PM,"(UTC-07:00) Arizona",,,4184322.65,4134083.8,4234561.5,
PNTM9M2jMkKm3GLHpLiq3J4gE,"","North Campus",6c2573ce-592a-4519-989c-2fd21d6918b7,"W", 09/03/2025 10:00:00 PM,"(UTC-07:00) Arizona",,,4126320.266666667,4116777.8,4145327.5,
PNTM9M2jMkKm3GLHpLiq3J4gE,"","North Campus",6c2573ce-592a-4519-989c-2fd21d6918b7,"W", 09/03/2025 10:15:00 PM,"(UTC-07:00) Arizona",,,4080964.133333333,4065547.8,4093955.8,
PNTM9M2jMkKm3GLHpLiq3J4gE,"","North Campus",6c2573ce-592a-4519-989c-2fd21d6918b7,"W", 09/03/2025 10:30:00 PM,"(UTC-07:00) Arizona",,,4024136.65,4000540.8,4047732.5,
PNTM9M2jMkKm3GLHpLiq3J4gE,"","North Campus",6c2573ce-592a-4519-989c-2fd21d6918b7,"W", 09/03/2025 10:45:00 PM,"(UTC-07:00) Arizona",,,3929648.8333333335,3771491.2,4013673.5,
PNTM9M2jMkKm3GLHpLiq3J4gE,"","North Campus",6c2573ce-592a-4519-989c-2fd21d6918b7,"W", 09/03/2025 11:00:00 PM,"(UTC-07:00) Arizona",,,3796676.8,3789837.8,3803515.8,
PNTM9M2jMkKm3GLHpLiq3J4gE,"","North Campus",6c2573ce-592a-4519-989c-2fd21d6918b7,"W", 09/03/2025 11:15:00 PM,"(UTC-07:00) Arizona",,,3788053.1500000004,3707741.8,3847246.8,
PNTM9M2jMkKm3GLHpLiq3J4gE,"","North Campus",6c2573ce-592a-4519-989c-2fd21d6918b7,"W", 09/03/2025 11:30:00 PM,"(UTC-07:00) Arizona",,,3743211.3333333335,3724996.5,3773159,
PNTM9M2jMkKm3GLHpLiq3J4gE,"","North Campus",6c2573ce-592a-4519-989c-2fd21d6918b7,"W", 09/03/2025 11:45:00 PM,"(UTC-07:00) Arizona",,,3736888.4,3728508.2,3753000.5,
PNTM9M2jMkKm3GLHpLiq3J4gE,"","North Campus",6c2573ce-592a-4519-989c-2fd21d6918b7,"W", 09/04/2025 12:00:00 AM,"(UTC-07:00) Arizona",,,3637130.6666666665,3607675.2,3662382.8,
PNTM9M2jMkKm3GLHpLiq3J4gE,"","North Campus",6c2573ce-592a-4519-989c-2fd21d6918b7,"W", 09/04/2025 12:15:00 AM,"(UTC-07:00) Arizona",,,3636693.2,3636693.2,3636693.2,
PNTM9M2jMkKm3GLHpLiq3J4gE,"","North Campus",6c2573ce-592a-4519-989c-2fd21d6918b7,"W", 09/04/2025 12:30:00 AM,"(UTC-07:00) Arizona",,,3569366.25,3545992,3584990,
PNTM9M2jMkKm3GLHpLiq3J4gE,"","North Campus",6c2573ce-592a-4519-989c-2fd21d6918b7,"W", 09/04/2025 12:45:00 AM,"(UTC-07:00) Arizona",,,3580755.5666666664,3569918,3602404.2,
PNTM9M2jMkKm3GLHpLiq3J4gE,"","North Campus",6c2573ce-592a-4519-989c-2fd21d6918b7,"W", 09/04/2025 01:00:00 AM,"(UTC-07:00) Arizona",,,3571430.1,3547486,3595374.2,
PNTM9M2jMkKm3GLHpLiq3J4gE,"","North Campus",6c2573ce-592a-4519-989c-2fd21d6918b7,"W", 09/04/2025 01:15:00 AM,"(UTC-07:00) Arizona",,,3509403,3484265,3524185,
PNTM9M2jMkKm3GLHpLiq3J4gE,"","North Campus",6c2573ce-592a-4519-989c-2fd21d6918b7,"W", 09/04/2025 01:30:00 AM,"(UTC-07:00) Arizona",,,3491909.1,3491907.2,3491911,
PNTM9M2jMkKm3GLHpLiq3J4gE,"","North Campus",6c2573ce-592a-4519-989c-2fd21d6918b7,"W", 09/04/2025 01:45:00 AM,"(UTC-07:00) Arizona",,,3498477.266666667,3493821,3507563,
PNTM9M2jMkKm3GLHpLiq3J4gE,"","North Campus",6c2573ce-592a-4519-989c-2fd21d6918b7,"W", 09/04/2025 02:00:00 AM,"(UTC-07:00) Arizona",,,3449875.0666666664,3415864.5,3510031.5,
PNTM9M2jMkKm3GLHpLiq3J4gE,"","North Campus",6c2573ce-592a-4519-989c-2fd21d6918b7,"W", 09/04/2025 02:15:00 AM,"(UTC-07:00) Arizona",,,3431027.1,3420186.5,3437394.8,
PNTM9M2jMkKm3GLHpLiq3J4gE,"","North Campus",6c2573ce-592a-4519-989c-2fd21d6918b7,"W", 09/04/2025 02:30:00 AM,"(UTC-07:00) Arizona",,,3384916.4,3363478.8,3406354,
PNTM9M2jMkKm3GLHpLiq3J4gE,"","North Campus",6c2573ce-592a-4519-989c-2fd21d6918b7,"W", 09/04/2025 02:45:00 AM,"(UTC-07:00) Arizona",,,3433945.9333333336,3382991.8,3462474.5,
PNTM9M2jMkKm3GLHpLiq3J4gE,"","North Campus",6c2573ce-592a-4519-989c-2fd21d6918b7,"W", 09/04/2025 03:00:00 AM,"(UTC-07:00) Arizona",,,3407956.9333333336,3397944.8,3417543,
PNTM9M2jMkKm3GLHpLiq3J4gE,"","North Campus",6c2573ce-592a-4519-989c-2fd21d6918b7,"W", 09/04/2025 03:15:00 AM,"(UTC-07:00) Arizona",,,3417036.4333333336,3388214.5,3449938.8,
PNTM9M2jMkKm3GLHpLiq3J4gE,"","North Campus",6c2573ce-592a-4519-989c-2fd21d6918b7,"W", 09/04/2025 03:30:00 AM,"(UTC-07:00) Arizona",,,3437341.1666666665,3410547.8,3458853.2,
PNTM9M2jMkKm3GLHpLiq3J4gE,"","North Campus",6c2573ce-592a-4519-989c-2fd21d6918b7,"W", 09/04/2025 03:45:00 AM,"(UTC-07:00) Arizona",,,3420616.5,3391457.8,3468062.5,
PNTM9M2jMkKm3GLHpLiq3J4gE,"","North Campus",6c2573ce-592a-4519-989c-2fd21d6918b7,"W", 09/04/2025 04:00:00 AM,"(UTC-07:00) Arizona",,,3493814.266666667,3453233,3521685.8,
PNTM9M2jMkKm3GLHpLiq3J4gE,"","North Campus",6c2573ce-592a-4519-989c-2fd21d6918b7,"W", 09/04/2025 04:15:00 AM,"(UTC-07:00) Arizona",,,3525941.6666666665,3518406.5,3540523.5,
PNTM9M2jMkKm3GLHpLiq3J4gE,"","North Campus",6c2573ce-592a-4519-989c-2fd21d6918b7,"W", 09/04/2025 04:30:00 AM,"(UTC-07:00) Arizona",,,3543517.8666666667,3505828,3591212.8,
PNTM9M2jMkKm3GLHpLiq3J4gE,"","North Campus",6c2573ce-592a-4519-989c-2fd21d6918b7,"W", 09/04/2025 04:45:00 AM,"(UTC-07:00) Arizona",,,3549021.766666667,3526690.5,3574140,
PNTM9M2jMkKm3GLHpLiq3J4gE,"","North Campus",6c2573ce-592a-4519-989c-2fd21d6918b7,"W", 09/04/2025 05:00:00 AM,"(UTC-07:00) Arizona",,,3562990.4,3539862,3575784.2,
PNTM9M2jMkKm3GLHpLiq3J4gE,"","North Campus",6c2573ce-592a-4519-989c-2fd21d6918b7,"W", 09/04/2025 05:15:00 AM,"(UTC-07:00) Arizona",,,3592740.8333333335,3575684,3616729.5,
PNTM9M2jMkKm3GLHpLiq3J4gE,"","North Campus",6c2573ce-592a-4519-989c-2fd21d6918b7,"W", 09/04/2025 05:30:00 AM,"(UTC-07:00) Arizona",,,3602884.9333333336,3599285.8,3609395.5,
PNTM9M2jMkKm3GLHpLiq3J4gE,"","North Campus",6c2573ce-592a-4519-989c-2fd21d6918b7,"W", 09/04/2025 05:45:00 AM,"(UTC-07:00) Arizona",,,3689390.0666666664,3639606.2,3781741,
PNTM9M2jMkKm3GLHpLiq3J4gE,"","North Campus",6c2573ce-592a-4519-989c-2fd21d6918b7,"W", 09/04/2025 06:00:00 AM,"(UTC-07:00) Arizona",,,3724915.6999999997,3702348.5,3753169.8,
PNTM9M2jMkKm3GLHpLiq3J4gE,"","North Campus",6c2573ce-592a-4519-989c-2fd21d6918b7,"W", 09/04/2025 06:15:00 AM,"(UTC-07:00) Arizona",,,3703238.8333333335,3682397.8,3716104.5,
PNTM9M2jMkKm3GLHpLiq3J4gE,"","North Campus",6c2573ce-592a-4519-989c-2fd21d6918b7,"W", 09/04/2025 06:30:00 AM,"(UTC-07:00) Arizona",,,3799739.233333333,3746888.2,3846631,
PNTM9M2jMkKm3GLHpLiq3J4gE,"","North Campus",6c2573ce-592a-4519-989c-2fd21d6918b7,"W", 09/04/2025 06:45:00 AM,"(UTC-07:00) Arizona",,,3939423.2,3939423.2,3939423.2,
PNTM9M2jMkKm3GLHpLiq3J4gE,"","North Campus",6c2573ce-592a-4519-989c-2fd21d6918b7,"W", 09/04/2025 07:00:00 AM,"(UTC-07:00) Arizona",,,3976445.8333333335,3938646.8,3999805.2,
PNTM9M2jMkKm3GLHpLiq3J4gE,"","North Campus",6c2573ce-592a-4519-989c-2fd21d6918b7,"W", 09/04/2025 07:15:00 AM,"(UTC-07:00) Arizona",,,4070564.6,4007707.2,4116989.8,
PNTM9M2jMkKm3GLHpLiq3J4gE,"","North Campus",6c2573ce-592a-4519-989c-2fd21d6918b7,"W", 09/04/2025 07:30:00 AM,"(UTC-07:00) Arizona",,,4129907.5,4075535,4231496,
PNTM9M2jMkKm3GLHpLiq3J4gE,"","North Campus",6c2573ce-592a-4519-989c-2fd21d6918b7,"W", 09/04/2025 07:45:00 AM,"(UTC-07:00) Arizona",,,4320469.5,4302388,4338551,
PNTM9M2jMkKm3GLHpLiq3J4gE,"","North Campus",6c2573ce-592a-4519-989c-2fd21d6918b7,"W", 09/04/2025 08:00:00 AM,"(UTC-07:00) Arizona",,,4513155.25,4488108.5,4538202,
PNTM9M2jMkKm3GLHpLiq3J4gE,"","North Campus",6c2573ce-592a-4519-989c-2fd21d6918b7,"W", 09/04/2025 08:15:00 AM,"(UTC-07:00) Arizona",,,4706974.666666667,4700448,4712258.5,
PNTM9M2jMkKm3GLHpLiq3J4gE,"","North Campus",6c2573ce-592a-4519-989c-2fd21d6918b7,"W", 09/04/2025 08:30:00 AM,"(UTC-07:00) Arizona",,,4633001.75,4599090.5,4659343.5,
PNTM9M2jMkKm3GLHpLiq3J4gE,"","North Campus",6c2573ce-592a-4519-989c-2fd21d6918b7,"W", 09/04/2025 08:45:00 AM,"(UTC-07:00) Arizona",,,4702731,4648306.5,4733794.5,
PNTM9M2jMkKm3GLHpLiq3J4gE,"","North Campus",6c2573ce-592a-4519-989c-2fd21d6918b7,"W", 09/04/2025 09:00:00 AM,"(UTC-07:00) Arizona",,,4704588.5,4669115,4748297.5,
PNTM9M2jMkKm3GLHpLiq3J4gE,"","North Campus",6c2573ce-592a-4519-989c-2fd21d6918b7,"W", 09/04/2025 09:15:00 AM,"(UTC-07:00) Arizona",,,4730935.5,4685170.5,4776700.5,
PNTM9M2jMkKm3GLHpLiq3J4gE,"","North Campus",6c2573ce-592a-4519-989c-2fd21d6918b7,"W", 09/04/2025 09:30:00 AM,"(UTC-07:00) Arizona",,,4769966.5,4750716.5,4801866,
PNTM9M2jMkKm3GLHpLiq3J4gE,"","North Campus",6c2573ce-592a-4519-989c-2fd21d6918b7,"W", 09/04/2025 09:45:00 AM,"(UTC-07:00) Arizona",,,4885543,4828058,4948173.5,
PNTM9M2jMkKm3GLHpLiq3J4gE,"","North Campus",6c2573ce-592a-4519-989c-2fd21d6918b7,"W", 09/04/2025 10:00:00 AM,"(UTC-07:00) Arizona",,,4895351.333333333,4840821,4928630.5,
PNTM9M2jMkKm3GLHpLiq3J4gE,"","North Campus",6c2573ce-592a-4519-989c-2fd21d6918b7,"W", 09/04/2025 10:15:00 AM,"(UTC-07:00) Arizona",,,4901945.833333333,4891050,4918119,
PNTM9M2jMkKm3GLHpLiq3J4gE,"","North Campus",6c2573ce-592a-4519-989c-2fd21d6918b7,"W", 09/04/2025 10:30:00 AM,"(UTC-07:00) Arizona",,,4728414.5,4588613.5,4868215.5,
PNTM9M2jMkKm3GLHpLiq3J4gE,"","North Campus",6c2573ce-592a-4519-989c-2fd21d6918b7,"W", 09/04/2025 10:45:00 AM,"(UTC-07:00) Arizona",,,4787661.75,4745358,4829965.5,
PNTM9M2jMkKm3GLHpLiq3J4gE,"","North Campus",6c2573ce-592a-4519-989c-2fd21d6918b7,"W", 09/04/2025 11:00:00 AM,"(UTC-07:00) Arizona",,,5069242.375,4948235.5,5128640.5,
PNTM9M2jMkKm3GLHpLiq3J4gE,"","North Campus",6c2573ce-592a-4519-989c-2fd21d6918b7,"W", 09/04/2025 11:15:00 AM,"(UTC-07:00) Arizona",,,5092930.5,4880419.5,5223544,
PNTM9M2jMkKm3GLHpLiq3J4gE,"","North Campus",6c2573ce-592a-4519-989c-2fd21d6918b7,"W", 09/04/2025 11:30:00 AM,"(UTC-07:00) Arizona",,,5243076.666666667,5204590.5,5283096,
PNTM9M2jMkKm3GLHpLiq3J4gE,"","North Campus",6c2573ce-592a-4519-989c-2fd21d6918b7,"W", 09/04/2025 11:45:00 AM,"(UTC-07:00) Arizona",,,5098430,5082588,5114272,
PNTM9M2jMkKm3GLHpLiq3J4gE,"","North Campus",6c2573ce-592a-4519-989c-2fd21d6918b7,"W", 09/04/2025 12:00:00 PM,"(UTC-07:00) Arizona",,,4951225.875,4856377,5040991,
PNTM9M2jMkKm3GLHpLiq3J4gE,"","North Campus",6c2573ce-592a-4519-989c-2fd21d6918b7,"W", 09/04/2025 12:15:00 PM,"(UTC-07:00) Arizona",,,5064092.75,5000804,5127381.5,
PNTM9M2jMkKm3GLHpLiq3J4gE,"","North Campus",6c2573ce-592a-4519-989c-2fd21d6918b7,"W", 09/04/2025 12:30:00 PM,"(UTC-07:00) Arizona",,,5224401.166666667,5196083,5266115,
PNTM9M2jMkKm3GLHpLiq3J4gE,"","North Campus",6c2573ce-592a-4519-989c-2fd21d6918b7,"W", 09/04/2025 12:45:00 PM,"(UTC-07:00) Arizona",,,5197118,5168642.5,5225593.5,
PNTM9M2jMkKm3GLHpLiq3J4gE,"","North Campus",6c2573ce-592a-4519-989c-2fd21d6918b7,"W", 09/04/2025 01:00:00 PM,"(UTC-07:00) Arizona",,,5217058.333333333,5190659.5,5255608.5,
PNTM9M2jMkKm3GLHpLiq3J4gE,"","North Campus",6c2573ce-592a-4519-989c-2fd21d6918b7,"W", 09/04/2025 01:15:00 PM,"(UTC-07:00) Arizona",,,5184345.833333333,5121460.5,5218139,
PNTM9M2jMkKm3GLHpLiq3J4gE,"","North Campus",6c2573ce-592a-4519-989c-2fd21d6918b7,"W", 09/04/2025 01:30:00 PM,"(UTC-07:00) Arizona",,,5088974.75,4983063.5,5235435.5,
PNTM9M2jMkKm3GLHpLiq3J4gE,"","North Campus",6c2573ce-592a-4519-989c-2fd21d6918b7,"W", 09/04/2025 01:45:00 PM,"(UTC-07:00) Arizona",,,5334575,5272537,5373704.5,
PNTM9M2jMkKm3GLHpLiq3J4gE,"","North Campus",6c2573ce-592a-4519-989c-2fd21d6918b7,"W", 09/04/2025 02:00:00 PM,"(UTC-07:00) Arizona",,,5350814,5348923,5352705,
PNTM9M2jMkKm3GLHpLiq3J4gE,"","North Campus",6c2573ce-592a-4519-989c-2fd21d6918b7,"W", 09/04/2025 02:15:00 PM,"(UTC-07:00) Arizona",,,5259702.5,5210150,5287900,
PNTM9M2jMkKm3GLHpLiq3J4gE,"","North Campus",6c2573ce-592a-4519-989c-2fd21d6918b7,"W", 09/04/2025 02:30:00 PM,"(UTC-07:00) Arizona",,,5323525.25,5311690,5335360.5,
PNTM9M2jMkKm3GLHpLiq3J4gE,"","North Campus",6c2573ce-592a-4519-989c-2fd21d6918b7,"W", 09/04/2025 02:45:00 PM,"(UTC-07:00) Arizona",,,5231766.75,5214585.5,5248948,
PNTM9M2jMkKm3GLHpLiq3J4gE,"","North Campus",6c2573ce-592a-4519-989c-2fd21d6918b7,"W", 09/04/2025 03:00:00 PM,"(UTC-07:00) Arizona",,,5260972,5231839.5,5290104.5,
PNTM9M2jMkKm3GLHpLiq3J4gE,"","North Campus",6c2573ce-592a-4519-989c-2fd21d6918b7,"W", 09/04/2025 03:15:00 PM,"(UTC-07:00) Arizona",,,5226035.5,5125004.5,5304407,
PNTM9M2jMkKm3GLHpLiq3J4gE,"","North Campus",6c2573ce-592a-4519-989c-2fd21d6918b7,"W", 09/04/2025 03:30:00 PM,"(UTC-07:00) Arizona",,,5210984.166666667,5172412,5233046,
PNTM9M2jMkKm3GLHpLiq3J4gE,"","North Campus",6c2573ce-592a-4519-989c-2fd21d6918b7,"W", 09/04/2025 03:45:00 PM,"(UTC-07:00) Arizona",,,5252910.25,5244689.5,5261131,
PNTM9M2jMkKm3GLHpLiq3J4gE,"","North Campus",6c2573ce-592a-4519-989c-2fd21d6918b7,"W", 09/04/2025 04:00:00 PM,"(UTC-07:00) Arizona",,,5249318.166666667,5210662,5275796.5,
PNTM9M2jMkKm3GLHpLiq3J4gE,"","North Campus",6c2573ce-592a-4519-989c-2fd21d6918b7,"W", 09/04/2025 04:15:00 PM,"(UTC-07:00) Arizona",,,5136607.166666667,5120955,5152101,
PNTM9M2jMkKm3GLHpLiq3J4gE,"","North Campus",6c2573ce-592a-4519-989c-2fd21d6918b7,"W", 09/04/2025 04:30:00 PM,"(UTC-07:00) Arizona",,,5171027.25,5140274,5201780.5,
PNTM9M2jMkKm3GLHpLiq3J4gE,"","North Campus",6c2573ce-592a-4519-989c-2fd21d6918b7,"W", 09/04/2025 04:45:00 PM,"(UTC-07:00) Arizona",,,5087246.375,5005809,5164866.5,
PNTM9M2jMkKm3GLHpLiq3J4gE,"","North Campus",6c2573ce-592a-4519-989c-2fd21d6918b7,"W", 09/04/2025 05:00:00 PM,"(UTC-07:00) Arizona",,,5118799,5118799,5118799,
PNTM9M2jMkKm3GLHpLiq3J4gE,"","North Campus",6c2573ce-592a-4519-989c-2fd21d6918b7,"W", 09/04/2025 05:15:00 PM,"(UTC-07:00) Arizona",,,4959826,4930817,4994299.5,
PNTM9M2jMkKm3GLHpLiq3J4gE,"","North Campus",6c2573ce-592a-4519-989c-2fd21d6918b7,"W", 09/04/2025 05:30:00 PM,"(UTC-07:00) Arizona",,,4917884,4894822.5,4932836,
PNTM9M2jMkKm3GLHpLiq3J4gE,"","North Campus",6c2573ce-592a-4519-989c-2fd21d6918b7,"W", 09/04/2025 05:45:00 PM,"(UTC-07:00) Arizona",,,4969443.833333333,4930262.5,4994306,
PNTM9M2jMkKm3GLHpLiq3J4gE,"","North Campus",6c2573ce-592a-4519-989c-2fd21d6918b7,"W", 09/04/2025 06:00:00 PM,"(UTC-07:00) Arizona",,,4898703.333333333,4871741.5,4944454.5,
PNTM9M2jMkKm3GLHpLiq3J4gE,"","North Campus",6c2573ce-592a-4519-989c-2fd21d6918b7,"W", 09/04/2025 06:15:00 PM,"(UTC-07:00) Arizona",,,4889788.666666667,4832104,4941308.5,
PNTM9M2jMkKm3GLHpLiq3J4gE,"","North Campus",6c2573ce-592a-4519-989c-2fd21d6918b7,"W", 09/04/2025 06:30:00 PM,"(UTC-07:00) Arizona",,,4825451.333333333,4810265,4838180,
PNTM9M2jMkKm3GLHpLiq3J4gE,"","North Campus",6c2573ce-592a-4519-989c-2fd21d6918b7,"W", 09/04/2025 06:45:00 PM,"(UTC-07:00) Arizona",,,4673817.166666667,4650520.5,4714800.5,
PNTM9M2jMkKm3GLHpLiq3J4gE,"","North Campus",6c2573ce-592a-4519-989c-2fd21d6918b7,"W", 09/04/2025 07:00:00 PM,"(UTC-07:00) Arizona",,,4671997.166666667,4661131,4687870,
PNTM9M2jMkKm3GLHpLiq3J4gE,"","North Campus",6c2573ce-592a-4519-989c-2fd21d6918b7,"W", 09/04/2025 07:15:00 PM,"(UTC-07:00) Arizona",,,4643856.166666667,4604518.5,4677903,
PNTM9M2jMkKm3GLHpLiq3J4gE,"","North Campus",6c2573ce-592a-4519-989c-2fd21d6918b7,"W", 09/04/2025 07:30:00 PM,"(UTC-07:00) Arizona",,,4630932.333333333,4596923.5,4677220,
PNTM9M2jMkKm3GLHpLiq3J4gE,"","North Campus",6c2573ce-592a-4519-989c-2fd21d6918b7,"W", 09/04/2025 07:45:00 PM,"(UTC-07:00) Arizona",,,4613183.666666667,4570357,4649082,
PNTM9M2jMkKm3GLHpLiq3J4gE,"","North Campus",6c2573ce-592a-4519-989c-2fd21d6918b7,"W", 09/04/2025 08:00:00 PM,"(UTC-07:00) Arizona",,,4510430.333333333,4458895,4572801.5,
PNTM9M2jMkKm3GLHpLiq3J4gE,"","North Campus",6c2573ce-592a-4519-989c-2fd21d6918b7,"W", 09/04/2025 08:15:00 PM,"(UTC-07:00) Arizona",,,4439922.75,4427775,4452070.5,
PNTM9M2jMkKm3GLHpLiq3J4gE,"","North Campus",6c2573ce-592a-4519-989c-2fd21d6918b7,"W", 09/04/2025 08:30:00 PM,"(UTC-07:00) Arizona",,,4321333.5,4295123.5,4347543.5,
PNTM9M2jMkKm3GLHpLiq3J4gE,"","North Campus",6c2573ce-592a-4519-989c-2fd21d6918b7,"W", 09/04/2025 08:45:00 PM,"(UTC-07:00) Arizona",,,4305323.166666667,4263886.5,4331790.5,
PNTM9M2jMkKm3GLHpLiq3J4gE,"","North Campus",6c2573ce-592a-4519-989c-2fd21d6918b7,"W", 09/04/2025 09:00:00 PM,"(UTC-07:00) Arizona",,,4301986.5,4274569,4327627,
PNTM9M2jMkKm3GLHpLiq3J4gE,"","North Campus",6c2573ce-592a-4519-989c-2fd21d6918b7,"W", 09/04/2025 09:15:00 PM,"(UTC-07:00) Arizona",,,4232814.5,4219456,4249311,
PNTM9M2jMkKm3GLHpLiq3J4gE,"","North Campus",6c2573ce-592a-4519-989c-2fd21d6918b7,"W", 09/04/2025 09:30:00 PM,"(UTC-07:00) Arizona",,,4183121.9,4170938.2,4198939,
PNTM9M2jMkKm3GLHpLiq3J4gE,"","North Campus",6c2573ce-592a-4519-989c-2fd21d6918b7,"W", 09/04/2025 09:45:00 PM,"(UTC-07:00) Arizona",,,4156911.1666666665,4117583.2,4222553.5,
PNTM9M2jMkKm3GLHpLiq3J4gE,"","North Campus",6c2573ce-592a-4519-989c-2fd21d6918b7,"W", 09/04/2025 10:00:00 PM,"(UTC-07:00) Arizona",,,4126353.5,4108490.2,4136010.5,
PNTM9M2jMkKm3GLHpLiq3J4gE,"","North Campus",6c2573ce-592a-4519-989c-2fd21d6918b7,"W", 09/04/2025 10:15:00 PM,"(UTC-07:00) Arizona",,,4046733.733333333,4018624.2,4076984,
PNTM9M2jMkKm3GLHpLiq3J4gE,"","North Campus",6c2573ce-592a-4519-989c-2fd21d6918b7,"W", 09/04/2025 10:30:00 PM,"(UTC-07:00) Arizona",,,4002195.4,3996622.2,4010402.5,
PNTM9M2jMkKm3GLHpLiq3J4gE,"","North Campus",6c2573ce-592a-4519-989c-2fd21d6918b7,"W", 09/04/2025 10:45:00 PM,"(UTC-07:00) Arizona",,,3924394.0666666664,3825917.2,4014632.5,
PNTM9M2jMkKm3GLHpLiq3J4gE,"","North Campus",6c2573ce-592a-4519-989c-2fd21d6918b7,"W", 09/04/2025 11:00:00 PM,"(UTC-07:00) Arizona",,,3786294.3666666667,3748263.8,3856362.5,
PNTM9M2jMkKm3GLHpLiq3J4gE,"","North Campus",6c2573ce-592a-4519-989c-2fd21d6918b7,"W", 09/04/2025 11:15:00 PM,"(UTC-07:00) Arizona",,,3751739.3666666667,3735477.8,3764264.5,
PNTM9M2jMkKm3GLHpLiq3J4gE,"","North Campus",6c2573ce-592a-4519-989c-2fd21d6918b7,"W", 09/04/2025 11:30:00 PM,"(UTC-07:00) Arizona",,,3673215.6666666665,3643009,3692436.5,
PNTM9M2jMkKm3GLHpLiq3J4gE,"","North Campus",6c2573ce-592a-4519-989c-2fd21d6918b7,"W", 09/04/2025 11:45:00 PM,"(UTC-07:00) Arizona",,,3688568.1333333333,3668577.2,3705459,
PNTM9M2jMkKm3GLHpLiq3J4gE,"","North Campus",6c2573ce-592a-4519-989c-2fd21d6918b7,"W", 09/05/2025 12:00:00 AM,"(UTC-07:00) Arizona",,,3670596.0666666664,3638850.2,3697157.5,
PNTM9M2jMkKm3GLHpLiq3J4gE,"","North Campus",6c2573ce-592a-4519-989c-2fd21d6918b7,"W", 09/05/2025 12:15:00 AM,"(UTC-07:00) Arizona",,,3631284.25,3598210.5,3664358,
PNTM9M2jMkKm3GLHpLiq3J4gE,"","North Campus",6c2573ce-592a-4519-989c-2fd21d6918b7,"W", 09/05/2025 12:30:00 AM,"(UTC-07:00) Arizona",,,3613237.5,3592505.2,3633969.8,
PNTM9M2jMkKm3GLHpLiq3J4gE,"","North Campus",6c2573ce-592a-4519-989c-2fd21d6918b7,"W", 09/05/2025 12:45:00 AM,"(UTC-07:00) Arizona",,,3600094.766666667,3576572.8,3612672,
PNTM9M2jMkKm3GLHpLiq3J4gE,"","North Campus",6c2573ce-592a-4519-989c-2fd21d6918b7,"W", 09/05/2025 01:00:00 AM,"(UTC-07:00) Arizona",,,3569971.3333333335,3556014.2,3583646,
PNTM9M2jMkKm3GLHpLiq3J4gE,"","North Campus",6c2573ce-592a-4519-989c-2fd21d6918b7,"W", 09/05/2025 01:15:00 AM,"(UTC-07:00) Arizona",,,3526108.2,3521684.2,3530532.2,
PNTM9M2jMkKm3GLHpLiq3J4gE,"","North Campus",6c2573ce-592a-4519-989c-2fd21d6918b7,"W", 09/05/2025 01:30:00 AM,"(UTC-07:00) Arizona",,,3529086.5,3527439.2,3530733.8,
PNTM9M2jMkKm3GLHpLiq3J4gE,"","North Campus",6c2573ce-592a-4519-989c-2fd21d6918b7,"W", 09/05/2025 01:45:00 AM,"(UTC-07:00) Arizona",,,3475037.133333333,3441186.8,3500292.8,
PNTM9M2jMkKm3GLHpLiq3J4gE,"","North Campus",6c2573ce-592a-4519-989c-2fd21d6918b7,"W", 09/05/2025 02:00:00 AM,"(UTC-07:00) Arizona",,,3468739.25,3455759,3481719.5,
PNTM9M2jMkKm3GLHpLiq3J4gE,"","North Campus",6c2573ce-592a-4519-989c-2fd21d6918b7,"W", 09/05/2025 02:15:00 AM,"(UTC-07:00) Arizona",,,3487431.625,3459656.2,3504745,
PNTM9M2jMkKm3GLHpLiq3J4gE,"","North Campus",6c2573ce-592a-4519-989c-2fd21d6918b7,"W", 09/05/2025 02:30:00 AM,"(UTC-07:00) Arizona",,,3440309.1333333333,3437274,3444081.2,
PNTM9M2jMkKm3GLHpLiq3J4gE,"","North Campus",6c2573ce-592a-4519-989c-2fd21d6918b7,"W", 09/05/2025 02:45:00 AM,"(UTC-07:00) Arizona",,,3439169.0666666664,3427573.2,3457843,
PNTM9M2jMkKm3GLHpLiq3J4gE,"","North Campus",6c2573ce-592a-4519-989c-2fd21d6918b7,"W", 09/05/2025 03:00:00 AM,"(UTC-07:00) Arizona",,,3422091.8,3422091.8,3422091.8,
PNTM9M2jMkKm3GLHpLiq3J4gE,"","North Campus",6c2573ce-592a-4519-989c-2fd21d6918b7,"W", 09/05/2025 03:15:00 AM,"(UTC-07:00) Arizona",,,3436043.6,3416356.8,3463162.8,
PNTM9M2jMkKm3GLHpLiq3J4gE,"","North Campus",6c2573ce-592a-4519-989c-2fd21d6918b7,"W", 09/05/2025 03:30:00 AM,"(UTC-07:00) Arizona",,,3430039.4333333336,3404794,3459545.8,
PNTM9M2jMkKm3GLHpLiq3J4gE,"","North Campus",6c2573ce-592a-4519-989c-2fd21d6918b7,"W", 09/05/2025 03:45:00 AM,"(UTC-07:00) Arizona",,,3454213.9,3448611.2,3459132.5,
PNTM9M2jMkKm3GLHpLiq3J4gE,"","North Campus",6c2573ce-592a-4519-989c-2fd21d6918b7,"W", 09/05/2025 04:00:00 AM,"(UTC-07:00) Arizona",,,3492815.3,3484153.8,3501476.8,
PNTM9M2jMkKm3GLHpLiq3J4gE,"","North Campus",6c2573ce-592a-4519-989c-2fd21d6918b7,"W", 09/05/2025 04:15:00 AM,"(UTC-07:00) Arizona",,,3549551.4,3530220.2,3566591.2,
PNTM9M2jMkKm3GLHpLiq3J4gE,"","North Campus",6c2573ce-592a-4519-989c-2fd21d6918b7,"W", 09/05/2025 04:30:00 AM,"(UTC-07:00) Arizona",,,3498187.2,3495261.2,3501113.2,
PNTM9M2jMkKm3GLHpLiq3J4gE,"","North Campus",6c2573ce-592a-4519-989c-2fd21d6918b7,"W", 09/05/2025 04:45:00 AM,"(UTC-07:00) Arizona",,,3554989.375,3522570.2,3592565,
PNTM9M2jMkKm3GLHpLiq3J4gE,"","North Campus",6c2573ce-592a-4519-989c-2fd21d6918b7,"W", 09/05/2025 05:00:00 AM,"(UTC-07:00) Arizona",,,3566815.5666666664,3557984.5,3582327,
PNTM9M2jMkKm3GLHpLiq3J4gE,"","North Campus",6c2573ce-592a-4519-989c-2fd21d6918b7,"W", 09/05/2025 05:15:00 AM,"(UTC-07:00) Arizona",,,3595659,3587117,3604201,
PNTM9M2jMkKm3GLHpLiq3J4gE,"","North Campus",6c2573ce-592a-4519-989c-2fd21d6918b7,"W", 09/05/2025 05:30:00 AM,"(UTC-07:00) Arizona",,,3598373.5,3591687.5,3605059.5,
PNTM9M2jMkKm3GLHpLiq3J4gE,"","North Campus",6c2573ce-592a-4519-989c-2fd21d6918b7,"W", 09/05/2025 05:45:00 AM,"(UTC-07:00) Arizona",,,3675092.1333333333,3620408.2,3731644.2,
PNTM9M2jMkKm3GLHpLiq3J4gE,"","North Campus",6c2573ce-592a-4519-989c-2fd21d6918b7,"W", 09/05/2025 06:00:00 AM,"(UTC-07:00) Arizona",,,3766315.6666666665,3704164.2,3808876,
PNTM9M2jMkKm3GLHpLiq3J4gE,"","North Campus",6c2573ce-592a-4519-989c-2fd21d6918b7,"W", 09/05/2025 06:15:00 AM,"(UTC-07:00) Arizona",,,3835546.5,3835546.5,3835546.5,
PNTM9M2jMkKm3GLHpLiq3J4gE,"","North Campus",6c2573ce-592a-4519-989c-2fd21d6918b7,"W", 09/05/2025 06:30:00 AM,"(UTC-07:00) Arizona",,,3793232.3000000003,3774465.2,3806459.5,
PNTM9M2jMkKm3GLHpLiq3J4gE,"","North Campus",6c2573ce-592a-4519-989c-2fd21d6918b7,"W", 09/05/2025 06:45:00 AM,"(UTC-07:00) Arizona",,,3891146.7,3807521.5,4012665.5,
PNTM9M2jMkKm3GLHpLiq3J4gE,"","North Campus",6c2573ce-592a-4519-989c-2fd21d6918b7,"W", 09/05/2025 07:00:00 AM,"(UTC-07:00) Arizona",,,4011065.5,4005365,4016766,
PNTM9M2jMkKm3GLHpLiq3J4gE,"","North Campus",6c2573ce-592a-4519-989c-2fd21d6918b7,"W", 09/05/2025 07:15:00 AM,"(UTC-07:00) Arizona",,,4062347.466666667,4051552.2,4079484,
PNTM9M2jMkKm3GLHpLiq3J4gE,"","North Campus",6c2573ce-592a-4519-989c-2fd21d6918b7,"W", 09/05/2025 07:30:00 AM,"(UTC-07:00) Arizona",,,4060347.825,4000841,4102758,
PNTM9M2jMkKm3GLHpLiq3J4gE,"","North Campus",6c2573ce-592a-4519-989c-2fd21d6918b7,"W", 09/05/2025 07:45:00 AM,"(UTC-07:00) Arizona",,,4231789.433333334,4096297.8,4347062.5,
PNTM9M2jMkKm3GLHpLiq3J4gE,"","North Campus",6c2573ce-592a-4519-989c-2fd21d6918b7,"W", 09/05/2025 08:00:00 AM,"(UTC-07:00) Arizona",,,4465217.5,4383284.5,4605806,
PNTM9M2jMkKm3GLHpLiq3J4gE,"","North Campus",6c2573ce-592a-4519-989c-2fd21d6918b7,"W", 09/05/2025 08:15:00 AM,"(UTC-07:00) Arizona",,,4370208.75,4344416,4396001.5,
PNTM9M2jMkKm3GLHpLiq3J4gE,"","North Campus",6c2573ce-592a-4519-989c-2fd21d6918b7,"W", 09/05/2025 08:30:00 AM,"(UTC-07:00) Arizona",,,4424174.666666667,4355052,4527064.5,
PNTM9M2jMkKm3GLHpLiq3J4gE,"","North Campus",6c2573ce-592a-4519-989c-2fd21d6918b7,"W", 09/05/2025 08:45:00 AM,"(UTC-07:00) Arizona",,,4635122.75,4435004,4828408.5,
PNTM9M2jMkKm3GLHpLiq3J4gE,"","North Campus",6c2573ce-592a-4519-989c-2fd21d6918b7,"W", 09/05/2025 09:00:00 AM,"(UTC-07:00) Arizona",,,4875983.166666667,4768571,4979146,
PNTM9M2jMkKm3GLHpLiq3J4gE,"","North Campus",6c2573ce-592a-4519-989c-2fd21d6918b7,"W", 09/05/2025 09:15:00 AM,"(UTC-07:00) Arizona",,,4872424.5,4830458,4914391,
PNTM9M2jMkKm3GLHpLiq3J4gE,"","North Campus",6c2573ce-592a-4519-989c-2fd21d6918b7,"W", 09/05/2025 09:30:00 AM,"(UTC-07:00) Arizona",,,4854556.166666667,4841422.5,4865623,
PNTM9M2jMkKm3GLHpLiq3J4gE,"","North Campus",6c2573ce-592a-4519-989c-2fd21d6918b7,"W", 09/05/2025 09:45:00 AM,"(UTC-07:00) Arizona",,,4961814.333333333,4936896,4976596,
PNTM9M2jMkKm3GLHpLiq3J4gE,"","North Campus",6c2573ce-592a-4519-989c-2fd21d6918b7,"W", 09/05/2025 10:00:00 AM,"(UTC-07:00) Arizona",,,4975211.375,4937692,5019697,
PNTM9M2jMkKm3GLHpLiq3J4gE,"","North Campus",6c2573ce-592a-4519-989c-2fd21d6918b7,"W", 09/05/2025 10:15:00 AM,"(UTC-07:00) Arizona",,,4919209.25,4857335.5,4981083,
PNTM9M2jMkKm3GLHpLiq3J4gE,"","North Campus",6c2573ce-592a-4519-989c-2fd21d6918b7,"W", 09/05/2025 10:30:00 AM,"(UTC-07:00) Arizona",,,4878977.166666667,4847520.5,4941042,
PNTM9M2jMkKm3GLHpLiq3J4gE,"","North Campus",6c2573ce-592a-4519-989c-2fd21d6918b7,"W", 09/05/2025 10:45:00 AM,"(UTC-07:00) Arizona",,,4992903.166666667,4958627.5,5010747.5,
PNTM9M2jMkKm3GLHpLiq3J4gE,"","North Campus",6c2573ce-592a-4519-989c-2fd21d6918b7,"W", 09/05/2025 11:00:00 AM,"(UTC-07:00) Arizona",,,5053594.666666667,5043615.5,5069092.5,
PNTM9M2jMkKm3GLHpLiq3J4gE,"","North Campus",6c2573ce-592a-4519-989c-2fd21d6918b7,"W", 09/05/2025 11:15:00 AM,"(UTC-07:00) Arizona",,,5097653.166666667,5047160,5186578,
PNTM9M2jMkKm3GLHpLiq3J4gE,"","North Campus",6c2573ce-592a-4519-989c-2fd21d6918b7,"W", 09/05/2025 11:30:00 AM,"(UTC-07:00) Arizona",,,5037340.5,4900763.5,5173917.5,
PNTM9M2jMkKm3GLHpLiq3J4gE,"","North Campus",6c2573ce-592a-4519-989c-2fd21d6918b7,"W", 09/05/2025 11:45:00 AM,"(UTC-07:00) Arizona",,,4877980.666666667,4824920.5,4912349,
PNTM9M2jMkKm3GLHpLiq3J4gE,"","North Campus",6c2573ce-592a-4519-989c-2fd21d6918b7,"W", 09/05/2025 12:00:00 PM,"(UTC-07:00) Arizona",,,4906183.833333333,4884063,4939258,
PNTM9M2jMkKm3GLHpLiq3J4gE,"","North Campus",6c2573ce-592a-4519-989c-2fd21d6918b7,"W", 09/05/2025 12:15:00 PM,"(UTC-07:00) Arizona",,,5061985.5,4930165,5213469.5,
PNTM9M2jMkKm3GLHpLiq3J4gE,"","North Campus",6c2573ce-592a-4519-989c-2fd21d6918b7,"W", 09/05/2025 12:30:00 PM,"(UTC-07:00) Arizona",,,5334397.333333333,5194347,5447386.5,
PNTM9M2jMkKm3GLHpLiq3J4gE,"","North Campus",6c2573ce-592a-4519-989c-2fd21d6918b7,"W", 09/05/2025 12:45:00 PM,"(UTC-07:00) Arizona",,,5130567.333333333,5063102.5,5190396.5,
PNTM9M2jMkKm3GLHpLiq3J4gE,"","North Campus",6c2573ce-592a-4519-989c-2fd21d6918b7,"W", 09/05/2025 01:00:00 PM,"(UTC-07:00) Arizona",,,5013864.5,5013864.5,5013864.5,
PNTM9M2jMkKm3GLHpLiq3J4gE,"","North Campus",6c2573ce-592a-4519-989c-2fd21d6918b7,"W", 09/05/2025 01:15:00 PM,"(UTC-07:00) Arizona",,,5065054.5,5002442.5,5127666.5,
PNTM9M2jMkKm3GLHpLiq3J4gE,"","North Campus",6c2573ce-592a-4519-989c-2fd21d6918b7,"W", 09/05/2025 01:30:00 PM,"(UTC-07:00) Arizona",,,4794892.166666667,4709848,4882116.5,
PNTM9M2jMkKm3GLHpLiq3J4gE,"","North Campus",6c2573ce-592a-4519-989c-2fd21d6918b7,"W", 09/05/2025 01:45:00 PM,"(UTC-07:00) Arizona",,,4816245.75,4772838,4859653.5,
PNTM9M2jMkKm3GLHpLiq3J4gE,"","North Campus",6c2573ce-592a-4519-989c-2fd21d6918b7,"W", 09/05/2025 02:00:00 PM,"(UTC-07:00) Arizona",,,4835724.833333333,4741881,4962315.5,
PNTM9M2jMkKm3GLHpLiq3J4gE,"","North Campus",6c2573ce-592a-4519-989c-2fd21d6918b7,"W", 09/05/2025 02:15:00 PM,"(UTC-07:00) Arizona",,,5047276.666666667,4836549.5,5189726.5,
PNTM9M2jMkKm3GLHpLiq3J4gE,"","North Campus",6c2573ce-592a-4519-989c-2fd21d6918b7,"W", 09/05/2025 02:30:00 PM,"(UTC-07:00) Arizona",,,5066597.5,5024551.5,5108643.5,
PNTM9M2jMkKm3GLHpLiq3J4gE,"","North Campus",6c2573ce-592a-4519-989c-2fd21d6918b7,"W", 09/05/2025 02:45:00 PM,"(UTC-07:00) Arizona",,,5110492,5083100,5126385.5,
PNTM9M2jMkKm3GLHpLiq3J4gE,"","North Campus",6c2573ce-592a-4519-989c-2fd21d6918b7,"W", 09/05/2025 03:00:00 PM,"(UTC-07:00) Arizona",,,4997258.666666667,4935091,5094149.5,
PNTM9M2jMkKm3GLHpLiq3J4gE,"","North Campus",6c2573ce-592a-4519-989c-2fd21d6918b7,"W", 09/05/2025 03:15:00 PM,"(UTC-07:00) Arizona",,,4989656.333333333,4948150.5,5019144,
PNTM9M2jMkKm3GLHpLiq3J4gE,"","North Campus",6c2573ce-592a-4519-989c-2fd21d6918b7,"W", 09/05/2025 03:30:00 PM,"(UTC-07:00) Arizona",,,5020183.5,4968542,5109010,
PNTM9M2jMkKm3GLHpLiq3J4gE,"","North Campus",6c2573ce-592a-4519-989c-2fd21d6918b7,"W", 09/05/2025 03:45:00 PM,"(UTC-07:00) Arizona",,,5050259.25,5041328,5059190.5,
PNTM9M2jMkKm3GLHpLiq3J4gE,"","North Campus",6c2573ce-592a-4519-989c-2fd21d6918b7,"W", 09/05/2025 04:00:00 PM,"(UTC-07:00) Arizona",,,4978886.25,4908388.5,5038087,
PNTM9M2jMkKm3GLHpLiq3J4gE,"","North Campus",6c2573ce-592a-4519-989c-2fd21d6918b7,"W", 09/05/2025 04:15:00 PM,"(UTC-07:00) Arizona",,,4944697,4922022,4967372,
PNTM9M2jMkKm3GLHpLiq3J4gE,"","North Campus",6c2573ce-592a-4519-989c-2fd21d6918b7,"W", 09/05/2025 04:30:00 PM,"(UTC-07:00) Arizona",,,5008130.75,4959342.5,5056919,
PNTM9M2jMkKm3GLHpLiq3J4gE,"","North Campus",6c2573ce-592a-4519-989c-2fd21d6918b7,"W", 09/05/2025 04:45:00 PM,"(UTC-07:00) Arizona",,,4957211.75,4774971,5049891.5,
PNTM9M2jMkKm3GLHpLiq3J4gE,"","North Campus",6c2573ce-592a-4519-989c-2fd21d6918b7,"W", 09/05/2025 05:00:00 PM,"(UTC-07:00) Arizona",,,4827291,4791600.5,4862981.5,
PNTM9M2jMkKm3GLHpLiq3J4gE,"","North Campus",6c2573ce-592a-4519-989c-2fd21d6918b7,"W", 09/05/2025 05:15:00 PM,"(UTC-07:00) Arizona",,,4705515.666666667,4644826.5,4744795.5,
PNTM9M2jMkKm3GLHpLiq3J4gE,"","North Campus",6c2573ce-592a-4519-989c-2fd21d6918b7,"W", 09/05/2025 05:30:00 PM,"(UTC-07:00) Arizona",,,4675023.333333333,4636681.5,4731709,
PNTM9M2jMkKm3GLHpLiq3J4gE,"","North Campus",6c2573ce-592a-4519-989c-2fd21d6918b7,"W", 09/05/2025 05:45:00 PM,"(UTC-07:00) Arizona",,,4730679.5,4730679.5,4730679.5,
PNTM9M2jMkKm3GLHpLiq3J4gE,"","North Campus",6c2573ce-592a-4519-989c-2fd21d6918b7,"W", 09/05/2025 06:00:00 PM,"(UTC-07:00) Arizona",,,4602133.333333333,4547975.5,4660941,
PNTM9M2jMkKm3GLHpLiq3J4gE,"","North Campus",6c2573ce-592a-4519-989c-2fd21d6918b7,"W", 09/05/2025 06:15:00 PM,"(UTC-07:00) Arizona",,,4542410.75,4525674,4559147.5,
PNTM9M2jMkKm3GLHpLiq3J4gE,"","North Campus",6c2573ce-592a-4519-989c-2fd21d6918b7,"W", 09/05/2025 06:30:00 PM,"(UTC-07:00) Arizona",,,4600695.833333333,4575935,4632247,
PNTM9M2jMkKm3GLHpLiq3J4gE,"","North Campus",6c2573ce-592a-4519-989c-2fd21d6918b7,"W", 09/05/2025 06:45:00 PM,"(UTC-07:00) Arizona",,,4485860.666666667,4443480.5,4550000,
PNTM9M2jMkKm3GLHpLiq3J4gE,"","North Campus",6c2573ce-592a-4519-989c-2fd21d6918b7,"W", 09/05/2025 07:00:00 PM,"(UTC-07:00) Arizona",,,4428258.166666667,4355207,4497244,
PNTM9M2jMkKm3GLHpLiq3J4gE,"","North Campus",6c2573ce-592a-4519-989c-2fd21d6918b7,"W", 09/05/2025 07:15:00 PM,"(UTC-07:00) Arizona",,,4417184.833333333,4379237,4481932.5,
PNTM9M2jMkKm3GLHpLiq3J4gE,"","North Campus",6c2573ce-592a-4519-989c-2fd21d6918b7,"W", 09/05/2025 07:30:00 PM,"(UTC-07:00) Arizona",,,4480745.75,4434303,4527188.5,
PNTM9M2jMkKm3GLHpLiq3J4gE,"","North Campus",6c2573ce-592a-4519-989c-2fd21d6918b7,"W", 09/05/2025 07:45:00 PM,"(UTC-07:00) Arizona",,,4348901.833333333,4338767.5,4363833.5,
PNTM9M2jMkKm3GLHpLiq3J4gE,"","North Campus",6c2573ce-592a-4519-989c-2fd21d6918b7,"W", 09/05/2025 08:00:00 PM,"(UTC-07:00) Arizona",,,4258303.5,4194507.5,4294166,
PNTM9M2jMkKm3GLHpLiq3J4gE,"","North Campus",6c2573ce-592a-4519-989c-2fd21d6918b7,"W", 09/05/2025 08:15:00 PM,"(UTC-07:00) Arizona",,,4227345,4227345,4227345,
PNTM9M2jMkKm3GLHpLiq3J4gE,"","North Campus",6c2573ce-592a-4519-989c-2fd21d6918b7,"W", 09/05/2025 08:30:00 PM,"(UTC-07:00) Arizona",,,4188368.6,4093380,4312468,
PNTM9M2jMkKm3GLHpLiq3J4gE,"","North Campus",6c2573ce-592a-4519-989c-2fd21d6918b7,"W", 09/05/2025 08:45:00 PM,"(UTC-07:00) Arizona",,,4079858.5,4039799,4119918,
PNTM9M2jMkKm3GLHpLiq3J4gE,"","North Campus",6c2573ce-592a-4519-989c-2fd21d6918b7,"W", 09/05/2025 09:00:00 PM,"(UTC-07:00) Arizona",,,3975103.3499999996,3949294.2,4017820,
PNTM9M2jMkKm3GLHpLiq3J4gE,"","North Campus",6c2573ce-592a-4519-989c-2fd21d6918b7,"W", 09/05/2025 09:15:00 PM,"(UTC-07:00) Arizona",,,3918263.8333333335,3911347.8,3924352.5,
PNTM9M2jMkKm3GLHpLiq3J4gE,"","North Campus",6c2573ce-592a-4519-989c-2fd21d6918b7,"W", 09/05/2025 09:30:00 PM,"(UTC-07:00) Arizona",,,3914600.1333333333,3891174.2,3937238.2,
PNTM9M2jMkKm3GLHpLiq3J4gE,"","North Campus",6c2573ce-592a-4519-989c-2fd21d6918b7,"W", 09/05/2025 09:45:00 PM,"(UTC-07:00) Arizona",,,3836026.5,3817402.2,3848685.5,
PNTM9M2jMkKm3GLHpLiq3J4gE,"","North Campus",6c2573ce-592a-4519-989c-2fd21d6918b7,"W", 09/05/2025 10:00:00 PM,"(UTC-07:00) Arizona",,,3833718.4,3828950.8,3838486,
PNTM9M2jMkKm3GLHpLiq3J4gE,"","North Campus",6c2573ce-592a-4519-989c-2fd21d6918b7,"W", 09/05/2025 10:15:00 PM,"(UTC-07:00) Arizona",,,3783787.175,3762353.2,3802541.5,
PNTM9M2jMkKm3GLHpLiq3J4gE,"","North Campus",6c2573ce-592a-4519-989c-2fd21d6918b7,"W", 09/05/2025 10:30:00 PM,"(UTC-07:00) Arizona",,,3764659,3757997.5,3771320.5,
PNTM9M2jMkKm3GLHpLiq3J4gE,"","North Campus",6c2573ce-592a-4519-989c-2fd21d6918b7,"W", 09/05/2025 10:45:00 PM,"(UTC-07:00) Arizona",,,3708822.875,3680331.5,3732247.2,
PNTM9M2jMkKm3GLHpLiq3J4gE,"","North Campus",6c2573ce-592a-4519-989c-2fd21d6918b7,"W", 09/05/2025 11:00:00 PM,"(UTC-07:00) Arizona",,,3677853.4,3646824,3708882.8,
PNTM9M2jMkKm3GLHpLiq3J4gE,"","North Campus",6c2573ce-592a-4519-989c-2fd21d6918b7,"W", 09/05/2025 11:15:00 PM,"(UTC-07:00) Arizona",,,3655969.233333333,3625443,3677558.5,
PNTM9M2jMkKm3GLHpLiq3J4gE,"","North Campus",6c2573ce-592a-4519-989c-2fd21d6918b7,"W", 09/05/2025 11:30:00 PM,"(UTC-07:00) Arizona",,,3613077.5,3609449.5,3618761.5,
PNTM9M2jMkKm3GLHpLiq3J4gE,"","North Campus",6c2573ce-592a-4519-989c-2fd21d6918b7,"W", 09/05/2025 11:45:00 PM,"(UTC-07:00) Arizona",,,3610626.0666666664,3577449.2,3628304.5,
PNTM9M2jMkKm3GLHpLiq3J4gE,"","North Campus",6c2573ce-592a-4519-989c-2fd21d6918b7,"W", 09/06/2025 12:00:00 AM,"(UTC-07:00) Arizona",,,3546260.3333333335,3503932.8,3568847.2,
PNTM9M2jMkKm3GLHpLiq3J4gE,"","North Campus",6c2573ce-592a-4519-989c-2fd21d6918b7,"W", 09/06/2025 12:15:00 AM,"(UTC-07:00) Arizona",,,3452586.8,3423461.8,3497803.2,
PNTM9M2jMkKm3GLHpLiq3J4gE,"","North Campus",6c2573ce-592a-4519-989c-2fd21d6918b7,"W", 09/06/2025 12:30:00 AM,"(UTC-07:00) Arizona",,,3413375.5,3413375.5,3413375.5,
PNTM9M2jMkKm3GLHpLiq3J4gE,"","North Campus",6c2573ce-592a-4519-989c-2fd21d6918b7,"W", 09/06/2025 12:45:00 AM,"(UTC-07:00) Arizona",,,3448056.2,3448056.2,3448056.2,
PNTM9M2jMkKm3GLHpLiq3J4gE,"","North Campus",6c2573ce-592a-4519-989c-2fd21d6918b7,"W", 09/06/2025 01:00:00 AM,"(UTC-07:00) Arizona",,,3398275.65,3398242.5,3398308.8,
PNTM9M2jMkKm3GLHpLiq3J4gE,"","North Campus",6c2573ce-592a-4519-989c-2fd21d6918b7,"W", 09/06/2025 01:15:00 AM,"(UTC-07:00) Arizona",,,3403304.6666666665,3390477.8,3424381,
PNTM9M2jMkKm3GLHpLiq3J4gE,"","North Campus",6c2573ce-592a-4519-989c-2fd21d6918b7,"W", 09/06/2025 01:30:00 AM,"(UTC-07:00) Arizona",,,3371483.6333333333,3324590.2,3401057.5,
PNTM9M2jMkKm3GLHpLiq3J4gE,"","North Campus",6c2573ce-592a-4519-989c-2fd21d6918b7,"W", 09/06/2025 01:45:00 AM,"(UTC-07:00) Arizona",,,3380045,3362338.8,3404925.2,
PNTM9M2jMkKm3GLHpLiq3J4gE,"","North Campus",6c2573ce-592a-4519-989c-2fd21d6918b7,"W", 09/06/2025 02:00:00 AM,"(UTC-07:00) Arizona",,,3357648.4333333336,3355439,3359409.8,
PNTM9M2jMkKm3GLHpLiq3J4gE,"","North Campus",6c2573ce-592a-4519-989c-2fd21d6918b7,"W", 09/06/2025 02:15:00 AM,"(UTC-07:00) Arizona",,,3335764.6,3330551,3340978.2,
PNTM9M2jMkKm3GLHpLiq3J4gE,"","North Campus",6c2573ce-592a-4519-989c-2fd21d6918b7,"W", 09/06/2025 02:30:00 AM,"(UTC-07:00) Arizona",,,3314019.5,3301186.5,3322543,
PNTM9M2jMkKm3GLHpLiq3J4gE,"","North Campus",6c2573ce-592a-4519-989c-2fd21d6918b7,"W", 09/06/2025 02:45:00 AM,"(UTC-07:00) Arizona",,,3321511.6,3301684.5,3335928.5,
PNTM9M2jMkKm3GLHpLiq3J4gE,"","North Campus",6c2573ce-592a-4519-989c-2fd21d6918b7,"W", 09/06/2025 03:00:00 AM,"(UTC-07:00) Arizona",,,3337429.65,3316202.8,3358656.5,
PNTM9M2jMkKm3GLHpLiq3J4gE,"","North Campus",6c2573ce-592a-4519-989c-2fd21d6918b7,"W", 09/06/2025 03:15:00 AM,"(UTC-07:00) Arizona",,,3330257.733333333,3315506,3350673.2,
PNTM9M2jMkKm3GLHpLiq3J4gE,"","North Campus",6c2573ce-592a-4519-989c-2fd21d6918b7,"W", 09/06/2025 03:30:00 AM,"(UTC-07:00) Arizona",,,3327005.9333333336,3317618,3339107.8,
PNTM9M2jMkKm3GLHpLiq3J4gE,"","North Campus",6c2573ce-592a-4519-989c-2fd21d6918b7,"W", 09/06/2025 03:45:00 AM,"(UTC-07:00) Arizona",,,3320448.3333333335,3312489.8,3327324.2,
PNTM9M2jMkKm3GLHpLiq3J4gE,"","North Campus",6c2573ce-592a-4519-989c-2fd21d6918b7,"W", 09/06/2025 04:00:00 AM,"(UTC-07:00) Arizona",,,3299634.266666667,3293709.5,3303150.5,
PNTM9M2jMkKm3GLHpLiq3J4gE,"","North Campus",6c2573ce-592a-4519-989c-2fd21d6918b7,"W", 09/06/2025 04:15:00 AM,"(UTC-07:00) Arizona",,,3336601.5,3330732.5,3343593.8,
PNTM9M2jMkKm3GLHpLiq3J4gE,"","North Campus",6c2573ce-592a-4519-989c-2fd21d6918b7,"W", 09/06/2025 04:30:00 AM,"(UTC-07:00) Arizona",,,3348709.4,3336699.2,3360873,
PNTM9M2jMkKm3GLHpLiq3J4gE,"","North Campus",6c2573ce-592a-4519-989c-2fd21d6918b7,"W", 09/06/2025 04:45:00 AM,"(UTC-07:00) Arizona",,,3324609.6666666665,3321440.8,3328143.2,
PNTM9M2jMkKm3GLHpLiq3J4gE,"","North Campus",6c2573ce-592a-4519-989c-2fd21d6918b7,"W", 09/06/2025 05:00:00 AM,"(UTC-07:00) Arizona",,,3328987.6333333333,3312844.2,3347808.2,
PNTM9M2jMkKm3GLHpLiq3J4gE,"","North Campus",6c2573ce-592a-4519-989c-2fd21d6918b7,"W", 09/06/2025 05:15:00 AM,"(UTC-07:00) Arizona",,,3360481.6666666665,3330781.8,3403603,
PNTM9M2jMkKm3GLHpLiq3J4gE,"","North Campus",6c2573ce-592a-4519-989c-2fd21d6918b7,"W", 09/06/2025 05:30:00 AM,"(UTC-07:00) Arizona",,,3349600.3000000003,3332917.2,3373504.5,
PNTM9M2jMkKm3GLHpLiq3J4gE,"","North Campus",6c2573ce-592a-4519-989c-2fd21d6918b7,"W", 09/06/2025 05:45:00 AM,"(UTC-07:00) Arizona",,,3391922.1,3358972.8,3420935,
PNTM9M2jMkKm3GLHpLiq3J4gE,"","North Campus",6c2573ce-592a-4519-989c-2fd21d6918b7,"W", 09/06/2025 06:00:00 AM,"(UTC-07:00) Arizona",,,3386752.233333333,3356703.5,3423716.2,
PNTM9M2jMkKm3GLHpLiq3J4gE,"","North Campus",6c2573ce-592a-4519-989c-2fd21d6918b7,"W", 09/06/2025 06:15:00 AM,"(UTC-07:00) Arizona",,,3405061.6333333333,3382370.2,3422445.5,
PNTM9M2jMkKm3GLHpLiq3J4gE,"","North Campus",6c2573ce-592a-4519-989c-2fd21d6918b7,"W", 09/06/2025 06:30:00 AM,"(UTC-07:00) Arizona",,,3432133.733333333,3406388,3450146,
PNTM9M2jMkKm3GLHpLiq3J4gE,"","North Campus",6c2573ce-592a-4519-989c-2fd21d6918b7,"W", 09/06/2025 06:45:00 AM,"(UTC-07:00) Arizona",,,3390721.6,3364198.5,3413604.8,
PNTM9M2jMkKm3GLHpLiq3J4gE,"","North Campus",6c2573ce-592a-4519-989c-2fd21d6918b7,"W", 09/06/2025 07:00:00 AM,"(UTC-07:00) Arizona",,,3373370.6,3352678.8,3386721.5,
PNTM9M2jMkKm3GLHpLiq3J4gE,"","North Campus",6c2573ce-592a-4519-989c-2fd21d6918b7,"W", 09/06/2025 07:15:00 AM,"(UTC-07:00) Arizona",,,3521720.25,3511923.5,3531517,
PNTM9M2jMkKm3GLHpLiq3J4gE,"","North Campus",6c2573ce-592a-4519-989c-2fd21d6918b7,"W", 09/06/2025 07:30:00 AM,"(UTC-07:00) Arizona",,,3353542.9,3311420.5,3387320,
PNTM9M2jMkKm3GLHpLiq3J4gE,"","North Campus",6c2573ce-592a-4519-989c-2fd21d6918b7,"W", 09/06/2025 07:45:00 AM,"(UTC-07:00) Arizona",,,3437493.4333333336,3319712.5,3638164,
PNTM9M2jMkKm3GLHpLiq3J4gE,"","North Campus",6c2573ce-592a-4519-989c-2fd21d6918b7,"W", 09/06/2025 08:00:00 AM,"(UTC-07:00) Arizona",,,3705202.6,3684648.2,3725757,
PNTM9M2jMkKm3GLHpLiq3J4gE,"","North Campus",6c2573ce-592a-4519-989c-2fd21d6918b7,"W", 09/06/2025 08:15:00 AM,"(UTC-07:00) Arizona",,,3737744.4000000004,3697596.8,3764270,
PNTM9M2jMkKm3GLHpLiq3J4gE,"","North Campus",6c2573ce-592a-4519-989c-2fd21d6918b7,"W", 09/06/2025 08:30:00 AM,"(UTC-07:00) Arizona",,,3677436.733333333,3599171.2,3750689,
PNTM9M2jMkKm3GLHpLiq3J4gE,"","North Campus",6c2573ce-592a-4519-989c-2fd21d6918b7,"W", 09/06/2025 08:45:00 AM,"(UTC-07:00) Arizona",,,3891291.1666666665,3842446.2,3926465.8,
PNTM9M2jMkKm3GLHpLiq3J4gE,"","North Campus",6c2573ce-592a-4519-989c-2fd21d6918b7,"W", 09/06/2025 09:00:00 AM,"(UTC-07:00) Arizona",,,3936992.6999999997,3915532.5,3978563.8,
PNTM9M2jMkKm3GLHpLiq3J4gE,"","North Campus",6c2573ce-592a-4519-989c-2fd21d6918b7,"W", 09/06/2025 09:15:00 AM,"(UTC-07:00) Arizona",,,3791380.9,3753111,3839193.5,
PNTM9M2jMkKm3GLHpLiq3J4gE,"","North Campus",6c2573ce-592a-4519-989c-2fd21d6918b7,"W", 09/06/2025 09:30:00 AM,"(UTC-07:00) Arizona",,,3850937.1,3842091,3859783.2,
PNTM9M2jMkKm3GLHpLiq3J4gE,"","North Campus",6c2573ce-592a-4519-989c-2fd21d6918b7,"W", 09/06/2025 09:45:00 AM,"(UTC-07:00) Arizona",,,3844411.1,3787975.8,3915758,
PNTM9M2jMkKm3GLHpLiq3J4gE,"","North Campus",6c2573ce-592a-4519-989c-2fd21d6918b7,"W", 09/06/2025 10:00:00 AM,"(UTC-07:00) Arizona",,,3893536.5666666664,3882097,3908855.5,
PNTM9M2jMkKm3GLHpLiq3J4gE,"","North Campus",6c2573ce-592a-4519-989c-2fd21d6918b7,"W", 09/06/2025 10:15:00 AM,"(UTC-07:00) Arizona",,,3952617.5,3896700,4008535,
PNTM9M2jMkKm3GLHpLiq3J4gE,"","North Campus",6c2573ce-592a-4519-989c-2fd21d6918b7,"W", 09/06/2025 10:30:00 AM,"(UTC-07:00) Arizona",,,4021190.3333333335,4001262,4045005.8,
PNTM9M2jMkKm3GLHpLiq3J4gE,"","North Campus",6c2573ce-592a-4519-989c-2fd21d6918b7,"W", 09/06/2025 10:45:00 AM,"(UTC-07:00) Arizona",,,4108177.4,4058824.2,4192359.2,
PNTM9M2jMkKm3GLHpLiq3J4gE,"","North Campus",6c2573ce-592a-4519-989c-2fd21d6918b7,"W", 09/06/2025 11:00:00 AM,"(UTC-07:00) Arizona",,,4092410.5666666664,3770955.2,4325225.5,
PNTM9M2jMkKm3GLHpLiq3J4gE,"","North Campus",6c2573ce-592a-4519-989c-2fd21d6918b7,"W", 09/06/2025 11:15:00 AM,"(UTC-07:00) Arizona",,,4048474.0666666664,3876961.2,4284638,
PNTM9M2jMkKm3GLHpLiq3J4gE,"","North Campus",6c2573ce-592a-4519-989c-2fd21d6918b7,"W", 09/06/2025 11:30:00 AM,"(UTC-07:00) Arizona",,,4250216,4237608,4274266,
PNTM9M2jMkKm3GLHpLiq3J4gE,"","North Campus",6c2573ce-592a-4519-989c-2fd21d6918b7,"W", 09/06/2025 11:45:00 AM,"(UTC-07:00) Arizona",,,4142857.1,4043975.8,4312086,
PNTM9M2jMkKm3GLHpLiq3J4gE,"","North Campus",6c2573ce-592a-4519-989c-2fd21d6918b7,"W", 09/06/2025 12:00:00 PM,"(UTC-07:00) Arizona",,,4307847,4294966,4330670,
PNTM9M2jMkKm3GLHpLiq3J4gE,"","North Campus",6c2573ce-592a-4519-989c-2fd21d6918b7,"W", 09/06/2025 12:15:00 PM,"(UTC-07:00) Arizona",,,4188752.9333333336,4086688,4371704,
PNTM9M2jMkKm3GLHpLiq3J4gE,"","North Campus",6c2573ce-592a-4519-989c-2fd21d6918b7,"W", 09/06/2025 12:30:00 PM,"(UTC-07:00) Arizona",,,4119182.75,4054271,4184094.5,
PNTM9M2jMkKm3GLHpLiq3J4gE,"","North Campus",6c2573ce-592a-4519-989c-2fd21d6918b7,"W", 09/06/2025 12:45:00 PM,"(UTC-07:00) Arizona",,,4103155.5,4048585.8,4146229.2,
PNTM9M2jMkKm3GLHpLiq3J4gE,"","North Campus",6c2573ce-592a-4519-989c-2fd21d6918b7,"W", 09/06/2025 01:00:00 PM,"(UTC-07:00) Arizona",,,4171852.6666666665,4061672.5,4249329.5,
PNTM9M2jMkKm3GLHpLiq3J4gE,"","North Campus",6c2573ce-592a-4519-989c-2fd21d6918b7,"W", 09/06/2025 01:15:00 PM,"(UTC-07:00) Arizona",,,4029831.25,4002559,4057103.5,
PNTM9M2jMkKm3GLHpLiq3J4gE,"","North Campus",6c2573ce-592a-4519-989c-2fd21d6918b7,"W", 09/06/2025 01:30:00 PM,"(UTC-07:00) Arizona",,,4104810.0666666664,4049989.2,4163532.8,
PNTM9M2jMkKm3GLHpLiq3J4gE,"","North Campus",6c2573ce-592a-4519-989c-2fd21d6918b7,"W", 09/06/2025 01:45:00 PM,"(UTC-07:00) Arizona",,,4114734.0666666664,4083655.5,4153871.2,
PNTM9M2jMkKm3GLHpLiq3J4gE,"","North Campus",6c2573ce-592a-4519-989c-2fd21d6918b7,"W", 09/06/2025 02:00:00 PM,"(UTC-07:00) Arizona",,,4160544.733333333,4023232.2,4374667,
PNTM9M2jMkKm3GLHpLiq3J4gE,"","North Campus",6c2573ce-592a-4519-989c-2fd21d6918b7,"W", 09/06/2025 02:15:00 PM,"(UTC-07:00) Arizona",,,4128798.85,4128151.2,4129446.5,
PNTM9M2jMkKm3GLHpLiq3J4gE,"","North Campus",6c2573ce-592a-4519-989c-2fd21d6918b7,"W", 09/06/2025 02:30:00 PM,"(UTC-07:00) Arizona",,,4161047.3333333335,4032571.2,4370624,
PNTM9M2jMkKm3GLHpLiq3J4gE,"","North Campus",6c2573ce-592a-4519-989c-2fd21d6918b7,"W", 09/06/2025 02:45:00 PM,"(UTC-07:00) Arizona",,,4372740.375,4335307,4411824,
PNTM9M2jMkKm3GLHpLiq3J4gE,"","North Campus",6c2573ce-592a-4519-989c-2fd21d6918b7,"W", 09/06/2025 03:00:00 PM,"(UTC-07:00) Arizona",,,4310653.25,4220469,4400837.5,
PNTM9M2jMkKm3GLHpLiq3J4gE,"","North Campus",6c2573ce-592a-4519-989c-2fd21d6918b7,"W", 09/06/2025 03:15:00 PM,"(UTC-07:00) Arizona",,,4166991.6666666665,4115959.5,4233772,
PNTM9M2jMkKm3GLHpLiq3J4gE,"","North Campus",6c2573ce-592a-4519-989c-2fd21d6918b7,"W", 09/06/2025 03:30:00 PM,"(UTC-07:00) Arizona",,,4265070.899999999,4178292.2,4354759,
PNTM9M2jMkKm3GLHpLiq3J4gE,"","North Campus",6c2573ce-592a-4519-989c-2fd21d6918b7,"W", 09/06/2025 03:45:00 PM,"(UTC-07:00) Arizona",,,4371631,4222507,4433279,
PNTM9M2jMkKm3GLHpLiq3J4gE,"","North Campus",6c2573ce-592a-4519-989c-2fd21d6918b7,"W", 09/06/2025 04:00:00 PM,"(UTC-07:00) Arizona",,,4463872,4443578.5,4484165.5,
PNTM9M2jMkKm3GLHpLiq3J4gE,"","North Campus",6c2573ce-592a-4519-989c-2fd21d6918b7,"W", 09/06/2025 04:15:00 PM,"(UTC-07:00) Arizona",,,4436149.166666667,4409741.5,4454965,
PNTM9M2jMkKm3GLHpLiq3J4gE,"","North Campus",6c2573ce-592a-4519-989c-2fd21d6918b7,"W", 09/06/2025 04:30:00 PM,"(UTC-07:00) Arizona",,,4402420.666666667,4375574,4446365,
PNTM9M2jMkKm3GLHpLiq3J4gE,"","North Campus",6c2573ce-592a-4519-989c-2fd21d6918b7,"W", 09/06/2025 04:45:00 PM,"(UTC-07:00) Arizona",,,4422300.75,4422261.5,4422340,
PNTM9M2jMkKm3GLHpLiq3J4gE,"","North Campus",6c2573ce-592a-4519-989c-2fd21d6918b7,"W", 09/06/2025 05:00:00 PM,"(UTC-07:00) Arizona",,,4419418,4396655.5,4455157,
PNTM9M2jMkKm3GLHpLiq3J4gE,"","North Campus",6c2573ce-592a-4519-989c-2fd21d6918b7,"W", 09/06/2025 05:15:00 PM,"(UTC-07:00) Arizona",,,4332165.5,4285694,4385315.5,
PNTM9M2jMkKm3GLHpLiq3J4gE,"","North Campus",6c2573ce-592a-4519-989c-2fd21d6918b7,"W", 09/06/2025 05:30:00 PM,"(UTC-07:00) Arizona",,,4374914.666666667,4316910,4460157.5,
PNTM9M2jMkKm3GLHpLiq3J4gE,"","North Campus",6c2573ce-592a-4519-989c-2fd21d6918b7,"W", 09/06/2025 05:45:00 PM,"(UTC-07:00) Arizona",,,4424048.333333333,4385285.5,4480907.5,
PNTM9M2jMkKm3GLHpLiq3J4gE,"","North Campus",6c2573ce-592a-4519-989c-2fd21d6918b7,"W", 09/06/2025 06:00:00 PM,"(UTC-07:00) Arizona",,,4407407.5,4373596.5,4425339,
PNTM9M2jMkKm3GLHpLiq3J4gE,"","North Campus",6c2573ce-592a-4519-989c-2fd21d6918b7,"W", 09/06/2025 06:15:00 PM,"(UTC-07:00) Arizona",,,4393880,4311500.5,4476259.5,
PNTM9M2jMkKm3GLHpLiq3J4gE,"","North Campus",6c2573ce-592a-4519-989c-2fd21d6918b7,"W", 09/06/2025 06:30:00 PM,"(UTC-07:00) Arizona",,,4371949.5,4365099.5,4381884.5,
PNTM9M2jMkKm3GLHpLiq3J4gE,"","North Campus",6c2573ce-592a-4519-989c-2fd21d6918b7,"W", 09/06/2025 06:45:00 PM,"(UTC-07:00) Arizona",,,4352324,4293933.5,4386770.5,
PNTM9M2jMkKm3GLHpLiq3J4gE,"","North Campus",6c2573ce-592a-4519-989c-2fd21d6918b7,"W", 09/06/2025 07:00:00 PM,"(UTC-07:00) Arizona",,,4219854.666666667,4112996.5,4320398,
PNTM9M2jMkKm3GLHpLiq3J4gE,"","North Campus",6c2573ce-592a-4519-989c-2fd21d6918b7,"W", 09/06/2025 07:15:00 PM,"(UTC-07:00) Arizona",,,4155826,4137488,4189346.5,
PNTM9M2jMkKm3GLHpLiq3J4gE,"","North Campus",6c2573ce-592a-4519-989c-2fd21d6918b7,"W", 09/06/2025 07:30:00 PM,"(UTC-07:00) Arizona",,,4156217.4333333336,4128206.8,4186354.5,
PNTM9M2jMkKm3GLHpLiq3J4gE,"","North Campus",6c2573ce-592a-4519-989c-2fd21d6918b7,"W", 09/06/2025 07:45:00 PM,"(UTC-07:00) Arizona",,,4164317,4164276.8,4164357.2,
PNTM9M2jMkKm3GLHpLiq3J4gE,"","North Campus",6c2573ce-592a-4519-989c-2fd21d6918b7,"W", 09/06/2025 08:00:00 PM,"(UTC-07:00) Arizona",,,4121717.5,4096197.5,4142780,
PNTM9M2jMkKm3GLHpLiq3J4gE,"","North Campus",6c2573ce-592a-4519-989c-2fd21d6918b7,"W", 09/06/2025 08:15:00 PM,"(UTC-07:00) Arizona",,,4097329.6666666665,4059021.5,4137976.5,
PNTM9M2jMkKm3GLHpLiq3J4gE,"","North Campus",6c2573ce-592a-4519-989c-2fd21d6918b7,"W", 09/06/2025 08:30:00 PM,"(UTC-07:00) Arizona",,,4090833.2,4058691.2,4122975.2,
PNTM9M2jMkKm3GLHpLiq3J4gE,"","North Campus",6c2573ce-592a-4519-989c-2fd21d6918b7,"W", 09/06/2025 08:45:00 PM,"(UTC-07:00) Arizona",,,4034588.266666667,4029211.5,4042904.8,
PNTM9M2jMkKm3GLHpLiq3J4gE,"","North Campus",6c2573ce-592a-4519-989c-2fd21d6918b7,"W", 09/06/2025 09:00:00 PM,"(UTC-07:00) Arizona",,,3954290.6666666665,3947190,3967434.5,
PNTM9M2jMkKm3GLHpLiq3J4gE,"","North Campus",6c2573ce-592a-4519-989c-2fd21d6918b7,"W", 09/06/2025 09:15:00 PM,"(UTC-07:00) Arizona",,,3958773,3957201.5,3960344.5,
PNTM9M2jMkKm3GLHpLiq3J4gE,"","North Campus",6c2573ce-592a-4519-989c-2fd21d6918b7,"W", 09/06/2025 09:30:00 PM,"(UTC-07:00) Arizona",,,3918980.6,3905813.8,3928606,
PNTM9M2jMkKm3GLHpLiq3J4gE,"","North Campus",6c2573ce-592a-4519-989c-2fd21d6918b7,"W", 09/06/2025 09:45:00 PM,"(UTC-07:00) Arizona",,,3825620.733333333,3800368,3842533.2,
PNTM9M2jMkKm3GLHpLiq3J4gE,"","North Campus",6c2573ce-592a-4519-989c-2fd21d6918b7,"W", 09/06/2025 10:00:00 PM,"(UTC-07:00) Arizona",,,3814569.8666666667,3795390,3836939.8,
PNTM9M2jMkKm3GLHpLiq3J4gE,"","North Campus",6c2573ce-592a-4519-989c-2fd21d6918b7,"W", 09/06/2025 10:15:00 PM,"(UTC-07:00) Arizona",,,3766973.8333333335,3749123.5,3780716.8,
PNTM9M2jMkKm3GLHpLiq3J4gE,"","North Campus",6c2573ce-592a-4519-989c-2fd21d6918b7,"W", 09/06/2025 10:30:00 PM,"(UTC-07:00) Arizona",,,3743910.133333333,3705656.8,3797356.8,
PNTM9M2jMkKm3GLHpLiq3J4gE,"","North Campus",6c2573ce-592a-4519-989c-2fd21d6918b7,"W", 09/06/2025 10:45:00 PM,"(UTC-07:00) Arizona",,,3730899,3716114,3745684,
PNTM9M2jMkKm3GLHpLiq3J4gE,"","North Campus",6c2573ce-592a-4519-989c-2fd21d6918b7,"W", 09/06/2025 11:00:00 PM,"(UTC-07:00) Arizona",,,3678506.4000000004,3651086.2,3717524.2,
PNTM9M2jMkKm3GLHpLiq3J4gE,"","North Campus",6c2573ce-592a-4519-989c-2fd21d6918b7,"W", 09/06/2025 11:15:00 PM,"(UTC-07:00) Arizona",,,3673817.35,3663371.2,3684263.5,
PNTM9M2jMkKm3GLHpLiq3J4gE,"","North Campus",6c2573ce-592a-4519-989c-2fd21d6918b7,"W", 09/06/2025 11:30:00 PM,"(UTC-07:00) Arizona",,,3648431.9333333336,3633237.8,3664656.8,
PNTM9M2jMkKm3GLHpLiq3J4gE,"","North Campus",6c2573ce-592a-4519-989c-2fd21d6918b7,"W", 09/06/2025 11:45:00 PM,"(UTC-07:00) Arizona",,,3607440.6666666665,3602394.2,3612035.8,
PNTM9M2jMkKm3GLHpLiq3J4gE,"","North Campus",6c2573ce-592a-4519-989c-2fd21d6918b7,"W", 09/07/2025 12:00:00 AM,"(UTC-07:00) Arizona",,,3561324.4,3539023,3581729,
PNTM9M2jMkKm3GLHpLiq3J4gE,"","North Campus",6c2573ce-592a-4519-989c-2fd21d6918b7,"W", 09/07/2025 12:15:00 AM,"(UTC-07:00) Arizona",,,3475369.8333333335,3458072.5,3490088.5,
PNTM9M2jMkKm3GLHpLiq3J4gE,"","North Campus",6c2573ce-592a-4519-989c-2fd21d6918b7,"W", 09/07/2025 12:30:00 AM,"(UTC-07:00) Arizona",,,3434710.9,3409427.8,3459994,
PNTM9M2jMkKm3GLHpLiq3J4gE,"","North Campus",6c2573ce-592a-4519-989c-2fd21d6918b7,"W", 09/07/2025 12:45:00 AM,"(UTC-07:00) Arizona",,,3417550.4333333336,3406502,3431675.8,
PNTM9M2jMkKm3GLHpLiq3J4gE,"","North Campus",6c2573ce-592a-4519-989c-2fd21d6918b7,"W", 09/07/2025 01:00:00 AM,"(UTC-07:00) Arizona",,,3447964.4000000004,3431382.2,3469575.2,
PNTM9M2jMkKm3GLHpLiq3J4gE,"","North Campus",6c2573ce-592a-4519-989c-2fd21d6918b7,"W", 09/07/2025 01:15:00 AM,"(UTC-07:00) Arizona",,,3415691.1,3397389.5,3427854,
PNTM9M2jMkKm3GLHpLiq3J4gE,"","North Campus",6c2573ce-592a-4519-989c-2fd21d6918b7,"W", 09/07/2025 01:30:00 AM,"(UTC-07:00) Arizona",,,3402028,3375310.2,3428745.8,
PNTM9M2jMkKm3GLHpLiq3J4gE,"","North Campus",6c2573ce-592a-4519-989c-2fd21d6918b7,"W", 09/07/2025 01:45:00 AM,"(UTC-07:00) Arizona",,,3359642.875,3349935.5,3375542.8,
PNTM9M2jMkKm3GLHpLiq3J4gE,"","North Campus",6c2573ce-592a-4519-989c-2fd21d6918b7,"W", 09/07/2025 02:00:00 AM,"(UTC-07:00) Arizona",,,3345477.8333333335,3334469.5,3365463.5,
PNTM9M2jMkKm3GLHpLiq3J4gE,"","North Campus",6c2573ce-592a-4519-989c-2fd21d6918b7,"W", 09/07/2025 02:15:00 AM,"(UTC-07:00) Arizona",,,3323152.733333333,3306071.5,3342037.2,
PNTM9M2jMkKm3GLHpLiq3J4gE,"","North Campus",6c2573ce-592a-4519-989c-2fd21d6918b7,"W", 09/07/2025 02:30:00 AM,"(UTC-07:00) Arizona",,,3293404.233333333,3284782.5,3306016,
PNTM9M2jMkKm3GLHpLiq3J4gE,"","North Campus",6c2573ce-592a-4519-989c-2fd21d6918b7,"W", 09/07/2025 02:45:00 AM,"(UTC-07:00) Arizona",,,3311987.3,3302335.8,3321638.8,
PNTM9M2jMkKm3GLHpLiq3J4gE,"","North Campus",6c2573ce-592a-4519-989c-2fd21d6918b7,"W", 09/07/2025 03:00:00 AM,"(UTC-07:00) Arizona",,,3282212.95,3264523.2,3322743.2,
PNTM9M2jMkKm3GLHpLiq3J4gE,"","North Campus",6c2573ce-592a-4519-989c-2fd21d6918b7,"W", 09/07/2025 03:15:00 AM,"(UTC-07:00) Arizona",,,3313649,3300194.5,3327574,
PNTM9M2jMkKm3GLHpLiq3J4gE,"","North Campus",6c2573ce-592a-4519-989c-2fd21d6918b7,"W", 09/07/2025 03:30:00 AM,"(UTC-07:00) Arizona",,,3283531.75,3266942.5,3300121,
PNTM9M2jMkKm3GLHpLiq3J4gE,"","North Campus",6c2573ce-592a-4519-989c-2fd21d6918b7,"W", 09/07/2025 03:45:00 AM,"(UTC-07:00) Arizona",,,3257310.3000000003,3240941.2,3288954.5,
PNTM9M2jMkKm3GLHpLiq3J4gE,"","North Campus",6c2573ce-592a-4519-989c-2fd21d6918b7,"W", 09/07/2025 04:00:00 AM,"(UTC-07:00) Arizona",,,3256394.225,3242785,3270664.2,
PNTM9M2jMkKm3GLHpLiq3J4gE,"","North Campus",6c2573ce-592a-4519-989c-2fd21d6918b7,"W", 09/07/2025 04:15:00 AM,"(UTC-07:00) Arizona",,,3262552.6,3256379.2,3268726,
PNTM9M2jMkKm3GLHpLiq3J4gE,"","North Campus",6c2573ce-592a-4519-989c-2fd21d6918b7,"W", 09/07/2025 04:30:00 AM,"(UTC-07:00) Arizona",,,3289716.8,3262618.8,3316814.8,
PNTM9M2jMkKm3GLHpLiq3J4gE,"","North Campus",6c2573ce-592a-4519-989c-2fd21d6918b7,"W", 09/07/2025 04:45:00 AM,"(UTC-07:00) Arizona",,,3304762.65,3274239.8,3322571.8,
PNTM9M2jMkKm3GLHpLiq3J4gE,"","North Campus",6c2573ce-592a-4519-989c-2fd21d6918b7,"W", 09/07/2025 05:00:00 AM,"(UTC-07:00) Arizona",,,3299838.5,3297223.2,3302453.8,
PNTM9M2jMkKm3GLHpLiq3J4gE,"","North Campus",6c2573ce-592a-4519-989c-2fd21d6918b7,"W", 09/07/2025 05:15:00 AM,"(UTC-07:00) Arizona",,,3305328.5333333337,3292135.2,3321677.2,
PNTM9M2jMkKm3GLHpLiq3J4gE,"","North Campus",6c2573ce-592a-4519-989c-2fd21d6918b7,"W", 09/07/2025 05:30:00 AM,"(UTC-07:00) Arizona",,,3322215.6666666665,3313114,3335603.5,
PNTM9M2jMkKm3GLHpLiq3J4gE,"","North Campus",6c2573ce-592a-4519-989c-2fd21d6918b7,"W", 09/07/2025 05:45:00 AM,"(UTC-07:00) Arizona",,,3336972.25,3315900.5,3358044,
PNTM9M2jMkKm3GLHpLiq3J4gE,"","North Campus",6c2573ce-592a-4519-989c-2fd21d6918b7,"W", 09/07/2025 06:00:00 AM,"(UTC-07:00) Arizona",,,3372601.266666667,3357510.8,3390102.8,
PNTM9M2jMkKm3GLHpLiq3J4gE,"","North Campus",6c2573ce-592a-4519-989c-2fd21d6918b7,"W", 09/07/2025 06:15:00 AM,"(UTC-07:00) Arizona",,,3344703.6999999997,3341769.8,3346411.5,
PNTM9M2jMkKm3GLHpLiq3J4gE,"","North Campus",6c2573ce-592a-4519-989c-2fd21d6918b7,"W", 09/07/2025 06:30:00 AM,"(UTC-07:00) Arizona",,,3295329,3264057.5,3328710.2,
PNTM9M2jMkKm3GLHpLiq3J4gE,"","North Campus",6c2573ce-592a-4519-989c-2fd21d6918b7,"W", 09/07/2025 06:45:00 AM,"(UTC-07:00) Arizona",,,3285552.35,3280895.2,3290209.5,
PNTM9M2jMkKm3GLHpLiq3J4gE,"","North Campus",6c2573ce-592a-4519-989c-2fd21d6918b7,"W", 09/07/2025 07:00:00 AM,"(UTC-07:00) Arizona",,,3210146.0666666664,3189337.5,3228147.2,
PNTM9M2jMkKm3GLHpLiq3J4gE,"","North Campus",6c2573ce-592a-4519-989c-2fd21d6918b7,"W", 09/07/2025 07:15:00 AM,"(UTC-07:00) Arizona",,,3234596.3000000003,3221885.5,3253240.2,
PNTM9M2jMkKm3GLHpLiq3J4gE,"","North Campus",6c2573ce-592a-4519-989c-2fd21d6918b7,"W", 09/07/2025 07:30:00 AM,"(UTC-07:00) Arizona",,,3181771.466666667,3170172,3193068.2,
PNTM9M2jMkKm3GLHpLiq3J4gE,"","North Campus",6c2573ce-592a-4519-989c-2fd21d6918b7,"W", 09/07/2025 07:45:00 AM,"(UTC-07:00) Arizona",,,3186236.8333333335,3151770.2,3254341.5,
PNTM9M2jMkKm3GLHpLiq3J4gE,"","North Campus",6c2573ce-592a-4519-989c-2fd21d6918b7,"W", 09/07/2025 08:00:00 AM,"(UTC-07:00) Arizona",,,3337741.966666667,3326719.2,3351470.5,
PNTM9M2jMkKm3GLHpLiq3J4gE,"","North Campus",6c2573ce-592a-4519-989c-2fd21d6918b7,"W", 09/07/2025 08:15:00 AM,"(UTC-07:00) Arizona",,,3456748.85,3436544.5,3476953.2,
PNTM9M2jMkKm3GLHpLiq3J4gE,"","North Campus",6c2573ce-592a-4519-989c-2fd21d6918b7,"W", 09/07/2025 08:30:00 AM,"(UTC-07:00) Arizona",,,3457607.3333333335,3428493,3484284.2,
PNTM9M2jMkKm3GLHpLiq3J4gE,"","North Campus",6c2573ce-592a-4519-989c-2fd21d6918b7,"W", 09/07/2025 08:45:00 AM,"(UTC-07:00) Arizona",,,3525511.575,3493525.2,3559988.5,
PNTM9M2jMkKm3GLHpLiq3J4gE,"","North Campus",6c2573ce-592a-4519-989c-2fd21d6918b7,"W", 09/07/2025 09:00:00 AM,"(UTC-07:00) Arizona",,,3568824,3565429.2,3572218.8,
PNTM9M2jMkKm3GLHpLiq3J4gE,"","North Campus",6c2573ce-592a-4519-989c-2fd21d6918b7,"W", 09/07/2025 09:15:00 AM,"(UTC-07:00) Arizona",,,3596077.6666666665,3574919.8,3626177,
PNTM9M2jMkKm3GLHpLiq3J4gE,"","North Campus",6c2573ce-592a-4519-989c-2fd21d6918b7,"W", 09/07/2025 09:30:00 AM,"(UTC-07:00) Arizona",,,3733800.4333333336,3649107.8,3797916.5,
PNTM9M2jMkKm3GLHpLiq3J4gE,"","North Campus",6c2573ce-592a-4519-989c-2fd21d6918b7,"W", 09/07/2025 09:45:00 AM,"(UTC-07:00) Arizona",,,3701917.8333333335,3674102,3722272,
PNTM9M2jMkKm3GLHpLiq3J4gE,"","North Campus",6c2573ce-592a-4519-989c-2fd21d6918b7,"W", 09/07/2025 10:00:00 AM,"(UTC-07:00) Arizona",,,3846383.3666666667,3822344.8,3878311.8,
PNTM9M2jMkKm3GLHpLiq3J4gE,"","North Campus",6c2573ce-592a-4519-989c-2fd21d6918b7,"W", 09/07/2025 10:15:00 AM,"(UTC-07:00) Arizona",,,3775787.6666666665,3722522.2,3819724,
PNTM9M2jMkKm3GLHpLiq3J4gE,"","North Campus",6c2573ce-592a-4519-989c-2fd21d6918b7,"W", 09/07/2025 10:30:00 AM,"(UTC-07:00) Arizona",,,3605464.6666666665,3546680.2,3654240.8,
PNTM9M2jMkKm3GLHpLiq3J4gE,"","North Campus",6c2573ce-592a-4519-989c-2fd21d6918b7,"W", 09/07/2025 10:45:00 AM,"(UTC-07:00) Arizona",,,3829283.266666667,3663760.8,4087686.5,
PNTM9M2jMkKm3GLHpLiq3J4gE,"","North Campus",6c2573ce-592a-4519-989c-2fd21d6918b7,"W", 09/07/2025 11:00:00 AM,"(UTC-07:00) Arizona",,,3809950.6,3806754.2,3815135.8,
PNTM9M2jMkKm3GLHpLiq3J4gE,"","North Campus",6c2573ce-592a-4519-989c-2fd21d6918b7,"W", 09/07/2025 11:15:00 AM,"(UTC-07:00) Arizona",,,3846806.4,3822964,3873946,
PNTM9M2jMkKm3GLHpLiq3J4gE,"","North Campus",6c2573ce-592a-4519-989c-2fd21d6918b7,"W", 09/07/2025 11:30:00 AM,"(UTC-07:00) Arizona",,,4044316.733333333,3921059.2,4239266,
PNTM9M2jMkKm3GLHpLiq3J4gE,"","North Campus",6c2573ce-592a-4519-989c-2fd21d6918b7,"W", 09/07/2025 11:45:00 AM,"(UTC-07:00) Arizona",,,4136812.8666666667,3904350.8,4319594,
PNTM9M2jMkKm3GLHpLiq3J4gE,"","North Campus",6c2573ce-592a-4519-989c-2fd21d6918b7,"W", 09/07/2025 12:00:00 PM,"(UTC-07:00) Arizona",,,4201838.933333334,3945670.8,4352146,
PNTM9M2jMkKm3GLHpLiq3J4gE,"","North Campus",6c2573ce-592a-4519-989c-2fd21d6918b7,"W", 09/07/2025 12:15:00 PM,"(UTC-07:00) Arizona",,,4013825.3333333335,3983245.2,4040780,
PNTM9M2jMkKm3GLHpLiq3J4gE,"","North Campus",6c2573ce-592a-4519-989c-2fd21d6918b7,"W", 09/07/2025 12:30:00 PM,"(UTC-07:00) Arizona",,,4036834,4009797.5,4065393.5,
PNTM9M2jMkKm3GLHpLiq3J4gE,"","North Campus",6c2573ce-592a-4519-989c-2fd21d6918b7,"W", 09/07/2025 12:45:00 PM,"(UTC-07:00) Arizona",,,4088427.1,4056861.5,4126605.8,
PNTM9M2jMkKm3GLHpLiq3J4gE,"","North Campus",6c2573ce-592a-4519-989c-2fd21d6918b7,"W", 09/07/2025 01:00:00 PM,"(UTC-07:00) Arizona",,,4178996,4011793.5,4414844,
PNTM9M2jMkKm3GLHpLiq3J4gE,"","North Campus",6c2573ce-592a-4519-989c-2fd21d6918b7,"W", 09/07/2025 01:15:00 PM,"(UTC-07:00) Arizona",,,4102800.266666667,4020886.8,4158703.8,
PNTM9M2jMkKm3GLHpLiq3J4gE,"","North Campus",6c2573ce-592a-4519-989c-2fd21d6918b7,"W", 09/07/2025 01:30:00 PM,"(UTC-07:00) Arizona",,,4185752,4176716.5,4194787.5,
PNTM9M2jMkKm3GLHpLiq3J4gE,"","North Campus",6c2573ce-592a-4519-989c-2fd21d6918b7,"W", 09/07/2025 01:45:00 PM,"(UTC-07:00) Arizona",,,4133894.875,4109099.5,4162411.8,
PNTM9M2jMkKm3GLHpLiq3J4gE,"","North Campus",6c2573ce-592a-4519-989c-2fd21d6918b7,"W", 09/07/2025 02:00:00 PM,"(UTC-07:00) Arizona",,,4256440,4141633,4371247,
PNTM9M2jMkKm3GLHpLiq3J4gE,"","North Campus",6c2573ce-592a-4519-989c-2fd21d6918b7,"W", 09/07/2025 02:15:00 PM,"(UTC-07:00) Arizona",,,4218739.333333333,4140606.5,4260331,
PNTM9M2jMkKm3GLHpLiq3J4gE,"","North Campus",6c2573ce-592a-4519-989c-2fd21d6918b7,"W", 09/07/2025 02:30:00 PM,"(UTC-07:00) Arizona",,,4264249.233333333,4142559,4481455.5,
PNTM9M2jMkKm3GLHpLiq3J4gE,"","North Campus",6c2573ce-592a-4519-989c-2fd21d6918b7,"W", 09/07/2025 02:45:00 PM,"(UTC-07:00) Arizona",,,4228288.75,4215075,4241502.5,
PNTM9M2jMkKm3GLHpLiq3J4gE,"","North Campus",6c2573ce-592a-4519-989c-2fd21d6918b7,"W", 09/07/2025 03:00:00 PM,"(UTC-07:00) Arizona",,,4197022.25,4167024.5,4227020,
PNTM9M2jMkKm3GLHpLiq3J4gE,"","North Campus",6c2573ce-592a-4519-989c-2fd21d6918b7,"W", 09/07/2025 03:15:00 PM,"(UTC-07:00) Arizona",,,4216274.5,4202431,4236660.5,
PNTM9M2jMkKm3GLHpLiq3J4gE,"","North Campus",6c2573ce-592a-4519-989c-2fd21d6918b7,"W", 09/07/2025 03:30:00 PM,"(UTC-07:00) Arizona",,,4273070.5,4242438.5,4303702.5,
PNTM9M2jMkKm3GLHpLiq3J4gE,"","North Campus",6c2573ce-592a-4519-989c-2fd21d6918b7,"W", 09/07/2025 03:45:00 PM,"(UTC-07:00) Arizona",,,4341304,4278734,4423714,
PNTM9M2jMkKm3GLHpLiq3J4gE,"","North Campus",6c2573ce-592a-4519-989c-2fd21d6918b7,"W", 09/07/2025 04:00:00 PM,"(UTC-07:00) Arizona",,,4371986.5,4364210.5,4379762.5,
PNTM9M2jMkKm3GLHpLiq3J4gE,"","North Campus",6c2573ce-592a-4519-989c-2fd21d6918b7,"W", 09/07/2025 04:15:00 PM,"(UTC-07:00) Arizona",,,4434550.75,4417080.5,4452021,
PNTM9M2jMkKm3GLHpLiq3J4gE,"","North Campus",6c2573ce-592a-4519-989c-2fd21d6918b7,"W", 09/07/2025 04:30:00 PM,"(UTC-07:00) Arizona",,,4426359.833333333,4395647,4446954,
PNTM9M2jMkKm3GLHpLiq3J4gE,"","North Campus",6c2573ce-592a-4519-989c-2fd21d6918b7,"W", 09/07/2025 04:45:00 PM,"(UTC-07:00) Arizona",,,4468679.666666667,4448104.5,4483334.5,
PNTM9M2jMkKm3GLHpLiq3J4gE,"","North Campus",6c2573ce-592a-4519-989c-2fd21d6918b7,"W", 09/07/2025 05:00:00 PM,"(UTC-07:00) Arizona",,,4508770.5,4503025,4519370,
PNTM9M2jMkKm3GLHpLiq3J4gE,"","North Campus",6c2573ce-592a-4519-989c-2fd21d6918b7,"W", 09/07/2025 05:15:00 PM,"(UTC-07:00) Arizona",,,4531647.75,4496669.5,4566626,
PNTM9M2jMkKm3GLHpLiq3J4gE,"","North Campus",6c2573ce-592a-4519-989c-2fd21d6918b7,"W", 09/07/2025 05:30:00 PM,"(UTC-07:00) Arizona",,,4599617.75,4585812.5,4613423,
PNTM9M2jMkKm3GLHpLiq3J4gE,"","North Campus",6c2573ce-592a-4519-989c-2fd21d6918b7,"W", 09/07/2025 05:45:00 PM,"(UTC-07:00) Arizona",,,4602191.75,4535867.5,4668516,
PNTM9M2jMkKm3GLHpLiq3J4gE,"","North Campus",6c2573ce-592a-4519-989c-2fd21d6918b7,"W", 09/07/2025 06:00:00 PM,"(UTC-07:00) Arizona",,,4544835.666666667,4521560.5,4561329.5,
PNTM9M2jMkKm3GLHpLiq3J4gE,"","North Campus",6c2573ce-592a-4519-989c-2fd21d6918b7,"W", 09/07/2025 06:15:00 PM,"(UTC-07:00) Arizona",,,4516673.666666667,4503274.5,4538214,
PNTM9M2jMkKm3GLHpLiq3J4gE,"","North Campus",6c2573ce-592a-4519-989c-2fd21d6918b7,"W", 09/07/2025 06:30:00 PM,"(UTC-07:00) Arizona",,,4622512.5,4603739.5,4641285.5,
PNTM9M2jMkKm3GLHpLiq3J4gE,"","North Campus",6c2573ce-592a-4519-989c-2fd21d6918b7,"W", 09/07/2025 06:45:00 PM,"(UTC-07:00) Arizona",,,4608089.833333333,4567815,4678886,
PNTM9M2jMkKm3GLHpLiq3J4gE,"","North Campus",6c2573ce-592a-4519-989c-2fd21d6918b7,"W", 09/07/2025 07:00:00 PM,"(UTC-07:00) Arizona",,,4584432.833333333,4564356,4599335.5,
PNTM9M2jMkKm3GLHpLiq3J4gE,"","North Campus",6c2573ce-592a-4519-989c-2fd21d6918b7,"W", 09/07/2025 07:15:00 PM,"(UTC-07:00) Arizona",,,4588532.166666667,4582581.5,4594364,
PNTM9M2jMkKm3GLHpLiq3J4gE,"","North Campus",6c2573ce-592a-4519-989c-2fd21d6918b7,"W", 09/07/2025 07:30:00 PM,"(UTC-07:00) Arizona",,,4545340.166666667,4490677.5,4593385,
PNTM9M2jMkKm3GLHpLiq3J4gE,"","North Campus",6c2573ce-592a-4519-989c-2fd21d6918b7,"W", 09/07/2025 07:45:00 PM,"(UTC-07:00) Arizona",,,4452004.25,4442039,4461969.5,
PNTM9M2jMkKm3GLHpLiq3J4gE,"","North Campus",6c2573ce-592a-4519-989c-2fd21d6918b7,"W", 09/07/2025 08:00:00 PM,"(UTC-07:00) Arizona",,,4469038.166666667,4447125,4502092,
PNTM9M2jMkKm3GLHpLiq3J4gE,"","North Campus",6c2573ce-592a-4519-989c-2fd21d6918b7,"W", 09/07/2025 08:15:00 PM,"(UTC-07:00) Arizona",,,4432864,4408082,4457646,
PNTM9M2jMkKm3GLHpLiq3J4gE,"","North Campus",6c2573ce-592a-4519-989c-2fd21d6918b7,"W", 09/07/2025 08:30:00 PM,"(UTC-07:00) Arizona",,,4287818.875,4217881.5,4350226,
PNTM9M2jMkKm3GLHpLiq3J4gE,"","North Campus",6c2573ce-592a-4519-989c-2fd21d6918b7,"W", 09/07/2025 08:45:00 PM,"(UTC-07:00) Arizona",,,4270875,4270875,4270875,
PNTM9M2jMkKm3GLHpLiq3J4gE,"","North Campus",6c2573ce-592a-4519-989c-2fd21d6918b7,"W", 09/07/2025 09:00:00 PM,"(UTC-07:00) Arizona",,,4222985.05,4190662.2,4252512,
PNTM9M2jMkKm3GLHpLiq3J4gE,"","North Campus",6c2573ce-592a-4519-989c-2fd21d6918b7,"W", 09/07/2025 09:15:00 PM,"(UTC-07:00) Arizona",,,4146080.6333333333,4142019.2,4149569.5,
PNTM9M2jMkKm3GLHpLiq3J4gE,"","North Campus",6c2573ce-592a-4519-989c-2fd21d6918b7,"W", 09/07/2025 09:30:00 PM,"(UTC-07:00) Arizona",,,4116880.4,4107250,4126510.8,
PNTM9M2jMkKm3GLHpLiq3J4gE,"","North Campus",6c2573ce-592a-4519-989c-2fd21d6918b7,"W", 09/07/2025 09:45:00 PM,"(UTC-07:00) Arizona",,,4071048.275,4046673.8,4081978.5,
PNTM9M2jMkKm3GLHpLiq3J4gE,"","North Campus",6c2573ce-592a-4519-989c-2fd21d6918b7,"W", 09/07/2025 10:00:00 PM,"(UTC-07:00) Arizona",,,4052781.5,4037907.2,4067655.8,
PNTM9M2jMkKm3GLHpLiq3J4gE,"","North Campus",6c2573ce-592a-4519-989c-2fd21d6918b7,"W", 09/07/2025 10:15:00 PM,"(UTC-07:00) Arizona",,,4017981.3000000003,3987519.5,4070351.2,
PNTM9M2jMkKm3GLHpLiq3J4gE,"","North Campus",6c2573ce-592a-4519-989c-2fd21d6918b7,"W", 09/07/2025 10:30:00 PM,"(UTC-07:00) Arizona",,,3974596.9,3963142.8,3986051,
PNTM9M2jMkKm3GLHpLiq3J4gE,"","North Campus",6c2573ce-592a-4519-989c-2fd21d6918b7,"W", 09/07/2025 10:45:00 PM,"(UTC-07:00) Arizona",,,3894601.4749999996,3859122.2,3958685.5,
PNTM9M2jMkKm3GLHpLiq3J4gE,"","North Campus",6c2573ce-592a-4519-989c-2fd21d6918b7,"W", 09/07/2025 11:00:00 PM,"(UTC-07:00) Arizona",,,3859977.033333333,3839432.8,3878652.8,
PNTM9M2jMkKm3GLHpLiq3J4gE,"","North Campus",6c2573ce-592a-4519-989c-2fd21d6918b7,"W", 09/07/2025 11:15:00 PM,"(UTC-07:00) Arizona",,,3784028.85,3774138.5,3793919.2,
PNTM9M2jMkKm3GLHpLiq3J4gE,"","North Campus",6c2573ce-592a-4519-989c-2fd21d6918b7,"W", 09/07/2025 11:30:00 PM,"(UTC-07:00) Arizona",,,3777687.875,3756786.8,3805695,
PNTM9M2jMkKm3GLHpLiq3J4gE,"","North Campus",6c2573ce-592a-4519-989c-2fd21d6918b7,"W", 09/07/2025 11:45:00 PM,"(UTC-07:00) Arizona",,,3729076.3,3700392.8,3757759.8,
