ExternalPointID,Tags,Parent Equipment Name,Site Name,FrequencyUnit,Time,Timezone,OnCount,OffCount,Average,Minimum,Maximum,Sum,State
PNTM9M2jMkKm3GLHpLiq3J4gE,"","North Campus",6c2573ce-592a-4519-989c-2fd21d6918b7,"W", 09/15/2025 12:00:00 AM,"(UTC-07:00) Arizona",,,3528456.5,3510005.5,3546357.8,
PNTM9M2jMkKm3GLHpLiq3J4gE,"","North Campus",6c2573ce-592a-4519-989c-2fd21d6918b7,"W", 09/15/2025 12:15:00 AM,"(UTC-07:00) Arizona",,,3473503.9,3471181.8,3475826,
PNTM9M2jMkKm3GLHpLiq3J4gE,"","North Campus",6c2573ce-592a-4519-989c-2fd21d6918b7,"W", 09/15/2025 12:30:00 AM,"(UTC-07:00) Arizona",,,3488863.6499999994,3465830.8,3509885.2,
PNTM9M2jMkKm3GLHpLiq3J4gE,"","North Campus",6c2573ce-592a-4519-989c-2fd21d6918b7,"W", 09/15/2025 12:45:00 AM,"(UTC-07:00) Arizona",,,3478219.1666666665,3425744.5,3550240.8,
PNTM9M2jMkKm3GLHpLiq3J4gE,"","North Campus",6c2573ce-592a-4519-989c-2fd21d6918b7,"W", 09/15/2025 01:00:00 AM,"(UTC-07:00) Arizona",,,3443140.6,3414425.2,3478909.8,
PNTM9M2jMkKm3GLHpLiq3J4gE,"","North Campus",6c2573ce-592a-4519-989c-2fd21d6918b7,"W", 09/15/2025 01:15:00 AM,"(UTC-07:00) Arizona",,,3303736.5,3303736.5,3303736.5,
PNTM9M2jMkKm3GLHpLiq3J4gE,"","North Campus",6c2573ce-592a-4519-989c-2fd21d6918b7,"W", 09/15/2025 01:30:00 AM,"(UTC-07:00) Arizona",,,3341014.1666666665,3325220.2,3353396.8,
PNTM9M2jMkKm3GLHpLiq3J4gE,"","North Campus",6c2573ce-592a-4519-989c-2fd21d6918b7,"W", 09/15/2025 01:45:00 AM,"(UTC-07:00) Arizona",,,3296147.966666667,3267282.5,3318635.2,
PNTM9M2jMkKm3GLHpLiq3J4gE,"","North Campus",6c2573ce-592a-4519-989c-2fd21d6918b7,"W", 09/15/2025 02:00:00 AM,"(UTC-07:00) Arizona",,,3258232.6666666665,3247242.8,3269639.2,
PNTM9M2jMkKm3GLHpLiq3J4gE,"","North Campus",6c2573ce-592a-4519-989c-2fd21d6918b7,"W", 09/15/2025 02:15:00 AM,"(UTC-07:00) Arizona",,,3256887.1,3253303,3260471.2,
PNTM9M2jMkKm3GLHpLiq3J4gE,"","North Campus",6c2573ce-592a-4519-989c-2fd21d6918b7,"W", 09/15/2025 02:30:00 AM,"(UTC-07:00) Arizona",,,3279734.475,3241805,3322903.2,
PNTM9M2jMkKm3GLHpLiq3J4gE,"","North Campus",6c2573ce-592a-4519-989c-2fd21d6918b7,"W", 09/15/2025 02:45:00 AM,"(UTC-07:00) Arizona",,,3261079.6999999997,3254564.5,3266645.8,
PNTM9M2jMkKm3GLHpLiq3J4gE,"","North Campus",6c2573ce-592a-4519-989c-2fd21d6918b7,"W", 09/15/2025 03:00:00 AM,"(UTC-07:00) Arizona",,,3258063.9333333336,3243387,3284293.8,
PNTM9M2jMkKm3GLHpLiq3J4gE,"","North Campus",6c2573ce-592a-4519-989c-2fd21d6918b7,"W", 09/15/2025 03:15:00 AM,"(UTC-07:00) Arizona",,,3240679.75,3228982.5,3252377,
PNTM9M2jMkKm3GLHpLiq3J4gE,"","North Campus",6c2573ce-592a-4519-989c-2fd21d6918b7,"W", 09/15/2025 03:30:00 AM,"(UTC-07:00) Arizona",,,3313490.1333333333,3260955,3356554.2,
PNTM9M2jMkKm3GLHpLiq3J4gE,"","North Campus",6c2573ce-592a-4519-989c-2fd21d6918b7,"W", 09/15/2025 03:45:00 AM,"(UTC-07:00) Arizona",,,3370709.6,3302780.2,3416892.2,
PNTM9M2jMkKm3GLHpLiq3J4gE,"","North Campus",6c2573ce-592a-4519-989c-2fd21d6918b7,"W", 09/15/2025 04:00:00 AM,"(UTC-07:00) Arizona",,,3465906.85,3461344.5,3470469.2,
PNTM9M2jMkKm3GLHpLiq3J4gE,"","North Campus",6c2573ce-592a-4519-989c-2fd21d6918b7,"W", 09/15/2025 04:15:00 AM,"(UTC-07:00) Arizona",,,3462903,3448845,3475414.5,
PNTM9M2jMkKm3GLHpLiq3J4gE,"","North Campus",6c2573ce-592a-4519-989c-2fd21d6918b7,"W", 09/15/2025 04:30:00 AM,"(UTC-07:00) Arizona",,,3476111.9,3469196,3483027.8,
PNTM9M2jMkKm3GLHpLiq3J4gE,"","North Campus",6c2573ce-592a-4519-989c-2fd21d6918b7,"W", 09/15/2025 04:45:00 AM,"(UTC-07:00) Arizona",,,3510695.6,3496118.2,3525344.8,
PNTM9M2jMkKm3GLHpLiq3J4gE,"","North Campus",6c2573ce-592a-4519-989c-2fd21d6918b7,"W", 09/15/2025 05:00:00 AM,"(UTC-07:00) Arizona",,,3553207.1666666665,3531263.8,3567112.2,
PNTM9M2jMkKm3GLHpLiq3J4gE,"","North Campus",6c2573ce-592a-4519-989c-2fd21d6918b7,"W", 09/15/2025 05:15:00 AM,"(UTC-07:00) Arizona",,,3518357.5,3490466.8,3546248.2,
PNTM9M2jMkKm3GLHpLiq3J4gE,"","North Campus",6c2573ce-592a-4519-989c-2fd21d6918b7,"W", 09/15/2025 05:30:00 AM,"(UTC-07:00) Arizona",,,3552189.25,3526725.5,3577653,
PNTM9M2jMkKm3GLHpLiq3J4gE,"","North Campus",6c2573ce-592a-4519-989c-2fd21d6918b7,"W", 09/15/2025 05:45:00 AM,"(UTC-07:00) Arizona",,,3632855.233333333,3542012,3690168.2,
PNTM9M2jMkKm3GLHpLiq3J4gE,"","North Campus",6c2573ce-592a-4519-989c-2fd21d6918b7,"W", 09/15/2025 06:00:00 AM,"(UTC-07:00) Arizona",,,3653799,3630052.5,3680976,
PNTM9M2jMkKm3GLHpLiq3J4gE,"","North Campus",6c2573ce-592a-4519-989c-2fd21d6918b7,"W", 09/15/2025 06:15:00 AM,"(UTC-07:00) Arizona",,,3689251.25,3682710.5,3695792,
PNTM9M2jMkKm3GLHpLiq3J4gE,"","North Campus",6c2573ce-592a-4519-989c-2fd21d6918b7,"W", 09/15/2025 06:30:00 AM,"(UTC-07:00) Arizona",,,3693057.033333333,3663780.8,3719185.8,
PNTM9M2jMkKm3GLHpLiq3J4gE,"","North Campus",6c2573ce-592a-4519-989c-2fd21d6918b7,"W", 09/15/2025 06:45:00 AM,"(UTC-07:00) Arizona",,,3727279.7,3625365.8,3815895.2,
PNTM9M2jMkKm3GLHpLiq3J4gE,"","North Campus",6c2573ce-592a-4519-989c-2fd21d6918b7,"W", 09/15/2025 07:00:00 AM,"(UTC-07:00) Arizona",,,3859554.85,3830928.2,3888181.5,
PNTM9M2jMkKm3GLHpLiq3J4gE,"","North Campus",6c2573ce-592a-4519-989c-2fd21d6918b7,"W", 09/15/2025 07:15:00 AM,"(UTC-07:00) Arizona",,,3881702.6333333333,3864415.2,3899310.5,
PNTM9M2jMkKm3GLHpLiq3J4gE,"","North Campus",6c2573ce-592a-4519-989c-2fd21d6918b7,"W", 09/15/2025 07:30:00 AM,"(UTC-07:00) Arizona",,,3978837.3333333335,3927605.2,4022739,
PNTM9M2jMkKm3GLHpLiq3J4gE,"","North Campus",6c2573ce-592a-4519-989c-2fd21d6918b7,"W", 09/15/2025 07:45:00 AM,"(UTC-07:00) Arizona",,,4142378.9333333336,4010894.8,4259089,
PNTM9M2jMkKm3GLHpLiq3J4gE,"","North Campus",6c2573ce-592a-4519-989c-2fd21d6918b7,"W", 09/15/2025 08:00:00 AM,"(UTC-07:00) Arizona",,,4277050.833333333,4218123.5,4314572,
PNTM9M2jMkKm3GLHpLiq3J4gE,"","North Campus",6c2573ce-592a-4519-989c-2fd21d6918b7,"W", 09/15/2025 08:15:00 AM,"(UTC-07:00) Arizona",,,4413512.5,4344885.5,4478410.5,
PNTM9M2jMkKm3GLHpLiq3J4gE,"","North Campus",6c2573ce-592a-4519-989c-2fd21d6918b7,"W", 09/15/2025 08:30:00 AM,"(UTC-07:00) Arizona",,,4605340.5,4587861.5,4635483.5,
PNTM9M2jMkKm3GLHpLiq3J4gE,"","North Campus",6c2573ce-592a-4519-989c-2fd21d6918b7,"W", 09/15/2025 08:45:00 AM,"(UTC-07:00) Arizona",,,4602350.25,4595566.5,4609134,
PNTM9M2jMkKm3GLHpLiq3J4gE,"","North Campus",6c2573ce-592a-4519-989c-2fd21d6918b7,"W", 09/15/2025 09:00:00 AM,"(UTC-07:00) Arizona",,,4604502.166666667,4570919.5,4652220.5,
PNTM9M2jMkKm3GLHpLiq3J4gE,"","North Campus",6c2573ce-592a-4519-989c-2fd21d6918b7,"W", 09/15/2025 09:15:00 AM,"(UTC-07:00) Arizona",,,4761924.25,4757441.5,4766407,
PNTM9M2jMkKm3GLHpLiq3J4gE,"","North Campus",6c2573ce-592a-4519-989c-2fd21d6918b7,"W", 09/15/2025 09:30:00 AM,"(UTC-07:00) Arizona",,,4706156.5,4638667.5,4763255.5,
PNTM9M2jMkKm3GLHpLiq3J4gE,"","North Campus",6c2573ce-592a-4519-989c-2fd21d6918b7,"W", 09/15/2025 09:45:00 AM,"(UTC-07:00) Arizona",,,4654120.5,4654120.5,4654120.5,
PNTM9M2jMkKm3GLHpLiq3J4gE,"","North Campus",6c2573ce-592a-4519-989c-2fd21d6918b7,"W", 09/15/2025 10:00:00 AM,"(UTC-07:00) Arizona",,,4739305.125,4654931,4822021,
PNTM9M2jMkKm3GLHpLiq3J4gE,"","North Campus",6c2573ce-592a-4519-989c-2fd21d6918b7,"W", 09/15/2025 10:15:00 AM,"(UTC-07:00) Arizona",,,4887301,4811348,5002595,
PNTM9M2jMkKm3GLHpLiq3J4gE,"","North Campus",6c2573ce-592a-4519-989c-2fd21d6918b7,"W", 09/15/2025 10:30:00 AM,"(UTC-07:00) Arizona",,,4860177.666666667,4846256.5,4877203.5,
PNTM9M2jMkKm3GLHpLiq3J4gE,"","North Campus",6c2573ce-592a-4519-989c-2fd21d6918b7,"W", 09/15/2025 11:30:00 AM,"(UTC-07:00) Arizona",,,4943290.5,4932667.5,4953913.5,
PNTM9M2jMkKm3GLHpLiq3J4gE,"","North Campus",6c2573ce-592a-4519-989c-2fd21d6918b7,"W", 09/15/2025 11:45:00 AM,"(UTC-07:00) Arizona",,,4917616.75,4912535,4922698.5,
PNTM9M2jMkKm3GLHpLiq3J4gE,"","North Campus",6c2573ce-592a-4519-989c-2fd21d6918b7,"W", 09/15/2025 12:00:00 PM,"(UTC-07:00) Arizona",,,4955490.375,4921226.5,4974713,
PNTM9M2jMkKm3GLHpLiq3J4gE,"","North Campus",6c2573ce-592a-4519-989c-2fd21d6918b7,"W", 09/15/2025 12:15:00 PM,"(UTC-07:00) Arizona",,,4978141,4978141,4978141,
PNTM9M2jMkKm3GLHpLiq3J4gE,"","North Campus",6c2573ce-592a-4519-989c-2fd21d6918b7,"W", 09/15/2025 12:30:00 PM,"(UTC-07:00) Arizona",,,4953541,4883216.5,5023865.5,
PNTM9M2jMkKm3GLHpLiq3J4gE,"","North Campus",6c2573ce-592a-4519-989c-2fd21d6918b7,"W", 09/15/2025 12:45:00 PM,"(UTC-07:00) Arizona",,,4887071.75,4868403,4905740.5,
PNTM9M2jMkKm3GLHpLiq3J4gE,"","North Campus",6c2573ce-592a-4519-989c-2fd21d6918b7,"W", 09/15/2025 01:00:00 PM,"(UTC-07:00) Arizona",,,4856177.25,4803787.5,4908567,
PNTM9M2jMkKm3GLHpLiq3J4gE,"","North Campus",6c2573ce-592a-4519-989c-2fd21d6918b7,"W", 09/15/2025 01:15:00 PM,"(UTC-07:00) Arizona",,,4909028,4909028,4909028,
PNTM9M2jMkKm3GLHpLiq3J4gE,"","North Campus",6c2573ce-592a-4519-989c-2fd21d6918b7,"W", 09/15/2025 01:30:00 PM,"(UTC-07:00) Arizona",,,4917075.833333333,4875255,4981907.5,
PNTM9M2jMkKm3GLHpLiq3J4gE,"","North Campus",6c2573ce-592a-4519-989c-2fd21d6918b7,"W", 09/15/2025 01:45:00 PM,"(UTC-07:00) Arizona",,,4957520.75,4932536,4982505.5,
PNTM9M2jMkKm3GLHpLiq3J4gE,"","North Campus",6c2573ce-592a-4519-989c-2fd21d6918b7,"W", 09/15/2025 02:00:00 PM,"(UTC-07:00) Arizona",,,5003043.333333333,4954105,5043978,
PNTM9M2jMkKm3GLHpLiq3J4gE,"","North Campus",6c2573ce-592a-4519-989c-2fd21d6918b7,"W", 09/15/2025 02:15:00 PM,"(UTC-07:00) Arizona",,,5072573.5,5072573.5,5072573.5,
PNTM9M2jMkKm3GLHpLiq3J4gE,"","North Campus",6c2573ce-592a-4519-989c-2fd21d6918b7,"W", 09/15/2025 02:30:00 PM,"(UTC-07:00) Arizona",,,5083162.25,4960105.5,5206219,
PNTM9M2jMkKm3GLHpLiq3J4gE,"","North Campus",6c2573ce-592a-4519-989c-2fd21d6918b7,"W", 09/15/2025 02:45:00 PM,"(UTC-07:00) Arizona",,,4983942,4983942,4983942,
PNTM9M2jMkKm3GLHpLiq3J4gE,"","North Campus",6c2573ce-592a-4519-989c-2fd21d6918b7,"W", 09/15/2025 03:00:00 PM,"(UTC-07:00) Arizona",,,5155714.75,5069058,5242371.5,
PNTM9M2jMkKm3GLHpLiq3J4gE,"","North Campus",6c2573ce-592a-4519-989c-2fd21d6918b7,"W", 09/15/2025 03:15:00 PM,"(UTC-07:00) Arizona",,,4976662.25,4950818.5,5002506,
PNTM9M2jMkKm3GLHpLiq3J4gE,"","North Campus",6c2573ce-592a-4519-989c-2fd21d6918b7,"W", 09/15/2025 03:30:00 PM,"(UTC-07:00) Arizona",,,5109078,5058334.5,5146367.5,
PNTM9M2jMkKm3GLHpLiq3J4gE,"","North Campus",6c2573ce-592a-4519-989c-2fd21d6918b7,"W", 09/15/2025 03:45:00 PM,"(UTC-07:00) Arizona",,,5181404.25,5136672.5,5226136,
PNTM9M2jMkKm3GLHpLiq3J4gE,"","North Campus",6c2573ce-592a-4519-989c-2fd21d6918b7,"W", 09/15/2025 04:00:00 PM,"(UTC-07:00) Arizona",,,5128170.333333333,5067927,5191033,
PNTM9M2jMkKm3GLHpLiq3J4gE,"","North Campus",6c2573ce-592a-4519-989c-2fd21d6918b7,"W", 09/15/2025 04:15:00 PM,"(UTC-07:00) Arizona",,,5193128.666666667,5140412,5265774.5,
PNTM9M2jMkKm3GLHpLiq3J4gE,"","North Campus",6c2573ce-592a-4519-989c-2fd21d6918b7,"W", 09/15/2025 04:30:00 PM,"(UTC-07:00) Arizona",,,5095293,5094271,5096315,
PNTM9M2jMkKm3GLHpLiq3J4gE,"","North Campus",6c2573ce-592a-4519-989c-2fd21d6918b7,"W", 09/15/2025 04:45:00 PM,"(UTC-07:00) Arizona",,,5215856,5206760.5,5224951.5,
PNTM9M2jMkKm3GLHpLiq3J4gE,"","North Campus",6c2573ce-592a-4519-989c-2fd21d6918b7,"W", 09/15/2025 05:00:00 PM,"(UTC-07:00) Arizona",,,5129805,5129805,5129805,
PNTM9M2jMkKm3GLHpLiq3J4gE,"","North Campus",6c2573ce-592a-4519-989c-2fd21d6918b7,"W", 09/15/2025 05:15:00 PM,"(UTC-07:00) Arizona",,,5098568,5061784,5168325.5,
PNTM9M2jMkKm3GLHpLiq3J4gE,"","North Campus",6c2573ce-592a-4519-989c-2fd21d6918b7,"W", 09/15/2025 05:30:00 PM,"(UTC-07:00) Arizona",,,5103938.75,5055414,5152463.5,
PNTM9M2jMkKm3GLHpLiq3J4gE,"","North Campus",6c2573ce-592a-4519-989c-2fd21d6918b7,"W", 09/15/2025 05:45:00 PM,"(UTC-07:00) Arizona",,,4993371,4950537,5036205,
PNTM9M2jMkKm3GLHpLiq3J4gE,"","North Campus",6c2573ce-592a-4519-989c-2fd21d6918b7,"W", 09/15/2025 06:00:00 PM,"(UTC-07:00) Arizona",,,4917854.25,4883310,4952398.5,
PNTM9M2jMkKm3GLHpLiq3J4gE,"","North Campus",6c2573ce-592a-4519-989c-2fd21d6918b7,"W", 09/15/2025 06:15:00 PM,"(UTC-07:00) Arizona",,,4870727.5,4838742.5,4902712.5,
PNTM9M2jMkKm3GLHpLiq3J4gE,"","North Campus",6c2573ce-592a-4519-989c-2fd21d6918b7,"W", 09/15/2025 06:30:00 PM,"(UTC-07:00) Arizona",,,4896805,4893930.5,4899679.5,
PNTM9M2jMkKm3GLHpLiq3J4gE,"","North Campus",6c2573ce-592a-4519-989c-2fd21d6918b7,"W", 09/15/2025 06:45:00 PM,"(UTC-07:00) Arizona",,,4903118.166666667,4809637.5,4957873.5,
PNTM9M2jMkKm3GLHpLiq3J4gE,"","North Campus",6c2573ce-592a-4519-989c-2fd21d6918b7,"W", 09/15/2025 07:15:00 PM,"(UTC-07:00) Arizona",,,4738999.666666667,4625441.5,4806600.5,
PNTM9M2jMkKm3GLHpLiq3J4gE,"","North Campus",6c2573ce-592a-4519-989c-2fd21d6918b7,"W", 09/15/2025 07:30:00 PM,"(UTC-07:00) Arizona",,,4607272,4603692.5,4610851.5,
PNTM9M2jMkKm3GLHpLiq3J4gE,"","North Campus",6c2573ce-592a-4519-989c-2fd21d6918b7,"W", 09/15/2025 07:45:00 PM,"(UTC-07:00) Arizona",,,4500382.666666667,4461485,4554384,
PNTM9M2jMkKm3GLHpLiq3J4gE,"","North Campus",6c2573ce-592a-4519-989c-2fd21d6918b7,"W", 09/15/2025 08:00:00 PM,"(UTC-07:00) Arizona",,,4526808.25,4464910.5,4588706,
PNTM9M2jMkKm3GLHpLiq3J4gE,"","North Campus",6c2573ce-592a-4519-989c-2fd21d6918b7,"W", 09/15/2025 08:15:00 PM,"(UTC-07:00) Arizona",,,4434978.5,4428986,4440971,
PNTM9M2jMkKm3GLHpLiq3J4gE,"","North Campus",6c2573ce-592a-4519-989c-2fd21d6918b7,"W", 09/15/2025 08:30:00 PM,"(UTC-07:00) Arizona",,,4361942.75,4356245,4367640.5,
PNTM9M2jMkKm3GLHpLiq3J4gE,"","North Campus",6c2573ce-592a-4519-989c-2fd21d6918b7,"W", 09/15/2025 08:45:00 PM,"(UTC-07:00) Arizona",,,4340269.5,4340269.5,4340269.5,
PNTM9M2jMkKm3GLHpLiq3J4gE,"","North Campus",6c2573ce-592a-4519-989c-2fd21d6918b7,"W", 09/15/2025 09:00:00 PM,"(UTC-07:00) Arizona",,,4279303.333333333,4259183,4294729,
PNTM9M2jMkKm3GLHpLiq3J4gE,"","North Campus",6c2573ce-592a-4519-989c-2fd21d6918b7,"W", 09/15/2025 09:15:00 PM,"(UTC-07:00) Arizona",,,4240865.15,4191959.8,4289770.5,
PNTM9M2jMkKm3GLHpLiq3J4gE,"","North Campus",6c2573ce-592a-4519-989c-2fd21d6918b7,"W", 09/15/2025 09:30:00 PM,"(UTC-07:00) Arizona",,,4188988,4139489,4238487,
PNTM9M2jMkKm3GLHpLiq3J4gE,"","North Campus",6c2573ce-592a-4519-989c-2fd21d6918b7,"W", 09/15/2025 09:45:00 PM,"(UTC-07:00) Arizona",,,4126258.5,4126258.5,4126258.5,
PNTM9M2jMkKm3GLHpLiq3J4gE,"","North Campus",6c2573ce-592a-4519-989c-2fd21d6918b7,"W", 09/15/2025 10:00:00 PM,"(UTC-07:00) Arizona",,,4028170.4,4001322.8,4055018,
PNTM9M2jMkKm3GLHpLiq3J4gE,"","North Campus",6c2573ce-592a-4519-989c-2fd21d6918b7,"W", 09/15/2025 10:15:00 PM,"(UTC-07:00) Arizona",,,3981514.4,3875584.8,4087444,
PNTM9M2jMkKm3GLHpLiq3J4gE,"","North Campus",6c2573ce-592a-4519-989c-2fd21d6918b7,"W", 09/15/2025 10:30:00 PM,"(UTC-07:00) Arizona",,,3901379.5,3885421,3917338,
PNTM9M2jMkKm3GLHpLiq3J4gE,"","North Campus",6c2573ce-592a-4519-989c-2fd21d6918b7,"W", 09/15/2025 10:45:00 PM,"(UTC-07:00) Arizona",,,3826253.5,3758989.8,3893517.2,
PNTM9M2jMkKm3GLHpLiq3J4gE,"","North Campus",6c2573ce-592a-4519-989c-2fd21d6918b7,"W", 09/15/2025 11:00:00 PM,"(UTC-07:00) Arizona",,,3743384.1,3686026,3820739.5,
PNTM9M2jMkKm3GLHpLiq3J4gE,"","North Campus",6c2573ce-592a-4519-989c-2fd21d6918b7,"W", 09/15/2025 11:15:00 PM,"(UTC-07:00) Arizona",,,3706303.9,3694365.8,3718242,
PNTM9M2jMkKm3GLHpLiq3J4gE,"","North Campus",6c2573ce-592a-4519-989c-2fd21d6918b7,"W", 09/15/2025 11:30:00 PM,"(UTC-07:00) Arizona",,,3662691.9,3659214.8,3666169,
PNTM9M2jMkKm3GLHpLiq3J4gE,"","North Campus",6c2573ce-592a-4519-989c-2fd21d6918b7,"W", 09/15/2025 11:45:00 PM,"(UTC-07:00) Arizona",,,3618452.5,3566689,3670216,
PNTM9M2jMkKm3GLHpLiq3J4gE,"","North Campus",6c2573ce-592a-4519-989c-2fd21d6918b7,"W", 09/16/2025 12:00:00 AM,"(UTC-07:00) Arizona",,,3539443.25,3521377,3557509.5,
PNTM9M2jMkKm3GLHpLiq3J4gE,"","North Campus",6c2573ce-592a-4519-989c-2fd21d6918b7,"W", 09/16/2025 12:15:00 AM,"(UTC-07:00) Arizona",,,3532916.766666667,3506757,3583386.5,
PNTM9M2jMkKm3GLHpLiq3J4gE,"","North Campus",6c2573ce-592a-4519-989c-2fd21d6918b7,"W", 09/16/2025 12:30:00 AM,"(UTC-07:00) Arizona",,,3500486.15,3477742.8,3523229.5,
PNTM9M2jMkKm3GLHpLiq3J4gE,"","North Campus",6c2573ce-592a-4519-989c-2fd21d6918b7,"W", 09/16/2025 12:45:00 AM,"(UTC-07:00) Arizona",,,3490288.5,3470329,3510248,
PNTM9M2jMkKm3GLHpLiq3J4gE,"","North Campus",6c2573ce-592a-4519-989c-2fd21d6918b7,"W", 09/16/2025 01:00:00 AM,"(UTC-07:00) Arizona",,,3490879.5666666664,3473577.5,3520776,
PNTM9M2jMkKm3GLHpLiq3J4gE,"","North Campus",6c2573ce-592a-4519-989c-2fd21d6918b7,"W", 09/16/2025 01:15:00 AM,"(UTC-07:00) Arizona",,,3359110.5,3359110.5,3359110.5,
PNTM9M2jMkKm3GLHpLiq3J4gE,"","North Campus",6c2573ce-592a-4519-989c-2fd21d6918b7,"W", 09/16/2025 01:30:00 AM,"(UTC-07:00) Arizona",,,3346409.85,3321745.2,3371074.5,
PNTM9M2jMkKm3GLHpLiq3J4gE,"","North Campus",6c2573ce-592a-4519-989c-2fd21d6918b7,"W", 09/16/2025 01:45:00 AM,"(UTC-07:00) Arizona",,,3304093.8333333335,3273134.2,3338194.5,
PNTM9M2jMkKm3GLHpLiq3J4gE,"","North Campus",6c2573ce-592a-4519-989c-2fd21d6918b7,"W", 09/16/2025 02:00:00 AM,"(UTC-07:00) Arizona",,,3339655.2,3339655.2,3339655.2,
PNTM9M2jMkKm3GLHpLiq3J4gE,"","North Campus",6c2573ce-592a-4519-989c-2fd21d6918b7,"W", 09/16/2025 02:15:00 AM,"(UTC-07:00) Arizona",,,3317275.3,3308407.8,3326142.8,
PNTM9M2jMkKm3GLHpLiq3J4gE,"","North Campus",6c2573ce-592a-4519-989c-2fd21d6918b7,"W", 09/16/2025 02:30:00 AM,"(UTC-07:00) Arizona",,,3309568.15,3305769.5,3313366.8,
PNTM9M2jMkKm3GLHpLiq3J4gE,"","North Campus",6c2573ce-592a-4519-989c-2fd21d6918b7,"W", 09/16/2025 02:45:00 AM,"(UTC-07:00) Arizona",,,3281004.5,3258347.5,3303661.5,
PNTM9M2jMkKm3GLHpLiq3J4gE,"","North Campus",6c2573ce-592a-4519-989c-2fd21d6918b7,"W", 09/16/2025 03:00:00 AM,"(UTC-07:00) Arizona",,,3294309.8,3294309.8,3294309.8,
PNTM9M2jMkKm3GLHpLiq3J4gE,"","North Campus",6c2573ce-592a-4519-989c-2fd21d6918b7,"W", 09/16/2025 03:15:00 AM,"(UTC-07:00) Arizona",,,3328199.6,3322545.2,3333854,
PNTM9M2jMkKm3GLHpLiq3J4gE,"","North Campus",6c2573ce-592a-4519-989c-2fd21d6918b7,"W", 09/16/2025 03:30:00 AM,"(UTC-07:00) Arizona",,,3365022.6999999997,3322128.8,3395199.8,
PNTM9M2jMkKm3GLHpLiq3J4gE,"","North Campus",6c2573ce-592a-4519-989c-2fd21d6918b7,"W", 09/16/2025 03:45:00 AM,"(UTC-07:00) Arizona",,,3450688.2,3441800.2,3459576.2,
PNTM9M2jMkKm3GLHpLiq3J4gE,"","North Campus",6c2573ce-592a-4519-989c-2fd21d6918b7,"W", 09/16/2025 04:00:00 AM,"(UTC-07:00) Arizona",,,3437680.9,3435328.8,3440033,
PNTM9M2jMkKm3GLHpLiq3J4gE,"","North Campus",6c2573ce-592a-4519-989c-2fd21d6918b7,"W", 09/16/2025 04:15:00 AM,"(UTC-07:00) Arizona",,,3517925.5,3517925.5,3517925.5,
PNTM9M2jMkKm3GLHpLiq3J4gE,"","North Campus",6c2573ce-592a-4519-989c-2fd21d6918b7,"W", 09/16/2025 04:30:00 AM,"(UTC-07:00) Arizona",,,3472497,3458927.2,3486066.8,
PNTM9M2jMkKm3GLHpLiq3J4gE,"","North Campus",6c2573ce-592a-4519-989c-2fd21d6918b7,"W", 09/16/2025 04:45:00 AM,"(UTC-07:00) Arizona",,,3456073.5,3437885.2,3482774.8,
PNTM9M2jMkKm3GLHpLiq3J4gE,"","North Campus",6c2573ce-592a-4519-989c-2fd21d6918b7,"W", 09/16/2025 05:00:00 AM,"(UTC-07:00) Arizona",,,3511203.35,3498824.2,3523582.5,
PNTM9M2jMkKm3GLHpLiq3J4gE,"","North Campus",6c2573ce-592a-4519-989c-2fd21d6918b7,"W", 09/16/2025 05:15:00 AM,"(UTC-07:00) Arizona",,,3533240.1,3516378.2,3550102,
PNTM9M2jMkKm3GLHpLiq3J4gE,"","North Campus",6c2573ce-592a-4519-989c-2fd21d6918b7,"W", 09/16/2025 05:30:00 AM,"(UTC-07:00) Arizona",,,3587509.6666666665,3537651.8,3663011.2,
PNTM9M2jMkKm3GLHpLiq3J4gE,"","North Campus",6c2573ce-592a-4519-989c-2fd21d6918b7,"W", 09/16/2025 05:45:00 AM,"(UTC-07:00) Arizona",,,3682699.5666666664,3582143,3792168.2,
PNTM9M2jMkKm3GLHpLiq3J4gE,"","North Campus",6c2573ce-592a-4519-989c-2fd21d6918b7,"W", 09/16/2025 06:00:00 AM,"(UTC-07:00) Arizona",,,3678843.85,3674091.5,3683596.2,
PNTM9M2jMkKm3GLHpLiq3J4gE,"","North Campus",6c2573ce-592a-4519-989c-2fd21d6918b7,"W", 09/16/2025 06:15:00 AM,"(UTC-07:00) Arizona",,,3676475,3634049.2,3718900.8,
PNTM9M2jMkKm3GLHpLiq3J4gE,"","North Campus",6c2573ce-592a-4519-989c-2fd21d6918b7,"W", 09/16/2025 06:30:00 AM,"(UTC-07:00) Arizona",,,3701513.15,3642769.5,3760256.8,
PNTM9M2jMkKm3GLHpLiq3J4gE,"","North Campus",6c2573ce-592a-4519-989c-2fd21d6918b7,"W", 09/16/2025 06:45:00 AM,"(UTC-07:00) Arizona",,,3832899,3806041.5,3859756.5,
PNTM9M2jMkKm3GLHpLiq3J4gE,"","North Campus",6c2573ce-592a-4519-989c-2fd21d6918b7,"W", 09/16/2025 07:00:00 AM,"(UTC-07:00) Arizona",,,3917915.8,3917915.8,3917915.8,
PNTM9M2jMkKm3GLHpLiq3J4gE,"","North Campus",6c2573ce-592a-4519-989c-2fd21d6918b7,"W", 09/16/2025 07:15:00 AM,"(UTC-07:00) Arizona",,,3963586.35,3945617.2,3981555.5,
PNTM9M2jMkKm3GLHpLiq3J4gE,"","North Campus",6c2573ce-592a-4519-989c-2fd21d6918b7,"W", 09/16/2025 07:30:00 AM,"(UTC-07:00) Arizona",,,4081406,4069261.8,4093550.2,
PNTM9M2jMkKm3GLHpLiq3J4gE,"","North Campus",6c2573ce-592a-4519-989c-2fd21d6918b7,"W", 09/16/2025 07:45:00 AM,"(UTC-07:00) Arizona",,,4174194.266666667,4080224.8,4327940,
PNTM9M2jMkKm3GLHpLiq3J4gE,"","North Campus",6c2573ce-592a-4519-989c-2fd21d6918b7,"W", 09/16/2025 08:00:00 AM,"(UTC-07:00) Arizona",,,4362097,4362097,4362097,
PNTM9M2jMkKm3GLHpLiq3J4gE,"","North Campus",6c2573ce-592a-4519-989c-2fd21d6918b7,"W", 09/16/2025 08:15:00 AM,"(UTC-07:00) Arizona",,,4466506,4466506,4466506,
PNTM9M2jMkKm3GLHpLiq3J4gE,"","North Campus",6c2573ce-592a-4519-989c-2fd21d6918b7,"W", 09/16/2025 08:30:00 AM,"(UTC-07:00) Arizona",,,4541529.25,4485569.5,4597489,
PNTM9M2jMkKm3GLHpLiq3J4gE,"","North Campus",6c2573ce-592a-4519-989c-2fd21d6918b7,"W", 09/16/2025 08:45:00 AM,"(UTC-07:00) Arizona",,,4733234.5,4640759.5,4825709.5,
PNTM9M2jMkKm3GLHpLiq3J4gE,"","North Campus",6c2573ce-592a-4519-989c-2fd21d6918b7,"W", 09/16/2025 09:00:00 AM,"(UTC-07:00) Arizona",,,4817469.833333333,4799365,4849999,
PNTM9M2jMkKm3GLHpLiq3J4gE,"","North Campus",6c2573ce-592a-4519-989c-2fd21d6918b7,"W", 09/16/2025 09:15:00 AM,"(UTC-07:00) Arizona",,,4785530.5,4779614.5,4791446.5,
PNTM9M2jMkKm3GLHpLiq3J4gE,"","North Campus",6c2573ce-592a-4519-989c-2fd21d6918b7,"W", 09/16/2025 09:30:00 AM,"(UTC-07:00) Arizona",,,4767342,4767342,4767342,
PNTM9M2jMkKm3GLHpLiq3J4gE,"","North Campus",6c2573ce-592a-4519-989c-2fd21d6918b7,"W", 09/16/2025 09:45:00 AM,"(UTC-07:00) Arizona",,,5003920.25,4892889.5,5114951,
PNTM9M2jMkKm3GLHpLiq3J4gE,"","North Campus",6c2573ce-592a-4519-989c-2fd21d6918b7,"W", 09/16/2025 10:00:00 AM,"(UTC-07:00) Arizona",,,4771311.75,4678034.5,4864589,
PNTM9M2jMkKm3GLHpLiq3J4gE,"","North Campus",6c2573ce-592a-4519-989c-2fd21d6918b7,"W", 09/16/2025 10:15:00 AM,"(UTC-07:00) Arizona",,,4789758.25,4760715.5,4818801,
PNTM9M2jMkKm3GLHpLiq3J4gE,"","North Campus",6c2573ce-592a-4519-989c-2fd21d6918b7,"W", 09/16/2025 10:30:00 AM,"(UTC-07:00) Arizona",,,5052377.25,4857903.5,5246851,
PNTM9M2jMkKm3GLHpLiq3J4gE,"","North Campus",6c2573ce-592a-4519-989c-2fd21d6918b7,"W", 09/16/2025 10:45:00 AM,"(UTC-07:00) Arizona",,,5000494,5000494,5000494,
PNTM9M2jMkKm3GLHpLiq3J4gE,"","North Campus",6c2573ce-592a-4519-989c-2fd21d6918b7,"W", 09/16/2025 11:00:00 AM,"(UTC-07:00) Arizona",,,4992177.5,4983879.5,5000475.5,
PNTM9M2jMkKm3GLHpLiq3J4gE,"","North Campus",6c2573ce-592a-4519-989c-2fd21d6918b7,"W", 09/16/2025 11:15:00 AM,"(UTC-07:00) Arizona",,,4963084,4963084,4963084,
PNTM9M2jMkKm3GLHpLiq3J4gE,"","North Campus",6c2573ce-592a-4519-989c-2fd21d6918b7,"W", 09/16/2025 11:30:00 AM,"(UTC-07:00) Arizona",,,5084020.666666667,4900681.5,5296246.5,
PNTM9M2jMkKm3GLHpLiq3J4gE,"","North Campus",6c2573ce-592a-4519-989c-2fd21d6918b7,"W", 09/16/2025 11:45:00 AM,"(UTC-07:00) Arizona",,,5065276,5021753,5108799,
PNTM9M2jMkKm3GLHpLiq3J4gE,"","North Campus",6c2573ce-592a-4519-989c-2fd21d6918b7,"W", 09/16/2025 12:00:00 PM,"(UTC-07:00) Arizona",,,4989141.5,4959233,5029591,
PNTM9M2jMkKm3GLHpLiq3J4gE,"","North Campus",6c2573ce-592a-4519-989c-2fd21d6918b7,"W", 09/16/2025 12:15:00 PM,"(UTC-07:00) Arizona",,,5002380.75,4999512.5,5005249,
PNTM9M2jMkKm3GLHpLiq3J4gE,"","North Campus",6c2573ce-592a-4519-989c-2fd21d6918b7,"W", 09/16/2025 12:30:00 PM,"(UTC-07:00) Arizona",,,5050621.5,4989904,5111339,
PNTM9M2jMkKm3GLHpLiq3J4gE,"","North Campus",6c2573ce-592a-4519-989c-2fd21d6918b7,"W", 09/16/2025 12:45:00 PM,"(UTC-07:00) Arizona",,,5039870.25,5005145,5074595.5,
PNTM9M2jMkKm3GLHpLiq3J4gE,"","North Campus",6c2573ce-592a-4519-989c-2fd21d6918b7,"W", 09/16/2025 01:00:00 PM,"(UTC-07:00) Arizona",,,4955875.75,4950269.5,4961482,
PNTM9M2jMkKm3GLHpLiq3J4gE,"","North Campus",6c2573ce-592a-4519-989c-2fd21d6918b7,"W", 09/16/2025 01:15:00 PM,"(UTC-07:00) Arizona",,,5034478.5,5030210.5,5038746.5,
PNTM9M2jMkKm3GLHpLiq3J4gE,"","North Campus",6c2573ce-592a-4519-989c-2fd21d6918b7,"W", 09/16/2025 01:30:00 PM,"(UTC-07:00) Arizona",,,5009344.25,4993521.5,5025167,
PNTM9M2jMkKm3GLHpLiq3J4gE,"","North Campus",6c2573ce-592a-4519-989c-2fd21d6918b7,"W", 09/16/2025 01:45:00 PM,"(UTC-07:00) Arizona",,,5078314.5,5076756,5079873,
PNTM9M2jMkKm3GLHpLiq3J4gE,"","North Campus",6c2573ce-592a-4519-989c-2fd21d6918b7,"W", 09/16/2025 02:00:00 PM,"(UTC-07:00) Arizona",,,5139648.75,5121800,5157497.5,
PNTM9M2jMkKm3GLHpLiq3J4gE,"","North Campus",6c2573ce-592a-4519-989c-2fd21d6918b7,"W", 09/16/2025 02:15:00 PM,"(UTC-07:00) Arizona",,,5133204,5133204,5133204,
PNTM9M2jMkKm3GLHpLiq3J4gE,"","North Campus",6c2573ce-592a-4519-989c-2fd21d6918b7,"W", 09/16/2025 02:30:00 PM,"(UTC-07:00) Arizona",,,5196709.333333333,5169510,5218430,
PNTM9M2jMkKm3GLHpLiq3J4gE,"","North Campus",6c2573ce-592a-4519-989c-2fd21d6918b7,"W", 09/16/2025 02:45:00 PM,"(UTC-07:00) Arizona",,,5214871.666666667,5200680.5,5224525,
PNTM9M2jMkKm3GLHpLiq3J4gE,"","North Campus",6c2573ce-592a-4519-989c-2fd21d6918b7,"W", 09/16/2025 03:00:00 PM,"(UTC-07:00) Arizona",,,5247175,5194220,5300130,
PNTM9M2jMkKm3GLHpLiq3J4gE,"","North Campus",6c2573ce-592a-4519-989c-2fd21d6918b7,"W", 09/16/2025 03:15:00 PM,"(UTC-07:00) Arizona",,,5304923.75,5292083.5,5317764,
PNTM9M2jMkKm3GLHpLiq3J4gE,"","North Campus",6c2573ce-592a-4519-989c-2fd21d6918b7,"W", 09/16/2025 03:30:00 PM,"(UTC-07:00) Arizona",,,5267369.5,5267369.5,5267369.5,
PNTM9M2jMkKm3GLHpLiq3J4gE,"","North Campus",6c2573ce-592a-4519-989c-2fd21d6918b7,"W", 09/16/2025 03:45:00 PM,"(UTC-07:00) Arizona",,,5348068.5,5339508.5,5356628.5,
PNTM9M2jMkKm3GLHpLiq3J4gE,"","North Campus",6c2573ce-592a-4519-989c-2fd21d6918b7,"W", 09/16/2025 04:00:00 PM,"(UTC-07:00) Arizona",,,5384578.5,5330168.5,5438988.5,
PNTM9M2jMkKm3GLHpLiq3J4gE,"","North Campus",6c2573ce-592a-4519-989c-2fd21d6918b7,"W", 09/16/2025 04:15:00 PM,"(UTC-07:00) Arizona",,,5447879.5,5398501.5,5497257.5,
PNTM9M2jMkKm3GLHpLiq3J4gE,"","North Campus",6c2573ce-592a-4519-989c-2fd21d6918b7,"W", 09/16/2025 04:30:00 PM,"(UTC-07:00) Arizona",,,5409898.666666667,5366588,5458400.5,
PNTM9M2jMkKm3GLHpLiq3J4gE,"","North Campus",6c2573ce-592a-4519-989c-2fd21d6918b7,"W", 09/16/2025 04:45:00 PM,"(UTC-07:00) Arizona",,,5345738.25,5333982,5357494.5,
PNTM9M2jMkKm3GLHpLiq3J4gE,"","North Campus",6c2573ce-592a-4519-989c-2fd21d6918b7,"W", 09/16/2025 05:00:00 PM,"(UTC-07:00) Arizona",,,5358445,5358335,5358555,
PNTM9M2jMkKm3GLHpLiq3J4gE,"","North Campus",6c2573ce-592a-4519-989c-2fd21d6918b7,"W", 09/16/2025 05:15:00 PM,"(UTC-07:00) Arizona",,,5322317.25,5288681,5355953.5,
PNTM9M2jMkKm3GLHpLiq3J4gE,"","North Campus",6c2573ce-592a-4519-989c-2fd21d6918b7,"W", 09/16/2025 05:30:00 PM,"(UTC-07:00) Arizona",,,5297849,5282100,5313598,
PNTM9M2jMkKm3GLHpLiq3J4gE,"","North Campus",6c2573ce-592a-4519-989c-2fd21d6918b7,"W", 09/16/2025 05:45:00 PM,"(UTC-07:00) Arizona",,,5286876,5234387.5,5327748,
PNTM9M2jMkKm3GLHpLiq3J4gE,"","North Campus",6c2573ce-592a-4519-989c-2fd21d6918b7,"W", 09/16/2025 06:00:00 PM,"(UTC-07:00) Arizona",,,5119300.875,5029790.5,5273177,
PNTM9M2jMkKm3GLHpLiq3J4gE,"","North Campus",6c2573ce-592a-4519-989c-2fd21d6918b7,"W", 09/16/2025 06:15:00 PM,"(UTC-07:00) Arizona",,,5014434,4981043.5,5048811,
PNTM9M2jMkKm3GLHpLiq3J4gE,"","North Campus",6c2573ce-592a-4519-989c-2fd21d6918b7,"W", 09/16/2025 06:30:00 PM,"(UTC-07:00) Arizona",,,5017244.75,5001370.5,5033119,
PNTM9M2jMkKm3GLHpLiq3J4gE,"","North Campus",6c2573ce-592a-4519-989c-2fd21d6918b7,"W", 09/16/2025 06:45:00 PM,"(UTC-07:00) Arizona",,,4891439.166666667,4828671,5011953.5,
PNTM9M2jMkKm3GLHpLiq3J4gE,"","North Campus",6c2573ce-592a-4519-989c-2fd21d6918b7,"W", 09/16/2025 07:00:00 PM,"(UTC-07:00) Arizona",,,4720034,4710245.5,4730522.5,
PNTM9M2jMkKm3GLHpLiq3J4gE,"","North Campus",6c2573ce-592a-4519-989c-2fd21d6918b7,"W", 09/16/2025 07:15:00 PM,"(UTC-07:00) Arizona",,,4711830.75,4686272.5,4737389,
PNTM9M2jMkKm3GLHpLiq3J4gE,"","North Campus",6c2573ce-592a-4519-989c-2fd21d6918b7,"W", 09/16/2025 07:30:00 PM,"(UTC-07:00) Arizona",,,4644100,4630500.5,4657699.5,
PNTM9M2jMkKm3GLHpLiq3J4gE,"","North Campus",6c2573ce-592a-4519-989c-2fd21d6918b7,"W", 09/16/2025 07:45:00 PM,"(UTC-07:00) Arizona",,,4620051.5,4593496,4646607,
PNTM9M2jMkKm3GLHpLiq3J4gE,"","North Campus",6c2573ce-592a-4519-989c-2fd21d6918b7,"W", 09/16/2025 08:00:00 PM,"(UTC-07:00) Arizona",,,4556167.25,4532110.5,4580224,
PNTM9M2jMkKm3GLHpLiq3J4gE,"","North Campus",6c2573ce-592a-4519-989c-2fd21d6918b7,"W", 09/16/2025 08:15:00 PM,"(UTC-07:00) Arizona",,,4499362.166666667,4435767,4540051.5,
PNTM9M2jMkKm3GLHpLiq3J4gE,"","North Campus",6c2573ce-592a-4519-989c-2fd21d6918b7,"W", 09/16/2025 08:30:00 PM,"(UTC-07:00) Arizona",,,4423869.166666667,4398924,4446363,
PNTM9M2jMkKm3GLHpLiq3J4gE,"","North Campus",6c2573ce-592a-4519-989c-2fd21d6918b7,"W", 09/16/2025 08:45:00 PM,"(UTC-07:00) Arizona",,,4411758.5,4361273,4462244,
PNTM9M2jMkKm3GLHpLiq3J4gE,"","North Campus",6c2573ce-592a-4519-989c-2fd21d6918b7,"W", 09/16/2025 09:00:00 PM,"(UTC-07:00) Arizona",,,4385967.166666667,4364961.5,4396812.5,
PNTM9M2jMkKm3GLHpLiq3J4gE,"","North Campus",6c2573ce-592a-4519-989c-2fd21d6918b7,"W", 09/16/2025 09:15:00 PM,"(UTC-07:00) Arizona",,,4333969.5,4324260,4345158.5,
PNTM9M2jMkKm3GLHpLiq3J4gE,"","North Campus",6c2573ce-592a-4519-989c-2fd21d6918b7,"W", 09/16/2025 09:30:00 PM,"(UTC-07:00) Arizona",,,4292586.25,4241428,4343744.5,
PNTM9M2jMkKm3GLHpLiq3J4gE,"","North Campus",6c2573ce-592a-4519-989c-2fd21d6918b7,"W", 09/16/2025 09:45:00 PM,"(UTC-07:00) Arizona",,,4173085.5666666664,4117344,4257091.5,
PNTM9M2jMkKm3GLHpLiq3J4gE,"","North Campus",6c2573ce-592a-4519-989c-2fd21d6918b7,"W", 09/16/2025 10:00:00 PM,"(UTC-07:00) Arizona",,,4153956.85,4143656.5,4164257.2,
PNTM9M2jMkKm3GLHpLiq3J4gE,"","North Campus",6c2573ce-592a-4519-989c-2fd21d6918b7,"W", 09/16/2025 10:15:00 PM,"(UTC-07:00) Arizona",,,4067735.9,4051529,4080159.2,
PNTM9M2jMkKm3GLHpLiq3J4gE,"","North Campus",6c2573ce-592a-4519-989c-2fd21d6918b7,"W", 09/16/2025 10:30:00 PM,"(UTC-07:00) Arizona",,,4071461.8,4071461.8,4071461.8,
PNTM9M2jMkKm3GLHpLiq3J4gE,"","North Campus",6c2573ce-592a-4519-989c-2fd21d6918b7,"W", 09/16/2025 10:45:00 PM,"(UTC-07:00) Arizona",,,3908090.2249999996,3843255.2,3976396.5,
PNTM9M2jMkKm3GLHpLiq3J4gE,"","North Campus",6c2573ce-592a-4519-989c-2fd21d6918b7,"W", 09/16/2025 11:00:00 PM,"(UTC-07:00) Arizona",,,3838744.75,3829824,3847665.5,
PNTM9M2jMkKm3GLHpLiq3J4gE,"","North Campus",6c2573ce-592a-4519-989c-2fd21d6918b7,"W", 09/16/2025 11:15:00 PM,"(UTC-07:00) Arizona",,,3745374.0666666664,3671717.2,3798362.8,
PNTM9M2jMkKm3GLHpLiq3J4gE,"","North Campus",6c2573ce-592a-4519-989c-2fd21d6918b7,"W", 09/16/2025 11:30:00 PM,"(UTC-07:00) Arizona",,,3673038.1666666665,3617983,3704578.5,
PNTM9M2jMkKm3GLHpLiq3J4gE,"","North Campus",6c2573ce-592a-4519-989c-2fd21d6918b7,"W", 09/16/2025 11:45:00 PM,"(UTC-07:00) Arizona",,,3615725.35,3613722.5,3617728.2,
PNTM9M2jMkKm3GLHpLiq3J4gE,"","North Campus",6c2573ce-592a-4519-989c-2fd21d6918b7,"W", 09/17/2025 12:00:00 AM,"(UTC-07:00) Arizona",,,3557305.6666666665,3543824,3564950.8,
PNTM9M2jMkKm3GLHpLiq3J4gE,"","North Campus",6c2573ce-592a-4519-989c-2fd21d6918b7,"W", 09/17/2025 12:15:00 AM,"(UTC-07:00) Arizona",,,3564882.3000000003,3532041.5,3585040.2,
PNTM9M2jMkKm3GLHpLiq3J4gE,"","North Campus",6c2573ce-592a-4519-989c-2fd21d6918b7,"W", 09/17/2025 12:30:00 AM,"(UTC-07:00) Arizona",,,3507876.5,3483816.2,3533724.8,
PNTM9M2jMkKm3GLHpLiq3J4gE,"","North Campus",6c2573ce-592a-4519-989c-2fd21d6918b7,"W", 09/17/2025 12:45:00 AM,"(UTC-07:00) Arizona",,,3493625.4333333336,3460219,3514798.8,
PNTM9M2jMkKm3GLHpLiq3J4gE,"","North Campus",6c2573ce-592a-4519-989c-2fd21d6918b7,"W", 09/17/2025 01:00:00 AM,"(UTC-07:00) Arizona",,,3475499.3333333335,3467968.5,3485209.5,
PNTM9M2jMkKm3GLHpLiq3J4gE,"","North Campus",6c2573ce-592a-4519-989c-2fd21d6918b7,"W", 09/17/2025 01:15:00 AM,"(UTC-07:00) Arizona",,,3357344.6,3324400.2,3386268.8,
PNTM9M2jMkKm3GLHpLiq3J4gE,"","North Campus",6c2573ce-592a-4519-989c-2fd21d6918b7,"W", 09/17/2025 01:30:00 AM,"(UTC-07:00) Arizona",,,3296759.4,3292853,3300665.8,
PNTM9M2jMkKm3GLHpLiq3J4gE,"","North Campus",6c2573ce-592a-4519-989c-2fd21d6918b7,"W", 09/17/2025 01:45:00 AM,"(UTC-07:00) Arizona",,,3249135.3333333335,3226888.2,3288316.8,
PNTM9M2jMkKm3GLHpLiq3J4gE,"","North Campus",6c2573ce-592a-4519-989c-2fd21d6918b7,"W", 09/17/2025 02:00:00 AM,"(UTC-07:00) Arizona",,,3254766.266666667,3242429.8,3273693.2,
PNTM9M2jMkKm3GLHpLiq3J4gE,"","North Campus",6c2573ce-592a-4519-989c-2fd21d6918b7,"W", 09/17/2025 02:15:00 AM,"(UTC-07:00) Arizona",,,3285415.3000000003,3264439.2,3310539.5,
PNTM9M2jMkKm3GLHpLiq3J4gE,"","North Campus",6c2573ce-592a-4519-989c-2fd21d6918b7,"W", 09/17/2025 02:30:00 AM,"(UTC-07:00) Arizona",,,3264786.85,3251461.5,3278112.2,
PNTM9M2jMkKm3GLHpLiq3J4gE,"","North Campus",6c2573ce-592a-4519-989c-2fd21d6918b7,"W", 09/17/2025 02:45:00 AM,"(UTC-07:00) Arizona",,,3261488.533333333,3246673.8,3274848,
PNTM9M2jMkKm3GLHpLiq3J4gE,"","North Campus",6c2573ce-592a-4519-989c-2fd21d6918b7,"W", 09/17/2025 03:00:00 AM,"(UTC-07:00) Arizona",,,3303967.5,3282830.8,3325104.2,
PNTM9M2jMkKm3GLHpLiq3J4gE,"","North Campus",6c2573ce-592a-4519-989c-2fd21d6918b7,"W", 09/17/2025 03:15:00 AM,"(UTC-07:00) Arizona",,,3282050.65,3269314.5,3294786.8,
PNTM9M2jMkKm3GLHpLiq3J4gE,"","North Campus",6c2573ce-592a-4519-989c-2fd21d6918b7,"W", 09/17/2025 03:30:00 AM,"(UTC-07:00) Arizona",,,3332228.733333333,3302012,3378293,
PNTM9M2jMkKm3GLHpLiq3J4gE,"","North Campus",6c2573ce-592a-4519-989c-2fd21d6918b7,"W", 09/17/2025 03:45:00 AM,"(UTC-07:00) Arizona",,,3392287.266666667,3382022.8,3408407.2,
PNTM9M2jMkKm3GLHpLiq3J4gE,"","North Campus",6c2573ce-592a-4519-989c-2fd21d6918b7,"W", 09/17/2025 04:00:00 AM,"(UTC-07:00) Arizona",,,3427301.733333333,3393494,3445175.2,
PNTM9M2jMkKm3GLHpLiq3J4gE,"","North Campus",6c2573ce-592a-4519-989c-2fd21d6918b7,"W", 09/17/2025 04:15:00 AM,"(UTC-07:00) Arizona",,,3418132.4,3369541,3466723.8,
PNTM9M2jMkKm3GLHpLiq3J4gE,"","North Campus",6c2573ce-592a-4519-989c-2fd21d6918b7,"W", 09/17/2025 04:30:00 AM,"(UTC-07:00) Arizona",,,3461367.85,3439404.5,3483331.2,
PNTM9M2jMkKm3GLHpLiq3J4gE,"","North Campus",6c2573ce-592a-4519-989c-2fd21d6918b7,"W", 09/17/2025 04:45:00 AM,"(UTC-07:00) Arizona",,,3476108.25,3469650.5,3482566,
PNTM9M2jMkKm3GLHpLiq3J4gE,"","North Campus",6c2573ce-592a-4519-989c-2fd21d6918b7,"W", 09/17/2025 05:00:00 AM,"(UTC-07:00) Arizona",,,3513232.95,3503451.5,3517975.8,
PNTM9M2jMkKm3GLHpLiq3J4gE,"","North Campus",6c2573ce-592a-4519-989c-2fd21d6918b7,"W", 09/17/2025 05:15:00 AM,"(UTC-07:00) Arizona",,,3534867.85,3519172.5,3550563.2,
PNTM9M2jMkKm3GLHpLiq3J4gE,"","North Campus",6c2573ce-592a-4519-989c-2fd21d6918b7,"W", 09/17/2025 05:30:00 AM,"(UTC-07:00) Arizona",,,3554918.6,3550596.2,3559241,
PNTM9M2jMkKm3GLHpLiq3J4gE,"","North Campus",6c2573ce-592a-4519-989c-2fd21d6918b7,"W", 09/17/2025 05:45:00 AM,"(UTC-07:00) Arizona",,,3610371.3333333335,3553271.2,3647922.8,
PNTM9M2jMkKm3GLHpLiq3J4gE,"","North Campus",6c2573ce-592a-4519-989c-2fd21d6918b7,"W", 09/17/2025 06:00:00 AM,"(UTC-07:00) Arizona",,,3663477.3,3660430.8,3666523.8,
PNTM9M2jMkKm3GLHpLiq3J4gE,"","North Campus",6c2573ce-592a-4519-989c-2fd21d6918b7,"W", 09/17/2025 06:15:00 AM,"(UTC-07:00) Arizona",,,3702041.5,3702041.5,3702041.5,
PNTM9M2jMkKm3GLHpLiq3J4gE,"","North Campus",6c2573ce-592a-4519-989c-2fd21d6918b7,"W", 09/17/2025 06:30:00 AM,"(UTC-07:00) Arizona",,,3741166.5,3730289.8,3752043.2,
PNTM9M2jMkKm3GLHpLiq3J4gE,"","North Campus",6c2573ce-592a-4519-989c-2fd21d6918b7,"W", 09/17/2025 06:45:00 AM,"(UTC-07:00) Arizona",,,3813124.1666666665,3723581.5,3861140.8,
PNTM9M2jMkKm3GLHpLiq3J4gE,"","North Campus",6c2573ce-592a-4519-989c-2fd21d6918b7,"W", 09/17/2025 07:00:00 AM,"(UTC-07:00) Arizona",,,3883272,3862024.5,3904519.5,
PNTM9M2jMkKm3GLHpLiq3J4gE,"","North Campus",6c2573ce-592a-4519-989c-2fd21d6918b7,"W", 09/17/2025 07:15:00 AM,"(UTC-07:00) Arizona",,,3983765,3963541.8,4003988.2,
PNTM9M2jMkKm3GLHpLiq3J4gE,"","North Campus",6c2573ce-592a-4519-989c-2fd21d6918b7,"W", 09/17/2025 07:30:00 AM,"(UTC-07:00) Arizona",,,3953191.8,3953191.8,3953191.8,
PNTM9M2jMkKm3GLHpLiq3J4gE,"","North Campus",6c2573ce-592a-4519-989c-2fd21d6918b7,"W", 09/17/2025 07:45:00 AM,"(UTC-07:00) Arizona",,,4152559.8,4057168.5,4254999,
PNTM9M2jMkKm3GLHpLiq3J4gE,"","North Campus",6c2573ce-592a-4519-989c-2fd21d6918b7,"W", 09/17/2025 08:00:00 AM,"(UTC-07:00) Arizona",,,4273988.75,4258450.5,4289527,
PNTM9M2jMkKm3GLHpLiq3J4gE,"","North Campus",6c2573ce-592a-4519-989c-2fd21d6918b7,"W", 09/17/2025 08:15:00 AM,"(UTC-07:00) Arizona",,,4455211.5,4446548.5,4463874.5,
PNTM9M2jMkKm3GLHpLiq3J4gE,"","North Campus",6c2573ce-592a-4519-989c-2fd21d6918b7,"W", 09/17/2025 08:30:00 AM,"(UTC-07:00) Arizona",,,4453584.5,4343213,4538181,
PNTM9M2jMkKm3GLHpLiq3J4gE,"","North Campus",6c2573ce-592a-4519-989c-2fd21d6918b7,"W", 09/17/2025 08:45:00 AM,"(UTC-07:00) Arizona",,,4540794,4498651.5,4582936.5,
PNTM9M2jMkKm3GLHpLiq3J4gE,"","North Campus",6c2573ce-592a-4519-989c-2fd21d6918b7,"W", 09/17/2025 09:00:00 AM,"(UTC-07:00) Arizona",,,4628627.25,4577595.5,4679659,
PNTM9M2jMkKm3GLHpLiq3J4gE,"","North Campus",6c2573ce-592a-4519-989c-2fd21d6918b7,"W", 09/17/2025 09:15:00 AM,"(UTC-07:00) Arizona",,,4684488.375,4615395.5,4759715.5,
PNTM9M2jMkKm3GLHpLiq3J4gE,"","North Campus",6c2573ce-592a-4519-989c-2fd21d6918b7,"W", 09/17/2025 09:30:00 AM,"(UTC-07:00) Arizona",,,4712865.75,4692988.5,4732743,
PNTM9M2jMkKm3GLHpLiq3J4gE,"","North Campus",6c2573ce-592a-4519-989c-2fd21d6918b7,"W", 09/17/2025 09:45:00 AM,"(UTC-07:00) Arizona",,,4776705.25,4717218.5,4862120,
PNTM9M2jMkKm3GLHpLiq3J4gE,"","North Campus",6c2573ce-592a-4519-989c-2fd21d6918b7,"W", 09/17/2025 10:00:00 AM,"(UTC-07:00) Arizona",,,4831204.25,4791896.5,4870512,
PNTM9M2jMkKm3GLHpLiq3J4gE,"","North Campus",6c2573ce-592a-4519-989c-2fd21d6918b7,"W", 09/17/2025 10:15:00 AM,"(UTC-07:00) Arizona",,,4871869.333333333,4843520.5,4924870.5,
PNTM9M2jMkKm3GLHpLiq3J4gE,"","North Campus",6c2573ce-592a-4519-989c-2fd21d6918b7,"W", 09/17/2025 10:30:00 AM,"(UTC-07:00) Arizona",,,4837969.625,4636189.5,4938376,
PNTM9M2jMkKm3GLHpLiq3J4gE,"","North Campus",6c2573ce-592a-4519-989c-2fd21d6918b7,"W", 09/17/2025 10:45:00 AM,"(UTC-07:00) Arizona",,,4919953.666666667,4895051,4960667,
PNTM9M2jMkKm3GLHpLiq3J4gE,"","North Campus",6c2573ce-592a-4519-989c-2fd21d6918b7,"W", 09/17/2025 11:00:00 AM,"(UTC-07:00) Arizona",,,4994711.666666667,4942570,5085505.5,
PNTM9M2jMkKm3GLHpLiq3J4gE,"","North Campus",6c2573ce-592a-4519-989c-2fd21d6918b7,"W", 09/17/2025 11:15:00 AM,"(UTC-07:00) Arizona",,,5264319.75,5164647.5,5363992,
PNTM9M2jMkKm3GLHpLiq3J4gE,"","North Campus",6c2573ce-592a-4519-989c-2fd21d6918b7,"W", 09/17/2025 11:30:00 AM,"(UTC-07:00) Arizona",,,5078125.666666667,5005234,5220808,
PNTM9M2jMkKm3GLHpLiq3J4gE,"","North Campus",6c2573ce-592a-4519-989c-2fd21d6918b7,"W", 09/17/2025 11:45:00 AM,"(UTC-07:00) Arizona",,,5148375,5057790,5238960,
PNTM9M2jMkKm3GLHpLiq3J4gE,"","North Campus",6c2573ce-592a-4519-989c-2fd21d6918b7,"W", 09/17/2025 12:00:00 PM,"(UTC-07:00) Arizona",,,5057010.833333333,5000203.5,5134471,
PNTM9M2jMkKm3GLHpLiq3J4gE,"","North Campus",6c2573ce-592a-4519-989c-2fd21d6918b7,"W", 09/17/2025 12:15:00 PM,"(UTC-07:00) Arizona",,,5061365.5,5008773.5,5145742,
PNTM9M2jMkKm3GLHpLiq3J4gE,"","North Campus",6c2573ce-592a-4519-989c-2fd21d6918b7,"W", 09/17/2025 12:30:00 PM,"(UTC-07:00) Arizona",,,5097926.5,5043650.5,5137653,
PNTM9M2jMkKm3GLHpLiq3J4gE,"","North Campus",6c2573ce-592a-4519-989c-2fd21d6918b7,"W", 09/17/2025 12:45:00 PM,"(UTC-07:00) Arizona",,,5132932.875,5043481.5,5260608,
PNTM9M2jMkKm3GLHpLiq3J4gE,"","North Campus",6c2573ce-592a-4519-989c-2fd21d6918b7,"W", 09/17/2025 01:00:00 PM,"(UTC-07:00) Arizona",,,5256422.5,5238779.5,5274065.5,
PNTM9M2jMkKm3GLHpLiq3J4gE,"","North Campus",6c2573ce-592a-4519-989c-2fd21d6918b7,"W", 09/17/2025 01:15:00 PM,"(UTC-07:00) Arizona",,,5278766.833333333,5066072,5414220,
PNTM9M2jMkKm3GLHpLiq3J4gE,"","North Campus",6c2573ce-592a-4519-989c-2fd21d6918b7,"W", 09/17/2025 01:30:00 PM,"(UTC-07:00) Arizona",,,5232990.5,5013479.5,5394326.5,
PNTM9M2jMkKm3GLHpLiq3J4gE,"","North Campus",6c2573ce-592a-4519-989c-2fd21d6918b7,"W", 09/17/2025 01:45:00 PM,"(UTC-07:00) Arizona",,,5131612.333333333,5090126,5190692.5,
PNTM9M2jMkKm3GLHpLiq3J4gE,"","North Campus",6c2573ce-592a-4519-989c-2fd21d6918b7,"W", 09/17/2025 02:00:00 PM,"(UTC-07:00) Arizona",,,5287829,5282188,5293470,
PNTM9M2jMkKm3GLHpLiq3J4gE,"","North Campus",6c2573ce-592a-4519-989c-2fd21d6918b7,"W", 09/17/2025 02:15:00 PM,"(UTC-07:00) Arizona",,,5270079.666666667,5206944,5334583.5,
PNTM9M2jMkKm3GLHpLiq3J4gE,"","North Campus",6c2573ce-592a-4519-989c-2fd21d6918b7,"W", 09/17/2025 02:30:00 PM,"(UTC-07:00) Arizona",,,5303715.5,5233329,5374102,
PNTM9M2jMkKm3GLHpLiq3J4gE,"","North Campus",6c2573ce-592a-4519-989c-2fd21d6918b7,"W", 09/17/2025 02:45:00 PM,"(UTC-07:00) Arizona",,,5287926.5,5237185.5,5319656,
PNTM9M2jMkKm3GLHpLiq3J4gE,"","North Campus",6c2573ce-592a-4519-989c-2fd21d6918b7,"W", 09/17/2025 03:00:00 PM,"(UTC-07:00) Arizona",,,5217925.5,5215372,5220307,
PNTM9M2jMkKm3GLHpLiq3J4gE,"","North Campus",6c2573ce-592a-4519-989c-2fd21d6918b7,"W", 09/17/2025 03:15:00 PM,"(UTC-07:00) Arizona",,,5236103.666666667,5215822.5,5273898.5,
PNTM9M2jMkKm3GLHpLiq3J4gE,"","North Campus",6c2573ce-592a-4519-989c-2fd21d6918b7,"W", 09/17/2025 03:30:00 PM,"(UTC-07:00) Arizona",,,5321512.333333333,5310465.5,5328268,
PNTM9M2jMkKm3GLHpLiq3J4gE,"","North Campus",6c2573ce-592a-4519-989c-2fd21d6918b7,"W", 09/17/2025 03:45:00 PM,"(UTC-07:00) Arizona",,,5368508.666666667,5301354.5,5411513,
PNTM9M2jMkKm3GLHpLiq3J4gE,"","North Campus",6c2573ce-592a-4519-989c-2fd21d6918b7,"W", 09/17/2025 04:00:00 PM,"(UTC-07:00) Arizona",,,5489834.833333333,5386576.5,5639330.5,
PNTM9M2jMkKm3GLHpLiq3J4gE,"","North Campus",6c2573ce-592a-4519-989c-2fd21d6918b7,"W", 09/17/2025 04:15:00 PM,"(UTC-07:00) Arizona",,,5400226.333333333,5355534,5425920,
PNTM9M2jMkKm3GLHpLiq3J4gE,"","North Campus",6c2573ce-592a-4519-989c-2fd21d6918b7,"W", 09/17/2025 04:30:00 PM,"(UTC-07:00) Arizona",,,5485655.666666667,5436311.5,5538658.5,
PNTM9M2jMkKm3GLHpLiq3J4gE,"","North Campus",6c2573ce-592a-4519-989c-2fd21d6918b7,"W", 09/17/2025 04:45:00 PM,"(UTC-07:00) Arizona",,,5445207.5,5443265.5,5447149.5,
PNTM9M2jMkKm3GLHpLiq3J4gE,"","North Campus",6c2573ce-592a-4519-989c-2fd21d6918b7,"W", 09/17/2025 05:00:00 PM,"(UTC-07:00) Arizona",,,5390589.5,5368962.5,5420245,
PNTM9M2jMkKm3GLHpLiq3J4gE,"","North Campus",6c2573ce-592a-4519-989c-2fd21d6918b7,"W", 09/17/2025 05:15:00 PM,"(UTC-07:00) Arizona",,,5285714.333333333,5284157,5286682,
PNTM9M2jMkKm3GLHpLiq3J4gE,"","North Campus",6c2573ce-592a-4519-989c-2fd21d6918b7,"W", 09/17/2025 05:30:00 PM,"(UTC-07:00) Arizona",,,5288958,5278126,5299790,
PNTM9M2jMkKm3GLHpLiq3J4gE,"","North Campus",6c2573ce-592a-4519-989c-2fd21d6918b7,"W", 09/17/2025 05:45:00 PM,"(UTC-07:00) Arizona",,,5263266.5,5143281.5,5401317,
PNTM9M2jMkKm3GLHpLiq3J4gE,"","North Campus",6c2573ce-592a-4519-989c-2fd21d6918b7,"W", 09/17/2025 06:00:00 PM,"(UTC-07:00) Arizona",,,5180525.666666667,5160577.5,5191516.5,
PNTM9M2jMkKm3GLHpLiq3J4gE,"","North Campus",6c2573ce-592a-4519-989c-2fd21d6918b7,"W", 09/17/2025 06:15:00 PM,"(UTC-07:00) Arizona",,,5166385.833333333,5143731,5178998,
PNTM9M2jMkKm3GLHpLiq3J4gE,"","North Campus",6c2573ce-592a-4519-989c-2fd21d6918b7,"W", 09/17/2025 06:30:00 PM,"(UTC-07:00) Arizona",,,5141611.5,5096740.5,5186482.5,
PNTM9M2jMkKm3GLHpLiq3J4gE,"","North Campus",6c2573ce-592a-4519-989c-2fd21d6918b7,"W", 09/17/2025 06:45:00 PM,"(UTC-07:00) Arizona",,,4963088.25,4860390.5,5065786,
PNTM9M2jMkKm3GLHpLiq3J4gE,"","North Campus",6c2573ce-592a-4519-989c-2fd21d6918b7,"W", 09/17/2025 07:00:00 PM,"(UTC-07:00) Arizona",,,4883635.333333333,4847111,4909898.5,
PNTM9M2jMkKm3GLHpLiq3J4gE,"","North Campus",6c2573ce-592a-4519-989c-2fd21d6918b7,"W", 09/17/2025 07:15:00 PM,"(UTC-07:00) Arizona",,,4829996.75,4804868.5,4861727.5,
PNTM9M2jMkKm3GLHpLiq3J4gE,"","North Campus",6c2573ce-592a-4519-989c-2fd21d6918b7,"W", 09/17/2025 07:30:00 PM,"(UTC-07:00) Arizona",,,4802190,4768359.5,4831102,
PNTM9M2jMkKm3GLHpLiq3J4gE,"","North Campus",6c2573ce-592a-4519-989c-2fd21d6918b7,"W", 09/17/2025 07:45:00 PM,"(UTC-07:00) Arizona",,,4666925.666666667,4527236,4810815.5,
PNTM9M2jMkKm3GLHpLiq3J4gE,"","North Campus",6c2573ce-592a-4519-989c-2fd21d6918b7,"W", 09/17/2025 08:00:00 PM,"(UTC-07:00) Arizona",,,4658504,4624218.5,4692789.5,
PNTM9M2jMkKm3GLHpLiq3J4gE,"","North Campus",6c2573ce-592a-4519-989c-2fd21d6918b7,"W", 09/17/2025 08:15:00 PM,"(UTC-07:00) Arizona",,,4607899,4572429,4643369,
PNTM9M2jMkKm3GLHpLiq3J4gE,"","North Campus",6c2573ce-592a-4519-989c-2fd21d6918b7,"W", 09/17/2025 08:30:00 PM,"(UTC-07:00) Arizona",,,4426481.166666667,4398542,4453180,
PNTM9M2jMkKm3GLHpLiq3J4gE,"","North Campus",6c2573ce-592a-4519-989c-2fd21d6918b7,"W", 09/17/2025 08:45:00 PM,"(UTC-07:00) Arizona",,,4387851,4338079,4420485.5,
PNTM9M2jMkKm3GLHpLiq3J4gE,"","North Campus",6c2573ce-592a-4519-989c-2fd21d6918b7,"W", 09/17/2025 09:00:00 PM,"(UTC-07:00) Arizona",,,4397280.833333333,4349416,4466057,
PNTM9M2jMkKm3GLHpLiq3J4gE,"","North Campus",6c2573ce-592a-4519-989c-2fd21d6918b7,"W", 09/17/2025 09:15:00 PM,"(UTC-07:00) Arizona",,,4285361.625,4249908,4350070.5,
PNTM9M2jMkKm3GLHpLiq3J4gE,"","North Campus",6c2573ce-592a-4519-989c-2fd21d6918b7,"W", 09/17/2025 09:30:00 PM,"(UTC-07:00) Arizona",,,4247538.25,4238036.5,4257040,
PNTM9M2jMkKm3GLHpLiq3J4gE,"","North Campus",6c2573ce-592a-4519-989c-2fd21d6918b7,"W", 09/17/2025 09:45:00 PM,"(UTC-07:00) Arizona",,,4186656.375,4154729.2,4214848,
PNTM9M2jMkKm3GLHpLiq3J4gE,"","North Campus",6c2573ce-592a-4519-989c-2fd21d6918b7,"W", 09/17/2025 10:00:00 PM,"(UTC-07:00) Arizona",,,4056692.5,4056692.5,4056692.5,
PNTM9M2jMkKm3GLHpLiq3J4gE,"","North Campus",6c2573ce-592a-4519-989c-2fd21d6918b7,"W", 09/17/2025 10:15:00 PM,"(UTC-07:00) Arizona",,,4030749.9333333336,3994885.5,4050052.8,
PNTM9M2jMkKm3GLHpLiq3J4gE,"","North Campus",6c2573ce-592a-4519-989c-2fd21d6918b7,"W", 09/17/2025 10:30:00 PM,"(UTC-07:00) Arizona",,,3984697.266666667,3965949.5,3998239.5,
PNTM9M2jMkKm3GLHpLiq3J4gE,"","North Campus",6c2573ce-592a-4519-989c-2fd21d6918b7,"W", 09/17/2025 10:45:00 PM,"(UTC-07:00) Arizona",,,3869978.4,3790550,3949406.8,
PNTM9M2jMkKm3GLHpLiq3J4gE,"","North Campus",6c2573ce-592a-4519-989c-2fd21d6918b7,"W", 09/17/2025 11:00:00 PM,"(UTC-07:00) Arizona",,,3686784.9333333336,3668700,3704106,
PNTM9M2jMkKm3GLHpLiq3J4gE,"","North Campus",6c2573ce-592a-4519-989c-2fd21d6918b7,"W", 09/17/2025 11:15:00 PM,"(UTC-07:00) Arizona",,,3652929.6,3646046.2,3659813,
PNTM9M2jMkKm3GLHpLiq3J4gE,"","North Campus",6c2573ce-592a-4519-989c-2fd21d6918b7,"W", 09/17/2025 11:30:00 PM,"(UTC-07:00) Arizona",,,3603750.8333333335,3597949.2,3614955.5,
PNTM9M2jMkKm3GLHpLiq3J4gE,"","North Campus",6c2573ce-592a-4519-989c-2fd21d6918b7,"W", 09/17/2025 11:45:00 PM,"(UTC-07:00) Arizona",,,3616182,3612218.2,3620145.8,
PNTM9M2jMkKm3GLHpLiq3J4gE,"","North Campus",6c2573ce-592a-4519-989c-2fd21d6918b7,"W", 09/18/2025 12:00:00 AM,"(UTC-07:00) Arizona",,,3580142.9333333336,3563715.8,3601711.2,
PNTM9M2jMkKm3GLHpLiq3J4gE,"","North Campus",6c2573ce-592a-4519-989c-2fd21d6918b7,"W", 09/18/2025 12:15:00 AM,"(UTC-07:00) Arizona",,,3590024.65,3583859.5,3596189.8,
PNTM9M2jMkKm3GLHpLiq3J4gE,"","North Campus",6c2573ce-592a-4519-989c-2fd21d6918b7,"W", 09/18/2025 12:30:00 AM,"(UTC-07:00) Arizona",,,3572829.65,3553526.5,3592132.8,
PNTM9M2jMkKm3GLHpLiq3J4gE,"","North Campus",6c2573ce-592a-4519-989c-2fd21d6918b7,"W", 09/18/2025 12:45:00 AM,"(UTC-07:00) Arizona",,,3495798.766666667,3484733,3508817.8,
PNTM9M2jMkKm3GLHpLiq3J4gE,"","North Campus",6c2573ce-592a-4519-989c-2fd21d6918b7,"W", 09/18/2025 01:00:00 AM,"(UTC-07:00) Arizona",,,3502008.25,3501354.5,3502662,
PNTM9M2jMkKm3GLHpLiq3J4gE,"","North Campus",6c2573ce-592a-4519-989c-2fd21d6918b7,"W", 09/18/2025 01:15:00 AM,"(UTC-07:00) Arizona",,,3386177.1333333333,3325018,3496395.2,
PNTM9M2jMkKm3GLHpLiq3J4gE,"","North Campus",6c2573ce-592a-4519-989c-2fd21d6918b7,"W", 09/18/2025 01:30:00 AM,"(UTC-07:00) Arizona",,,3326924.75,3316532,3337317.5,
PNTM9M2jMkKm3GLHpLiq3J4gE,"","North Campus",6c2573ce-592a-4519-989c-2fd21d6918b7,"W", 09/18/2025 01:45:00 AM,"(UTC-07:00) Arizona",,,3312443.8333333335,3306298.5,3323679.5,
PNTM9M2jMkKm3GLHpLiq3J4gE,"","North Campus",6c2573ce-592a-4519-989c-2fd21d6918b7,"W", 09/18/2025 02:00:00 AM,"(UTC-07:00) Arizona",,,3313537.85,3311668.5,3315407.2,
PNTM9M2jMkKm3GLHpLiq3J4gE,"","North Campus",6c2573ce-592a-4519-989c-2fd21d6918b7,"W", 09/18/2025 02:15:00 AM,"(UTC-07:00) Arizona",,,3302180.266666667,3290085,3308613,
PNTM9M2jMkKm3GLHpLiq3J4gE,"","North Campus",6c2573ce-592a-4519-989c-2fd21d6918b7,"W", 09/18/2025 02:30:00 AM,"(UTC-07:00) Arizona",,,3330401.75,3326103,3334700.5,
PNTM9M2jMkKm3GLHpLiq3J4gE,"","North Campus",6c2573ce-592a-4519-989c-2fd21d6918b7,"W", 09/18/2025 02:45:00 AM,"(UTC-07:00) Arizona",,,3309592.3666666667,3292931.8,3318070.5,
PNTM9M2jMkKm3GLHpLiq3J4gE,"","North Campus",6c2573ce-592a-4519-989c-2fd21d6918b7,"W", 09/18/2025 03:00:00 AM,"(UTC-07:00) Arizona",,,3320149.8333333335,3293928.5,3348534.5,
PNTM9M2jMkKm3GLHpLiq3J4gE,"","North Campus",6c2573ce-592a-4519-989c-2fd21d6918b7,"W", 09/18/2025 03:15:00 AM,"(UTC-07:00) Arizona",,,3307764.5,3276927.5,3333687.2,
PNTM9M2jMkKm3GLHpLiq3J4gE,"","North Campus",6c2573ce-592a-4519-989c-2fd21d6918b7,"W", 09/18/2025 03:30:00 AM,"(UTC-07:00) Arizona",,,3441161.4,3423877,3458445.8,
PNTM9M2jMkKm3GLHpLiq3J4gE,"","North Campus",6c2573ce-592a-4519-989c-2fd21d6918b7,"W", 09/18/2025 03:45:00 AM,"(UTC-07:00) Arizona",,,3465106.4,3453246,3476966.8,
PNTM9M2jMkKm3GLHpLiq3J4gE,"","North Campus",6c2573ce-592a-4519-989c-2fd21d6918b7,"W", 09/18/2025 04:00:00 AM,"(UTC-07:00) Arizona",,,3464446.733333333,3452910.2,3481948.5,
PNTM9M2jMkKm3GLHpLiq3J4gE,"","North Campus",6c2573ce-592a-4519-989c-2fd21d6918b7,"W", 09/18/2025 04:15:00 AM,"(UTC-07:00) Arizona",,,3476514.3,3468155,3492699,
PNTM9M2jMkKm3GLHpLiq3J4gE,"","North Campus",6c2573ce-592a-4519-989c-2fd21d6918b7,"W", 09/18/2025 04:30:00 AM,"(UTC-07:00) Arizona",,,3495340,3472764,3517916,
PNTM9M2jMkKm3GLHpLiq3J4gE,"","North Campus",6c2573ce-592a-4519-989c-2fd21d6918b7,"W", 09/18/2025 04:45:00 AM,"(UTC-07:00) Arizona",,,3538384.9333333336,3514603.2,3552317.8,
PNTM9M2jMkKm3GLHpLiq3J4gE,"","North Campus",6c2573ce-592a-4519-989c-2fd21d6918b7,"W", 09/18/2025 05:00:00 AM,"(UTC-07:00) Arizona",,,3554525.3333333335,3530320.5,3572961,
PNTM9M2jMkKm3GLHpLiq3J4gE,"","North Campus",6c2573ce-592a-4519-989c-2fd21d6918b7,"W", 09/18/2025 05:15:00 AM,"(UTC-07:00) Arizona",,,3552665,3538970.8,3566359.2,
PNTM9M2jMkKm3GLHpLiq3J4gE,"","North Campus",6c2573ce-592a-4519-989c-2fd21d6918b7,"W", 09/18/2025 05:30:00 AM,"(UTC-07:00) Arizona",,,3576933.9000000004,3547799,3606684.8,
PNTM9M2jMkKm3GLHpLiq3J4gE,"","North Campus",6c2573ce-592a-4519-989c-2fd21d6918b7,"W", 09/18/2025 05:45:00 AM,"(UTC-07:00) Arizona",,,3634967,3581586.5,3688347.5,
PNTM9M2jMkKm3GLHpLiq3J4gE,"","North Campus",6c2573ce-592a-4519-989c-2fd21d6918b7,"W", 09/18/2025 06:00:00 AM,"(UTC-07:00) Arizona",,,3810662.925,3781405,3839606.2,
PNTM9M2jMkKm3GLHpLiq3J4gE,"","North Campus",6c2573ce-592a-4519-989c-2fd21d6918b7,"W", 09/18/2025 06:15:00 AM,"(UTC-07:00) Arizona",,,3805924.4333333336,3769418.8,3843581,
PNTM9M2jMkKm3GLHpLiq3J4gE,"","North Campus",6c2573ce-592a-4519-989c-2fd21d6918b7,"W", 09/18/2025 06:30:00 AM,"(UTC-07:00) Arizona",,,3798757.5,3798757.5,3798757.5,
PNTM9M2jMkKm3GLHpLiq3J4gE,"","North Campus",6c2573ce-592a-4519-989c-2fd21d6918b7,"W", 09/18/2025 06:45:00 AM,"(UTC-07:00) Arizona",,,3836513.6,3767532.2,3907899.8,
PNTM9M2jMkKm3GLHpLiq3J4gE,"","North Campus",6c2573ce-592a-4519-989c-2fd21d6918b7,"W", 09/18/2025 07:00:00 AM,"(UTC-07:00) Arizona",,,3927733,3894768.5,3946344,
PNTM9M2jMkKm3GLHpLiq3J4gE,"","North Campus",6c2573ce-592a-4519-989c-2fd21d6918b7,"W", 09/18/2025 07:15:00 AM,"(UTC-07:00) Arizona",,,4017009.733333333,3993693.5,4057147.2,
PNTM9M2jMkKm3GLHpLiq3J4gE,"","North Campus",6c2573ce-592a-4519-989c-2fd21d6918b7,"W", 09/18/2025 07:30:00 AM,"(UTC-07:00) Arizona",,,4200822.4,4165121.8,4236523,
PNTM9M2jMkKm3GLHpLiq3J4gE,"","North Campus",6c2573ce-592a-4519-989c-2fd21d6918b7,"W", 09/18/2025 07:45:00 AM,"(UTC-07:00) Arizona",,,4180534.5666666664,4153405,4230197.5,
PNTM9M2jMkKm3GLHpLiq3J4gE,"","North Campus",6c2573ce-592a-4519-989c-2fd21d6918b7,"W", 09/18/2025 08:00:00 AM,"(UTC-07:00) Arizona",,,4326053.166666667,4279004,4394818.5,
PNTM9M2jMkKm3GLHpLiq3J4gE,"","North Campus",6c2573ce-592a-4519-989c-2fd21d6918b7,"W", 09/18/2025 08:15:00 AM,"(UTC-07:00) Arizona",,,4494972.75,4492360.5,4497585,
PNTM9M2jMkKm3GLHpLiq3J4gE,"","North Campus",6c2573ce-592a-4519-989c-2fd21d6918b7,"W", 09/18/2025 08:30:00 AM,"(UTC-07:00) Arizona",,,4532832.833333333,4468075.5,4597644,
PNTM9M2jMkKm3GLHpLiq3J4gE,"","North Campus",6c2573ce-592a-4519-989c-2fd21d6918b7,"W", 09/18/2025 08:45:00 AM,"(UTC-07:00) Arizona",,,4721563.666666667,4687809.5,4769337,
PNTM9M2jMkKm3GLHpLiq3J4gE,"","North Campus",6c2573ce-592a-4519-989c-2fd21d6918b7,"W", 09/18/2025 09:00:00 AM,"(UTC-07:00) Arizona",,,4746751.666666667,4711773,4794980,
PNTM9M2jMkKm3GLHpLiq3J4gE,"","North Campus",6c2573ce-592a-4519-989c-2fd21d6918b7,"W", 09/18/2025 09:15:00 AM,"(UTC-07:00) Arizona",,,4846926,4791203,4902649,
PNTM9M2jMkKm3GLHpLiq3J4gE,"","North Campus",6c2573ce-592a-4519-989c-2fd21d6918b7,"W", 09/18/2025 09:30:00 AM,"(UTC-07:00) Arizona",,,4853376,4829684.5,4879102.5,
PNTM9M2jMkKm3GLHpLiq3J4gE,"","North Campus",6c2573ce-592a-4519-989c-2fd21d6918b7,"W", 09/18/2025 09:45:00 AM,"(UTC-07:00) Arizona",,,4851966.5,4773350.5,4930582.5,
PNTM9M2jMkKm3GLHpLiq3J4gE,"","North Campus",6c2573ce-592a-4519-989c-2fd21d6918b7,"W", 09/18/2025 10:00:00 AM,"(UTC-07:00) Arizona",,,4845758.333333333,4746121.5,4953738.5,
PNTM9M2jMkKm3GLHpLiq3J4gE,"","North Campus",6c2573ce-592a-4519-989c-2fd21d6918b7,"W", 09/18/2025 10:15:00 AM,"(UTC-07:00) Arizona",,,5086653.333333333,5033045,5187050.5,
PNTM9M2jMkKm3GLHpLiq3J4gE,"","North Campus",6c2573ce-592a-4519-989c-2fd21d6918b7,"W", 09/18/2025 10:30:00 AM,"(UTC-07:00) Arizona",,,5111815.5,5076477.5,5145990,
PNTM9M2jMkKm3GLHpLiq3J4gE,"","North Campus",6c2573ce-592a-4519-989c-2fd21d6918b7,"W", 09/18/2025 10:45:00 AM,"(UTC-07:00) Arizona",,,5119751.833333333,5102412.5,5140083,
PNTM9M2jMkKm3GLHpLiq3J4gE,"","North Campus",6c2573ce-592a-4519-989c-2fd21d6918b7,"W", 09/18/2025 11:00:00 AM,"(UTC-07:00) Arizona",,,5162360.5,5117071,5207650,
PNTM9M2jMkKm3GLHpLiq3J4gE,"","North Campus",6c2573ce-592a-4519-989c-2fd21d6918b7,"W", 09/18/2025 11:15:00 AM,"(UTC-07:00) Arizona",,,5105763.833333333,5015660,5175963.5,
PNTM9M2jMkKm3GLHpLiq3J4gE,"","North Campus",6c2573ce-592a-4519-989c-2fd21d6918b7,"W", 09/18/2025 11:30:00 AM,"(UTC-07:00) Arizona",,,5142300,5131672,5152928,
PNTM9M2jMkKm3GLHpLiq3J4gE,"","North Campus",6c2573ce-592a-4519-989c-2fd21d6918b7,"W", 09/18/2025 11:45:00 AM,"(UTC-07:00) Arizona",,,5370117.5,5323142.5,5417092.5,
PNTM9M2jMkKm3GLHpLiq3J4gE,"","North Campus",6c2573ce-592a-4519-989c-2fd21d6918b7,"W", 09/18/2025 12:00:00 PM,"(UTC-07:00) Arizona",,,5309892,5306992,5312792,
PNTM9M2jMkKm3GLHpLiq3J4gE,"","North Campus",6c2573ce-592a-4519-989c-2fd21d6918b7,"W", 09/18/2025 12:15:00 PM,"(UTC-07:00) Arizona",,,5179891.75,5072194.5,5287589,
PNTM9M2jMkKm3GLHpLiq3J4gE,"","North Campus",6c2573ce-592a-4519-989c-2fd21d6918b7,"W", 09/18/2025 12:30:00 PM,"(UTC-07:00) Arizona",,,5374247.25,5279507.5,5468987,
PNTM9M2jMkKm3GLHpLiq3J4gE,"","North Campus",6c2573ce-592a-4519-989c-2fd21d6918b7,"W", 09/18/2025 12:45:00 PM,"(UTC-07:00) Arizona",,,5439162.166666667,5410209,5456250,
PNTM9M2jMkKm3GLHpLiq3J4gE,"","North Campus",6c2573ce-592a-4519-989c-2fd21d6918b7,"W", 09/18/2025 01:00:00 PM,"(UTC-07:00) Arizona",,,5502175,5435378.5,5548139,
PNTM9M2jMkKm3GLHpLiq3J4gE,"","North Campus",6c2573ce-592a-4519-989c-2fd21d6918b7,"W", 09/18/2025 01:15:00 PM,"(UTC-07:00) Arizona",,,5371072.833333333,5311603.5,5421051,
PNTM9M2jMkKm3GLHpLiq3J4gE,"","North Campus",6c2573ce-592a-4519-989c-2fd21d6918b7,"W", 09/18/2025 01:30:00 PM,"(UTC-07:00) Arizona",,,5389784.166666667,5369525.5,5417961.5,
PNTM9M2jMkKm3GLHpLiq3J4gE,"","North Campus",6c2573ce-592a-4519-989c-2fd21d6918b7,"W", 09/18/2025 01:45:00 PM,"(UTC-07:00) Arizona",,,5356810.5,5356810.5,5356810.5,
PNTM9M2jMkKm3GLHpLiq3J4gE,"","North Campus",6c2573ce-592a-4519-989c-2fd21d6918b7,"W", 09/18/2025 02:15:00 PM,"(UTC-07:00) Arizona",,,5355621.5,5355621.5,5355621.5,
PNTM9M2jMkKm3GLHpLiq3J4gE,"","North Campus",6c2573ce-592a-4519-989c-2fd21d6918b7,"W", 09/18/2025 02:30:00 PM,"(UTC-07:00) Arizona",,,5422429.5,5422429.5,5422429.5,
PNTM9M2jMkKm3GLHpLiq3J4gE,"","North Campus",6c2573ce-592a-4519-989c-2fd21d6918b7,"W", 09/18/2025 02:45:00 PM,"(UTC-07:00) Arizona",,,5285724.166666667,5146681,5412539,
PNTM9M2jMkKm3GLHpLiq3J4gE,"","North Campus",6c2573ce-592a-4519-989c-2fd21d6918b7,"W", 09/18/2025 03:00:00 PM,"(UTC-07:00) Arizona",,,5256160,5238199,5274121,
PNTM9M2jMkKm3GLHpLiq3J4gE,"","North Campus",6c2573ce-592a-4519-989c-2fd21d6918b7,"W", 09/18/2025 03:15:00 PM,"(UTC-07:00) Arizona",,,5461160.25,5418503.5,5503817,
PNTM9M2jMkKm3GLHpLiq3J4gE,"","North Campus",6c2573ce-592a-4519-989c-2fd21d6918b7,"W", 09/18/2025 03:30:00 PM,"(UTC-07:00) Arizona",,,5427089.25,5397603.5,5456575,
PNTM9M2jMkKm3GLHpLiq3J4gE,"","North Campus",6c2573ce-592a-4519-989c-2fd21d6918b7,"W", 09/18/2025 03:45:00 PM,"(UTC-07:00) Arizona",,,5387702.75,5338787.5,5436618,
PNTM9M2jMkKm3GLHpLiq3J4gE,"","North Campus",6c2573ce-592a-4519-989c-2fd21d6918b7,"W", 09/18/2025 04:00:00 PM,"(UTC-07:00) Arizona",,,5366677.75,5352135.5,5381220,
PNTM9M2jMkKm3GLHpLiq3J4gE,"","North Campus",6c2573ce-592a-4519-989c-2fd21d6918b7,"W", 09/18/2025 04:15:00 PM,"(UTC-07:00) Arizona",,,5310113.25,5266678,5353548.5,
PNTM9M2jMkKm3GLHpLiq3J4gE,"","North Campus",6c2573ce-592a-4519-989c-2fd21d6918b7,"W", 09/18/2025 04:30:00 PM,"(UTC-07:00) Arizona",,,5284532.25,5280252,5288812.5,
PNTM9M2jMkKm3GLHpLiq3J4gE,"","North Campus",6c2573ce-592a-4519-989c-2fd21d6918b7,"W", 09/18/2025 04:45:00 PM,"(UTC-07:00) Arizona",,,5252239,5097400.5,5347001,
PNTM9M2jMkKm3GLHpLiq3J4gE,"","North Campus",6c2573ce-592a-4519-989c-2fd21d6918b7,"W", 09/18/2025 05:15:00 PM,"(UTC-07:00) Arizona",,,4971793.25,4916293,5027293.5,
PNTM9M2jMkKm3GLHpLiq3J4gE,"","North Campus",6c2573ce-592a-4519-989c-2fd21d6918b7,"W", 09/18/2025 05:30:00 PM,"(UTC-07:00) Arizona",,,4914398.25,4898123,4930673.5,
PNTM9M2jMkKm3GLHpLiq3J4gE,"","North Campus",6c2573ce-592a-4519-989c-2fd21d6918b7,"W", 09/18/2025 05:45:00 PM,"(UTC-07:00) Arizona",,,4924705.5,4873357,4976054,
PNTM9M2jMkKm3GLHpLiq3J4gE,"","North Campus",6c2573ce-592a-4519-989c-2fd21d6918b7,"W", 09/18/2025 06:00:00 PM,"(UTC-07:00) Arizona",,,4920189,4883790.5,4956587.5,
PNTM9M2jMkKm3GLHpLiq3J4gE,"","North Campus",6c2573ce-592a-4519-989c-2fd21d6918b7,"W", 09/18/2025 06:15:00 PM,"(UTC-07:00) Arizona",,,5003405.5,4974628,5032183,
PNTM9M2jMkKm3GLHpLiq3J4gE,"","North Campus",6c2573ce-592a-4519-989c-2fd21d6918b7,"W", 09/18/2025 06:30:00 PM,"(UTC-07:00) Arizona",,,4938573.75,4897108,4980039.5,
PNTM9M2jMkKm3GLHpLiq3J4gE,"","North Campus",6c2573ce-592a-4519-989c-2fd21d6918b7,"W", 09/18/2025 06:45:00 PM,"(UTC-07:00) Arizona",,,4962462.5,4931487,4993438,
PNTM9M2jMkKm3GLHpLiq3J4gE,"","North Campus",6c2573ce-592a-4519-989c-2fd21d6918b7,"W", 09/18/2025 07:00:00 PM,"(UTC-07:00) Arizona",,,4871958,4871958,4871958,
PNTM9M2jMkKm3GLHpLiq3J4gE,"","North Campus",6c2573ce-592a-4519-989c-2fd21d6918b7,"W", 09/18/2025 07:15:00 PM,"(UTC-07:00) Arizona",,,4806795.25,4787001,4826589.5,
PNTM9M2jMkKm3GLHpLiq3J4gE,"","North Campus",6c2573ce-592a-4519-989c-2fd21d6918b7,"W", 09/18/2025 07:30:00 PM,"(UTC-07:00) Arizona",,,4765845,4758370,4773320,
PNTM9M2jMkKm3GLHpLiq3J4gE,"","North Campus",6c2573ce-592a-4519-989c-2fd21d6918b7,"W", 09/18/2025 07:45:00 PM,"(UTC-07:00) Arizona",,,4725790.75,4701643,4749938.5,
PNTM9M2jMkKm3GLHpLiq3J4gE,"","North Campus",6c2573ce-592a-4519-989c-2fd21d6918b7,"W", 09/18/2025 08:00:00 PM,"(UTC-07:00) Arizona",,,4709046,4699623.5,4718468.5,
PNTM9M2jMkKm3GLHpLiq3J4gE,"","North Campus",6c2573ce-592a-4519-989c-2fd21d6918b7,"W", 09/18/2025 08:15:00 PM,"(UTC-07:00) Arizona",,,4604726.333333333,4568702.5,4675941,
PNTM9M2jMkKm3GLHpLiq3J4gE,"","North Campus",6c2573ce-592a-4519-989c-2fd21d6918b7,"W", 09/18/2025 08:30:00 PM,"(UTC-07:00) Arizona",,,4570272.5,4570272.5,4570272.5,
PNTM9M2jMkKm3GLHpLiq3J4gE,"","North Campus",6c2573ce-592a-4519-989c-2fd21d6918b7,"W", 09/18/2025 08:45:00 PM,"(UTC-07:00) Arizona",,,4432793.166666667,4372971.5,4467920.5,
PNTM9M2jMkKm3GLHpLiq3J4gE,"","North Campus",6c2573ce-592a-4519-989c-2fd21d6918b7,"W", 09/18/2025 09:00:00 PM,"(UTC-07:00) Arizona",,,4504669,4498372,4510966,
PNTM9M2jMkKm3GLHpLiq3J4gE,"","North Campus",6c2573ce-592a-4519-989c-2fd21d6918b7,"W", 09/18/2025 09:15:00 PM,"(UTC-07:00) Arizona",,,4384422.25,4383432,4385412.5,
PNTM9M2jMkKm3GLHpLiq3J4gE,"","North Campus",6c2573ce-592a-4519-989c-2fd21d6918b7,"W", 09/18/2025 09:30:00 PM,"(UTC-07:00) Arizona",,,4218555.899999999,4186744.2,4253349,
PNTM9M2jMkKm3GLHpLiq3J4gE,"","North Campus",6c2573ce-592a-4519-989c-2fd21d6918b7,"W", 09/18/2025 09:45:00 PM,"(UTC-07:00) Arizona",,,4156903.5,4156903.5,4156903.5,
PNTM9M2jMkKm3GLHpLiq3J4gE,"","North Campus",6c2573ce-592a-4519-989c-2fd21d6918b7,"W", 09/18/2025 10:00:00 PM,"(UTC-07:00) Arizona",,,4112041.5,4095703.5,4128379.5,
PNTM9M2jMkKm3GLHpLiq3J4gE,"","North Campus",6c2573ce-592a-4519-989c-2fd21d6918b7,"W", 09/18/2025 10:15:00 PM,"(UTC-07:00) Arizona",,,4053545,4017972.2,4089117.8,
PNTM9M2jMkKm3GLHpLiq3J4gE,"","North Campus",6c2573ce-592a-4519-989c-2fd21d6918b7,"W", 09/18/2025 10:30:00 PM,"(UTC-07:00) Arizona",,,4035347.9333333336,3988481.8,4071067,
PNTM9M2jMkKm3GLHpLiq3J4gE,"","North Campus",6c2573ce-592a-4519-989c-2fd21d6918b7,"W", 09/18/2025 10:45:00 PM,"(UTC-07:00) Arizona",,,3804160.5,3804160.5,3804160.5,
PNTM9M2jMkKm3GLHpLiq3J4gE,"","North Campus",6c2573ce-592a-4519-989c-2fd21d6918b7,"W", 09/18/2025 11:00:00 PM,"(UTC-07:00) Arizona",,,3789556.65,3781919.8,3797193.5,
PNTM9M2jMkKm3GLHpLiq3J4gE,"","North Campus",6c2573ce-592a-4519-989c-2fd21d6918b7,"W", 09/18/2025 11:15:00 PM,"(UTC-07:00) Arizona",,,3792467.1,3784593,3800341.2,
PNTM9M2jMkKm3GLHpLiq3J4gE,"","North Campus",6c2573ce-592a-4519-989c-2fd21d6918b7,"W", 09/18/2025 11:30:00 PM,"(UTC-07:00) Arizona",,,3719300.6999999997,3686628.8,3769019.5,
PNTM9M2jMkKm3GLHpLiq3J4gE,"","North Campus",6c2573ce-592a-4519-989c-2fd21d6918b7,"W", 09/18/2025 11:45:00 PM,"(UTC-07:00) Arizona",,,3683532.8,3683532.8,3683532.8,
PNTM9M2jMkKm3GLHpLiq3J4gE,"","North Campus",6c2573ce-592a-4519-989c-2fd21d6918b7,"W", 09/19/2025 12:00:00 AM,"(UTC-07:00) Arizona",,,3626527.266666667,3615549.5,3633082.8,
PNTM9M2jMkKm3GLHpLiq3J4gE,"","North Campus",6c2573ce-592a-4519-989c-2fd21d6918b7,"W", 09/19/2025 12:15:00 AM,"(UTC-07:00) Arizona",,,3600268.25,3597532,3603004.5,
PNTM9M2jMkKm3GLHpLiq3J4gE,"","North Campus",6c2573ce-592a-4519-989c-2fd21d6918b7,"W", 09/19/2025 12:30:00 AM,"(UTC-07:00) Arizona",,,3623389.3,3596152.8,3650625.8,
PNTM9M2jMkKm3GLHpLiq3J4gE,"","North Campus",6c2573ce-592a-4519-989c-2fd21d6918b7,"W", 09/19/2025 12:45:00 AM,"(UTC-07:00) Arizona",,,3549815.1999999997,3507932.8,3577528.8,
PNTM9M2jMkKm3GLHpLiq3J4gE,"","North Campus",6c2573ce-592a-4519-989c-2fd21d6918b7,"W", 09/19/2025 01:00:00 AM,"(UTC-07:00) Arizona",,,3501442,3484984.8,3517899.2,
PNTM9M2jMkKm3GLHpLiq3J4gE,"","North Campus",6c2573ce-592a-4519-989c-2fd21d6918b7,"W", 09/19/2025 01:15:00 AM,"(UTC-07:00) Arizona",,,3414162.1666666665,3399147.8,3423471.2,
PNTM9M2jMkKm3GLHpLiq3J4gE,"","North Campus",6c2573ce-592a-4519-989c-2fd21d6918b7,"W", 09/19/2025 01:30:00 AM,"(UTC-07:00) Arizona",,,3401831.8,3401831.8,3401831.8,
PNTM9M2jMkKm3GLHpLiq3J4gE,"","North Campus",6c2573ce-592a-4519-989c-2fd21d6918b7,"W", 09/19/2025 02:15:00 AM,"(UTC-07:00) Arizona",,,3336617.5,3336617.5,3336617.5,
PNTM9M2jMkKm3GLHpLiq3J4gE,"","North Campus",6c2573ce-592a-4519-989c-2fd21d6918b7,"W", 09/19/2025 02:30:00 AM,"(UTC-07:00) Arizona",,,3345695.3333333335,3328266.5,3361705.5,
PNTM9M2jMkKm3GLHpLiq3J4gE,"","North Campus",6c2573ce-592a-4519-989c-2fd21d6918b7,"W", 09/19/2025 02:45:00 AM,"(UTC-07:00) Arizona",,,3327611,3302958.5,3352263.5,
PNTM9M2jMkKm3GLHpLiq3J4gE,"","North Campus",6c2573ce-592a-4519-989c-2fd21d6918b7,"W", 09/19/2025 03:00:00 AM,"(UTC-07:00) Arizona",,,3375283.266666667,3356266.5,3411076.5,
PNTM9M2jMkKm3GLHpLiq3J4gE,"","North Campus",6c2573ce-592a-4519-989c-2fd21d6918b7,"W", 09/19/2025 09:15:00 AM,"(UTC-07:00) Arizona",,,3592409.25,2416092.5,4768726,
PNTM9M2jMkKm3GLHpLiq3J4gE,"","North Campus",6c2573ce-592a-4519-989c-2fd21d6918b7,"W", 09/19/2025 09:30:00 AM,"(UTC-07:00) Arizona",,,4504297.833333333,4358769,4739044,
PNTM9M2jMkKm3GLHpLiq3J4gE,"","North Campus",6c2573ce-592a-4519-989c-2fd21d6918b7,"W", 09/19/2025 09:45:00 AM,"(UTC-07:00) Arizona",,,4555417.833333333,4512509.5,4608610.5,
PNTM9M2jMkKm3GLHpLiq3J4gE,"","North Campus",6c2573ce-592a-4519-989c-2fd21d6918b7,"W", 09/19/2025 10:00:00 AM,"(UTC-07:00) Arizona",,,4628182.5,4575122.5,4717926,
PNTM9M2jMkKm3GLHpLiq3J4gE,"","North Campus",6c2573ce-592a-4519-989c-2fd21d6918b7,"W", 09/19/2025 10:15:00 AM,"(UTC-07:00) Arizona",,,4799559.666666667,4741063,4911939,
PNTM9M2jMkKm3GLHpLiq3J4gE,"","North Campus",6c2573ce-592a-4519-989c-2fd21d6918b7,"W", 09/19/2025 10:30:00 AM,"(UTC-07:00) Arizona",,,4758991.833333333,4693291.5,4867624,
PNTM9M2jMkKm3GLHpLiq3J4gE,"","North Campus",6c2573ce-592a-4519-989c-2fd21d6918b7,"W", 09/19/2025 10:45:00 AM,"(UTC-07:00) Arizona",,,4717169.25,4657527.5,4776811,
PNTM9M2jMkKm3GLHpLiq3J4gE,"","North Campus",6c2573ce-592a-4519-989c-2fd21d6918b7,"W", 09/19/2025 11:00:00 AM,"(UTC-07:00) Arizona",,,4807862.75,4805821,4809904.5,
PNTM9M2jMkKm3GLHpLiq3J4gE,"","North Campus",6c2573ce-592a-4519-989c-2fd21d6918b7,"W", 09/19/2025 11:15:00 AM,"(UTC-07:00) Arizona",,,4971033.625,4957745,4981546,
PNTM9M2jMkKm3GLHpLiq3J4gE,"","North Campus",6c2573ce-592a-4519-989c-2fd21d6918b7,"W", 09/19/2025 11:30:00 AM,"(UTC-07:00) Arizona",,,4898456.666666667,4840026.5,4941951.5,
PNTM9M2jMkKm3GLHpLiq3J4gE,"","North Campus",6c2573ce-592a-4519-989c-2fd21d6918b7,"W", 09/19/2025 11:45:00 AM,"(UTC-07:00) Arizona",,,5037269.833333333,4959973.5,5093904.5,
PNTM9M2jMkKm3GLHpLiq3J4gE,"","North Campus",6c2573ce-592a-4519-989c-2fd21d6918b7,"W", 09/19/2025 12:00:00 PM,"(UTC-07:00) Arizona",,,4863466.833333333,4811279,4931802.5,
PNTM9M2jMkKm3GLHpLiq3J4gE,"","North Campus",6c2573ce-592a-4519-989c-2fd21d6918b7,"W", 09/19/2025 12:15:00 PM,"(UTC-07:00) Arizona",,,4922892.666666667,4865228.5,4998814.5,
PNTM9M2jMkKm3GLHpLiq3J4gE,"","North Campus",6c2573ce-592a-4519-989c-2fd21d6918b7,"W", 09/19/2025 12:30:00 PM,"(UTC-07:00) Arizona",,,4851774.166666667,4763029,4922566,
PNTM9M2jMkKm3GLHpLiq3J4gE,"","North Campus",6c2573ce-592a-4519-989c-2fd21d6918b7,"W", 09/19/2025 12:45:00 PM,"(UTC-07:00) Arizona",,,4796911.166666667,4775801.5,4835183,
PNTM9M2jMkKm3GLHpLiq3J4gE,"","North Campus",6c2573ce-592a-4519-989c-2fd21d6918b7,"W", 09/19/2025 01:00:00 PM,"(UTC-07:00) Arizona",,,5049405.666666667,4962269,5181391,
PNTM9M2jMkKm3GLHpLiq3J4gE,"","North Campus",6c2573ce-592a-4519-989c-2fd21d6918b7,"W", 09/19/2025 01:15:00 PM,"(UTC-07:00) Arizona",,,4906491.666666667,4639978,5099733.5,
PNTM9M2jMkKm3GLHpLiq3J4gE,"","North Campus",6c2573ce-592a-4519-989c-2fd21d6918b7,"W", 09/19/2025 01:30:00 PM,"(UTC-07:00) Arizona",,,4834602.333333333,4777028,4897500,
PNTM9M2jMkKm3GLHpLiq3J4gE,"","North Campus",6c2573ce-592a-4519-989c-2fd21d6918b7,"W", 09/19/2025 01:45:00 PM,"(UTC-07:00) Arizona",,,4896119.5,4858604,4922232,
PNTM9M2jMkKm3GLHpLiq3J4gE,"","North Campus",6c2573ce-592a-4519-989c-2fd21d6918b7,"W", 09/19/2025 02:00:00 PM,"(UTC-07:00) Arizona",,,4976946,4953164,5000728,
PNTM9M2jMkKm3GLHpLiq3J4gE,"","North Campus",6c2573ce-592a-4519-989c-2fd21d6918b7,"W", 09/19/2025 02:15:00 PM,"(UTC-07:00) Arizona",,,4994174.25,4991451,4996897.5,
PNTM9M2jMkKm3GLHpLiq3J4gE,"","North Campus",6c2573ce-592a-4519-989c-2fd21d6918b7,"W", 09/19/2025 02:30:00 PM,"(UTC-07:00) Arizona",,,5072450,5019227,5136637.5,
PNTM9M2jMkKm3GLHpLiq3J4gE,"","North Campus",6c2573ce-592a-4519-989c-2fd21d6918b7,"W", 09/19/2025 02:45:00 PM,"(UTC-07:00) Arizona",,,5018307.375,4966177.5,5075500,
PNTM9M2jMkKm3GLHpLiq3J4gE,"","North Campus",6c2573ce-592a-4519-989c-2fd21d6918b7,"W", 09/19/2025 03:00:00 PM,"(UTC-07:00) Arizona",,,5066201.166666667,5014640.5,5127807,
PNTM9M2jMkKm3GLHpLiq3J4gE,"","North Campus",6c2573ce-592a-4519-989c-2fd21d6918b7,"W", 09/19/2025 03:15:00 PM,"(UTC-07:00) Arizona",,,5066914.666666667,5038399.5,5120778.5,
PNTM9M2jMkKm3GLHpLiq3J4gE,"","North Campus",6c2573ce-592a-4519-989c-2fd21d6918b7,"W", 09/19/2025 03:30:00 PM,"(UTC-07:00) Arizona",,,4999747,4961858,5022249,
PNTM9M2jMkKm3GLHpLiq3J4gE,"","North Campus",6c2573ce-592a-4519-989c-2fd21d6918b7,"W", 09/19/2025 03:45:00 PM,"(UTC-07:00) Arizona",,,5073505.333333333,5058859.5,5084544.5,
PNTM9M2jMkKm3GLHpLiq3J4gE,"","North Campus",6c2573ce-592a-4519-989c-2fd21d6918b7,"W", 09/19/2025 04:00:00 PM,"(UTC-07:00) Arizona",,,5161970.25,5133042.5,5190898,
PNTM9M2jMkKm3GLHpLiq3J4gE,"","North Campus",6c2573ce-592a-4519-989c-2fd21d6918b7,"W", 09/19/2025 04:15:00 PM,"(UTC-07:00) Arizona",,,5142483,5079580.5,5189446.5,
PNTM9M2jMkKm3GLHpLiq3J4gE,"","North Campus",6c2573ce-592a-4519-989c-2fd21d6918b7,"W", 09/19/2025 04:30:00 PM,"(UTC-07:00) Arizona",,,5075886,5075886,5075886,
PNTM9M2jMkKm3GLHpLiq3J4gE,"","North Campus",6c2573ce-592a-4519-989c-2fd21d6918b7,"W", 09/19/2025 04:45:00 PM,"(UTC-07:00) Arizona",,,5037869.666666667,4937160.5,5128438.5,
PNTM9M2jMkKm3GLHpLiq3J4gE,"","North Campus",6c2573ce-592a-4519-989c-2fd21d6918b7,"W", 09/19/2025 05:00:00 PM,"(UTC-07:00) Arizona",,,4889495,4786825,4949706.5,
PNTM9M2jMkKm3GLHpLiq3J4gE,"","North Campus",6c2573ce-592a-4519-989c-2fd21d6918b7,"W", 09/19/2025 05:15:00 PM,"(UTC-07:00) Arizona",,,4888469.5,4874543.5,4902395.5,
PNTM9M2jMkKm3GLHpLiq3J4gE,"","North Campus",6c2573ce-592a-4519-989c-2fd21d6918b7,"W", 09/19/2025 05:30:00 PM,"(UTC-07:00) Arizona",,,4841332.5,4758039,4937792,
PNTM9M2jMkKm3GLHpLiq3J4gE,"","North Campus",6c2573ce-592a-4519-989c-2fd21d6918b7,"W", 09/19/2025 05:45:00 PM,"(UTC-07:00) Arizona",,,4816638,4777672.5,4890292.5,
PNTM9M2jMkKm3GLHpLiq3J4gE,"","North Campus",6c2573ce-592a-4519-989c-2fd21d6918b7,"W", 09/19/2025 06:00:00 PM,"(UTC-07:00) Arizona",,,4774785,4755400.5,4808928,
PNTM9M2jMkKm3GLHpLiq3J4gE,"","North Campus",6c2573ce-592a-4519-989c-2fd21d6918b7,"W", 09/19/2025 06:15:00 PM,"(UTC-07:00) Arizona",,,4796140.875,4765178,4840229,
PNTM9M2jMkKm3GLHpLiq3J4gE,"","North Campus",6c2573ce-592a-4519-989c-2fd21d6918b7,"W", 09/19/2025 06:30:00 PM,"(UTC-07:00) Arizona",,,4777848.25,4698368,4857328.5,
PNTM9M2jMkKm3GLHpLiq3J4gE,"","North Campus",6c2573ce-592a-4519-989c-2fd21d6918b7,"W", 09/19/2025 06:45:00 PM,"(UTC-07:00) Arizona",,,4687515.5,4650738,4759329.5,
PNTM9M2jMkKm3GLHpLiq3J4gE,"","North Campus",6c2573ce-592a-4519-989c-2fd21d6918b7,"W", 09/19/2025 07:00:00 PM,"(UTC-07:00) Arizona",,,4666621.25,4609704.5,4723538,
PNTM9M2jMkKm3GLHpLiq3J4gE,"","North Campus",6c2573ce-592a-4519-989c-2fd21d6918b7,"W", 09/19/2025 07:15:00 PM,"(UTC-07:00) Arizona",,,4618764.333333333,4592695.5,4648339.5,
PNTM9M2jMkKm3GLHpLiq3J4gE,"","North Campus",6c2573ce-592a-4519-989c-2fd21d6918b7,"W", 09/19/2025 07:30:00 PM,"(UTC-07:00) Arizona",,,4477111.5,4419105,4534529,
PNTM9M2jMkKm3GLHpLiq3J4gE,"","North Campus",6c2573ce-592a-4519-989c-2fd21d6918b7,"W", 09/19/2025 07:45:00 PM,"(UTC-07:00) Arizona",,,4355827.833333333,4311996,4427275,
PNTM9M2jMkKm3GLHpLiq3J4gE,"","North Campus",6c2573ce-592a-4519-989c-2fd21d6918b7,"W", 09/19/2025 08:00:00 PM,"(UTC-07:00) Arizona",,,4319456.833333333,4280050,4340106.5,
PNTM9M2jMkKm3GLHpLiq3J4gE,"","North Campus",6c2573ce-592a-4519-989c-2fd21d6918b7,"W", 09/19/2025 08:15:00 PM,"(UTC-07:00) Arizona",,,4224247.875,4168537,4254583.5,
PNTM9M2jMkKm3GLHpLiq3J4gE,"","North Campus",6c2573ce-592a-4519-989c-2fd21d6918b7,"W", 09/19/2025 08:30:00 PM,"(UTC-07:00) Arizona",,,4132087,4125286.8,4138887.2,
PNTM9M2jMkKm3GLHpLiq3J4gE,"","North Campus",6c2573ce-592a-4519-989c-2fd21d6918b7,"W", 09/19/2025 08:45:00 PM,"(UTC-07:00) Arizona",,,4051276.733333333,3975456,4092018.2,
PNTM9M2jMkKm3GLHpLiq3J4gE,"","North Campus",6c2573ce-592a-4519-989c-2fd21d6918b7,"W", 09/19/2025 09:00:00 PM,"(UTC-07:00) Arizona",,,3908002.825,3883076.8,3939122.5,
PNTM9M2jMkKm3GLHpLiq3J4gE,"","North Campus",6c2573ce-592a-4519-989c-2fd21d6918b7,"W", 09/19/2025 09:15:00 PM,"(UTC-07:00) Arizona",,,3885386.9,3850661,3920112.8,
PNTM9M2jMkKm3GLHpLiq3J4gE,"","North Campus",6c2573ce-592a-4519-989c-2fd21d6918b7,"W", 09/19/2025 09:30:00 PM,"(UTC-07:00) Arizona",,,3864025.4,3849980.8,3878070,
PNTM9M2jMkKm3GLHpLiq3J4gE,"","North Campus",6c2573ce-592a-4519-989c-2fd21d6918b7,"W", 09/19/2025 09:45:00 PM,"(UTC-07:00) Arizona",,,3854647.0666666664,3846448.5,3868341.2,
PNTM9M2jMkKm3GLHpLiq3J4gE,"","North Campus",6c2573ce-592a-4519-989c-2fd21d6918b7,"W", 09/19/2025 10:00:00 PM,"(UTC-07:00) Arizona",,,3789294.0666666664,3755763.2,3853588.8,
PNTM9M2jMkKm3GLHpLiq3J4gE,"","North Campus",6c2573ce-592a-4519-989c-2fd21d6918b7,"W", 09/19/2025 10:15:00 PM,"(UTC-07:00) Arizona",,,3744616.266666667,3737174.2,3750637.8,
PNTM9M2jMkKm3GLHpLiq3J4gE,"","North Campus",6c2573ce-592a-4519-989c-2fd21d6918b7,"W", 09/19/2025 10:30:00 PM,"(UTC-07:00) Arizona",,,3765532.8,3759883.8,3771181.8,
PNTM9M2jMkKm3GLHpLiq3J4gE,"","North Campus",6c2573ce-592a-4519-989c-2fd21d6918b7,"W", 09/19/2025 10:45:00 PM,"(UTC-07:00) Arizona",,,3732116.266666667,3715563,3747287,
PNTM9M2jMkKm3GLHpLiq3J4gE,"","North Campus",6c2573ce-592a-4519-989c-2fd21d6918b7,"W", 09/19/2025 11:00:00 PM,"(UTC-07:00) Arizona",,,3739448.3000000003,3716139.2,3775872.5,
PNTM9M2jMkKm3GLHpLiq3J4gE,"","North Campus",6c2573ce-592a-4519-989c-2fd21d6918b7,"W", 09/19/2025 11:15:00 PM,"(UTC-07:00) Arizona",,,3715222,3706117.5,3732983.5,
PNTM9M2jMkKm3GLHpLiq3J4gE,"","North Campus",6c2573ce-592a-4519-989c-2fd21d6918b7,"W", 09/19/2025 11:30:00 PM,"(UTC-07:00) Arizona",,,3711804.1,3701479.5,3729266,
PNTM9M2jMkKm3GLHpLiq3J4gE,"","North Campus",6c2573ce-592a-4519-989c-2fd21d6918b7,"W", 09/19/2025 11:45:00 PM,"(UTC-07:00) Arizona",,,3645313.1666666665,3602808.2,3667726.5,
PNTM9M2jMkKm3GLHpLiq3J4gE,"","North Campus",6c2573ce-592a-4519-989c-2fd21d6918b7,"W", 09/20/2025 12:00:00 AM,"(UTC-07:00) Arizona",,,3547614.4333333336,3533322,3574940.8,
PNTM9M2jMkKm3GLHpLiq3J4gE,"","North Campus",6c2573ce-592a-4519-989c-2fd21d6918b7,"W", 09/20/2025 12:15:00 AM,"(UTC-07:00) Arizona",,,3451999.5,3424532.5,3479466.5,
PNTM9M2jMkKm3GLHpLiq3J4gE,"","North Campus",6c2573ce-592a-4519-989c-2fd21d6918b7,"W", 09/20/2025 12:30:00 AM,"(UTC-07:00) Arizona",,,3396393.85,3393501.5,3399286.2,
PNTM9M2jMkKm3GLHpLiq3J4gE,"","North Campus",6c2573ce-592a-4519-989c-2fd21d6918b7,"W", 09/20/2025 12:45:00 AM,"(UTC-07:00) Arizona",,,3357764.65,3341138.8,3374390.5,
PNTM9M2jMkKm3GLHpLiq3J4gE,"","North Campus",6c2573ce-592a-4519-989c-2fd21d6918b7,"W", 09/20/2025 01:00:00 AM,"(UTC-07:00) Arizona",,,3349090.1666666665,3337441.5,3357453.5,
PNTM9M2jMkKm3GLHpLiq3J4gE,"","North Campus",6c2573ce-592a-4519-989c-2fd21d6918b7,"W", 09/20/2025 01:15:00 AM,"(UTC-07:00) Arizona",,,3366006.3,3349341.8,3382670.8,
PNTM9M2jMkKm3GLHpLiq3J4gE,"","North Campus",6c2573ce-592a-4519-989c-2fd21d6918b7,"W", 09/20/2025 01:30:00 AM,"(UTC-07:00) Arizona",,,3316872.4333333336,3291498,3337436.5,
PNTM9M2jMkKm3GLHpLiq3J4gE,"","North Campus",6c2573ce-592a-4519-989c-2fd21d6918b7,"W", 09/20/2025 01:45:00 AM,"(UTC-07:00) Arizona",,,3280046.7,3279840.2,3280253.2,
PNTM9M2jMkKm3GLHpLiq3J4gE,"","North Campus",6c2573ce-592a-4519-989c-2fd21d6918b7,"W", 09/20/2025 02:00:00 AM,"(UTC-07:00) Arizona",,,3252062.6666666665,3239702.5,3262877.5,
PNTM9M2jMkKm3GLHpLiq3J4gE,"","North Campus",6c2573ce-592a-4519-989c-2fd21d6918b7,"W", 09/20/2025 02:15:00 AM,"(UTC-07:00) Arizona",,,3243962.1999999997,3214639.8,3264229,
PNTM9M2jMkKm3GLHpLiq3J4gE,"","North Campus",6c2573ce-592a-4519-989c-2fd21d6918b7,"W", 09/20/2025 02:30:00 AM,"(UTC-07:00) Arizona",,,3229644.1,3203188.8,3247251.5,
PNTM9M2jMkKm3GLHpLiq3J4gE,"","North Campus",6c2573ce-592a-4519-989c-2fd21d6918b7,"W", 09/20/2025 02:45:00 AM,"(UTC-07:00) Arizona",,,3257245,3239197.8,3275559,
PNTM9M2jMkKm3GLHpLiq3J4gE,"","North Campus",6c2573ce-592a-4519-989c-2fd21d6918b7,"W", 09/20/2025 03:00:00 AM,"(UTC-07:00) Arizona",,,3226877.6666666665,3215427.8,3248154.2,
PNTM9M2jMkKm3GLHpLiq3J4gE,"","North Campus",6c2573ce-592a-4519-989c-2fd21d6918b7,"W", 09/20/2025 03:15:00 AM,"(UTC-07:00) Arizona",,,3207309.2,3207309.2,3207309.2,
PNTM9M2jMkKm3GLHpLiq3J4gE,"","North Campus",6c2573ce-592a-4519-989c-2fd21d6918b7,"W", 09/20/2025 03:30:00 AM,"(UTC-07:00) Arizona",,,3211053.65,3191817.8,3235472.5,
PNTM9M2jMkKm3GLHpLiq3J4gE,"","North Campus",6c2573ce-592a-4519-989c-2fd21d6918b7,"W", 09/20/2025 03:45:00 AM,"(UTC-07:00) Arizona",,,3233592.35,3228990.2,3238194.5,
PNTM9M2jMkKm3GLHpLiq3J4gE,"","North Campus",6c2573ce-592a-4519-989c-2fd21d6918b7,"W", 09/20/2025 04:00:00 AM,"(UTC-07:00) Arizona",,,3253098.45,3242452,3263199.8,
PNTM9M2jMkKm3GLHpLiq3J4gE,"","North Campus",6c2573ce-592a-4519-989c-2fd21d6918b7,"W", 09/20/2025 04:15:00 AM,"(UTC-07:00) Arizona",,,3229415.733333333,3213898.8,3247479.2,
PNTM9M2jMkKm3GLHpLiq3J4gE,"","North Campus",6c2573ce-592a-4519-989c-2fd21d6918b7,"W", 09/20/2025 04:30:00 AM,"(UTC-07:00) Arizona",,,3291508,3259917.2,3329296,
PNTM9M2jMkKm3GLHpLiq3J4gE,"","North Campus",6c2573ce-592a-4519-989c-2fd21d6918b7,"W", 09/20/2025 04:45:00 AM,"(UTC-07:00) Arizona",,,3293827.85,3292698.2,3294957.5,
PNTM9M2jMkKm3GLHpLiq3J4gE,"","North Campus",6c2573ce-592a-4519-989c-2fd21d6918b7,"W", 09/20/2025 05:00:00 AM,"(UTC-07:00) Arizona",,,3327373.25,3308469.5,3345789,
PNTM9M2jMkKm3GLHpLiq3J4gE,"","North Campus",6c2573ce-592a-4519-989c-2fd21d6918b7,"W", 09/20/2025 05:15:00 AM,"(UTC-07:00) Arizona",,,3319479.9333333336,3292483.8,3340178.2,
PNTM9M2jMkKm3GLHpLiq3J4gE,"","North Campus",6c2573ce-592a-4519-989c-2fd21d6918b7,"W", 09/20/2025 05:30:00 AM,"(UTC-07:00) Arizona",,,3309846.7,3306836.2,3312857.2,
PNTM9M2jMkKm3GLHpLiq3J4gE,"","North Campus",6c2573ce-592a-4519-989c-2fd21d6918b7,"W", 09/20/2025 05:45:00 AM,"(UTC-07:00) Arizona",,,3362855.6333333333,3340379.5,3394470.2,
PNTM9M2jMkKm3GLHpLiq3J4gE,"","North Campus",6c2573ce-592a-4519-989c-2fd21d6918b7,"W", 09/20/2025 06:00:00 AM,"(UTC-07:00) Arizona",,,3391893.9000000004,3375069.8,3401513.2,
PNTM9M2jMkKm3GLHpLiq3J4gE,"","North Campus",6c2573ce-592a-4519-989c-2fd21d6918b7,"W", 09/20/2025 06:15:00 AM,"(UTC-07:00) Arizona",,,3400674.6999999997,3381342.8,3433223.5,
PNTM9M2jMkKm3GLHpLiq3J4gE,"","North Campus",6c2573ce-592a-4519-989c-2fd21d6918b7,"W", 09/20/2025 06:30:00 AM,"(UTC-07:00) Arizona",,,3397160.2,3347869.2,3446451.2,
PNTM9M2jMkKm3GLHpLiq3J4gE,"","North Campus",6c2573ce-592a-4519-989c-2fd21d6918b7,"W", 09/20/2025 06:45:00 AM,"(UTC-07:00) Arizona",,,3364298.0666666664,3351668.2,3377374.8,
PNTM9M2jMkKm3GLHpLiq3J4gE,"","North Campus",6c2573ce-592a-4519-989c-2fd21d6918b7,"W", 09/20/2025 07:00:00 AM,"(UTC-07:00) Arizona",,,3402284.3333333335,3354912.8,3451005,
PNTM9M2jMkKm3GLHpLiq3J4gE,"","North Campus",6c2573ce-592a-4519-989c-2fd21d6918b7,"W", 09/20/2025 07:15:00 AM,"(UTC-07:00) Arizona",,,3343176.5666666664,3340277.2,3345216.5,
PNTM9M2jMkKm3GLHpLiq3J4gE,"","North Campus",6c2573ce-592a-4519-989c-2fd21d6918b7,"W", 09/20/2025 07:30:00 AM,"(UTC-07:00) Arizona",,,3378384.1999999997,3341318.8,3407463.8,
PNTM9M2jMkKm3GLHpLiq3J4gE,"","North Campus",6c2573ce-592a-4519-989c-2fd21d6918b7,"W", 09/20/2025 07:45:00 AM,"(UTC-07:00) Arizona",,,3372614.3333333335,3339238.2,3400627.8,
PNTM9M2jMkKm3GLHpLiq3J4gE,"","North Campus",6c2573ce-592a-4519-989c-2fd21d6918b7,"W", 09/20/2025 08:00:00 AM,"(UTC-07:00) Arizona",,,3470890.9,3434068.5,3495283,
PNTM9M2jMkKm3GLHpLiq3J4gE,"","North Campus",6c2573ce-592a-4519-989c-2fd21d6918b7,"W", 09/20/2025 08:15:00 AM,"(UTC-07:00) Arizona",,,3488095.1,3469994,3506196.2,
PNTM9M2jMkKm3GLHpLiq3J4gE,"","North Campus",6c2573ce-592a-4519-989c-2fd21d6918b7,"W", 09/20/2025 08:30:00 AM,"(UTC-07:00) Arizona",,,3579266.95,3538522.8,3596780.2,
PNTM9M2jMkKm3GLHpLiq3J4gE,"","North Campus",6c2573ce-592a-4519-989c-2fd21d6918b7,"W", 09/20/2025 08:45:00 AM,"(UTC-07:00) Arizona",,,3612375.35,3567700.2,3657050.5,
PNTM9M2jMkKm3GLHpLiq3J4gE,"","North Campus",6c2573ce-592a-4519-989c-2fd21d6918b7,"W", 09/20/2025 09:00:00 AM,"(UTC-07:00) Arizona",,,3720655.25,3661783,3780744,
PNTM9M2jMkKm3GLHpLiq3J4gE,"","North Campus",6c2573ce-592a-4519-989c-2fd21d6918b7,"W", 09/20/2025 09:15:00 AM,"(UTC-07:00) Arizona",,,3727904.15,3702042.8,3753765.5,
PNTM9M2jMkKm3GLHpLiq3J4gE,"","North Campus",6c2573ce-592a-4519-989c-2fd21d6918b7,"W", 09/20/2025 09:30:00 AM,"(UTC-07:00) Arizona",,,3853759.6,3754332.2,4074038,
PNTM9M2jMkKm3GLHpLiq3J4gE,"","North Campus",6c2573ce-592a-4519-989c-2fd21d6918b7,"W", 09/20/2025 09:45:00 AM,"(UTC-07:00) Arizona",,,4085428.2,4085428.2,4085428.2,
PNTM9M2jMkKm3GLHpLiq3J4gE,"","North Campus",6c2573ce-592a-4519-989c-2fd21d6918b7,"W", 09/20/2025 10:00:00 AM,"(UTC-07:00) Arizona",,,4051813.7,3839469.5,4149453.5,
PNTM9M2jMkKm3GLHpLiq3J4gE,"","North Campus",6c2573ce-592a-4519-989c-2fd21d6918b7,"W", 09/20/2025 10:15:00 AM,"(UTC-07:00) Arizona",,,4012537.5,3801809,4223266,
PNTM9M2jMkKm3GLHpLiq3J4gE,"","North Campus",6c2573ce-592a-4519-989c-2fd21d6918b7,"W", 09/20/2025 10:30:00 AM,"(UTC-07:00) Arizona",,,4152782.966666667,4144079.2,4164890.5,
PNTM9M2jMkKm3GLHpLiq3J4gE,"","North Campus",6c2573ce-592a-4519-989c-2fd21d6918b7,"W", 09/20/2025 10:45:00 AM,"(UTC-07:00) Arizona",,,4148794.75,4061881.8,4254460.5,
PNTM9M2jMkKm3GLHpLiq3J4gE,"","North Campus",6c2573ce-592a-4519-989c-2fd21d6918b7,"W", 09/20/2025 11:00:00 AM,"(UTC-07:00) Arizona",,,4253867.5,4226638,4300541.5,
PNTM9M2jMkKm3GLHpLiq3J4gE,"","North Campus",6c2573ce-592a-4519-989c-2fd21d6918b7,"W", 09/20/2025 11:15:00 AM,"(UTC-07:00) Arizona",,,4141888.25,4066245,4217531.5,
PNTM9M2jMkKm3GLHpLiq3J4gE,"","North Campus",6c2573ce-592a-4519-989c-2fd21d6918b7,"W", 09/20/2025 11:30:00 AM,"(UTC-07:00) Arizona",,,4185372.8333333335,4150675.8,4220164.5,
PNTM9M2jMkKm3GLHpLiq3J4gE,"","North Campus",6c2573ce-592a-4519-989c-2fd21d6918b7,"W", 09/20/2025 11:45:00 AM,"(UTC-07:00) Arizona",,,3935669.15,3848957.5,4022380.8,
PNTM9M2jMkKm3GLHpLiq3J4gE,"","North Campus",6c2573ce-592a-4519-989c-2fd21d6918b7,"W", 09/20/2025 12:00:00 PM,"(UTC-07:00) Arizona",,,4153947.466666667,4148376.2,4164146,
PNTM9M2jMkKm3GLHpLiq3J4gE,"","North Campus",6c2573ce-592a-4519-989c-2fd21d6918b7,"W", 09/20/2025 12:15:00 PM,"(UTC-07:00) Arizona",,,3972788.95,3824745.2,4126288.8,
PNTM9M2jMkKm3GLHpLiq3J4gE,"","North Campus",6c2573ce-592a-4519-989c-2fd21d6918b7,"W", 09/20/2025 12:30:00 PM,"(UTC-07:00) Arizona",,,4104580.1,3981837.2,4227323,
PNTM9M2jMkKm3GLHpLiq3J4gE,"","North Campus",6c2573ce-592a-4519-989c-2fd21d6918b7,"W", 09/20/2025 12:45:00 PM,"(UTC-07:00) Arizona",,,3927252.4333333336,3881254.5,3976684,
PNTM9M2jMkKm3GLHpLiq3J4gE,"","North Campus",6c2573ce-592a-4519-989c-2fd21d6918b7,"W", 09/20/2025 01:00:00 PM,"(UTC-07:00) Arizona",,,4119618.766666667,3943569.8,4336631.5,
PNTM9M2jMkKm3GLHpLiq3J4gE,"","North Campus",6c2573ce-592a-4519-989c-2fd21d6918b7,"W", 09/20/2025 01:15:00 PM,"(UTC-07:00) Arizona",,,4199614.425,3919550.2,4343736.5,
PNTM9M2jMkKm3GLHpLiq3J4gE,"","North Campus",6c2573ce-592a-4519-989c-2fd21d6918b7,"W", 09/20/2025 01:30:00 PM,"(UTC-07:00) Arizona",,,4305638.75,4282030,4329247.5,
PNTM9M2jMkKm3GLHpLiq3J4gE,"","North Campus",6c2573ce-592a-4519-989c-2fd21d6918b7,"W", 09/20/2025 01:45:00 PM,"(UTC-07:00) Arizona",,,4208081.333333333,4132955,4294525.5,
PNTM9M2jMkKm3GLHpLiq3J4gE,"","North Campus",6c2573ce-592a-4519-989c-2fd21d6918b7,"W", 09/20/2025 02:00:00 PM,"(UTC-07:00) Arizona",,,3937816.966666667,3898040.2,3996248.2,
PNTM9M2jMkKm3GLHpLiq3J4gE,"","North Campus",6c2573ce-592a-4519-989c-2fd21d6918b7,"W", 09/20/2025 02:15:00 PM,"(UTC-07:00) Arizona",,,3943555,3883982,4032955,
PNTM9M2jMkKm3GLHpLiq3J4gE,"","North Campus",6c2573ce-592a-4519-989c-2fd21d6918b7,"W", 09/20/2025 02:30:00 PM,"(UTC-07:00) Arizona",,,4242678.333333333,4237767.5,4250779.5,
PNTM9M2jMkKm3GLHpLiq3J4gE,"","North Campus",6c2573ce-592a-4519-989c-2fd21d6918b7,"W", 09/20/2025 02:45:00 PM,"(UTC-07:00) Arizona",,,4227742.5,4185838.5,4269646.5,
PNTM9M2jMkKm3GLHpLiq3J4gE,"","North Campus",6c2573ce-592a-4519-989c-2fd21d6918b7,"W", 09/20/2025 03:00:00 PM,"(UTC-07:00) Arizona",,,4100585.4,3990205.8,4210965,
PNTM9M2jMkKm3GLHpLiq3J4gE,"","North Campus",6c2573ce-592a-4519-989c-2fd21d6918b7,"W", 09/20/2025 03:15:00 PM,"(UTC-07:00) Arizona",,,3923461.1999999997,3871507.8,4003110,
PNTM9M2jMkKm3GLHpLiq3J4gE,"","North Campus",6c2573ce-592a-4519-989c-2fd21d6918b7,"W", 09/20/2025 03:30:00 PM,"(UTC-07:00) Arizona",,,4033467.1,3995682.5,4059972,
PNTM9M2jMkKm3GLHpLiq3J4gE,"","North Campus",6c2573ce-592a-4519-989c-2fd21d6918b7,"W", 09/20/2025 03:45:00 PM,"(UTC-07:00) Arizona",,,4166576.3000000003,4076656.2,4265057.5,
PNTM9M2jMkKm3GLHpLiq3J4gE,"","North Campus",6c2573ce-592a-4519-989c-2fd21d6918b7,"W", 09/20/2025 04:00:00 PM,"(UTC-07:00) Arizona",,,4246402.333333333,4226043,4284438,
PNTM9M2jMkKm3GLHpLiq3J4gE,"","North Campus",6c2573ce-592a-4519-989c-2fd21d6918b7,"W", 09/20/2025 04:15:00 PM,"(UTC-07:00) Arizona",,,4285378.833333333,4263581.5,4298395.5,
PNTM9M2jMkKm3GLHpLiq3J4gE,"","North Campus",6c2573ce-592a-4519-989c-2fd21d6918b7,"W", 09/20/2025 04:30:00 PM,"(UTC-07:00) Arizona",,,4252530.933333334,4193745.8,4286730.5,
PNTM9M2jMkKm3GLHpLiq3J4gE,"","North Campus",6c2573ce-592a-4519-989c-2fd21d6918b7,"W", 09/20/2025 04:45:00 PM,"(UTC-07:00) Arizona",,,4220857.733333333,4141419.2,4285207.5,
PNTM9M2jMkKm3GLHpLiq3J4gE,"","North Campus",6c2573ce-592a-4519-989c-2fd21d6918b7,"W", 09/20/2025 05:00:00 PM,"(UTC-07:00) Arizona",,,4239800.833333333,4212448.5,4264916.5,
PNTM9M2jMkKm3GLHpLiq3J4gE,"","North Campus",6c2573ce-592a-4519-989c-2fd21d6918b7,"W", 09/20/2025 05:15:00 PM,"(UTC-07:00) Arizona",,,4285934.666666667,4249896.5,4310460.5,
PNTM9M2jMkKm3GLHpLiq3J4gE,"","North Campus",6c2573ce-592a-4519-989c-2fd21d6918b7,"W", 09/20/2025 05:30:00 PM,"(UTC-07:00) Arizona",,,4283586.5,4269640.5,4297532.5,
PNTM9M2jMkKm3GLHpLiq3J4gE,"","North Campus",6c2573ce-592a-4519-989c-2fd21d6918b7,"W", 09/20/2025 05:45:00 PM,"(UTC-07:00) Arizona",,,4251806.266666667,4191409.8,4299618.5,
PNTM9M2jMkKm3GLHpLiq3J4gE,"","North Campus",6c2573ce-592a-4519-989c-2fd21d6918b7,"W", 09/20/2025 06:00:00 PM,"(UTC-07:00) Arizona",,,4297627.833333333,4260041,4332394,
PNTM9M2jMkKm3GLHpLiq3J4gE,"","North Campus",6c2573ce-592a-4519-989c-2fd21d6918b7,"W", 09/20/2025 06:15:00 PM,"(UTC-07:00) Arizona",,,4275307.5,4271427,4281696,
PNTM9M2jMkKm3GLHpLiq3J4gE,"","North Campus",6c2573ce-592a-4519-989c-2fd21d6918b7,"W", 09/20/2025 06:30:00 PM,"(UTC-07:00) Arizona",,,4237923.333333333,4205636.5,4257194.5,
PNTM9M2jMkKm3GLHpLiq3J4gE,"","North Campus",6c2573ce-592a-4519-989c-2fd21d6918b7,"W", 09/20/2025 06:45:00 PM,"(UTC-07:00) Arizona",,,4173988.8333333335,4133327.2,4236408.5,
PNTM9M2jMkKm3GLHpLiq3J4gE,"","North Campus",6c2573ce-592a-4519-989c-2fd21d6918b7,"W", 09/20/2025 07:00:00 PM,"(UTC-07:00) Arizona",,,4090418.233333333,4072805,4099615.5,
PNTM9M2jMkKm3GLHpLiq3J4gE,"","North Campus",6c2573ce-592a-4519-989c-2fd21d6918b7,"W", 09/20/2025 07:15:00 PM,"(UTC-07:00) Arizona",,,4062592.8000000003,4046860,4070739.2,
PNTM9M2jMkKm3GLHpLiq3J4gE,"","North Campus",6c2573ce-592a-4519-989c-2fd21d6918b7,"W", 09/20/2025 07:30:00 PM,"(UTC-07:00) Arizona",,,4023191.85,4000751.5,4045632.2,
PNTM9M2jMkKm3GLHpLiq3J4gE,"","North Campus",6c2573ce-592a-4519-989c-2fd21d6918b7,"W", 09/20/2025 07:45:00 PM,"(UTC-07:00) Arizona",,,4035878.8333333335,4021466.5,4047994.5,
PNTM9M2jMkKm3GLHpLiq3J4gE,"","North Campus",6c2573ce-592a-4519-989c-2fd21d6918b7,"W", 09/20/2025 08:00:00 PM,"(UTC-07:00) Arizona",,,3956306.5666666664,3935833.5,3977002,
PNTM9M2jMkKm3GLHpLiq3J4gE,"","North Campus",6c2573ce-592a-4519-989c-2fd21d6918b7,"W", 09/20/2025 08:15:00 PM,"(UTC-07:00) Arizona",,,3946228.85,3931234.2,3973533,
PNTM9M2jMkKm3GLHpLiq3J4gE,"","North Campus",6c2573ce-592a-4519-989c-2fd21d6918b7,"W", 09/20/2025 08:30:00 PM,"(UTC-07:00) Arizona",,,3930306.85,3886624.2,3973989.5,
PNTM9M2jMkKm3GLHpLiq3J4gE,"","North Campus",6c2573ce-592a-4519-989c-2fd21d6918b7,"W", 09/20/2025 08:45:00 PM,"(UTC-07:00) Arizona",,,3857540.3666666667,3856304.8,3858433.5,
PNTM9M2jMkKm3GLHpLiq3J4gE,"","North Campus",6c2573ce-592a-4519-989c-2fd21d6918b7,"W", 09/20/2025 09:00:00 PM,"(UTC-07:00) Arizona",,,3801223.8,3801223.8,3801223.8,
PNTM9M2jMkKm3GLHpLiq3J4gE,"","North Campus",6c2573ce-592a-4519-989c-2fd21d6918b7,"W", 09/20/2025 09:15:00 PM,"(UTC-07:00) Arizona",,,3775895.0999999996,3754452.5,3807462.5,
PNTM9M2jMkKm3GLHpLiq3J4gE,"","North Campus",6c2573ce-592a-4519-989c-2fd21d6918b7,"W", 09/20/2025 09:30:00 PM,"(UTC-07:00) Arizona",,,3829205,3786061.8,3872348.2,
PNTM9M2jMkKm3GLHpLiq3J4gE,"","North Campus",6c2573ce-592a-4519-989c-2fd21d6918b7,"W", 09/20/2025 09:45:00 PM,"(UTC-07:00) Arizona",,,3792741.1,3762866.8,3845832,
PNTM9M2jMkKm3GLHpLiq3J4gE,"","North Campus",6c2573ce-592a-4519-989c-2fd21d6918b7,"W", 09/20/2025 10:00:00 PM,"(UTC-07:00) Arizona",,,3735742.6,3717234.2,3754251,
PNTM9M2jMkKm3GLHpLiq3J4gE,"","North Campus",6c2573ce-592a-4519-989c-2fd21d6918b7,"W", 09/20/2025 10:15:00 PM,"(UTC-07:00) Arizona",,,3721560.7249999996,3708419.5,3736513.2,
PNTM9M2jMkKm3GLHpLiq3J4gE,"","North Campus",6c2573ce-592a-4519-989c-2fd21d6918b7,"W", 09/20/2025 10:30:00 PM,"(UTC-07:00) Arizona",,,3680632.3,3672602.8,3688661.8,
PNTM9M2jMkKm3GLHpLiq3J4gE,"","North Campus",6c2573ce-592a-4519-989c-2fd21d6918b7,"W", 09/20/2025 10:45:00 PM,"(UTC-07:00) Arizona",,,3672682.3333333335,3652113,3685075.2,
PNTM9M2jMkKm3GLHpLiq3J4gE,"","North Campus",6c2573ce-592a-4519-989c-2fd21d6918b7,"W", 09/20/2025 11:00:00 PM,"(UTC-07:00) Arizona",,,3664227.05,3635573,3699145.2,
PNTM9M2jMkKm3GLHpLiq3J4gE,"","North Campus",6c2573ce-592a-4519-989c-2fd21d6918b7,"W", 09/20/2025 11:15:00 PM,"(UTC-07:00) Arizona",,,3606932.1,3583239.2,3630625,
PNTM9M2jMkKm3GLHpLiq3J4gE,"","North Campus",6c2573ce-592a-4519-989c-2fd21d6918b7,"W", 09/20/2025 11:30:00 PM,"(UTC-07:00) Arizona",,,3631278.85,3623357.2,3639200.5,
PNTM9M2jMkKm3GLHpLiq3J4gE,"","North Campus",6c2573ce-592a-4519-989c-2fd21d6918b7,"W", 09/20/2025 11:45:00 PM,"(UTC-07:00) Arizona",,,3586335.733333333,3524479.2,3640421,
PNTM9M2jMkKm3GLHpLiq3J4gE,"","North Campus",6c2573ce-592a-4519-989c-2fd21d6918b7,"W", 09/21/2025 12:00:00 AM,"(UTC-07:00) Arizona",,,3472184.2,3444634.8,3489982.5,
PNTM9M2jMkKm3GLHpLiq3J4gE,"","North Campus",6c2573ce-592a-4519-989c-2fd21d6918b7,"W", 09/21/2025 12:15:00 AM,"(UTC-07:00) Arizona",,,3385260,3355448,3418265.2,
PNTM9M2jMkKm3GLHpLiq3J4gE,"","North Campus",6c2573ce-592a-4519-989c-2fd21d6918b7,"W", 09/21/2025 12:30:00 AM,"(UTC-07:00) Arizona",,,3366960.2,3361372.2,3372548.2,
PNTM9M2jMkKm3GLHpLiq3J4gE,"","North Campus",6c2573ce-592a-4519-989c-2fd21d6918b7,"W", 09/21/2025 12:45:00 AM,"(UTC-07:00) Arizona",,,3332083.75,3310948.5,3347559,
PNTM9M2jMkKm3GLHpLiq3J4gE,"","North Campus",6c2573ce-592a-4519-989c-2fd21d6918b7,"W", 09/21/2025 01:00:00 AM,"(UTC-07:00) Arizona",,,3291268.6,3272333.8,3307167.5,
PNTM9M2jMkKm3GLHpLiq3J4gE,"","North Campus",6c2573ce-592a-4519-989c-2fd21d6918b7,"W", 09/21/2025 01:15:00 AM,"(UTC-07:00) Arizona",,,3295459.3,3279022.8,3311895.8,
PNTM9M2jMkKm3GLHpLiq3J4gE,"","North Campus",6c2573ce-592a-4519-989c-2fd21d6918b7,"W", 09/21/2025 01:30:00 AM,"(UTC-07:00) Arizona",,,3269299.966666667,3218944.2,3305549.2,
PNTM9M2jMkKm3GLHpLiq3J4gE,"","North Campus",6c2573ce-592a-4519-989c-2fd21d6918b7,"W", 09/21/2025 01:45:00 AM,"(UTC-07:00) Arizona",,,3262159.266666667,3242578.8,3275387,
PNTM9M2jMkKm3GLHpLiq3J4gE,"","North Campus",6c2573ce-592a-4519-989c-2fd21d6918b7,"W", 09/21/2025 02:00:00 AM,"(UTC-07:00) Arizona",,,3244437.5,3213924.2,3281013.5,
PNTM9M2jMkKm3GLHpLiq3J4gE,"","North Campus",6c2573ce-592a-4519-989c-2fd21d6918b7,"W", 09/21/2025 02:15:00 AM,"(UTC-07:00) Arizona",,,3201424.9,3193033.8,3213778.8,
PNTM9M2jMkKm3GLHpLiq3J4gE,"","North Campus",6c2573ce-592a-4519-989c-2fd21d6918b7,"W", 09/21/2025 02:30:00 AM,"(UTC-07:00) Arizona",,,3230632.1999999997,3200902.8,3268815.8,
PNTM9M2jMkKm3GLHpLiq3J4gE,"","North Campus",6c2573ce-592a-4519-989c-2fd21d6918b7,"W", 09/21/2025 02:45:00 AM,"(UTC-07:00) Arizona",,,3186903,3180477.8,3193328.2,
PNTM9M2jMkKm3GLHpLiq3J4gE,"","North Campus",6c2573ce-592a-4519-989c-2fd21d6918b7,"W", 09/21/2025 03:00:00 AM,"(UTC-07:00) Arizona",,,3182374.966666667,3162772.2,3196916.5,
PNTM9M2jMkKm3GLHpLiq3J4gE,"","North Campus",6c2573ce-592a-4519-989c-2fd21d6918b7,"W", 09/21/2025 03:15:00 AM,"(UTC-07:00) Arizona",,,3200381.3333333335,3188463.2,3209699,
PNTM9M2jMkKm3GLHpLiq3J4gE,"","North Campus",6c2573ce-592a-4519-989c-2fd21d6918b7,"W", 09/21/2025 03:30:00 AM,"(UTC-07:00) Arizona",,,3205187.35,3167037.2,3243337.5,
PNTM9M2jMkKm3GLHpLiq3J4gE,"","North Campus",6c2573ce-592a-4519-989c-2fd21d6918b7,"W", 09/21/2025 03:45:00 AM,"(UTC-07:00) Arizona",,,3206805.575,3193188.8,3219679,
PNTM9M2jMkKm3GLHpLiq3J4gE,"","North Campus",6c2573ce-592a-4519-989c-2fd21d6918b7,"W", 09/21/2025 04:00:00 AM,"(UTC-07:00) Arizona",,,3205719.25,3192859,3218579.5,
PNTM9M2jMkKm3GLHpLiq3J4gE,"","North Campus",6c2573ce-592a-4519-989c-2fd21d6918b7,"W", 09/21/2025 04:15:00 AM,"(UTC-07:00) Arizona",,,3246290.6,3241478.2,3251103,
PNTM9M2jMkKm3GLHpLiq3J4gE,"","North Campus",6c2573ce-592a-4519-989c-2fd21d6918b7,"W", 09/21/2025 04:30:00 AM,"(UTC-07:00) Arizona",,,3265777.6666666665,3259147.8,3278012,
PNTM9M2jMkKm3GLHpLiq3J4gE,"","North Campus",6c2573ce-592a-4519-989c-2fd21d6918b7,"W", 09/21/2025 04:45:00 AM,"(UTC-07:00) Arizona",,,3249844.4333333336,3220700,3275865.8,
PNTM9M2jMkKm3GLHpLiq3J4gE,"","North Campus",6c2573ce-592a-4519-989c-2fd21d6918b7,"W", 09/21/2025 05:00:00 AM,"(UTC-07:00) Arizona",,,3278347.5666666664,3262682,3292177.2,
PNTM9M2jMkKm3GLHpLiq3J4gE,"","North Campus",6c2573ce-592a-4519-989c-2fd21d6918b7,"W", 09/21/2025 05:15:00 AM,"(UTC-07:00) Arizona",,,3302434.266666667,3276794.2,3331833.8,
PNTM9M2jMkKm3GLHpLiq3J4gE,"","North Campus",6c2573ce-592a-4519-989c-2fd21d6918b7,"W", 09/21/2025 05:30:00 AM,"(UTC-07:00) Arizona",,,3281447.6333333333,3239193.2,3330738.5,
PNTM9M2jMkKm3GLHpLiq3J4gE,"","North Campus",6c2573ce-592a-4519-989c-2fd21d6918b7,"W", 09/21/2025 05:45:00 AM,"(UTC-07:00) Arizona",,,3294842.4,3269578,3320106.8,
PNTM9M2jMkKm3GLHpLiq3J4gE,"","North Campus",6c2573ce-592a-4519-989c-2fd21d6918b7,"W", 09/21/2025 06:00:00 AM,"(UTC-07:00) Arizona",,,3367980.8333333335,3354550.2,3376967.5,
PNTM9M2jMkKm3GLHpLiq3J4gE,"","North Campus",6c2573ce-592a-4519-989c-2fd21d6918b7,"W", 09/21/2025 06:15:00 AM,"(UTC-07:00) Arizona",,,3319260.1,3311830.8,3326505,
PNTM9M2jMkKm3GLHpLiq3J4gE,"","North Campus",6c2573ce-592a-4519-989c-2fd21d6918b7,"W", 09/21/2025 06:30:00 AM,"(UTC-07:00) Arizona",,,3293551.0666666664,3264951.5,3313529.2,
PNTM9M2jMkKm3GLHpLiq3J4gE,"","North Campus",6c2573ce-592a-4519-989c-2fd21d6918b7,"W", 09/21/2025 06:45:00 AM,"(UTC-07:00) Arizona",,,3247439,3224357,3270521,
PNTM9M2jMkKm3GLHpLiq3J4gE,"","North Campus",6c2573ce-592a-4519-989c-2fd21d6918b7,"W", 09/21/2025 07:00:00 AM,"(UTC-07:00) Arizona",,,3240438.0666666664,3182078.2,3271064.8,
PNTM9M2jMkKm3GLHpLiq3J4gE,"","North Campus",6c2573ce-592a-4519-989c-2fd21d6918b7,"W", 09/21/2025 07:15:00 AM,"(UTC-07:00) Arizona",,,3206967.9,3186624,3227311.8,
PNTM9M2jMkKm3GLHpLiq3J4gE,"","North Campus",6c2573ce-592a-4519-989c-2fd21d6918b7,"W", 09/21/2025 07:30:00 AM,"(UTC-07:00) Arizona",,,3257273.3,3222719.8,3291826.8,
PNTM9M2jMkKm3GLHpLiq3J4gE,"","North Campus",6c2573ce-592a-4519-989c-2fd21d6918b7,"W", 09/21/2025 07:45:00 AM,"(UTC-07:00) Arizona",,,3224191.733333333,3198782.2,3239443,
PNTM9M2jMkKm3GLHpLiq3J4gE,"","North Campus",6c2573ce-592a-4519-989c-2fd21d6918b7,"W", 09/21/2025 08:00:00 AM,"(UTC-07:00) Arizona",,,3318793,3311306.2,3326607.2,
PNTM9M2jMkKm3GLHpLiq3J4gE,"","North Campus",6c2573ce-592a-4519-989c-2fd21d6918b7,"W", 09/21/2025 08:15:00 AM,"(UTC-07:00) Arizona",,,3443911.233333333,3410083.2,3479945.5,
PNTM9M2jMkKm3GLHpLiq3J4gE,"","North Campus",6c2573ce-592a-4519-989c-2fd21d6918b7,"W", 09/21/2025 08:30:00 AM,"(UTC-07:00) Arizona",,,3461599.0666666664,3438122,3492150,
PNTM9M2jMkKm3GLHpLiq3J4gE,"","North Campus",6c2573ce-592a-4519-989c-2fd21d6918b7,"W", 09/21/2025 08:45:00 AM,"(UTC-07:00) Arizona",,,3526348.9333333336,3512143,3541257,
PNTM9M2jMkKm3GLHpLiq3J4gE,"","North Campus",6c2573ce-592a-4519-989c-2fd21d6918b7,"W", 09/21/2025 09:00:00 AM,"(UTC-07:00) Arizona",,,3525510.5,3522207.5,3528813.5,
PNTM9M2jMkKm3GLHpLiq3J4gE,"","North Campus",6c2573ce-592a-4519-989c-2fd21d6918b7,"W", 09/21/2025 09:15:00 AM,"(UTC-07:00) Arizona",,,3534519.625,3503912.5,3563951,
PNTM9M2jMkKm3GLHpLiq3J4gE,"","North Campus",6c2573ce-592a-4519-989c-2fd21d6918b7,"W", 09/21/2025 09:30:00 AM,"(UTC-07:00) Arizona",,,3586812.4333333336,3557534.5,3602860.8,
PNTM9M2jMkKm3GLHpLiq3J4gE,"","North Campus",6c2573ce-592a-4519-989c-2fd21d6918b7,"W", 09/21/2025 09:45:00 AM,"(UTC-07:00) Arizona",,,3550010.1,3523244.2,3576776,
PNTM9M2jMkKm3GLHpLiq3J4gE,"","North Campus",6c2573ce-592a-4519-989c-2fd21d6918b7,"W", 09/21/2025 10:00:00 AM,"(UTC-07:00) Arizona",,,3653662.5,3617723,3689602,
PNTM9M2jMkKm3GLHpLiq3J4gE,"","North Campus",6c2573ce-592a-4519-989c-2fd21d6918b7,"W", 09/21/2025 10:15:00 AM,"(UTC-07:00) Arizona",,,3766635.825,3743327.5,3811743,
PNTM9M2jMkKm3GLHpLiq3J4gE,"","North Campus",6c2573ce-592a-4519-989c-2fd21d6918b7,"W", 09/21/2025 10:30:00 AM,"(UTC-07:00) Arizona",,,3738622.9,3731264.5,3748654.2,
PNTM9M2jMkKm3GLHpLiq3J4gE,"","North Campus",6c2573ce-592a-4519-989c-2fd21d6918b7,"W", 09/21/2025 10:45:00 AM,"(UTC-07:00) Arizona",,,3706545.6666666665,3688025.8,3716148.2,
PNTM9M2jMkKm3GLHpLiq3J4gE,"","North Campus",6c2573ce-592a-4519-989c-2fd21d6918b7,"W", 09/21/2025 11:00:00 AM,"(UTC-07:00) Arizona",,,3757897,3709638.8,3806854.2,
PNTM9M2jMkKm3GLHpLiq3J4gE,"","North Campus",6c2573ce-592a-4519-989c-2fd21d6918b7,"W", 09/21/2025 11:15:00 AM,"(UTC-07:00) Arizona",,,4038113.3333333335,4015083.2,4054807,
PNTM9M2jMkKm3GLHpLiq3J4gE,"","North Campus",6c2573ce-592a-4519-989c-2fd21d6918b7,"W", 09/21/2025 11:30:00 AM,"(UTC-07:00) Arizona",,,4088564.3333333335,4033022,4117343,
PNTM9M2jMkKm3GLHpLiq3J4gE,"","North Campus",6c2573ce-592a-4519-989c-2fd21d6918b7,"W", 09/21/2025 11:45:00 AM,"(UTC-07:00) Arizona",,,4035553.5,4022015.8,4049091.2,
PNTM9M2jMkKm3GLHpLiq3J4gE,"","North Campus",6c2573ce-592a-4519-989c-2fd21d6918b7,"W", 09/21/2025 12:00:00 PM,"(UTC-07:00) Arizona",,,4022132.7999999993,3993812.8,4068827.8,
PNTM9M2jMkKm3GLHpLiq3J4gE,"","North Campus",6c2573ce-592a-4519-989c-2fd21d6918b7,"W", 09/21/2025 12:15:00 PM,"(UTC-07:00) Arizona",,,3919251.2,3758772.5,4017904.8,
PNTM9M2jMkKm3GLHpLiq3J4gE,"","North Campus",6c2573ce-592a-4519-989c-2fd21d6918b7,"W", 09/21/2025 12:30:00 PM,"(UTC-07:00) Arizona",,,3967036.5,3866756.2,4067316.8,
PNTM9M2jMkKm3GLHpLiq3J4gE,"","North Campus",6c2573ce-592a-4519-989c-2fd21d6918b7,"W", 09/21/2025 12:45:00 PM,"(UTC-07:00) Arizona",,,3907093.4000000004,3748018.2,4106611.8,
PNTM9M2jMkKm3GLHpLiq3J4gE,"","North Campus",6c2573ce-592a-4519-989c-2fd21d6918b7,"W", 09/21/2025 01:00:00 PM,"(UTC-07:00) Arizona",,,4010707.5,3930445,4090970,
PNTM9M2jMkKm3GLHpLiq3J4gE,"","North Campus",6c2573ce-592a-4519-989c-2fd21d6918b7,"W", 09/21/2025 01:15:00 PM,"(UTC-07:00) Arizona",,,4016120.533333333,4002259,4035447.8,
PNTM9M2jMkKm3GLHpLiq3J4gE,"","North Campus",6c2573ce-592a-4519-989c-2fd21d6918b7,"W", 09/21/2025 01:30:00 PM,"(UTC-07:00) Arizona",,,4077242.133333333,4040543.8,4139137.8,
PNTM9M2jMkKm3GLHpLiq3J4gE,"","North Campus",6c2573ce-592a-4519-989c-2fd21d6918b7,"W", 09/21/2025 01:45:00 PM,"(UTC-07:00) Arizona",,,4133772.4,4104558,4162986.8,
PNTM9M2jMkKm3GLHpLiq3J4gE,"","North Campus",6c2573ce-592a-4519-989c-2fd21d6918b7,"W", 09/21/2025 02:00:00 PM,"(UTC-07:00) Arizona",,,4176125.1666666665,4127860.8,4219482.5,
PNTM9M2jMkKm3GLHpLiq3J4gE,"","North Campus",6c2573ce-592a-4519-989c-2fd21d6918b7,"W", 09/21/2025 02:15:00 PM,"(UTC-07:00) Arizona",,,4162300.2750000004,4116769.5,4196314,
PNTM9M2jMkKm3GLHpLiq3J4gE,"","North Campus",6c2573ce-592a-4519-989c-2fd21d6918b7,"W", 09/21/2025 02:30:00 PM,"(UTC-07:00) Arizona",,,4217194,4217194,4217194,
PNTM9M2jMkKm3GLHpLiq3J4gE,"","North Campus",6c2573ce-592a-4519-989c-2fd21d6918b7,"W", 09/21/2025 02:45:00 PM,"(UTC-07:00) Arizona",,,4068284.25,4025858,4110710.5,
PNTM9M2jMkKm3GLHpLiq3J4gE,"","North Campus",6c2573ce-592a-4519-989c-2fd21d6918b7,"W", 09/21/2025 03:00:00 PM,"(UTC-07:00) Arizona",,,4172819.35,4161699.5,4183939.2,
PNTM9M2jMkKm3GLHpLiq3J4gE,"","North Campus",6c2573ce-592a-4519-989c-2fd21d6918b7,"W", 09/21/2025 03:15:00 PM,"(UTC-07:00) Arizona",,,4143255.65,4014800.8,4271710.5,
PNTM9M2jMkKm3GLHpLiq3J4gE,"","North Campus",6c2573ce-592a-4519-989c-2fd21d6918b7,"W", 09/21/2025 03:30:00 PM,"(UTC-07:00) Arizona",,,4237883,4203155,4275195.5,
PNTM9M2jMkKm3GLHpLiq3J4gE,"","North Campus",6c2573ce-592a-4519-989c-2fd21d6918b7,"W", 09/21/2025 03:45:00 PM,"(UTC-07:00) Arizona",,,4306567.75,4272638,4340497.5,
PNTM9M2jMkKm3GLHpLiq3J4gE,"","North Campus",6c2573ce-592a-4519-989c-2fd21d6918b7,"W", 09/21/2025 04:00:00 PM,"(UTC-07:00) Arizona",,,4268344,4240384,4299717.5,
PNTM9M2jMkKm3GLHpLiq3J4gE,"","North Campus",6c2573ce-592a-4519-989c-2fd21d6918b7,"W", 09/21/2025 04:15:00 PM,"(UTC-07:00) Arizona",,,4289095,4283365,4294825,
PNTM9M2jMkKm3GLHpLiq3J4gE,"","North Campus",6c2573ce-592a-4519-989c-2fd21d6918b7,"W", 09/21/2025 04:30:00 PM,"(UTC-07:00) Arizona",,,4291152.5,4252930.5,4340785,
PNTM9M2jMkKm3GLHpLiq3J4gE,"","North Campus",6c2573ce-592a-4519-989c-2fd21d6918b7,"W", 09/21/2025 04:45:00 PM,"(UTC-07:00) Arizona",,,4319036.666666667,4288969,4371628,
PNTM9M2jMkKm3GLHpLiq3J4gE,"","North Campus",6c2573ce-592a-4519-989c-2fd21d6918b7,"W", 09/21/2025 05:00:00 PM,"(UTC-07:00) Arizona",,,4304941,4289482,4319407.5,
PNTM9M2jMkKm3GLHpLiq3J4gE,"","North Campus",6c2573ce-592a-4519-989c-2fd21d6918b7,"W", 09/21/2025 05:15:00 PM,"(UTC-07:00) Arizona",,,4278585.875,4230864,4358578,
PNTM9M2jMkKm3GLHpLiq3J4gE,"","North Campus",6c2573ce-592a-4519-989c-2fd21d6918b7,"W", 09/21/2025 05:30:00 PM,"(UTC-07:00) Arizona",,,4317210.25,4286980.5,4347440,
PNTM9M2jMkKm3GLHpLiq3J4gE,"","North Campus",6c2573ce-592a-4519-989c-2fd21d6918b7,"W", 09/21/2025 05:45:00 PM,"(UTC-07:00) Arizona",,,4330332.166666667,4322977.5,4337108.5,
PNTM9M2jMkKm3GLHpLiq3J4gE,"","North Campus",6c2573ce-592a-4519-989c-2fd21d6918b7,"W", 09/21/2025 06:00:00 PM,"(UTC-07:00) Arizona",,,4326358.5,4279172.5,4372279.5,
PNTM9M2jMkKm3GLHpLiq3J4gE,"","North Campus",6c2573ce-592a-4519-989c-2fd21d6918b7,"W", 09/21/2025 06:15:00 PM,"(UTC-07:00) Arizona",,,4316691.375,4275199.5,4343288,
PNTM9M2jMkKm3GLHpLiq3J4gE,"","North Campus",6c2573ce-592a-4519-989c-2fd21d6918b7,"W", 09/21/2025 06:30:00 PM,"(UTC-07:00) Arizona",,,4359233.5,4333350.5,4385116.5,
PNTM9M2jMkKm3GLHpLiq3J4gE,"","North Campus",6c2573ce-592a-4519-989c-2fd21d6918b7,"W", 09/21/2025 06:45:00 PM,"(UTC-07:00) Arizona",,,4290984.5,4241375.5,4334394.5,
PNTM9M2jMkKm3GLHpLiq3J4gE,"","North Campus",6c2573ce-592a-4519-989c-2fd21d6918b7,"W", 09/21/2025 07:00:00 PM,"(UTC-07:00) Arizona",,,4279440.333333333,4260209,4292513,
PNTM9M2jMkKm3GLHpLiq3J4gE,"","North Campus",6c2573ce-592a-4519-989c-2fd21d6918b7,"W", 09/21/2025 07:15:00 PM,"(UTC-07:00) Arizona",,,4336309.666666667,4311076,4360882.5,
PNTM9M2jMkKm3GLHpLiq3J4gE,"","North Campus",6c2573ce-592a-4519-989c-2fd21d6918b7,"W", 09/21/2025 07:30:00 PM,"(UTC-07:00) Arizona",,,4252894,4230894,4273976.5,
PNTM9M2jMkKm3GLHpLiq3J4gE,"","North Campus",6c2573ce-592a-4519-989c-2fd21d6918b7,"W", 09/21/2025 07:45:00 PM,"(UTC-07:00) Arizona",,,4169541.8333333335,4104895.2,4227148.5,
PNTM9M2jMkKm3GLHpLiq3J4gE,"","North Campus",6c2573ce-592a-4519-989c-2fd21d6918b7,"W", 09/21/2025 08:00:00 PM,"(UTC-07:00) Arizona",,,4131503.5,4120075.5,4149055.2,
PNTM9M2jMkKm3GLHpLiq3J4gE,"","North Campus",6c2573ce-592a-4519-989c-2fd21d6918b7,"W", 09/21/2025 08:15:00 PM,"(UTC-07:00) Arizona",,,4101425.266666667,4087624.8,4119741.8,
PNTM9M2jMkKm3GLHpLiq3J4gE,"","North Campus",6c2573ce-592a-4519-989c-2fd21d6918b7,"W", 09/21/2025 08:30:00 PM,"(UTC-07:00) Arizona",,,4067265.4333333336,4046070.8,4109487.5,
PNTM9M2jMkKm3GLHpLiq3J4gE,"","North Campus",6c2573ce-592a-4519-989c-2fd21d6918b7,"W", 09/21/2025 08:45:00 PM,"(UTC-07:00) Arizona",,,3946793.35,3884878.5,4008708.2,
PNTM9M2jMkKm3GLHpLiq3J4gE,"","North Campus",6c2573ce-592a-4519-989c-2fd21d6918b7,"W", 09/21/2025 09:00:00 PM,"(UTC-07:00) Arizona",,,3962370.6666666665,3954416.2,3966836,
PNTM9M2jMkKm3GLHpLiq3J4gE,"","North Campus",6c2573ce-592a-4519-989c-2fd21d6918b7,"W", 09/21/2025 09:15:00 PM,"(UTC-07:00) Arizona",,,3935303.5,3876209.5,4007555.2,
PNTM9M2jMkKm3GLHpLiq3J4gE,"","North Campus",6c2573ce-592a-4519-989c-2fd21d6918b7,"W", 09/21/2025 09:30:00 PM,"(UTC-07:00) Arizona",,,3907670.4,3856221.2,3946259.8,
PNTM9M2jMkKm3GLHpLiq3J4gE,"","North Campus",6c2573ce-592a-4519-989c-2fd21d6918b7,"W", 09/21/2025 09:45:00 PM,"(UTC-07:00) Arizona",,,3913269.3333333335,3897590.2,3930378.8,
PNTM9M2jMkKm3GLHpLiq3J4gE,"","North Campus",6c2573ce-592a-4519-989c-2fd21d6918b7,"W", 09/21/2025 10:00:00 PM,"(UTC-07:00) Arizona",,,3831257,3816377.8,3846136.2,
PNTM9M2jMkKm3GLHpLiq3J4gE,"","North Campus",6c2573ce-592a-4519-989c-2fd21d6918b7,"W", 09/21/2025 10:15:00 PM,"(UTC-07:00) Arizona",,,3802675.9,3802111,3803240.8,
PNTM9M2jMkKm3GLHpLiq3J4gE,"","North Campus",6c2573ce-592a-4519-989c-2fd21d6918b7,"W", 09/21/2025 10:30:00 PM,"(UTC-07:00) Arizona",,,3793924.5,3779991.8,3816073.2,
PNTM9M2jMkKm3GLHpLiq3J4gE,"","North Campus",6c2573ce-592a-4519-989c-2fd21d6918b7,"W", 09/21/2025 10:45:00 PM,"(UTC-07:00) Arizona",,,3755546.5,3724382,3784782.5,
PNTM9M2jMkKm3GLHpLiq3J4gE,"","North Campus",6c2573ce-592a-4519-989c-2fd21d6918b7,"W", 09/21/2025 11:00:00 PM,"(UTC-07:00) Arizona",,,3743428.733333333,3734145.2,3752230.8,
PNTM9M2jMkKm3GLHpLiq3J4gE,"","North Campus",6c2573ce-592a-4519-989c-2fd21d6918b7,"W", 09/21/2025 11:15:00 PM,"(UTC-07:00) Arizona",,,3665261.033333333,3635830.8,3696668.5,
PNTM9M2jMkKm3GLHpLiq3J4gE,"","North Campus",6c2573ce-592a-4519-989c-2fd21d6918b7,"W", 09/21/2025 11:30:00 PM,"(UTC-07:00) Arizona",,,3637052.1999999997,3614385,3665228.8,
PNTM9M2jMkKm3GLHpLiq3J4gE,"","North Campus",6c2573ce-592a-4519-989c-2fd21d6918b7,"W", 09/21/2025 11:45:00 PM,"(UTC-07:00) Arizona",,,3637040.766666667,3612320,3677850.5,
