ExternalPointID,Tags,Parent Equipment Name,Site Name,FrequencyUnit,Time,Timezone,OnCount,OffCount,Average,Minimum,Maximum,Sum,State
PNTM9M2jMkKm3GLHpLiq3J4gE,"","North Campus",6c2573ce-592a-4519-989c-2fd21d6918b7,"W", 06/09/2025 12:00:00 AM,"(UTC-07:00) Arizona",,,3109613.75,3097706,3117175.2,
PNTM9M2jMkKm3GLHpLiq3J4gE,"","North Campus",6c2573ce-592a-4519-989c-2fd21d6918b7,"W", 06/09/2025 12:15:00 AM,"(UTC-07:00) Arizona",,,3099167.9,3075916.5,3121792,
PNTM9M2jMkKm3GLHpLiq3J4gE,"","North Campus",6c2573ce-592a-4519-989c-2fd21d6918b7,"W", 06/09/2025 12:30:00 AM,"(UTC-07:00) Arizona",,,3128226.23333333,3113934.5,3140517.2,
PNTM9M2jMkKm3GLHpLiq3J4gE,"","North Campus",6c2573ce-592a-4519-989c-2fd21d6918b7,"W", 06/09/2025 12:45:00 AM,"(UTC-07:00) Arizona",,,3103410.425,3081361.2,3142828.2,
PNTM9M2jMkKm3GLHpLiq3J4gE,"","North Campus",6c2573ce-592a-4519-989c-2fd21d6918b7,"W", 06/09/2025 01:00:00 AM,"(UTC-07:00) Arizona",,,3106207.2,3083908.8,3130473,
PNTM9M2jMkKm3GLHpLiq3J4gE,"","North Campus",6c2573ce-592a-4519-989c-2fd21d6918b7,"W", 06/09/2025 01:15:00 AM,"(UTC-07:00) Arizona",,,3103790.125,3093448.5,3113581.5,
PNTM9M2jMkKm3GLHpLiq3J4gE,"","North Campus",6c2573ce-592a-4519-989c-2fd21d6918b7,"W", 06/09/2025 01:30:00 AM,"(UTC-07:00) Arizona",,,3093659.6,3074909.5,3117464.5,
PNTM9M2jMkKm3GLHpLiq3J4gE,"","North Campus",6c2573ce-592a-4519-989c-2fd21d6918b7,"W", 06/09/2025 01:45:00 AM,"(UTC-07:00) Arizona",,,3077998.925,3039347.5,3105751.5,
PNTM9M2jMkKm3GLHpLiq3J4gE,"","North Campus",6c2573ce-592a-4519-989c-2fd21d6918b7,"W", 06/09/2025 02:00:00 AM,"(UTC-07:00) Arizona",,,3064187.825,3034520.8,3102848.5,
PNTM9M2jMkKm3GLHpLiq3J4gE,"","North Campus",6c2573ce-592a-4519-989c-2fd21d6918b7,"W", 06/09/2025 02:15:00 AM,"(UTC-07:00) Arizona",,,3050051.05,3042241,3064583.2,
PNTM9M2jMkKm3GLHpLiq3J4gE,"","North Campus",6c2573ce-592a-4519-989c-2fd21d6918b7,"W", 06/09/2025 02:30:00 AM,"(UTC-07:00) Arizona",,,3063157.53333333,3033772,3083741.8,
PNTM9M2jMkKm3GLHpLiq3J4gE,"","North Campus",6c2573ce-592a-4519-989c-2fd21d6918b7,"W", 06/09/2025 02:45:00 AM,"(UTC-07:00) Arizona",,,3057005.3,3042787.5,3078127,
PNTM9M2jMkKm3GLHpLiq3J4gE,"","North Campus",6c2573ce-592a-4519-989c-2fd21d6918b7,"W", 06/09/2025 03:00:00 AM,"(UTC-07:00) Arizona",,,3061696.2,3049258.8,3078637,
PNTM9M2jMkKm3GLHpLiq3J4gE,"","North Campus",6c2573ce-592a-4519-989c-2fd21d6918b7,"W", 06/09/2025 03:15:00 AM,"(UTC-07:00) Arizona",,,3098937.175,3046579.8,3133766.5,
PNTM9M2jMkKm3GLHpLiq3J4gE,"","North Campus",6c2573ce-592a-4519-989c-2fd21d6918b7,"W", 06/09/2025 03:30:00 AM,"(UTC-07:00) Arizona",,,3037214.83333333,3032898.2,3039827.5,
PNTM9M2jMkKm3GLHpLiq3J4gE,"","North Campus",6c2573ce-592a-4519-989c-2fd21d6918b7,"W", 06/09/2025 03:45:00 AM,"(UTC-07:00) Arizona",,,3116495.5,3046307.5,3170903,
PNTM9M2jMkKm3GLHpLiq3J4gE,"","North Campus",6c2573ce-592a-4519-989c-2fd21d6918b7,"W", 06/09/2025 04:00:00 AM,"(UTC-07:00) Arizona",,,3194446.46666667,3176293.8,3206027.8,
PNTM9M2jMkKm3GLHpLiq3J4gE,"","North Campus",6c2573ce-592a-4519-989c-2fd21d6918b7,"W", 06/09/2025 04:15:00 AM,"(UTC-07:00) Arizona",,,3224169.5,3208187.5,3242543.2,
PNTM9M2jMkKm3GLHpLiq3J4gE,"","North Campus",6c2573ce-592a-4519-989c-2fd21d6918b7,"W", 06/09/2025 04:30:00 AM,"(UTC-07:00) Arizona",,,3259392.5,3246901,3275719,
PNTM9M2jMkKm3GLHpLiq3J4gE,"","North Campus",6c2573ce-592a-4519-989c-2fd21d6918b7,"W", 06/09/2025 04:45:00 AM,"(UTC-07:00) Arizona",,,3280923.25,3264189,3300563.8,
PNTM9M2jMkKm3GLHpLiq3J4gE,"","North Campus",6c2573ce-592a-4519-989c-2fd21d6918b7,"W", 06/09/2025 05:00:00 AM,"(UTC-07:00) Arizona",,,3316219.76666667,3287007,3370690.8,
PNTM9M2jMkKm3GLHpLiq3J4gE,"","North Campus",6c2573ce-592a-4519-989c-2fd21d6918b7,"W", 06/09/2025 05:15:00 AM,"(UTC-07:00) Arizona",,,3309071.5,3286025.2,3325065.8,
PNTM9M2jMkKm3GLHpLiq3J4gE,"","North Campus",6c2573ce-592a-4519-989c-2fd21d6918b7,"W", 06/09/2025 05:30:00 AM,"(UTC-07:00) Arizona",,,3305242.56666667,3285467.5,3334046,
PNTM9M2jMkKm3GLHpLiq3J4gE,"","North Campus",6c2573ce-592a-4519-989c-2fd21d6918b7,"W", 06/09/2025 05:45:00 AM,"(UTC-07:00) Arizona",,,3276243.95,3266117,3290087.5,
PNTM9M2jMkKm3GLHpLiq3J4gE,"","North Campus",6c2573ce-592a-4519-989c-2fd21d6918b7,"W", 06/09/2025 06:00:00 AM,"(UTC-07:00) Arizona",,,3393258.75,3367218.5,3430209.2,
PNTM9M2jMkKm3GLHpLiq3J4gE,"","North Campus",6c2573ce-592a-4519-989c-2fd21d6918b7,"W", 06/09/2025 06:15:00 AM,"(UTC-07:00) Arizona",,,3377365.375,3347337,3397605.8,
PNTM9M2jMkKm3GLHpLiq3J4gE,"","North Campus",6c2573ce-592a-4519-989c-2fd21d6918b7,"W", 06/09/2025 06:30:00 AM,"(UTC-07:00) Arizona",,,3355789.96666667,3343970.2,3367146.5,
PNTM9M2jMkKm3GLHpLiq3J4gE,"","North Campus",6c2573ce-592a-4519-989c-2fd21d6918b7,"W", 06/09/2025 06:45:00 AM,"(UTC-07:00) Arizona",,,3361723.93333333,3343101.5,3377187.8,
PNTM9M2jMkKm3GLHpLiq3J4gE,"","North Campus",6c2573ce-592a-4519-989c-2fd21d6918b7,"W", 06/09/2025 07:00:00 AM,"(UTC-07:00) Arizona",,,3553652.73333333,3525516.2,3593270.5,
PNTM9M2jMkKm3GLHpLiq3J4gE,"","North Campus",6c2573ce-592a-4519-989c-2fd21d6918b7,"W", 06/09/2025 07:15:00 AM,"(UTC-07:00) Arizona",,,3665279.775,3641591.8,3678758.8,
PNTM9M2jMkKm3GLHpLiq3J4gE,"","North Campus",6c2573ce-592a-4519-989c-2fd21d6918b7,"W", 06/09/2025 07:30:00 AM,"(UTC-07:00) Arizona",,,3766465.325,3740215.5,3784556.8,
PNTM9M2jMkKm3GLHpLiq3J4gE,"","North Campus",6c2573ce-592a-4519-989c-2fd21d6918b7,"W", 06/09/2025 07:45:00 AM,"(UTC-07:00) Arizona",,,3832399.45,3797890.8,3865208.5,
PNTM9M2jMkKm3GLHpLiq3J4gE,"","North Campus",6c2573ce-592a-4519-989c-2fd21d6918b7,"W", 06/09/2025 08:00:00 AM,"(UTC-07:00) Arizona",,,3953292.325,3898964.5,4022444,
PNTM9M2jMkKm3GLHpLiq3J4gE,"","North Campus",6c2573ce-592a-4519-989c-2fd21d6918b7,"W", 06/09/2025 08:15:00 AM,"(UTC-07:00) Arizona",,,4027034.66666667,3960706.2,4067875,
PNTM9M2jMkKm3GLHpLiq3J4gE,"","North Campus",6c2573ce-592a-4519-989c-2fd21d6918b7,"W", 06/09/2025 08:30:00 AM,"(UTC-07:00) Arizona",,,4096517.125,4014760.5,4177637.5,
PNTM9M2jMkKm3GLHpLiq3J4gE,"","North Campus",6c2573ce-592a-4519-989c-2fd21d6918b7,"W", 06/09/2025 08:45:00 AM,"(UTC-07:00) Arizona",,,4128068.2,4084142.8,4197854,
PNTM9M2jMkKm3GLHpLiq3J4gE,"","North Campus",6c2573ce-592a-4519-989c-2fd21d6918b7,"W", 06/09/2025 09:00:00 AM,"(UTC-07:00) Arizona",,,4254190.16666667,4208514.5,4317717,
PNTM9M2jMkKm3GLHpLiq3J4gE,"","North Campus",6c2573ce-592a-4519-989c-2fd21d6918b7,"W", 06/09/2025 09:15:00 AM,"(UTC-07:00) Arizona",,,4258816.33333333,4249719.5,4267967.5,
PNTM9M2jMkKm3GLHpLiq3J4gE,"","North Campus",6c2573ce-592a-4519-989c-2fd21d6918b7,"W", 06/09/2025 09:30:00 AM,"(UTC-07:00) Arizona",,,4231249.125,4196842,4269913,
PNTM9M2jMkKm3GLHpLiq3J4gE,"","North Campus",6c2573ce-592a-4519-989c-2fd21d6918b7,"W", 06/09/2025 09:45:00 AM,"(UTC-07:00) Arizona",,,4275154.83333333,4228602.5,4305396.5,
PNTM9M2jMkKm3GLHpLiq3J4gE,"","North Campus",6c2573ce-592a-4519-989c-2fd21d6918b7,"W", 06/09/2025 10:00:00 AM,"(UTC-07:00) Arizona",,,4406602.375,4289028,4513829.5,
PNTM9M2jMkKm3GLHpLiq3J4gE,"","North Campus",6c2573ce-592a-4519-989c-2fd21d6918b7,"W", 06/09/2025 10:15:00 AM,"(UTC-07:00) Arizona",,,4823857.25,4638557,4926588,
PNTM9M2jMkKm3GLHpLiq3J4gE,"","North Campus",6c2573ce-592a-4519-989c-2fd21d6918b7,"W", 06/09/2025 10:30:00 AM,"(UTC-07:00) Arizona",,,4565622.75,4433213,4794080,
PNTM9M2jMkKm3GLHpLiq3J4gE,"","North Campus",6c2573ce-592a-4519-989c-2fd21d6918b7,"W", 06/09/2025 10:45:00 AM,"(UTC-07:00) Arizona",,,4444274.66666667,4404453,4471493.5,
PNTM9M2jMkKm3GLHpLiq3J4gE,"","North Campus",6c2573ce-592a-4519-989c-2fd21d6918b7,"W", 06/09/2025 11:00:00 AM,"(UTC-07:00) Arizona",,,4506261.375,4432631,4653680.5,
PNTM9M2jMkKm3GLHpLiq3J4gE,"","North Campus",6c2573ce-592a-4519-989c-2fd21d6918b7,"W", 06/09/2025 11:15:00 AM,"(UTC-07:00) Arizona",,,4530676.125,4430548,4663187.5,
PNTM9M2jMkKm3GLHpLiq3J4gE,"","North Campus",6c2573ce-592a-4519-989c-2fd21d6918b7,"W", 06/09/2025 11:30:00 AM,"(UTC-07:00) Arizona",,,4597146.375,4471911,4845776.5,
PNTM9M2jMkKm3GLHpLiq3J4gE,"","North Campus",6c2573ce-592a-4519-989c-2fd21d6918b7,"W", 06/09/2025 11:45:00 AM,"(UTC-07:00) Arizona",,,4881103.66666667,4832579,4919160,
PNTM9M2jMkKm3GLHpLiq3J4gE,"","North Campus",6c2573ce-592a-4519-989c-2fd21d6918b7,"W", 06/09/2025 12:00:00 PM,"(UTC-07:00) Arizona",,,4839900.5,4785963.5,4892866.5,
PNTM9M2jMkKm3GLHpLiq3J4gE,"","North Campus",6c2573ce-592a-4519-989c-2fd21d6918b7,"W", 06/09/2025 12:15:00 PM,"(UTC-07:00) Arizona",,,4735962.875,4636328.5,4797594,
PNTM9M2jMkKm3GLHpLiq3J4gE,"","North Campus",6c2573ce-592a-4519-989c-2fd21d6918b7,"W", 06/09/2025 12:30:00 PM,"(UTC-07:00) Arizona",,,4782775.25,4771184,4794366.5,
PNTM9M2jMkKm3GLHpLiq3J4gE,"","North Campus",6c2573ce-592a-4519-989c-2fd21d6918b7,"W", 06/09/2025 12:45:00 PM,"(UTC-07:00) Arizona",,,4779039,4757586,4810595.5,
PNTM9M2jMkKm3GLHpLiq3J4gE,"","North Campus",6c2573ce-592a-4519-989c-2fd21d6918b7,"W", 06/09/2025 01:00:00 PM,"(UTC-07:00) Arizona",,,4587572.16666667,4376934,4762317,
PNTM9M2jMkKm3GLHpLiq3J4gE,"","North Campus",6c2573ce-592a-4519-989c-2fd21d6918b7,"W", 06/09/2025 01:15:00 PM,"(UTC-07:00) Arizona",,,4757920,4631514.5,4838336,
PNTM9M2jMkKm3GLHpLiq3J4gE,"","North Campus",6c2573ce-592a-4519-989c-2fd21d6918b7,"W", 06/09/2025 01:30:00 PM,"(UTC-07:00) Arizona",,,4821232.66666667,4801915.5,4844755.5,
PNTM9M2jMkKm3GLHpLiq3J4gE,"","North Campus",6c2573ce-592a-4519-989c-2fd21d6918b7,"W", 06/09/2025 01:45:00 PM,"(UTC-07:00) Arizona",,,4806572,4801050,4813524.5,
PNTM9M2jMkKm3GLHpLiq3J4gE,"","North Campus",6c2573ce-592a-4519-989c-2fd21d6918b7,"W", 06/09/2025 02:00:00 PM,"(UTC-07:00) Arizona",,,4869944.33333333,4843826.5,4898489,
PNTM9M2jMkKm3GLHpLiq3J4gE,"","North Campus",6c2573ce-592a-4519-989c-2fd21d6918b7,"W", 06/09/2025 02:15:00 PM,"(UTC-07:00) Arizona",,,4818427,4780487.5,4891588,
PNTM9M2jMkKm3GLHpLiq3J4gE,"","North Campus",6c2573ce-592a-4519-989c-2fd21d6918b7,"W", 06/09/2025 02:30:00 PM,"(UTC-07:00) Arizona",,,4657687.625,4574664.5,4728487,
PNTM9M2jMkKm3GLHpLiq3J4gE,"","North Campus",6c2573ce-592a-4519-989c-2fd21d6918b7,"W", 06/09/2025 02:45:00 PM,"(UTC-07:00) Arizona",,,4727457.125,4619686,4803250,
PNTM9M2jMkKm3GLHpLiq3J4gE,"","North Campus",6c2573ce-592a-4519-989c-2fd21d6918b7,"W", 06/09/2025 03:00:00 PM,"(UTC-07:00) Arizona",,,4749955.75,4718549,4791763.5,
PNTM9M2jMkKm3GLHpLiq3J4gE,"","North Campus",6c2573ce-592a-4519-989c-2fd21d6918b7,"W", 06/09/2025 03:15:00 PM,"(UTC-07:00) Arizona",,,4778859.33333333,4742111.5,4799961,
PNTM9M2jMkKm3GLHpLiq3J4gE,"","North Campus",6c2573ce-592a-4519-989c-2fd21d6918b7,"W", 06/09/2025 03:30:00 PM,"(UTC-07:00) Arizona",,,4856367.125,4823571,4871480,
PNTM9M2jMkKm3GLHpLiq3J4gE,"","North Campus",6c2573ce-592a-4519-989c-2fd21d6918b7,"W", 06/09/2025 03:45:00 PM,"(UTC-07:00) Arizona",,,4867024.25,4832911,4930276.5,
PNTM9M2jMkKm3GLHpLiq3J4gE,"","North Campus",6c2573ce-592a-4519-989c-2fd21d6918b7,"W", 06/09/2025 04:00:00 PM,"(UTC-07:00) Arizona",,,4881092.66666667,4840538,4912974,
PNTM9M2jMkKm3GLHpLiq3J4gE,"","North Campus",6c2573ce-592a-4519-989c-2fd21d6918b7,"W", 06/09/2025 04:15:00 PM,"(UTC-07:00) Arizona",,,4786467.875,4775938.5,4793625.5,
PNTM9M2jMkKm3GLHpLiq3J4gE,"","North Campus",6c2573ce-592a-4519-989c-2fd21d6918b7,"W", 06/09/2025 04:30:00 PM,"(UTC-07:00) Arizona",,,4756980.5,4745777,4766415.5,
PNTM9M2jMkKm3GLHpLiq3J4gE,"","North Campus",6c2573ce-592a-4519-989c-2fd21d6918b7,"W", 06/09/2025 04:45:00 PM,"(UTC-07:00) Arizona",,,4713584.625,4683012.5,4743150.5,
PNTM9M2jMkKm3GLHpLiq3J4gE,"","North Campus",6c2573ce-592a-4519-989c-2fd21d6918b7,"W", 06/09/2025 05:00:00 PM,"(UTC-07:00) Arizona",,,4644170.66666667,4613875,4661226,
PNTM9M2jMkKm3GLHpLiq3J4gE,"","North Campus",6c2573ce-592a-4519-989c-2fd21d6918b7,"W", 06/09/2025 05:15:00 PM,"(UTC-07:00) Arizona",,,4585112.625,4568141,4610498.5,
PNTM9M2jMkKm3GLHpLiq3J4gE,"","North Campus",6c2573ce-592a-4519-989c-2fd21d6918b7,"W", 06/09/2025 05:30:00 PM,"(UTC-07:00) Arizona",,,4472080.16666667,4413128.5,4538128,
PNTM9M2jMkKm3GLHpLiq3J4gE,"","North Campus",6c2573ce-592a-4519-989c-2fd21d6918b7,"W", 06/09/2025 05:45:00 PM,"(UTC-07:00) Arizona",,,4370716.5,4341664.5,4405700,
PNTM9M2jMkKm3GLHpLiq3J4gE,"","North Campus",6c2573ce-592a-4519-989c-2fd21d6918b7,"W", 06/09/2025 06:00:00 PM,"(UTC-07:00) Arizona",,,4401890.625,4382375.5,4429652,
PNTM9M2jMkKm3GLHpLiq3J4gE,"","North Campus",6c2573ce-592a-4519-989c-2fd21d6918b7,"W", 06/09/2025 06:15:00 PM,"(UTC-07:00) Arizona",,,4354189.125,4334188.5,4383670,
PNTM9M2jMkKm3GLHpLiq3J4gE,"","North Campus",6c2573ce-592a-4519-989c-2fd21d6918b7,"W", 06/09/2025 06:30:00 PM,"(UTC-07:00) Arizona",,,4299269.33333333,4272144.5,4319691.5,
PNTM9M2jMkKm3GLHpLiq3J4gE,"","North Campus",6c2573ce-592a-4519-989c-2fd21d6918b7,"W", 06/09/2025 06:45:00 PM,"(UTC-07:00) Arizona",,,4274697.25,4260312.5,4293675,
PNTM9M2jMkKm3GLHpLiq3J4gE,"","North Campus",6c2573ce-592a-4519-989c-2fd21d6918b7,"W", 06/09/2025 07:00:00 PM,"(UTC-07:00) Arizona",,,4087841.36666667,4069550.8,4106821.8,
PNTM9M2jMkKm3GLHpLiq3J4gE,"","North Campus",6c2573ce-592a-4519-989c-2fd21d6918b7,"W", 06/09/2025 07:15:00 PM,"(UTC-07:00) Arizona",,,4060990.73333333,3993233,4104045,
PNTM9M2jMkKm3GLHpLiq3J4gE,"","North Campus",6c2573ce-592a-4519-989c-2fd21d6918b7,"W", 06/09/2025 07:30:00 PM,"(UTC-07:00) Arizona",,,3907953.6,3895626.8,3916279.2,
PNTM9M2jMkKm3GLHpLiq3J4gE,"","North Campus",6c2573ce-592a-4519-989c-2fd21d6918b7,"W", 06/09/2025 07:45:00 PM,"(UTC-07:00) Arizona",,,3867728.6,3836935,3907602,
PNTM9M2jMkKm3GLHpLiq3J4gE,"","North Campus",6c2573ce-592a-4519-989c-2fd21d6918b7,"W", 06/09/2025 08:00:00 PM,"(UTC-07:00) Arizona",,,3756718.175,3712882.2,3795613.5,
PNTM9M2jMkKm3GLHpLiq3J4gE,"","North Campus",6c2573ce-592a-4519-989c-2fd21d6918b7,"W", 06/09/2025 08:15:00 PM,"(UTC-07:00) Arizona",,,3626079.66666667,3614697.8,3643055,
PNTM9M2jMkKm3GLHpLiq3J4gE,"","North Campus",6c2573ce-592a-4519-989c-2fd21d6918b7,"W", 06/09/2025 08:30:00 PM,"(UTC-07:00) Arizona",,,3612060.05,3577597,3649859,
PNTM9M2jMkKm3GLHpLiq3J4gE,"","North Campus",6c2573ce-592a-4519-989c-2fd21d6918b7,"W", 06/09/2025 08:45:00 PM,"(UTC-07:00) Arizona",,,3560612.06666667,3546341,3572766.2,
PNTM9M2jMkKm3GLHpLiq3J4gE,"","North Campus",6c2573ce-592a-4519-989c-2fd21d6918b7,"W", 06/09/2025 09:00:00 PM,"(UTC-07:00) Arizona",,,3497579.5,3485414.2,3518525.5,
PNTM9M2jMkKm3GLHpLiq3J4gE,"","North Campus",6c2573ce-592a-4519-989c-2fd21d6918b7,"W", 06/09/2025 09:15:00 PM,"(UTC-07:00) Arizona",,,3453164.95,3439624.2,3469270,
PNTM9M2jMkKm3GLHpLiq3J4gE,"","North Campus",6c2573ce-592a-4519-989c-2fd21d6918b7,"W", 06/09/2025 09:30:00 PM,"(UTC-07:00) Arizona",,,3438840.36666667,3437291.5,3439863.8,
PNTM9M2jMkKm3GLHpLiq3J4gE,"","North Campus",6c2573ce-592a-4519-989c-2fd21d6918b7,"W", 06/09/2025 09:45:00 PM,"(UTC-07:00) Arizona",,,3450777.775,3436736,3459346.8,
PNTM9M2jMkKm3GLHpLiq3J4gE,"","North Campus",6c2573ce-592a-4519-989c-2fd21d6918b7,"W", 06/09/2025 10:00:00 PM,"(UTC-07:00) Arizona",,,3403326.43333333,3318319,3448346.8,
PNTM9M2jMkKm3GLHpLiq3J4gE,"","North Campus",6c2573ce-592a-4519-989c-2fd21d6918b7,"W", 06/09/2025 10:15:00 PM,"(UTC-07:00) Arizona",,,3365433.9,3340038,3394993.5,
PNTM9M2jMkKm3GLHpLiq3J4gE,"","North Campus",6c2573ce-592a-4519-989c-2fd21d6918b7,"W", 06/09/2025 10:30:00 PM,"(UTC-07:00) Arizona",,,3377659.825,3333873.8,3407453.5,
PNTM9M2jMkKm3GLHpLiq3J4gE,"","North Campus",6c2573ce-592a-4519-989c-2fd21d6918b7,"W", 06/09/2025 10:45:00 PM,"(UTC-07:00) Arizona",,,3383469.76666667,3352435.5,3436661.8,
PNTM9M2jMkKm3GLHpLiq3J4gE,"","North Campus",6c2573ce-592a-4519-989c-2fd21d6918b7,"W", 06/09/2025 11:00:00 PM,"(UTC-07:00) Arizona",,,3326794.875,3302393,3357212.2,
PNTM9M2jMkKm3GLHpLiq3J4gE,"","North Campus",6c2573ce-592a-4519-989c-2fd21d6918b7,"W", 06/09/2025 11:15:00 PM,"(UTC-07:00) Arizona",,,3291039.675,3245830.5,3340724.5,
PNTM9M2jMkKm3GLHpLiq3J4gE,"","North Campus",6c2573ce-592a-4519-989c-2fd21d6918b7,"W", 06/09/2025 11:30:00 PM,"(UTC-07:00) Arizona",,,3219618.3,3206547,3233322.2,
PNTM9M2jMkKm3GLHpLiq3J4gE,"","North Campus",6c2573ce-592a-4519-989c-2fd21d6918b7,"W", 06/09/2025 11:45:00 PM,"(UTC-07:00) Arizona",,,3182145.8,3158784,3202641,
PNTM9M2jMkKm3GLHpLiq3J4gE,"","North Campus",6c2573ce-592a-4519-989c-2fd21d6918b7,"W", 06/10/2025 12:00:00 AM,"(UTC-07:00) Arizona",,,3162674.25,3144774.5,3179255.2,
PNTM9M2jMkKm3GLHpLiq3J4gE,"","North Campus",6c2573ce-592a-4519-989c-2fd21d6918b7,"W", 06/10/2025 12:15:00 AM,"(UTC-07:00) Arizona",,,3157384.4,3148447.2,3168599.5,
PNTM9M2jMkKm3GLHpLiq3J4gE,"","North Campus",6c2573ce-592a-4519-989c-2fd21d6918b7,"W", 06/10/2025 12:30:00 AM,"(UTC-07:00) Arizona",,,3166444.35,3133816.2,3196370,
PNTM9M2jMkKm3GLHpLiq3J4gE,"","North Campus",6c2573ce-592a-4519-989c-2fd21d6918b7,"W", 06/10/2025 12:45:00 AM,"(UTC-07:00) Arizona",,,3135571.25,3125479.8,3145940.5,
PNTM9M2jMkKm3GLHpLiq3J4gE,"","North Campus",6c2573ce-592a-4519-989c-2fd21d6918b7,"W", 06/10/2025 01:00:00 AM,"(UTC-07:00) Arizona",,,3132626.3,3126245.2,3137916.2,
PNTM9M2jMkKm3GLHpLiq3J4gE,"","North Campus",6c2573ce-592a-4519-989c-2fd21d6918b7,"W", 06/10/2025 01:15:00 AM,"(UTC-07:00) Arizona",,,3131785.3,3116241.5,3143829,
PNTM9M2jMkKm3GLHpLiq3J4gE,"","North Campus",6c2573ce-592a-4519-989c-2fd21d6918b7,"W", 06/10/2025 01:30:00 AM,"(UTC-07:00) Arizona",,,3143381.4,3140022.2,3146358,
PNTM9M2jMkKm3GLHpLiq3J4gE,"","North Campus",6c2573ce-592a-4519-989c-2fd21d6918b7,"W", 06/10/2025 01:45:00 AM,"(UTC-07:00) Arizona",,,3139304.1,3110490,3159447.2,
PNTM9M2jMkKm3GLHpLiq3J4gE,"","North Campus",6c2573ce-592a-4519-989c-2fd21d6918b7,"W", 06/10/2025 02:00:00 AM,"(UTC-07:00) Arizona",,,3133734.15,3106939.5,3153923.8,
PNTM9M2jMkKm3GLHpLiq3J4gE,"","North Campus",6c2573ce-592a-4519-989c-2fd21d6918b7,"W", 06/10/2025 02:15:00 AM,"(UTC-07:00) Arizona",,,3098643.4,3083197.2,3115956.5,
PNTM9M2jMkKm3GLHpLiq3J4gE,"","North Campus",6c2573ce-592a-4519-989c-2fd21d6918b7,"W", 06/10/2025 02:30:00 AM,"(UTC-07:00) Arizona",,,3101952.725,3067154,3135688.2,
PNTM9M2jMkKm3GLHpLiq3J4gE,"","North Campus",6c2573ce-592a-4519-989c-2fd21d6918b7,"W", 06/10/2025 02:45:00 AM,"(UTC-07:00) Arizona",,,3069947.26666667,3047071.5,3091624.8,
PNTM9M2jMkKm3GLHpLiq3J4gE,"","North Campus",6c2573ce-592a-4519-989c-2fd21d6918b7,"W", 06/10/2025 03:00:00 AM,"(UTC-07:00) Arizona",,,3060781.75,3028269.5,3095573.2,
PNTM9M2jMkKm3GLHpLiq3J4gE,"","North Campus",6c2573ce-592a-4519-989c-2fd21d6918b7,"W", 06/10/2025 03:15:00 AM,"(UTC-07:00) Arizona",,,3102462.56666667,3088031,3117278.5,
PNTM9M2jMkKm3GLHpLiq3J4gE,"","North Campus",6c2573ce-592a-4519-989c-2fd21d6918b7,"W", 06/10/2025 03:30:00 AM,"(UTC-07:00) Arizona",,,3055815.675,3049352.5,3066112.8,
PNTM9M2jMkKm3GLHpLiq3J4gE,"","North Campus",6c2573ce-592a-4519-989c-2fd21d6918b7,"W", 06/10/2025 03:45:00 AM,"(UTC-07:00) Arizona",,,3198437.3,3169150.8,3219354,
PNTM9M2jMkKm3GLHpLiq3J4gE,"","North Campus",6c2573ce-592a-4519-989c-2fd21d6918b7,"W", 06/10/2025 04:00:00 AM,"(UTC-07:00) Arizona",,,3192014,3182649,3203490.5,
PNTM9M2jMkKm3GLHpLiq3J4gE,"","North Campus",6c2573ce-592a-4519-989c-2fd21d6918b7,"W", 06/10/2025 04:15:00 AM,"(UTC-07:00) Arizona",,,3261228.175,3226729.2,3315213,
PNTM9M2jMkKm3GLHpLiq3J4gE,"","North Campus",6c2573ce-592a-4519-989c-2fd21d6918b7,"W", 06/10/2025 04:30:00 AM,"(UTC-07:00) Arizona",,,3280983.3,3274713.8,3287252.8,
PNTM9M2jMkKm3GLHpLiq3J4gE,"","North Campus",6c2573ce-592a-4519-989c-2fd21d6918b7,"W", 06/10/2025 04:45:00 AM,"(UTC-07:00) Arizona",,,3250124.26666667,3246197.8,3253475.8,
PNTM9M2jMkKm3GLHpLiq3J4gE,"","North Campus",6c2573ce-592a-4519-989c-2fd21d6918b7,"W", 06/10/2025 05:00:00 AM,"(UTC-07:00) Arizona",,,3325616.5,3275886.5,3354567,
PNTM9M2jMkKm3GLHpLiq3J4gE,"","North Campus",6c2573ce-592a-4519-989c-2fd21d6918b7,"W", 06/10/2025 05:15:00 AM,"(UTC-07:00) Arizona",,,3356268.225,3339497.5,3375112.2,
PNTM9M2jMkKm3GLHpLiq3J4gE,"","North Campus",6c2573ce-592a-4519-989c-2fd21d6918b7,"W", 06/10/2025 05:30:00 AM,"(UTC-07:00) Arizona",,,3327549.575,3301480,3362476.5,
PNTM9M2jMkKm3GLHpLiq3J4gE,"","North Campus",6c2573ce-592a-4519-989c-2fd21d6918b7,"W", 06/10/2025 05:45:00 AM,"(UTC-07:00) Arizona",,,3316317.23333333,3298756,3330910.5,
PNTM9M2jMkKm3GLHpLiq3J4gE,"","North Campus",6c2573ce-592a-4519-989c-2fd21d6918b7,"W", 06/10/2025 06:00:00 AM,"(UTC-07:00) Arizona",,,3407475.65,3397221.8,3423604.2,
PNTM9M2jMkKm3GLHpLiq3J4gE,"","North Campus",6c2573ce-592a-4519-989c-2fd21d6918b7,"W", 06/10/2025 06:15:00 AM,"(UTC-07:00) Arizona",,,3444629.2,3386856.8,3479421.5,
PNTM9M2jMkKm3GLHpLiq3J4gE,"","North Campus",6c2573ce-592a-4519-989c-2fd21d6918b7,"W", 06/10/2025 06:30:00 AM,"(UTC-07:00) Arizona",,,3502036.2,3468151,3546907.5,
PNTM9M2jMkKm3GLHpLiq3J4gE,"","North Campus",6c2573ce-592a-4519-989c-2fd21d6918b7,"W", 06/10/2025 06:45:00 AM,"(UTC-07:00) Arizona",,,3515271.76666667,3501267,3539841.8,
PNTM9M2jMkKm3GLHpLiq3J4gE,"","North Campus",6c2573ce-592a-4519-989c-2fd21d6918b7,"W", 06/10/2025 07:00:00 AM,"(UTC-07:00) Arizona",,,3682490.5,3641776.8,3736670.8,
PNTM9M2jMkKm3GLHpLiq3J4gE,"","North Campus",6c2573ce-592a-4519-989c-2fd21d6918b7,"W", 06/10/2025 07:15:00 AM,"(UTC-07:00) Arizona",,,3753521,3689526,3842498,
PNTM9M2jMkKm3GLHpLiq3J4gE,"","North Campus",6c2573ce-592a-4519-989c-2fd21d6918b7,"W", 06/10/2025 07:30:00 AM,"(UTC-07:00) Arizona",,,3861274.925,3784823,3958240.2,
PNTM9M2jMkKm3GLHpLiq3J4gE,"","North Campus",6c2573ce-592a-4519-989c-2fd21d6918b7,"W", 06/10/2025 07:45:00 AM,"(UTC-07:00) Arizona",,,3930020.5,3907659.8,3954519.2,
PNTM9M2jMkKm3GLHpLiq3J4gE,"","North Campus",6c2573ce-592a-4519-989c-2fd21d6918b7,"W", 06/10/2025 08:00:00 AM,"(UTC-07:00) Arizona",,,4064434.1,4034706.8,4106311,
PNTM9M2jMkKm3GLHpLiq3J4gE,"","North Campus",6c2573ce-592a-4519-989c-2fd21d6918b7,"W", 06/10/2025 08:15:00 AM,"(UTC-07:00) Arizona",,,4068385.9,4041184.8,4107030.2,
PNTM9M2jMkKm3GLHpLiq3J4gE,"","North Campus",6c2573ce-592a-4519-989c-2fd21d6918b7,"W", 06/10/2025 08:30:00 AM,"(UTC-07:00) Arizona",,,4138339.825,4069734,4230768.5,
PNTM9M2jMkKm3GLHpLiq3J4gE,"","North Campus",6c2573ce-592a-4519-989c-2fd21d6918b7,"W", 06/10/2025 08:45:00 AM,"(UTC-07:00) Arizona",,,4282406,4209727.5,4335498.5,
PNTM9M2jMkKm3GLHpLiq3J4gE,"","North Campus",6c2573ce-592a-4519-989c-2fd21d6918b7,"W", 06/10/2025 09:00:00 AM,"(UTC-07:00) Arizona",,,4345598.375,4315976,4379858.5,
PNTM9M2jMkKm3GLHpLiq3J4gE,"","North Campus",6c2573ce-592a-4519-989c-2fd21d6918b7,"W", 06/10/2025 09:15:00 AM,"(UTC-07:00) Arizona",,,4369342,4368133.5,4370306.5,
PNTM9M2jMkKm3GLHpLiq3J4gE,"","North Campus",6c2573ce-592a-4519-989c-2fd21d6918b7,"W", 06/10/2025 09:30:00 AM,"(UTC-07:00) Arizona",,,4413328,4397915,4425537.5,
PNTM9M2jMkKm3GLHpLiq3J4gE,"","North Campus",6c2573ce-592a-4519-989c-2fd21d6918b7,"W", 06/10/2025 09:45:00 AM,"(UTC-07:00) Arizona",,,4431561.75,4406169.5,4444897.5,
PNTM9M2jMkKm3GLHpLiq3J4gE,"","North Campus",6c2573ce-592a-4519-989c-2fd21d6918b7,"W", 06/10/2025 10:00:00 AM,"(UTC-07:00) Arizona",,,4401055,4326848.5,4485850.5,
PNTM9M2jMkKm3GLHpLiq3J4gE,"","North Campus",6c2573ce-592a-4519-989c-2fd21d6918b7,"W", 06/10/2025 10:15:00 AM,"(UTC-07:00) Arizona",,,4605171,4371563.5,4836014,
PNTM9M2jMkKm3GLHpLiq3J4gE,"","North Campus",6c2573ce-592a-4519-989c-2fd21d6918b7,"W", 06/10/2025 10:30:00 AM,"(UTC-07:00) Arizona",,,4859526.83333333,4797615,4925048,
PNTM9M2jMkKm3GLHpLiq3J4gE,"","North Campus",6c2573ce-592a-4519-989c-2fd21d6918b7,"W", 06/10/2025 10:45:00 AM,"(UTC-07:00) Arizona",,,4804762.125,4784972.5,4815466,
PNTM9M2jMkKm3GLHpLiq3J4gE,"","North Campus",6c2573ce-592a-4519-989c-2fd21d6918b7,"W", 06/10/2025 11:00:00 AM,"(UTC-07:00) Arizona",,,4658679.5,4437586.5,4791825.5,
PNTM9M2jMkKm3GLHpLiq3J4gE,"","North Campus",6c2573ce-592a-4519-989c-2fd21d6918b7,"W", 06/10/2025 11:15:00 AM,"(UTC-07:00) Arizona",,,4831615.875,4774968.5,4877087.5,
PNTM9M2jMkKm3GLHpLiq3J4gE,"","North Campus",6c2573ce-592a-4519-989c-2fd21d6918b7,"W", 06/10/2025 11:30:00 AM,"(UTC-07:00) Arizona",,,4868469.125,4845750.5,4893458,
PNTM9M2jMkKm3GLHpLiq3J4gE,"","North Campus",6c2573ce-592a-4519-989c-2fd21d6918b7,"W", 06/10/2025 11:45:00 AM,"(UTC-07:00) Arizona",,,4883506.125,4840588,4952367.5,
PNTM9M2jMkKm3GLHpLiq3J4gE,"","North Campus",6c2573ce-592a-4519-989c-2fd21d6918b7,"W", 06/10/2025 12:00:00 PM,"(UTC-07:00) Arizona",,,4813241.83333333,4794153,4825234,
PNTM9M2jMkKm3GLHpLiq3J4gE,"","North Campus",6c2573ce-592a-4519-989c-2fd21d6918b7,"W", 06/10/2025 12:15:00 PM,"(UTC-07:00) Arizona",,,4774731.5,4693287.5,4827238,
PNTM9M2jMkKm3GLHpLiq3J4gE,"","North Campus",6c2573ce-592a-4519-989c-2fd21d6918b7,"W", 06/10/2025 12:30:00 PM,"(UTC-07:00) Arizona",,,4729317.625,4668931,4798744,
PNTM9M2jMkKm3GLHpLiq3J4gE,"","North Campus",6c2573ce-592a-4519-989c-2fd21d6918b7,"W", 06/10/2025 12:45:00 PM,"(UTC-07:00) Arizona",,,4789111.66666667,4746643.5,4838535,
PNTM9M2jMkKm3GLHpLiq3J4gE,"","North Campus",6c2573ce-592a-4519-989c-2fd21d6918b7,"W", 06/10/2025 01:00:00 PM,"(UTC-07:00) Arizona",,,4726033,4546635.5,4825015.5,
PNTM9M2jMkKm3GLHpLiq3J4gE,"","North Campus",6c2573ce-592a-4519-989c-2fd21d6918b7,"W", 06/10/2025 01:15:00 PM,"(UTC-07:00) Arizona",,,4741975,4624285,4792803,
PNTM9M2jMkKm3GLHpLiq3J4gE,"","North Campus",6c2573ce-592a-4519-989c-2fd21d6918b7,"W", 06/10/2025 01:30:00 PM,"(UTC-07:00) Arizona",,,4638768.16666667,4565176,4694010,
PNTM9M2jMkKm3GLHpLiq3J4gE,"","North Campus",6c2573ce-592a-4519-989c-2fd21d6918b7,"W", 06/10/2025 01:45:00 PM,"(UTC-07:00) Arizona",,,4636288.5,4409325,4800732.5,
PNTM9M2jMkKm3GLHpLiq3J4gE,"","North Campus",6c2573ce-592a-4519-989c-2fd21d6918b7,"W", 06/10/2025 02:00:00 PM,"(UTC-07:00) Arizona",,,4844282.75,4800732.5,4881162.5,
PNTM9M2jMkKm3GLHpLiq3J4gE,"","North Campus",6c2573ce-592a-4519-989c-2fd21d6918b7,"W", 06/10/2025 02:15:00 PM,"(UTC-07:00) Arizona",,,4823247,4800126,4865527,
PNTM9M2jMkKm3GLHpLiq3J4gE,"","North Campus",6c2573ce-592a-4519-989c-2fd21d6918b7,"W", 06/10/2025 02:30:00 PM,"(UTC-07:00) Arizona",,,4625764.33333333,4513779,4744728,
PNTM9M2jMkKm3GLHpLiq3J4gE,"","North Campus",6c2573ce-592a-4519-989c-2fd21d6918b7,"W", 06/10/2025 02:45:00 PM,"(UTC-07:00) Arizona",,,4809661.875,4781719.5,4843810.5,
PNTM9M2jMkKm3GLHpLiq3J4gE,"","North Campus",6c2573ce-592a-4519-989c-2fd21d6918b7,"W", 06/10/2025 03:00:00 PM,"(UTC-07:00) Arizona",,,4840681.25,4807302.5,4904278,
PNTM9M2jMkKm3GLHpLiq3J4gE,"","North Campus",6c2573ce-592a-4519-989c-2fd21d6918b7,"W", 06/10/2025 03:15:00 PM,"(UTC-07:00) Arizona",,,4818794.875,4776325,4875070,
PNTM9M2jMkKm3GLHpLiq3J4gE,"","North Campus",6c2573ce-592a-4519-989c-2fd21d6918b7,"W", 06/10/2025 03:30:00 PM,"(UTC-07:00) Arizona",,,4760848,4760848,4760848,
PNTM9M2jMkKm3GLHpLiq3J4gE,"","North Campus",6c2573ce-592a-4519-989c-2fd21d6918b7,"W", 06/10/2025 03:45:00 PM,"(UTC-07:00) Arizona",,,4778311.75,4715376,4859301,
PNTM9M2jMkKm3GLHpLiq3J4gE,"","North Campus",6c2573ce-592a-4519-989c-2fd21d6918b7,"W", 06/10/2025 04:00:00 PM,"(UTC-07:00) Arizona",,,4664107.375,4427843,4787153.5,
PNTM9M2jMkKm3GLHpLiq3J4gE,"","North Campus",6c2573ce-592a-4519-989c-2fd21d6918b7,"W", 06/10/2025 04:15:00 PM,"(UTC-07:00) Arizona",,,4691878.16666667,4650207.5,4734406,
PNTM9M2jMkKm3GLHpLiq3J4gE,"","North Campus",6c2573ce-592a-4519-989c-2fd21d6918b7,"W", 06/10/2025 04:30:00 PM,"(UTC-07:00) Arizona",,,4658146.25,4593203,4738838,
PNTM9M2jMkKm3GLHpLiq3J4gE,"","North Campus",6c2573ce-592a-4519-989c-2fd21d6918b7,"W", 06/10/2025 04:45:00 PM,"(UTC-07:00) Arizona",,,4776259.83333333,4760485,4786805.5,
PNTM9M2jMkKm3GLHpLiq3J4gE,"","North Campus",6c2573ce-592a-4519-989c-2fd21d6918b7,"W", 06/10/2025 05:00:00 PM,"(UTC-07:00) Arizona",,,4639388.5,4597868.5,4694262.5,
PNTM9M2jMkKm3GLHpLiq3J4gE,"","North Campus",6c2573ce-592a-4519-989c-2fd21d6918b7,"W", 06/10/2025 05:15:00 PM,"(UTC-07:00) Arizona",,,4652224.25,4607022,4694653,
PNTM9M2jMkKm3GLHpLiq3J4gE,"","North Campus",6c2573ce-592a-4519-989c-2fd21d6918b7,"W", 06/10/2025 05:30:00 PM,"(UTC-07:00) Arizona",,,4633047,4595770.5,4672432,
PNTM9M2jMkKm3GLHpLiq3J4gE,"","North Campus",6c2573ce-592a-4519-989c-2fd21d6918b7,"W", 06/10/2025 05:45:00 PM,"(UTC-07:00) Arizona",,,4585998.25,4568731.5,4625081,
PNTM9M2jMkKm3GLHpLiq3J4gE,"","North Campus",6c2573ce-592a-4519-989c-2fd21d6918b7,"W", 06/10/2025 06:00:00 PM,"(UTC-07:00) Arizona",,,4566983,4551707.5,4587023,
PNTM9M2jMkKm3GLHpLiq3J4gE,"","North Campus",6c2573ce-592a-4519-989c-2fd21d6918b7,"W", 06/10/2025 06:15:00 PM,"(UTC-07:00) Arizona",,,4616681,4591228,4628110.5,
PNTM9M2jMkKm3GLHpLiq3J4gE,"","North Campus",6c2573ce-592a-4519-989c-2fd21d6918b7,"W", 06/10/2025 06:30:00 PM,"(UTC-07:00) Arizona",,,4617386.25,4596858,4631482.5,
PNTM9M2jMkKm3GLHpLiq3J4gE,"","North Campus",6c2573ce-592a-4519-989c-2fd21d6918b7,"W", 06/10/2025 06:45:00 PM,"(UTC-07:00) Arizona",,,4541770,4524891,4564325,
PNTM9M2jMkKm3GLHpLiq3J4gE,"","North Campus",6c2573ce-592a-4519-989c-2fd21d6918b7,"W", 06/10/2025 07:00:00 PM,"(UTC-07:00) Arizona",,,4370295,4311050,4462790,
PNTM9M2jMkKm3GLHpLiq3J4gE,"","North Campus",6c2573ce-592a-4519-989c-2fd21d6918b7,"W", 06/10/2025 07:15:00 PM,"(UTC-07:00) Arizona",,,4291562,4272014,4319659.5,
PNTM9M2jMkKm3GLHpLiq3J4gE,"","North Campus",6c2573ce-592a-4519-989c-2fd21d6918b7,"W", 06/10/2025 07:30:00 PM,"(UTC-07:00) Arizona",,,4185386.5,4116217,4227799.5,
PNTM9M2jMkKm3GLHpLiq3J4gE,"","North Campus",6c2573ce-592a-4519-989c-2fd21d6918b7,"W", 06/10/2025 07:45:00 PM,"(UTC-07:00) Arizona",,,4104184.33333333,4074901,4123549,
PNTM9M2jMkKm3GLHpLiq3J4gE,"","North Campus",6c2573ce-592a-4519-989c-2fd21d6918b7,"W", 06/10/2025 08:00:00 PM,"(UTC-07:00) Arizona",,,3979160.2,3930852.8,4056421.2,
PNTM9M2jMkKm3GLHpLiq3J4gE,"","North Campus",6c2573ce-592a-4519-989c-2fd21d6918b7,"W", 06/10/2025 08:15:00 PM,"(UTC-07:00) Arizona",,,3917682,3894132.2,3946858,
PNTM9M2jMkKm3GLHpLiq3J4gE,"","North Campus",6c2573ce-592a-4519-989c-2fd21d6918b7,"W", 06/10/2025 08:30:00 PM,"(UTC-07:00) Arizona",,,3869547.43333333,3855471,3888301.5,
PNTM9M2jMkKm3GLHpLiq3J4gE,"","North Campus",6c2573ce-592a-4519-989c-2fd21d6918b7,"W", 06/10/2025 08:45:00 PM,"(UTC-07:00) Arizona",,,3684609.55,3656883.5,3714060.5,
PNTM9M2jMkKm3GLHpLiq3J4gE,"","North Campus",6c2573ce-592a-4519-989c-2fd21d6918b7,"W", 06/10/2025 09:00:00 PM,"(UTC-07:00) Arizona",,,3622704,3587286,3656883.5,
PNTM9M2jMkKm3GLHpLiq3J4gE,"","North Campus",6c2573ce-592a-4519-989c-2fd21d6918b7,"W", 06/10/2025 09:15:00 PM,"(UTC-07:00) Arizona",,,3562346.6,3560142,3563891,
PNTM9M2jMkKm3GLHpLiq3J4gE,"","North Campus",6c2573ce-592a-4519-989c-2fd21d6918b7,"W", 06/10/2025 09:30:00 PM,"(UTC-07:00) Arizona",,,3506187.95,3494913.5,3517005.5,
PNTM9M2jMkKm3GLHpLiq3J4gE,"","North Campus",6c2573ce-592a-4519-989c-2fd21d6918b7,"W", 06/10/2025 09:45:00 PM,"(UTC-07:00) Arizona",,,3451503.25,3416439.5,3478563.5,
PNTM9M2jMkKm3GLHpLiq3J4gE,"","North Campus",6c2573ce-592a-4519-989c-2fd21d6918b7,"W", 06/10/2025 10:00:00 PM,"(UTC-07:00) Arizona",,,3393884.83333333,3376336.5,3428839.2,
PNTM9M2jMkKm3GLHpLiq3J4gE,"","North Campus",6c2573ce-592a-4519-989c-2fd21d6918b7,"W", 06/10/2025 10:15:00 PM,"(UTC-07:00) Arizona",,,3393167.73333333,3364585.5,3415478.2,
PNTM9M2jMkKm3GLHpLiq3J4gE,"","North Campus",6c2573ce-592a-4519-989c-2fd21d6918b7,"W", 06/10/2025 10:30:00 PM,"(UTC-07:00) Arizona",,,3342236.76666667,3326926.5,3352710.8,
PNTM9M2jMkKm3GLHpLiq3J4gE,"","North Campus",6c2573ce-592a-4519-989c-2fd21d6918b7,"W", 06/10/2025 10:45:00 PM,"(UTC-07:00) Arizona",,,3348867.16666667,3322374.5,3362194,
PNTM9M2jMkKm3GLHpLiq3J4gE,"","North Campus",6c2573ce-592a-4519-989c-2fd21d6918b7,"W", 06/10/2025 11:00:00 PM,"(UTC-07:00) Arizona",,,3353675.95,3333359.8,3370430.8,
PNTM9M2jMkKm3GLHpLiq3J4gE,"","North Campus",6c2573ce-592a-4519-989c-2fd21d6918b7,"W", 06/10/2025 11:15:00 PM,"(UTC-07:00) Arizona",,,3306504.75,3288621.8,3337724,
PNTM9M2jMkKm3GLHpLiq3J4gE,"","North Campus",6c2573ce-592a-4519-989c-2fd21d6918b7,"W", 06/10/2025 11:30:00 PM,"(UTC-07:00) Arizona",,,3293935.83333333,3275010.5,3306490.2,
PNTM9M2jMkKm3GLHpLiq3J4gE,"","North Campus",6c2573ce-592a-4519-989c-2fd21d6918b7,"W", 06/10/2025 11:45:00 PM,"(UTC-07:00) Arizona",,,3293524.475,3258479.5,3317538.8,
PNTM9M2jMkKm3GLHpLiq3J4gE,"","North Campus",6c2573ce-592a-4519-989c-2fd21d6918b7,"W", 06/11/2025 12:00:00 AM,"(UTC-07:00) Arizona",,,3244551.35,3203834,3269028.2,
PNTM9M2jMkKm3GLHpLiq3J4gE,"","North Campus",6c2573ce-592a-4519-989c-2fd21d6918b7,"W", 06/11/2025 12:15:00 AM,"(UTC-07:00) Arizona",,,3218760.16666667,3198999,3230613,
PNTM9M2jMkKm3GLHpLiq3J4gE,"","North Campus",6c2573ce-592a-4519-989c-2fd21d6918b7,"W", 06/11/2025 12:30:00 AM,"(UTC-07:00) Arizona",,,3187731.63333333,3163053.5,3208031.2,
PNTM9M2jMkKm3GLHpLiq3J4gE,"","North Campus",6c2573ce-592a-4519-989c-2fd21d6918b7,"W", 06/11/2025 12:45:00 AM,"(UTC-07:00) Arizona",,,3146961.975,3114924,3163528.2,
PNTM9M2jMkKm3GLHpLiq3J4gE,"","North Campus",6c2573ce-592a-4519-989c-2fd21d6918b7,"W", 06/11/2025 01:00:00 AM,"(UTC-07:00) Arizona",,,3129919.26666667,3121444,3142152.8,
PNTM9M2jMkKm3GLHpLiq3J4gE,"","North Campus",6c2573ce-592a-4519-989c-2fd21d6918b7,"W", 06/11/2025 01:15:00 AM,"(UTC-07:00) Arizona",,,3110575.675,3102933.2,3115923,
PNTM9M2jMkKm3GLHpLiq3J4gE,"","North Campus",6c2573ce-592a-4519-989c-2fd21d6918b7,"W", 06/11/2025 01:30:00 AM,"(UTC-07:00) Arizona",,,3107003.45,3096646,3123066.8,
PNTM9M2jMkKm3GLHpLiq3J4gE,"","North Campus",6c2573ce-592a-4519-989c-2fd21d6918b7,"W", 06/11/2025 01:45:00 AM,"(UTC-07:00) Arizona",,,3109540.26666667,3091471.8,3123476.5,
PNTM9M2jMkKm3GLHpLiq3J4gE,"","North Campus",6c2573ce-592a-4519-989c-2fd21d6918b7,"W", 06/11/2025 02:00:00 AM,"(UTC-07:00) Arizona",,,3101211.53333333,3091866.2,3115982.2,
PNTM9M2jMkKm3GLHpLiq3J4gE,"","North Campus",6c2573ce-592a-4519-989c-2fd21d6918b7,"W", 06/11/2025 02:15:00 AM,"(UTC-07:00) Arizona",,,3108269.425,3084180,3147000.2,
PNTM9M2jMkKm3GLHpLiq3J4gE,"","North Campus",6c2573ce-592a-4519-989c-2fd21d6918b7,"W", 06/11/2025 02:30:00 AM,"(UTC-07:00) Arizona",,,3077863.325,3055388.2,3116948.8,
PNTM9M2jMkKm3GLHpLiq3J4gE,"","North Campus",6c2573ce-592a-4519-989c-2fd21d6918b7,"W", 06/11/2025 02:45:00 AM,"(UTC-07:00) Arizona",,,3070131.56666667,3043422,3107241.2,
PNTM9M2jMkKm3GLHpLiq3J4gE,"","North Campus",6c2573ce-592a-4519-989c-2fd21d6918b7,"W", 06/11/2025 03:00:00 AM,"(UTC-07:00) Arizona",,,3079758.3,3060863.5,3108089.2,
PNTM9M2jMkKm3GLHpLiq3J4gE,"","North Campus",6c2573ce-592a-4519-989c-2fd21d6918b7,"W", 06/11/2025 03:15:00 AM,"(UTC-07:00) Arizona",,,3092573.36666667,3077918.8,3102188.8,
PNTM9M2jMkKm3GLHpLiq3J4gE,"","North Campus",6c2573ce-592a-4519-989c-2fd21d6918b7,"W", 06/11/2025 03:30:00 AM,"(UTC-07:00) Arizona",,,3111112.475,3076434,3171790.5,
PNTM9M2jMkKm3GLHpLiq3J4gE,"","North Campus",6c2573ce-592a-4519-989c-2fd21d6918b7,"W", 06/11/2025 03:45:00 AM,"(UTC-07:00) Arizona",,,3154413.825,3074090,3190218.5,
PNTM9M2jMkKm3GLHpLiq3J4gE,"","North Campus",6c2573ce-592a-4519-989c-2fd21d6918b7,"W", 06/11/2025 04:00:00 AM,"(UTC-07:00) Arizona",,,3217812.325,3194519.8,3244469.2,
PNTM9M2jMkKm3GLHpLiq3J4gE,"","North Campus",6c2573ce-592a-4519-989c-2fd21d6918b7,"W", 06/11/2025 04:15:00 AM,"(UTC-07:00) Arizona",,,3277484.375,3237762,3325091.5,
PNTM9M2jMkKm3GLHpLiq3J4gE,"","North Campus",6c2573ce-592a-4519-989c-2fd21d6918b7,"W", 06/11/2025 04:30:00 AM,"(UTC-07:00) Arizona",,,3271803.33333333,3255771.5,3283129.5,
PNTM9M2jMkKm3GLHpLiq3J4gE,"","North Campus",6c2573ce-592a-4519-989c-2fd21d6918b7,"W", 06/11/2025 04:45:00 AM,"(UTC-07:00) Arizona",,,3275881.16666667,3246224.8,3314186.5,
PNTM9M2jMkKm3GLHpLiq3J4gE,"","North Campus",6c2573ce-592a-4519-989c-2fd21d6918b7,"W", 06/11/2025 05:00:00 AM,"(UTC-07:00) Arizona",,,3313631.325,3283262.5,3366082.5,
PNTM9M2jMkKm3GLHpLiq3J4gE,"","North Campus",6c2573ce-592a-4519-989c-2fd21d6918b7,"W", 06/11/2025 05:15:00 AM,"(UTC-07:00) Arizona",,,3320860,3282254.5,3344930.5,
PNTM9M2jMkKm3GLHpLiq3J4gE,"","North Campus",6c2573ce-592a-4519-989c-2fd21d6918b7,"W", 06/11/2025 05:30:00 AM,"(UTC-07:00) Arizona",,,3330120.85,3294042,3365612.2,
PNTM9M2jMkKm3GLHpLiq3J4gE,"","North Campus",6c2573ce-592a-4519-989c-2fd21d6918b7,"W", 06/11/2025 05:45:00 AM,"(UTC-07:00) Arizona",,,3358362.55,3337883,3382276,
PNTM9M2jMkKm3GLHpLiq3J4gE,"","North Campus",6c2573ce-592a-4519-989c-2fd21d6918b7,"W", 06/11/2025 06:00:00 AM,"(UTC-07:00) Arizona",,,3445610.56666667,3432341,3466553.2,
PNTM9M2jMkKm3GLHpLiq3J4gE,"","North Campus",6c2573ce-592a-4519-989c-2fd21d6918b7,"W", 06/11/2025 06:15:00 AM,"(UTC-07:00) Arizona",,,3461201.375,3431360.2,3517552.8,
PNTM9M2jMkKm3GLHpLiq3J4gE,"","North Campus",6c2573ce-592a-4519-989c-2fd21d6918b7,"W", 06/11/2025 06:30:00 AM,"(UTC-07:00) Arizona",,,3503066.85,3488178.5,3518183.2,
PNTM9M2jMkKm3GLHpLiq3J4gE,"","North Campus",6c2573ce-592a-4519-989c-2fd21d6918b7,"W", 06/11/2025 06:45:00 AM,"(UTC-07:00) Arizona",,,3512820.95,3481287.8,3582040.8,
PNTM9M2jMkKm3GLHpLiq3J4gE,"","North Campus",6c2573ce-592a-4519-989c-2fd21d6918b7,"W", 06/11/2025 07:00:00 AM,"(UTC-07:00) Arizona",,,3748460.775,3687449,3820452.8,
PNTM9M2jMkKm3GLHpLiq3J4gE,"","North Campus",6c2573ce-592a-4519-989c-2fd21d6918b7,"W", 06/11/2025 07:15:00 AM,"(UTC-07:00) Arizona",,,3726842.23333333,3715788,3740049.2,
PNTM9M2jMkKm3GLHpLiq3J4gE,"","North Campus",6c2573ce-592a-4519-989c-2fd21d6918b7,"W", 06/11/2025 07:30:00 AM,"(UTC-07:00) Arizona",,,3806296.15,3781943.8,3841100,
PNTM9M2jMkKm3GLHpLiq3J4gE,"","North Campus",6c2573ce-592a-4519-989c-2fd21d6918b7,"W", 06/11/2025 07:45:00 AM,"(UTC-07:00) Arizona",,,3824950.375,3802817.8,3836171,
PNTM9M2jMkKm3GLHpLiq3J4gE,"","North Campus",6c2573ce-592a-4519-989c-2fd21d6918b7,"W", 06/11/2025 08:00:00 AM,"(UTC-07:00) Arizona",,,3952894.06666667,3921574,4012707,
PNTM9M2jMkKm3GLHpLiq3J4gE,"","North Campus",6c2573ce-592a-4519-989c-2fd21d6918b7,"W", 06/11/2025 08:15:00 AM,"(UTC-07:00) Arizona",,,3989237.275,3971418,4023358.5,
PNTM9M2jMkKm3GLHpLiq3J4gE,"","North Campus",6c2573ce-592a-4519-989c-2fd21d6918b7,"W", 06/11/2025 08:30:00 AM,"(UTC-07:00) Arizona",,,4102266,4078495.2,4144922,
PNTM9M2jMkKm3GLHpLiq3J4gE,"","North Campus",6c2573ce-592a-4519-989c-2fd21d6918b7,"W", 06/11/2025 08:45:00 AM,"(UTC-07:00) Arizona",,,4194068.375,4148164.2,4224767,
PNTM9M2jMkKm3GLHpLiq3J4gE,"","North Campus",6c2573ce-592a-4519-989c-2fd21d6918b7,"W", 06/11/2025 09:00:00 AM,"(UTC-07:00) Arizona",,,4285833.33333333,4239095.5,4353466.5,
PNTM9M2jMkKm3GLHpLiq3J4gE,"","North Campus",6c2573ce-592a-4519-989c-2fd21d6918b7,"W", 06/11/2025 09:15:00 AM,"(UTC-07:00) Arizona",,,4317838,4308638,4322065.5,
PNTM9M2jMkKm3GLHpLiq3J4gE,"","North Campus",6c2573ce-592a-4519-989c-2fd21d6918b7,"W", 06/11/2025 09:30:00 AM,"(UTC-07:00) Arizona",,,4326466,4274619.5,4353577.5,
PNTM9M2jMkKm3GLHpLiq3J4gE,"","North Campus",6c2573ce-592a-4519-989c-2fd21d6918b7,"W", 06/11/2025 09:45:00 AM,"(UTC-07:00) Arizona",,,4315758.5,4301575.5,4329085.5,
PNTM9M2jMkKm3GLHpLiq3J4gE,"","North Campus",6c2573ce-592a-4519-989c-2fd21d6918b7,"W", 06/11/2025 10:00:00 AM,"(UTC-07:00) Arizona",,,4342777.5,4291636,4398463,
PNTM9M2jMkKm3GLHpLiq3J4gE,"","North Campus",6c2573ce-592a-4519-989c-2fd21d6918b7,"W", 06/11/2025 10:15:00 AM,"(UTC-07:00) Arizona",,,4329687.25,4290074,4368209.5,
PNTM9M2jMkKm3GLHpLiq3J4gE,"","North Campus",6c2573ce-592a-4519-989c-2fd21d6918b7,"W", 06/11/2025 10:30:00 AM,"(UTC-07:00) Arizona",,,4325014.66666667,4289895.5,4346364.5,
PNTM9M2jMkKm3GLHpLiq3J4gE,"","North Campus",6c2573ce-592a-4519-989c-2fd21d6918b7,"W", 06/11/2025 10:45:00 AM,"(UTC-07:00) Arizona",,,4373087.375,4357470,4411760,
PNTM9M2jMkKm3GLHpLiq3J4gE,"","North Campus",6c2573ce-592a-4519-989c-2fd21d6918b7,"W", 06/11/2025 11:00:00 AM,"(UTC-07:00) Arizona",,,4322677.625,4278764,4380029,
PNTM9M2jMkKm3GLHpLiq3J4gE,"","North Campus",6c2573ce-592a-4519-989c-2fd21d6918b7,"W", 06/11/2025 11:15:00 AM,"(UTC-07:00) Arizona",,,4294760.125,4154036,4438611.5,
PNTM9M2jMkKm3GLHpLiq3J4gE,"","North Campus",6c2573ce-592a-4519-989c-2fd21d6918b7,"W", 06/11/2025 11:30:00 AM,"(UTC-07:00) Arizona",,,4348207.1,4191926.8,4579121,
PNTM9M2jMkKm3GLHpLiq3J4gE,"","North Campus",6c2573ce-592a-4519-989c-2fd21d6918b7,"W", 06/11/2025 11:45:00 AM,"(UTC-07:00) Arizona",,,4629435.875,4499276,4805183,
PNTM9M2jMkKm3GLHpLiq3J4gE,"","North Campus",6c2573ce-592a-4519-989c-2fd21d6918b7,"W", 06/11/2025 12:00:00 PM,"(UTC-07:00) Arizona",,,4645319.625,4448034,4826689,
PNTM9M2jMkKm3GLHpLiq3J4gE,"","North Campus",6c2573ce-592a-4519-989c-2fd21d6918b7,"W", 06/11/2025 12:15:00 PM,"(UTC-07:00) Arizona",,,4495733.16666667,4467771.5,4538408,
PNTM9M2jMkKm3GLHpLiq3J4gE,"","North Campus",6c2573ce-592a-4519-989c-2fd21d6918b7,"W", 06/11/2025 12:30:00 PM,"(UTC-07:00) Arizona",,,4477456.625,4451177.5,4507922,
PNTM9M2jMkKm3GLHpLiq3J4gE,"","North Campus",6c2573ce-592a-4519-989c-2fd21d6918b7,"W", 06/11/2025 12:45:00 PM,"(UTC-07:00) Arizona",,,4449577.25,4434461,4462776,
PNTM9M2jMkKm3GLHpLiq3J4gE,"","North Campus",6c2573ce-592a-4519-989c-2fd21d6918b7,"W", 06/11/2025 01:00:00 PM,"(UTC-07:00) Arizona",,,4421852.66666667,4404786.5,4433974,
PNTM9M2jMkKm3GLHpLiq3J4gE,"","North Campus",6c2573ce-592a-4519-989c-2fd21d6918b7,"W", 06/11/2025 01:15:00 PM,"(UTC-07:00) Arizona",,,4454008.625,4421377,4522490.5,
PNTM9M2jMkKm3GLHpLiq3J4gE,"","North Campus",6c2573ce-592a-4519-989c-2fd21d6918b7,"W", 06/11/2025 01:30:00 PM,"(UTC-07:00) Arizona",,,4503869.25,4427221,4604928.5,
PNTM9M2jMkKm3GLHpLiq3J4gE,"","North Campus",6c2573ce-592a-4519-989c-2fd21d6918b7,"W", 06/11/2025 01:45:00 PM,"(UTC-07:00) Arizona",,,4487757.5,4469020,4498620.5,
PNTM9M2jMkKm3GLHpLiq3J4gE,"","North Campus",6c2573ce-592a-4519-989c-2fd21d6918b7,"W", 06/11/2025 02:00:00 PM,"(UTC-07:00) Arizona",,,4466060.5,4459979,4476338,
PNTM9M2jMkKm3GLHpLiq3J4gE,"","North Campus",6c2573ce-592a-4519-989c-2fd21d6918b7,"W", 06/11/2025 02:15:00 PM,"(UTC-07:00) Arizona",,,4492407.5,4459442.5,4531505.5,
PNTM9M2jMkKm3GLHpLiq3J4gE,"","North Campus",6c2573ce-592a-4519-989c-2fd21d6918b7,"W", 06/11/2025 02:30:00 PM,"(UTC-07:00) Arizona",,,4505352.375,4486578,4531316.5,
PNTM9M2jMkKm3GLHpLiq3J4gE,"","North Campus",6c2573ce-592a-4519-989c-2fd21d6918b7,"W", 06/11/2025 02:45:00 PM,"(UTC-07:00) Arizona",,,4597009.16666667,4563840.5,4624460,
PNTM9M2jMkKm3GLHpLiq3J4gE,"","North Campus",6c2573ce-592a-4519-989c-2fd21d6918b7,"W", 06/11/2025 03:00:00 PM,"(UTC-07:00) Arizona",,,4660129,4639042,4692383.5,
PNTM9M2jMkKm3GLHpLiq3J4gE,"","North Campus",6c2573ce-592a-4519-989c-2fd21d6918b7,"W", 06/11/2025 03:15:00 PM,"(UTC-07:00) Arizona",,,4594471.66666667,4582420,4613211.5,
PNTM9M2jMkKm3GLHpLiq3J4gE,"","North Campus",6c2573ce-592a-4519-989c-2fd21d6918b7,"W", 06/11/2025 03:30:00 PM,"(UTC-07:00) Arizona",,,4628934,4613165.5,4646783,
PNTM9M2jMkKm3GLHpLiq3J4gE,"","North Campus",6c2573ce-592a-4519-989c-2fd21d6918b7,"W", 06/11/2025 03:45:00 PM,"(UTC-07:00) Arizona",,,4621785.25,4601662.5,4630950,
PNTM9M2jMkKm3GLHpLiq3J4gE,"","North Campus",6c2573ce-592a-4519-989c-2fd21d6918b7,"W", 06/11/2025 04:00:00 PM,"(UTC-07:00) Arizona",,,4620987.5,4616203,4627774,
PNTM9M2jMkKm3GLHpLiq3J4gE,"","North Campus",6c2573ce-592a-4519-989c-2fd21d6918b7,"W", 06/11/2025 04:15:00 PM,"(UTC-07:00) Arizona",,,4608319.5,4574869.5,4628021,
PNTM9M2jMkKm3GLHpLiq3J4gE,"","North Campus",6c2573ce-592a-4519-989c-2fd21d6918b7,"W", 06/11/2025 04:30:00 PM,"(UTC-07:00) Arizona",,,4604669.875,4560175,4630640,
PNTM9M2jMkKm3GLHpLiq3J4gE,"","North Campus",6c2573ce-592a-4519-989c-2fd21d6918b7,"W", 06/11/2025 04:45:00 PM,"(UTC-07:00) Arizona",,,4632681.875,4596394,4657402,
PNTM9M2jMkKm3GLHpLiq3J4gE,"","North Campus",6c2573ce-592a-4519-989c-2fd21d6918b7,"W", 06/11/2025 05:00:00 PM,"(UTC-07:00) Arizona",,,4550853,4502069,4580583.5,
PNTM9M2jMkKm3GLHpLiq3J4gE,"","North Campus",6c2573ce-592a-4519-989c-2fd21d6918b7,"W", 06/11/2025 05:15:00 PM,"(UTC-07:00) Arizona",,,4542289.75,4501455.5,4560380,
PNTM9M2jMkKm3GLHpLiq3J4gE,"","North Campus",6c2573ce-592a-4519-989c-2fd21d6918b7,"W", 06/11/2025 05:30:00 PM,"(UTC-07:00) Arizona",,,4565404.75,4544066.5,4604117.5,
PNTM9M2jMkKm3GLHpLiq3J4gE,"","North Campus",6c2573ce-592a-4519-989c-2fd21d6918b7,"W", 06/11/2025 05:45:00 PM,"(UTC-07:00) Arizona",,,4578584.16666667,4576767,4582218.5,
PNTM9M2jMkKm3GLHpLiq3J4gE,"","North Campus",6c2573ce-592a-4519-989c-2fd21d6918b7,"W", 06/11/2025 06:00:00 PM,"(UTC-07:00) Arizona",,,4564887.125,4518899,4590255.5,
PNTM9M2jMkKm3GLHpLiq3J4gE,"","North Campus",6c2573ce-592a-4519-989c-2fd21d6918b7,"W", 06/11/2025 06:15:00 PM,"(UTC-07:00) Arizona",,,4651768.25,4636182.5,4664287,
PNTM9M2jMkKm3GLHpLiq3J4gE,"","North Campus",6c2573ce-592a-4519-989c-2fd21d6918b7,"W", 06/11/2025 06:30:00 PM,"(UTC-07:00) Arizona",,,4591906.66666667,4570937,4611013,
PNTM9M2jMkKm3GLHpLiq3J4gE,"","North Campus",6c2573ce-592a-4519-989c-2fd21d6918b7,"W", 06/11/2025 06:45:00 PM,"(UTC-07:00) Arizona",,,4543522.33333333,4500807.5,4571253.5,
PNTM9M2jMkKm3GLHpLiq3J4gE,"","North Campus",6c2573ce-592a-4519-989c-2fd21d6918b7,"W", 06/11/2025 07:00:00 PM,"(UTC-07:00) Arizona",,,4327385.125,4262273.5,4416142.5,
PNTM9M2jMkKm3GLHpLiq3J4gE,"","North Campus",6c2573ce-592a-4519-989c-2fd21d6918b7,"W", 06/11/2025 07:15:00 PM,"(UTC-07:00) Arizona",,,4210766.875,4124765,4249878.5,
PNTM9M2jMkKm3GLHpLiq3J4gE,"","North Campus",6c2573ce-592a-4519-989c-2fd21d6918b7,"W", 06/11/2025 07:30:00 PM,"(UTC-07:00) Arizona",,,4076283.5,4049766.2,4139165.5,
PNTM9M2jMkKm3GLHpLiq3J4gE,"","North Campus",6c2573ce-592a-4519-989c-2fd21d6918b7,"W", 06/11/2025 07:45:00 PM,"(UTC-07:00) Arizona",,,4029300.56666667,4011279,4045483.5,
PNTM9M2jMkKm3GLHpLiq3J4gE,"","North Campus",6c2573ce-592a-4519-989c-2fd21d6918b7,"W", 06/11/2025 08:00:00 PM,"(UTC-07:00) Arizona",,,3982649.325,3934969.8,4014570.5,
PNTM9M2jMkKm3GLHpLiq3J4gE,"","North Campus",6c2573ce-592a-4519-989c-2fd21d6918b7,"W", 06/11/2025 08:15:00 PM,"(UTC-07:00) Arizona",,,3913940.5,3898809.8,3943609.2,
PNTM9M2jMkKm3GLHpLiq3J4gE,"","North Campus",6c2573ce-592a-4519-989c-2fd21d6918b7,"W", 06/11/2025 08:30:00 PM,"(UTC-07:00) Arizona",,,3846965.26666667,3812600.8,3879651,
PNTM9M2jMkKm3GLHpLiq3J4gE,"","North Campus",6c2573ce-592a-4519-989c-2fd21d6918b7,"W", 06/11/2025 08:45:00 PM,"(UTC-07:00) Arizona",,,3798029.58,3728756.2,3853397.2,
PNTM9M2jMkKm3GLHpLiq3J4gE,"","North Campus",6c2573ce-592a-4519-989c-2fd21d6918b7,"W", 06/11/2025 09:00:00 PM,"(UTC-07:00) Arizona",,,3732956.875,3615473,3789874.8,
PNTM9M2jMkKm3GLHpLiq3J4gE,"","North Campus",6c2573ce-592a-4519-989c-2fd21d6918b7,"W", 06/11/2025 09:15:00 PM,"(UTC-07:00) Arizona",,,3767254.3,3754194.2,3793374.5,
PNTM9M2jMkKm3GLHpLiq3J4gE,"","North Campus",6c2573ce-592a-4519-989c-2fd21d6918b7,"W", 06/11/2025 09:30:00 PM,"(UTC-07:00) Arizona",,,3803528.3,3763039.5,3841050.5,
PNTM9M2jMkKm3GLHpLiq3J4gE,"","North Campus",6c2573ce-592a-4519-989c-2fd21d6918b7,"W", 06/11/2025 09:45:00 PM,"(UTC-07:00) Arizona",,,3870842.4,3854663.2,3900705.5,
PNTM9M2jMkKm3GLHpLiq3J4gE,"","North Campus",6c2573ce-592a-4519-989c-2fd21d6918b7,"W", 06/11/2025 10:00:00 PM,"(UTC-07:00) Arizona",,,3750628.8,3696463,3792754.2,
PNTM9M2jMkKm3GLHpLiq3J4gE,"","North Campus",6c2573ce-592a-4519-989c-2fd21d6918b7,"W", 06/11/2025 10:15:00 PM,"(UTC-07:00) Arizona",,,3618052.66666667,3600213,3639244,
PNTM9M2jMkKm3GLHpLiq3J4gE,"","North Campus",6c2573ce-592a-4519-989c-2fd21d6918b7,"W", 06/11/2025 10:30:00 PM,"(UTC-07:00) Arizona",,,3572955.93333333,3537325,3611407,
PNTM9M2jMkKm3GLHpLiq3J4gE,"","North Campus",6c2573ce-592a-4519-989c-2fd21d6918b7,"W", 06/11/2025 10:45:00 PM,"(UTC-07:00) Arizona",,,3554032.65,3530221.8,3592689.8,
PNTM9M2jMkKm3GLHpLiq3J4gE,"","North Campus",6c2573ce-592a-4519-989c-2fd21d6918b7,"W", 06/11/2025 11:00:00 PM,"(UTC-07:00) Arizona",,,3483644.1,3458237,3498804.8,
PNTM9M2jMkKm3GLHpLiq3J4gE,"","North Campus",6c2573ce-592a-4519-989c-2fd21d6918b7,"W", 06/11/2025 11:15:00 PM,"(UTC-07:00) Arizona",,,3468196.875,3434818.5,3501135.8,
PNTM9M2jMkKm3GLHpLiq3J4gE,"","North Campus",6c2573ce-592a-4519-989c-2fd21d6918b7,"W", 06/11/2025 11:30:00 PM,"(UTC-07:00) Arizona",,,3500179.23333333,3476310.2,3533178,
PNTM9M2jMkKm3GLHpLiq3J4gE,"","North Campus",6c2573ce-592a-4519-989c-2fd21d6918b7,"W", 06/11/2025 11:45:00 PM,"(UTC-07:00) Arizona",,,3424554.725,3384064.2,3451332.5,
PNTM9M2jMkKm3GLHpLiq3J4gE,"","North Campus",6c2573ce-592a-4519-989c-2fd21d6918b7,"W", 06/12/2025 12:00:00 AM,"(UTC-07:00) Arizona",,,3275586.9,3256090,3294882.2,
PNTM9M2jMkKm3GLHpLiq3J4gE,"","North Campus",6c2573ce-592a-4519-989c-2fd21d6918b7,"W", 06/12/2025 12:15:00 AM,"(UTC-07:00) Arizona",,,3249612.53333333,3239140.8,3259512.8,
PNTM9M2jMkKm3GLHpLiq3J4gE,"","North Campus",6c2573ce-592a-4519-989c-2fd21d6918b7,"W", 06/12/2025 12:30:00 AM,"(UTC-07:00) Arizona",,,3218258.63333333,3210774.2,3222218.2,
PNTM9M2jMkKm3GLHpLiq3J4gE,"","North Campus",6c2573ce-592a-4519-989c-2fd21d6918b7,"W", 06/12/2025 12:45:00 AM,"(UTC-07:00) Arizona",,,3205950.425,3188693,3233687,
PNTM9M2jMkKm3GLHpLiq3J4gE,"","North Campus",6c2573ce-592a-4519-989c-2fd21d6918b7,"W", 06/12/2025 01:00:00 AM,"(UTC-07:00) Arizona",,,3179589.1,3147644.5,3207917.8,
PNTM9M2jMkKm3GLHpLiq3J4gE,"","North Campus",6c2573ce-592a-4519-989c-2fd21d6918b7,"W", 06/12/2025 01:15:00 AM,"(UTC-07:00) Arizona",,,3177895.75,3163223.2,3191069.8,
PNTM9M2jMkKm3GLHpLiq3J4gE,"","North Campus",6c2573ce-592a-4519-989c-2fd21d6918b7,"W", 06/12/2025 01:30:00 AM,"(UTC-07:00) Arizona",,,3169309.375,3162823,3181137,
PNTM9M2jMkKm3GLHpLiq3J4gE,"","North Campus",6c2573ce-592a-4519-989c-2fd21d6918b7,"W", 06/12/2025 01:45:00 AM,"(UTC-07:00) Arizona",,,3157262.83333333,3153123.2,3163491.8,
PNTM9M2jMkKm3GLHpLiq3J4gE,"","North Campus",6c2573ce-592a-4519-989c-2fd21d6918b7,"W", 06/12/2025 02:00:00 AM,"(UTC-07:00) Arizona",,,3145006.475,3132754.5,3167148.2,
PNTM9M2jMkKm3GLHpLiq3J4gE,"","North Campus",6c2573ce-592a-4519-989c-2fd21d6918b7,"W", 06/12/2025 02:15:00 AM,"(UTC-07:00) Arizona",,,3149804.825,3111642.2,3177026.8,
PNTM9M2jMkKm3GLHpLiq3J4gE,"","North Campus",6c2573ce-592a-4519-989c-2fd21d6918b7,"W", 06/12/2025 02:30:00 AM,"(UTC-07:00) Arizona",,,3117083.06666667,3092610.5,3148964.5,
PNTM9M2jMkKm3GLHpLiq3J4gE,"","North Campus",6c2573ce-592a-4519-989c-2fd21d6918b7,"W", 06/12/2025 02:45:00 AM,"(UTC-07:00) Arizona",,,3079103.475,3058148,3099794.2,
PNTM9M2jMkKm3GLHpLiq3J4gE,"","North Campus",6c2573ce-592a-4519-989c-2fd21d6918b7,"W", 06/12/2025 03:00:00 AM,"(UTC-07:00) Arizona",,,3119185.125,3090768,3156745.5,
PNTM9M2jMkKm3GLHpLiq3J4gE,"","North Campus",6c2573ce-592a-4519-989c-2fd21d6918b7,"W", 06/12/2025 03:15:00 AM,"(UTC-07:00) Arizona",,,3085750.4,3084140.5,3087438.5,
PNTM9M2jMkKm3GLHpLiq3J4gE,"","North Campus",6c2573ce-592a-4519-989c-2fd21d6918b7,"W", 06/12/2025 03:30:00 AM,"(UTC-07:00) Arizona",,,3103656.625,3097624,3115045.2,
PNTM9M2jMkKm3GLHpLiq3J4gE,"","North Campus",6c2573ce-592a-4519-989c-2fd21d6918b7,"W", 06/12/2025 03:45:00 AM,"(UTC-07:00) Arizona",,,3181733.95,3156274.5,3204480,
PNTM9M2jMkKm3GLHpLiq3J4gE,"","North Campus",6c2573ce-592a-4519-989c-2fd21d6918b7,"W", 06/12/2025 04:00:00 AM,"(UTC-07:00) Arizona",,,3209622.2,3161141.5,3257116.5,
PNTM9M2jMkKm3GLHpLiq3J4gE,"","North Campus",6c2573ce-592a-4519-989c-2fd21d6918b7,"W", 06/12/2025 04:15:00 AM,"(UTC-07:00) Arizona",,,3251689.375,3238528.5,3263067.2,
PNTM9M2jMkKm3GLHpLiq3J4gE,"","North Campus",6c2573ce-592a-4519-989c-2fd21d6918b7,"W", 06/12/2025 04:30:00 AM,"(UTC-07:00) Arizona",,,3304627,3275947,3328552.2,
PNTM9M2jMkKm3GLHpLiq3J4gE,"","North Campus",6c2573ce-592a-4519-989c-2fd21d6918b7,"W", 06/12/2025 04:45:00 AM,"(UTC-07:00) Arizona",,,3329492.825,3318111.8,3349216.2,
PNTM9M2jMkKm3GLHpLiq3J4gE,"","North Campus",6c2573ce-592a-4519-989c-2fd21d6918b7,"W", 06/12/2025 05:00:00 AM,"(UTC-07:00) Arizona",,,3370847.5,3347633,3384242,
PNTM9M2jMkKm3GLHpLiq3J4gE,"","North Campus",6c2573ce-592a-4519-989c-2fd21d6918b7,"W", 06/12/2025 05:15:00 AM,"(UTC-07:00) Arizona",,,3392288.775,3355689.5,3444363.2,
PNTM9M2jMkKm3GLHpLiq3J4gE,"","North Campus",6c2573ce-592a-4519-989c-2fd21d6918b7,"W", 06/12/2025 05:30:00 AM,"(UTC-07:00) Arizona",,,3384756.075,3365406.2,3409572.8,
PNTM9M2jMkKm3GLHpLiq3J4gE,"","North Campus",6c2573ce-592a-4519-989c-2fd21d6918b7,"W", 06/12/2025 05:45:00 AM,"(UTC-07:00) Arizona",,,3363240.9,3357359,3371837.5,
PNTM9M2jMkKm3GLHpLiq3J4gE,"","North Campus",6c2573ce-592a-4519-989c-2fd21d6918b7,"W", 06/12/2025 06:00:00 AM,"(UTC-07:00) Arizona",,,3470077.05,3444248.5,3527059,
PNTM9M2jMkKm3GLHpLiq3J4gE,"","North Campus",6c2573ce-592a-4519-989c-2fd21d6918b7,"W", 06/12/2025 06:15:00 AM,"(UTC-07:00) Arizona",,,3497069.95,3472483,3519556.8,
PNTM9M2jMkKm3GLHpLiq3J4gE,"","North Campus",6c2573ce-592a-4519-989c-2fd21d6918b7,"W", 06/12/2025 06:30:00 AM,"(UTC-07:00) Arizona",,,3458397.85,3425102.2,3511817.5,
PNTM9M2jMkKm3GLHpLiq3J4gE,"","North Campus",6c2573ce-592a-4519-989c-2fd21d6918b7,"W", 06/12/2025 06:45:00 AM,"(UTC-07:00) Arizona",,,3478873.875,3461165,3501008.2,
PNTM9M2jMkKm3GLHpLiq3J4gE,"","North Campus",6c2573ce-592a-4519-989c-2fd21d6918b7,"W", 06/12/2025 07:00:00 AM,"(UTC-07:00) Arizona",,,3639863.8,3624591.2,3647521.2,
PNTM9M2jMkKm3GLHpLiq3J4gE,"","North Campus",6c2573ce-592a-4519-989c-2fd21d6918b7,"W", 06/12/2025 07:15:00 AM,"(UTC-07:00) Arizona",,,3747272.075,3707243.5,3812363.8,
PNTM9M2jMkKm3GLHpLiq3J4gE,"","North Campus",6c2573ce-592a-4519-989c-2fd21d6918b7,"W", 06/12/2025 07:30:00 AM,"(UTC-07:00) Arizona",,,3872289.125,3814336.8,3913071,
PNTM9M2jMkKm3GLHpLiq3J4gE,"","North Campus",6c2573ce-592a-4519-989c-2fd21d6918b7,"W", 06/12/2025 07:45:00 AM,"(UTC-07:00) Arizona",,,3908593.16666667,3863068.2,3938182.8,
PNTM9M2jMkKm3GLHpLiq3J4gE,"","North Campus",6c2573ce-592a-4519-989c-2fd21d6918b7,"W", 06/12/2025 08:00:00 AM,"(UTC-07:00) Arizona",,,4077523.4,4003992.2,4139919.8,
PNTM9M2jMkKm3GLHpLiq3J4gE,"","North Campus",6c2573ce-592a-4519-989c-2fd21d6918b7,"W", 06/12/2025 08:15:00 AM,"(UTC-07:00) Arizona",,,4177219.075,4150652,4210419,
PNTM9M2jMkKm3GLHpLiq3J4gE,"","North Campus",6c2573ce-592a-4519-989c-2fd21d6918b7,"W", 06/12/2025 08:30:00 AM,"(UTC-07:00) Arizona",,,4305017,4250073,4397025.5,
PNTM9M2jMkKm3GLHpLiq3J4gE,"","North Campus",6c2573ce-592a-4519-989c-2fd21d6918b7,"W", 06/12/2025 08:45:00 AM,"(UTC-07:00) Arizona",,,4296689.83333333,4281907.5,4316393,
PNTM9M2jMkKm3GLHpLiq3J4gE,"","North Campus",6c2573ce-592a-4519-989c-2fd21d6918b7,"W", 06/12/2025 09:00:00 AM,"(UTC-07:00) Arizona",,,4354376.66666667,4316694.5,4391764.5,
PNTM9M2jMkKm3GLHpLiq3J4gE,"","North Campus",6c2573ce-592a-4519-989c-2fd21d6918b7,"W", 06/12/2025 09:15:00 AM,"(UTC-07:00) Arizona",,,4314868.25,4300788,4350437.5,
PNTM9M2jMkKm3GLHpLiq3J4gE,"","North Campus",6c2573ce-592a-4519-989c-2fd21d6918b7,"W", 06/12/2025 09:30:00 AM,"(UTC-07:00) Arizona",,,4294266.75,4262471,4322966,
PNTM9M2jMkKm3GLHpLiq3J4gE,"","North Campus",6c2573ce-592a-4519-989c-2fd21d6918b7,"W", 06/12/2025 09:45:00 AM,"(UTC-07:00) Arizona",,,4290143,4252388,4322966,
PNTM9M2jMkKm3GLHpLiq3J4gE,"","North Campus",6c2573ce-592a-4519-989c-2fd21d6918b7,"W", 06/12/2025 10:00:00 AM,"(UTC-07:00) Arizona",,,4278628.83333333,4270575.5,4288589.5,
PNTM9M2jMkKm3GLHpLiq3J4gE,"","North Campus",6c2573ce-592a-4519-989c-2fd21d6918b7,"W", 06/12/2025 10:15:00 AM,"(UTC-07:00) Arizona",,,4331187.75,4298016,4359625.5,
PNTM9M2jMkKm3GLHpLiq3J4gE,"","North Campus",6c2573ce-592a-4519-989c-2fd21d6918b7,"W", 06/12/2025 10:30:00 AM,"(UTC-07:00) Arizona",,,4366680.5,4308325,4436234.5,
PNTM9M2jMkKm3GLHpLiq3J4gE,"","North Campus",6c2573ce-592a-4519-989c-2fd21d6918b7,"W", 06/12/2025 10:45:00 AM,"(UTC-07:00) Arizona",,,4459027.75,4432528,4479551,
PNTM9M2jMkKm3GLHpLiq3J4gE,"","North Campus",6c2573ce-592a-4519-989c-2fd21d6918b7,"W", 06/12/2025 11:00:00 AM,"(UTC-07:00) Arizona",,,4413614.5,4328188,4498699,
PNTM9M2jMkKm3GLHpLiq3J4gE,"","North Campus",6c2573ce-592a-4519-989c-2fd21d6918b7,"W", 06/12/2025 11:15:00 AM,"(UTC-07:00) Arizona",,,4446924,4395667,4545052,
PNTM9M2jMkKm3GLHpLiq3J4gE,"","North Campus",6c2573ce-592a-4519-989c-2fd21d6918b7,"W", 06/12/2025 11:30:00 AM,"(UTC-07:00) Arizona",,,4573846.33333333,4532889,4630049,
PNTM9M2jMkKm3GLHpLiq3J4gE,"","North Campus",6c2573ce-592a-4519-989c-2fd21d6918b7,"W", 06/12/2025 11:45:00 AM,"(UTC-07:00) Arizona",,,4481355.625,4457772,4501415.5,
PNTM9M2jMkKm3GLHpLiq3J4gE,"","North Campus",6c2573ce-592a-4519-989c-2fd21d6918b7,"W", 06/12/2025 12:00:00 PM,"(UTC-07:00) Arizona",,,4444370,4422957,4489563.5,
PNTM9M2jMkKm3GLHpLiq3J4gE,"","North Campus",6c2573ce-592a-4519-989c-2fd21d6918b7,"W", 06/12/2025 12:15:00 PM,"(UTC-07:00) Arizona",,,4421380.33333333,4294309,4501503,
PNTM9M2jMkKm3GLHpLiq3J4gE,"","North Campus",6c2573ce-592a-4519-989c-2fd21d6918b7,"W", 06/12/2025 12:30:00 PM,"(UTC-07:00) Arizona",,,4350277.575,4179415.8,4451269,
PNTM9M2jMkKm3GLHpLiq3J4gE,"","North Campus",6c2573ce-592a-4519-989c-2fd21d6918b7,"W", 06/12/2025 12:45:00 PM,"(UTC-07:00) Arizona",,,4468961.75,4442961.5,4494962,
PNTM9M2jMkKm3GLHpLiq3J4gE,"","North Campus",6c2573ce-592a-4519-989c-2fd21d6918b7,"W", 06/12/2025 01:00:00 PM,"(UTC-07:00) Arizona",,,4436151.375,4341818,4515002,
PNTM9M2jMkKm3GLHpLiq3J4gE,"","North Campus",6c2573ce-592a-4519-989c-2fd21d6918b7,"W", 06/12/2025 01:15:00 PM,"(UTC-07:00) Arizona",,,4333216.83333333,4328196,4337648,
PNTM9M2jMkKm3GLHpLiq3J4gE,"","North Campus",6c2573ce-592a-4519-989c-2fd21d6918b7,"W", 06/12/2025 01:30:00 PM,"(UTC-07:00) Arizona",,,4346202.5,4291541.5,4387467,
PNTM9M2jMkKm3GLHpLiq3J4gE,"","North Campus",6c2573ce-592a-4519-989c-2fd21d6918b7,"W", 06/12/2025 01:45:00 PM,"(UTC-07:00) Arizona",,,4348702.625,4299536.5,4428505,
PNTM9M2jMkKm3GLHpLiq3J4gE,"","North Campus",6c2573ce-592a-4519-989c-2fd21d6918b7,"W", 06/12/2025 02:00:00 PM,"(UTC-07:00) Arizona",,,4311180.375,4272742,4343260.5,
PNTM9M2jMkKm3GLHpLiq3J4gE,"","North Campus",6c2573ce-592a-4519-989c-2fd21d6918b7,"W", 06/12/2025 02:15:00 PM,"(UTC-07:00) Arizona",,,4281068.33333333,4242158,4355338,
PNTM9M2jMkKm3GLHpLiq3J4gE,"","North Campus",6c2573ce-592a-4519-989c-2fd21d6918b7,"W", 06/12/2025 02:30:00 PM,"(UTC-07:00) Arizona",,,4324222,4277565.5,4373640.5,
PNTM9M2jMkKm3GLHpLiq3J4gE,"","North Campus",6c2573ce-592a-4519-989c-2fd21d6918b7,"W", 06/12/2025 02:45:00 PM,"(UTC-07:00) Arizona",,,4316541,4276480,4349317,
PNTM9M2jMkKm3GLHpLiq3J4gE,"","North Campus",6c2573ce-592a-4519-989c-2fd21d6918b7,"W", 06/12/2025 03:00:00 PM,"(UTC-07:00) Arizona",,,4324069,4315514,4339481.5,
PNTM9M2jMkKm3GLHpLiq3J4gE,"","North Campus",6c2573ce-592a-4519-989c-2fd21d6918b7,"W", 06/12/2025 03:15:00 PM,"(UTC-07:00) Arizona",,,4324376.75,4292524.5,4360110,
PNTM9M2jMkKm3GLHpLiq3J4gE,"","North Campus",6c2573ce-592a-4519-989c-2fd21d6918b7,"W", 06/12/2025 03:30:00 PM,"(UTC-07:00) Arizona",,,4363645,4291467,4428226,
PNTM9M2jMkKm3GLHpLiq3J4gE,"","North Campus",6c2573ce-592a-4519-989c-2fd21d6918b7,"W", 06/12/2025 03:45:00 PM,"(UTC-07:00) Arizona",,,4392017.625,4368762.5,4418298,
PNTM9M2jMkKm3GLHpLiq3J4gE,"","North Campus",6c2573ce-592a-4519-989c-2fd21d6918b7,"W", 06/12/2025 04:00:00 PM,"(UTC-07:00) Arizona",,,4441726.125,4400678.5,4482156,
PNTM9M2jMkKm3GLHpLiq3J4gE,"","North Campus",6c2573ce-592a-4519-989c-2fd21d6918b7,"W", 06/12/2025 04:15:00 PM,"(UTC-07:00) Arizona",,,4479467.125,4437187,4516636.5,
PNTM9M2jMkKm3GLHpLiq3J4gE,"","North Campus",6c2573ce-592a-4519-989c-2fd21d6918b7,"W", 06/12/2025 04:30:00 PM,"(UTC-07:00) Arizona",,,4407079.5,4383165.5,4420984.5,
PNTM9M2jMkKm3GLHpLiq3J4gE,"","North Campus",6c2573ce-592a-4519-989c-2fd21d6918b7,"W", 06/12/2025 04:45:00 PM,"(UTC-07:00) Arizona",,,4419908.125,4396138.5,4457762,
PNTM9M2jMkKm3GLHpLiq3J4gE,"","North Campus",6c2573ce-592a-4519-989c-2fd21d6918b7,"W", 06/12/2025 05:00:00 PM,"(UTC-07:00) Arizona",,,4394887.75,4370642,4430072.5,
PNTM9M2jMkKm3GLHpLiq3J4gE,"","North Campus",6c2573ce-592a-4519-989c-2fd21d6918b7,"W", 06/12/2025 05:15:00 PM,"(UTC-07:00) Arizona",,,4395395.16666667,4361158.5,4457702.5,
PNTM9M2jMkKm3GLHpLiq3J4gE,"","North Campus",6c2573ce-592a-4519-989c-2fd21d6918b7,"W", 06/12/2025 05:30:00 PM,"(UTC-07:00) Arizona",,,4355953.25,4316194,4384296,
PNTM9M2jMkKm3GLHpLiq3J4gE,"","North Campus",6c2573ce-592a-4519-989c-2fd21d6918b7,"W", 06/12/2025 05:45:00 PM,"(UTC-07:00) Arizona",,,4335544.5,4306822.5,4375191,
PNTM9M2jMkKm3GLHpLiq3J4gE,"","North Campus",6c2573ce-592a-4519-989c-2fd21d6918b7,"W", 06/12/2025 06:00:00 PM,"(UTC-07:00) Arizona",,,4349315.83333333,4328247,4370030.5,
PNTM9M2jMkKm3GLHpLiq3J4gE,"","North Campus",6c2573ce-592a-4519-989c-2fd21d6918b7,"W", 06/12/2025 06:15:00 PM,"(UTC-07:00) Arizona",,,4373067.5,4313826.5,4419587.5,
PNTM9M2jMkKm3GLHpLiq3J4gE,"","North Campus",6c2573ce-592a-4519-989c-2fd21d6918b7,"W", 06/12/2025 06:30:00 PM,"(UTC-07:00) Arizona",,,4328953.75,4283161.5,4367323,
PNTM9M2jMkKm3GLHpLiq3J4gE,"","North Campus",6c2573ce-592a-4519-989c-2fd21d6918b7,"W", 06/12/2025 06:45:00 PM,"(UTC-07:00) Arizona",,,4309871.375,4268104.5,4366593.5,
PNTM9M2jMkKm3GLHpLiq3J4gE,"","North Campus",6c2573ce-592a-4519-989c-2fd21d6918b7,"W", 06/12/2025 07:00:00 PM,"(UTC-07:00) Arizona",,,4065818.625,4048209.8,4077001,
PNTM9M2jMkKm3GLHpLiq3J4gE,"","North Campus",6c2573ce-592a-4519-989c-2fd21d6918b7,"W", 06/12/2025 07:15:00 PM,"(UTC-07:00) Arizona",,,3969014.65,3915509.5,4022519.8,
PNTM9M2jMkKm3GLHpLiq3J4gE,"","North Campus",6c2573ce-592a-4519-989c-2fd21d6918b7,"W", 06/12/2025 07:30:00 PM,"(UTC-07:00) Arizona",,,3881222.56666667,3859287.5,3907332,
PNTM9M2jMkKm3GLHpLiq3J4gE,"","North Campus",6c2573ce-592a-4519-989c-2fd21d6918b7,"W", 06/12/2025 07:45:00 PM,"(UTC-07:00) Arizona",,,3787761.2,3638180,3865356.8,
PNTM9M2jMkKm3GLHpLiq3J4gE,"","North Campus",6c2573ce-592a-4519-989c-2fd21d6918b7,"W", 06/12/2025 08:00:00 PM,"(UTC-07:00) Arizona",,,3835249.95,3816028,3856897.8,
PNTM9M2jMkKm3GLHpLiq3J4gE,"","North Campus",6c2573ce-592a-4519-989c-2fd21d6918b7,"W", 06/12/2025 08:15:00 PM,"(UTC-07:00) Arizona",,,3689053,3659923.5,3716475.5,
PNTM9M2jMkKm3GLHpLiq3J4gE,"","North Campus",6c2573ce-592a-4519-989c-2fd21d6918b7,"W", 06/12/2025 08:30:00 PM,"(UTC-07:00) Arizona",,,3653213.75,3633154.2,3678328.5,
PNTM9M2jMkKm3GLHpLiq3J4gE,"","North Campus",6c2573ce-592a-4519-989c-2fd21d6918b7,"W", 06/12/2025 08:45:00 PM,"(UTC-07:00) Arizona",,,3600173.73333333,3574898.5,3633821.2,
PNTM9M2jMkKm3GLHpLiq3J4gE,"","North Campus",6c2573ce-592a-4519-989c-2fd21d6918b7,"W", 06/12/2025 09:00:00 PM,"(UTC-07:00) Arizona",,,3485702.6,3454517.2,3531625.8,
PNTM9M2jMkKm3GLHpLiq3J4gE,"","North Campus",6c2573ce-592a-4519-989c-2fd21d6918b7,"W", 06/12/2025 09:15:00 PM,"(UTC-07:00) Arizona",,,3496698.5,3468498.8,3512086.2,
PNTM9M2jMkKm3GLHpLiq3J4gE,"","North Campus",6c2573ce-592a-4519-989c-2fd21d6918b7,"W", 06/12/2025 09:30:00 PM,"(UTC-07:00) Arizona",,,3477020.55,3467116.2,3487160.8,
PNTM9M2jMkKm3GLHpLiq3J4gE,"","North Campus",6c2573ce-592a-4519-989c-2fd21d6918b7,"W", 06/12/2025 09:45:00 PM,"(UTC-07:00) Arizona",,,3426636.73333333,3405551,3463742,
PNTM9M2jMkKm3GLHpLiq3J4gE,"","North Campus",6c2573ce-592a-4519-989c-2fd21d6918b7,"W", 06/12/2025 10:00:00 PM,"(UTC-07:00) Arizona",,,3355410.05,3344384,3366133.5,
PNTM9M2jMkKm3GLHpLiq3J4gE,"","North Campus",6c2573ce-592a-4519-989c-2fd21d6918b7,"W", 06/12/2025 10:15:00 PM,"(UTC-07:00) Arizona",,,3316098.125,3257621,3373742.8,
PNTM9M2jMkKm3GLHpLiq3J4gE,"","North Campus",6c2573ce-592a-4519-989c-2fd21d6918b7,"W", 06/12/2025 10:30:00 PM,"(UTC-07:00) Arizona",,,3229427.3,3209004,3246139.2,
PNTM9M2jMkKm3GLHpLiq3J4gE,"","North Campus",6c2573ce-592a-4519-989c-2fd21d6918b7,"W", 06/12/2025 10:45:00 PM,"(UTC-07:00) Arizona",,,3233413.4,3223151.2,3244349.5,
PNTM9M2jMkKm3GLHpLiq3J4gE,"","North Campus",6c2573ce-592a-4519-989c-2fd21d6918b7,"W", 06/12/2025 11:00:00 PM,"(UTC-07:00) Arizona",,,3214592.625,3189448.8,3262042.5,
PNTM9M2jMkKm3GLHpLiq3J4gE,"","North Campus",6c2573ce-592a-4519-989c-2fd21d6918b7,"W", 06/12/2025 11:15:00 PM,"(UTC-07:00) Arizona",,,3208885.875,3192277.5,3228202.5,
PNTM9M2jMkKm3GLHpLiq3J4gE,"","North Campus",6c2573ce-592a-4519-989c-2fd21d6918b7,"W", 06/12/2025 11:30:00 PM,"(UTC-07:00) Arizona",,,3211688.875,3189700,3248211,
PNTM9M2jMkKm3GLHpLiq3J4gE,"","North Campus",6c2573ce-592a-4519-989c-2fd21d6918b7,"W", 06/12/2025 11:45:00 PM,"(UTC-07:00) Arizona",,,3204925.73333333,3192661.5,3215750.5,
PNTM9M2jMkKm3GLHpLiq3J4gE,"","North Campus",6c2573ce-592a-4519-989c-2fd21d6918b7,"W", 06/13/2025 12:00:00 AM,"(UTC-07:00) Arizona",,,3172995.55,3149504.5,3197205.2,
PNTM9M2jMkKm3GLHpLiq3J4gE,"","North Campus",6c2573ce-592a-4519-989c-2fd21d6918b7,"W", 06/13/2025 12:15:00 AM,"(UTC-07:00) Arizona",,,3185808.13333333,3171220,3195751.2,
PNTM9M2jMkKm3GLHpLiq3J4gE,"","North Campus",6c2573ce-592a-4519-989c-2fd21d6918b7,"W", 06/13/2025 12:30:00 AM,"(UTC-07:00) Arizona",,,3184044.325,3164572.8,3199476.5,
PNTM9M2jMkKm3GLHpLiq3J4gE,"","North Campus",6c2573ce-592a-4519-989c-2fd21d6918b7,"W", 06/13/2025 12:45:00 AM,"(UTC-07:00) Arizona",,,3167283.3,3158448.2,3174879.5,
PNTM9M2jMkKm3GLHpLiq3J4gE,"","North Campus",6c2573ce-592a-4519-989c-2fd21d6918b7,"W", 06/13/2025 01:00:00 AM,"(UTC-07:00) Arizona",,,3169685.225,3155600.5,3182072.2,
PNTM9M2jMkKm3GLHpLiq3J4gE,"","North Campus",6c2573ce-592a-4519-989c-2fd21d6918b7,"W", 06/13/2025 01:15:00 AM,"(UTC-07:00) Arizona",,,3199974.475,3194352.5,3204990,
PNTM9M2jMkKm3GLHpLiq3J4gE,"","North Campus",6c2573ce-592a-4519-989c-2fd21d6918b7,"W", 06/13/2025 01:30:00 AM,"(UTC-07:00) Arizona",,,3197289,3194039,3200831.8,
PNTM9M2jMkKm3GLHpLiq3J4gE,"","North Campus",6c2573ce-592a-4519-989c-2fd21d6918b7,"W", 06/13/2025 01:45:00 AM,"(UTC-07:00) Arizona",,,3177667.76,3154648.8,3213813.2,
PNTM9M2jMkKm3GLHpLiq3J4gE,"","North Campus",6c2573ce-592a-4519-989c-2fd21d6918b7,"W", 06/13/2025 02:00:00 AM,"(UTC-07:00) Arizona",,,3160878.23333333,3137414,3173485.2,
PNTM9M2jMkKm3GLHpLiq3J4gE,"","North Campus",6c2573ce-592a-4519-989c-2fd21d6918b7,"W", 06/13/2025 02:15:00 AM,"(UTC-07:00) Arizona",,,3137752.4,3133250,3142254.8,
PNTM9M2jMkKm3GLHpLiq3J4gE,"","North Campus",6c2573ce-592a-4519-989c-2fd21d6918b7,"W", 06/13/2025 02:30:00 AM,"(UTC-07:00) Arizona",,,3129687.45,3110661,3143299.2,
PNTM9M2jMkKm3GLHpLiq3J4gE,"","North Campus",6c2573ce-592a-4519-989c-2fd21d6918b7,"W", 06/13/2025 02:45:00 AM,"(UTC-07:00) Arizona",,,3107796.075,3094034.8,3127342.5,
PNTM9M2jMkKm3GLHpLiq3J4gE,"","North Campus",6c2573ce-592a-4519-989c-2fd21d6918b7,"W", 06/13/2025 03:00:00 AM,"(UTC-07:00) Arizona",,,3071205.73333333,3059592,3081628,
PNTM9M2jMkKm3GLHpLiq3J4gE,"","North Campus",6c2573ce-592a-4519-989c-2fd21d6918b7,"W", 06/13/2025 03:15:00 AM,"(UTC-07:00) Arizona",,,3042557.95,3027610.8,3062811,
PNTM9M2jMkKm3GLHpLiq3J4gE,"","North Campus",6c2573ce-592a-4519-989c-2fd21d6918b7,"W", 06/13/2025 03:30:00 AM,"(UTC-07:00) Arizona",,,3052172.375,3034255.5,3084052.5,
PNTM9M2jMkKm3GLHpLiq3J4gE,"","North Campus",6c2573ce-592a-4519-989c-2fd21d6918b7,"W", 06/13/2025 03:45:00 AM,"(UTC-07:00) Arizona",,,3128439.1,3121450,3145572.2,
PNTM9M2jMkKm3GLHpLiq3J4gE,"","North Campus",6c2573ce-592a-4519-989c-2fd21d6918b7,"W", 06/13/2025 04:00:00 AM,"(UTC-07:00) Arizona",,,3134039.83333333,3111220,3149090,
PNTM9M2jMkKm3GLHpLiq3J4gE,"","North Campus",6c2573ce-592a-4519-989c-2fd21d6918b7,"W", 06/13/2025 04:15:00 AM,"(UTC-07:00) Arizona",,,3158816.925,3133289.8,3200388.2,
PNTM9M2jMkKm3GLHpLiq3J4gE,"","North Campus",6c2573ce-592a-4519-989c-2fd21d6918b7,"W", 06/13/2025 04:30:00 AM,"(UTC-07:00) Arizona",,,3173770,3141315.8,3207483.2,
PNTM9M2jMkKm3GLHpLiq3J4gE,"","North Campus",6c2573ce-592a-4519-989c-2fd21d6918b7,"W", 06/13/2025 04:45:00 AM,"(UTC-07:00) Arizona",,,3189064.25,3186351,3190956,
PNTM9M2jMkKm3GLHpLiq3J4gE,"","North Campus",6c2573ce-592a-4519-989c-2fd21d6918b7,"W", 06/13/2025 05:00:00 AM,"(UTC-07:00) Arizona",,,3214993.45,3195038,3239298,
PNTM9M2jMkKm3GLHpLiq3J4gE,"","North Campus",6c2573ce-592a-4519-989c-2fd21d6918b7,"W", 06/13/2025 05:15:00 AM,"(UTC-07:00) Arizona",,,3216059.275,3180172.2,3297773.2,
PNTM9M2jMkKm3GLHpLiq3J4gE,"","North Campus",6c2573ce-592a-4519-989c-2fd21d6918b7,"W", 06/13/2025 05:30:00 AM,"(UTC-07:00) Arizona",,,3166180.73333333,3157018,3175664,
PNTM9M2jMkKm3GLHpLiq3J4gE,"","North Campus",6c2573ce-592a-4519-989c-2fd21d6918b7,"W", 06/13/2025 05:45:00 AM,"(UTC-07:00) Arizona",,,3169108.15,3157883,3177032,
PNTM9M2jMkKm3GLHpLiq3J4gE,"","North Campus",6c2573ce-592a-4519-989c-2fd21d6918b7,"W", 06/13/2025 06:00:00 AM,"(UTC-07:00) Arizona",,,3194305.575,3182200.5,3208616.5,
PNTM9M2jMkKm3GLHpLiq3J4gE,"","North Campus",6c2573ce-592a-4519-989c-2fd21d6918b7,"W", 06/13/2025 06:15:00 AM,"(UTC-07:00) Arizona",,,3192456.175,3167680,3222109,
PNTM9M2jMkKm3GLHpLiq3J4gE,"","North Campus",6c2573ce-592a-4519-989c-2fd21d6918b7,"W", 06/13/2025 06:30:00 AM,"(UTC-07:00) Arizona",,,3182416.63333333,3174199.5,3193017.2,
PNTM9M2jMkKm3GLHpLiq3J4gE,"","North Campus",6c2573ce-592a-4519-989c-2fd21d6918b7,"W", 06/13/2025 06:45:00 AM,"(UTC-07:00) Arizona",,,3239215.875,3223847.2,3266760.8,
PNTM9M2jMkKm3GLHpLiq3J4gE,"","North Campus",6c2573ce-592a-4519-989c-2fd21d6918b7,"W", 06/13/2025 07:00:00 AM,"(UTC-07:00) Arizona",,,3232526.225,3207880.8,3269685.5,
PNTM9M2jMkKm3GLHpLiq3J4gE,"","North Campus",6c2573ce-592a-4519-989c-2fd21d6918b7,"W", 06/13/2025 07:15:00 AM,"(UTC-07:00) Arizona",,,3265524.425,3252863.5,3274481.5,
PNTM9M2jMkKm3GLHpLiq3J4gE,"","North Campus",6c2573ce-592a-4519-989c-2fd21d6918b7,"W", 06/13/2025 07:30:00 AM,"(UTC-07:00) Arizona",,,3272688.66666667,3259579.5,3281081.5,
PNTM9M2jMkKm3GLHpLiq3J4gE,"","North Campus",6c2573ce-592a-4519-989c-2fd21d6918b7,"W", 06/13/2025 07:45:00 AM,"(UTC-07:00) Arizona",,,3242643.725,3214317.8,3282757.8,
PNTM9M2jMkKm3GLHpLiq3J4gE,"","North Campus",6c2573ce-592a-4519-989c-2fd21d6918b7,"W", 06/13/2025 08:00:00 AM,"(UTC-07:00) Arizona",,,3285343.925,3264875.8,3317739.2,
PNTM9M2jMkKm3GLHpLiq3J4gE,"","North Campus",6c2573ce-592a-4519-989c-2fd21d6918b7,"W", 06/13/2025 08:15:00 AM,"(UTC-07:00) Arizona",,,3283526.8,3243796,3320040.5,
PNTM9M2jMkKm3GLHpLiq3J4gE,"","North Campus",6c2573ce-592a-4519-989c-2fd21d6918b7,"W", 06/13/2025 08:30:00 AM,"(UTC-07:00) Arizona",,,3363761.76666667,3345370.5,3375621,
PNTM9M2jMkKm3GLHpLiq3J4gE,"","North Campus",6c2573ce-592a-4519-989c-2fd21d6918b7,"W", 06/13/2025 08:45:00 AM,"(UTC-07:00) Arizona",,,3369762.9,3332441.8,3401784,
PNTM9M2jMkKm3GLHpLiq3J4gE,"","North Campus",6c2573ce-592a-4519-989c-2fd21d6918b7,"W", 06/13/2025 09:00:00 AM,"(UTC-07:00) Arizona",,,3373571.875,3354642.5,3390075,
PNTM9M2jMkKm3GLHpLiq3J4gE,"","North Campus",6c2573ce-592a-4519-989c-2fd21d6918b7,"W", 06/13/2025 09:15:00 AM,"(UTC-07:00) Arizona",,,3396140.35,3387430.5,3404813.2,
PNTM9M2jMkKm3GLHpLiq3J4gE,"","North Campus",6c2573ce-592a-4519-989c-2fd21d6918b7,"W", 06/13/2025 09:30:00 AM,"(UTC-07:00) Arizona",,,3390621.55,3344180,3468636.5,
PNTM9M2jMkKm3GLHpLiq3J4gE,"","North Campus",6c2573ce-592a-4519-989c-2fd21d6918b7,"W", 06/13/2025 09:45:00 AM,"(UTC-07:00) Arizona",,,3392168.06666667,3385758.2,3396784.5,
PNTM9M2jMkKm3GLHpLiq3J4gE,"","North Campus",6c2573ce-592a-4519-989c-2fd21d6918b7,"W", 06/13/2025 10:00:00 AM,"(UTC-07:00) Arizona",,,3509976.8,3486539.8,3541279.8,
PNTM9M2jMkKm3GLHpLiq3J4gE,"","North Campus",6c2573ce-592a-4519-989c-2fd21d6918b7,"W", 06/13/2025 10:15:00 AM,"(UTC-07:00) Arizona",,,3577312.43333333,3548296.5,3626229,
PNTM9M2jMkKm3GLHpLiq3J4gE,"","North Campus",6c2573ce-592a-4519-989c-2fd21d6918b7,"W", 06/13/2025 10:30:00 AM,"(UTC-07:00) Arizona",,,3448077.375,3202148,3617077,
PNTM9M2jMkKm3GLHpLiq3J4gE,"","North Campus",6c2573ce-592a-4519-989c-2fd21d6918b7,"W", 06/13/2025 10:45:00 AM,"(UTC-07:00) Arizona",,,3435022.73333333,3387954,3474744.2,
PNTM9M2jMkKm3GLHpLiq3J4gE,"","North Campus",6c2573ce-592a-4519-989c-2fd21d6918b7,"W", 06/13/2025 11:00:00 AM,"(UTC-07:00) Arizona",,,3539143.4,3505158.8,3553580,
PNTM9M2jMkKm3GLHpLiq3J4gE,"","North Campus",6c2573ce-592a-4519-989c-2fd21d6918b7,"W", 06/13/2025 11:15:00 AM,"(UTC-07:00) Arizona",,,3502155.325,3464937.5,3572260,
PNTM9M2jMkKm3GLHpLiq3J4gE,"","North Campus",6c2573ce-592a-4519-989c-2fd21d6918b7,"W", 06/13/2025 11:30:00 AM,"(UTC-07:00) Arizona",,,3467695.05,3431886.2,3553253.5,
PNTM9M2jMkKm3GLHpLiq3J4gE,"","North Campus",6c2573ce-592a-4519-989c-2fd21d6918b7,"W", 06/13/2025 11:45:00 AM,"(UTC-07:00) Arizona",,,3451487.725,3399499.5,3502137.2,
PNTM9M2jMkKm3GLHpLiq3J4gE,"","North Campus",6c2573ce-592a-4519-989c-2fd21d6918b7,"W", 06/13/2025 12:00:00 PM,"(UTC-07:00) Arizona",,,3441680.15,3430366.8,3452993.5,
PNTM9M2jMkKm3GLHpLiq3J4gE,"","North Campus",6c2573ce-592a-4519-989c-2fd21d6918b7,"W", 06/13/2025 12:15:00 PM,"(UTC-07:00) Arizona",,,3380811.075,3350946.5,3400497.5,
PNTM9M2jMkKm3GLHpLiq3J4gE,"","North Campus",6c2573ce-592a-4519-989c-2fd21d6918b7,"W", 06/13/2025 12:30:00 PM,"(UTC-07:00) Arizona",,,3363425.85,3310687,3413951.8,
PNTM9M2jMkKm3GLHpLiq3J4gE,"","North Campus",6c2573ce-592a-4519-989c-2fd21d6918b7,"W", 06/13/2025 12:45:00 PM,"(UTC-07:00) Arizona",,,3411436.36666667,3377813.8,3444517.8,
PNTM9M2jMkKm3GLHpLiq3J4gE,"","North Campus",6c2573ce-592a-4519-989c-2fd21d6918b7,"W", 06/13/2025 01:00:00 PM,"(UTC-07:00) Arizona",,,3368802.25,3354094.8,3385812.2,
PNTM9M2jMkKm3GLHpLiq3J4gE,"","North Campus",6c2573ce-592a-4519-989c-2fd21d6918b7,"W", 06/13/2025 01:15:00 PM,"(UTC-07:00) Arizona",,,3371180.85,3337095.2,3429696,
PNTM9M2jMkKm3GLHpLiq3J4gE,"","North Campus",6c2573ce-592a-4519-989c-2fd21d6918b7,"W", 06/13/2025 01:30:00 PM,"(UTC-07:00) Arizona",,,3405215.25,3383486.5,3416729.5,
PNTM9M2jMkKm3GLHpLiq3J4gE,"","North Campus",6c2573ce-592a-4519-989c-2fd21d6918b7,"W", 06/13/2025 01:45:00 PM,"(UTC-07:00) Arizona",,,3509009.26666667,3480631.8,3537692.8,
PNTM9M2jMkKm3GLHpLiq3J4gE,"","North Campus",6c2573ce-592a-4519-989c-2fd21d6918b7,"W", 06/13/2025 02:00:00 PM,"(UTC-07:00) Arizona",,,3590163.05,3565889,3629096.2,
PNTM9M2jMkKm3GLHpLiq3J4gE,"","North Campus",6c2573ce-592a-4519-989c-2fd21d6918b7,"W", 06/13/2025 02:15:00 PM,"(UTC-07:00) Arizona",,,3432449.025,3403502.5,3473547.2,
PNTM9M2jMkKm3GLHpLiq3J4gE,"","North Campus",6c2573ce-592a-4519-989c-2fd21d6918b7,"W", 06/13/2025 02:30:00 PM,"(UTC-07:00) Arizona",,,3446016.13333333,3427851.2,3458271,
PNTM9M2jMkKm3GLHpLiq3J4gE,"","North Campus",6c2573ce-592a-4519-989c-2fd21d6918b7,"W", 06/13/2025 02:45:00 PM,"(UTC-07:00) Arizona",,,3549810.675,3496148.5,3676723.8,
PNTM9M2jMkKm3GLHpLiq3J4gE,"","North Campus",6c2573ce-592a-4519-989c-2fd21d6918b7,"W", 06/13/2025 03:00:00 PM,"(UTC-07:00) Arizona",,,3517637.85,3510166.2,3522535.2,
PNTM9M2jMkKm3GLHpLiq3J4gE,"","North Campus",6c2573ce-592a-4519-989c-2fd21d6918b7,"W", 06/13/2025 03:15:00 PM,"(UTC-07:00) Arizona",,,3564793.85,3553162.2,3577419.2,
PNTM9M2jMkKm3GLHpLiq3J4gE,"","North Campus",6c2573ce-592a-4519-989c-2fd21d6918b7,"W", 06/13/2025 03:30:00 PM,"(UTC-07:00) Arizona",,,3535628.825,3510093.8,3552791,
PNTM9M2jMkKm3GLHpLiq3J4gE,"","North Campus",6c2573ce-592a-4519-989c-2fd21d6918b7,"W", 06/13/2025 03:45:00 PM,"(UTC-07:00) Arizona",,,3586938.1,3550458.5,3627944,
PNTM9M2jMkKm3GLHpLiq3J4gE,"","North Campus",6c2573ce-592a-4519-989c-2fd21d6918b7,"W", 06/13/2025 04:00:00 PM,"(UTC-07:00) Arizona",,,3585076.55,3557943.2,3614483,
PNTM9M2jMkKm3GLHpLiq3J4gE,"","North Campus",6c2573ce-592a-4519-989c-2fd21d6918b7,"W", 06/13/2025 04:15:00 PM,"(UTC-07:00) Arizona",,,3612499.15,3599527.2,3632156.2,
PNTM9M2jMkKm3GLHpLiq3J4gE,"","North Campus",6c2573ce-592a-4519-989c-2fd21d6918b7,"W", 06/13/2025 04:30:00 PM,"(UTC-07:00) Arizona",,,3649749.9,3641550.5,3661569.5,
PNTM9M2jMkKm3GLHpLiq3J4gE,"","North Campus",6c2573ce-592a-4519-989c-2fd21d6918b7,"W", 06/13/2025 04:45:00 PM,"(UTC-07:00) Arizona",,,3683916.3,3649219.5,3764923,
PNTM9M2jMkKm3GLHpLiq3J4gE,"","North Campus",6c2573ce-592a-4519-989c-2fd21d6918b7,"W", 06/13/2025 05:00:00 PM,"(UTC-07:00) Arizona",,,3708806.7,3691598.8,3724555,
PNTM9M2jMkKm3GLHpLiq3J4gE,"","North Campus",6c2573ce-592a-4519-989c-2fd21d6918b7,"W", 06/13/2025 05:15:00 PM,"(UTC-07:00) Arizona",,,3618419.8,3546266.2,3660390,
PNTM9M2jMkKm3GLHpLiq3J4gE,"","North Campus",6c2573ce-592a-4519-989c-2fd21d6918b7,"W", 06/13/2025 05:30:00 PM,"(UTC-07:00) Arizona",,,3636930.175,3627893.2,3645979.2,
PNTM9M2jMkKm3GLHpLiq3J4gE,"","North Campus",6c2573ce-592a-4519-989c-2fd21d6918b7,"W", 06/13/2025 05:45:00 PM,"(UTC-07:00) Arizona",,,3635288.93333333,3609652.2,3681831.8,
PNTM9M2jMkKm3GLHpLiq3J4gE,"","North Campus",6c2573ce-592a-4519-989c-2fd21d6918b7,"W", 06/13/2025 06:00:00 PM,"(UTC-07:00) Arizona",,,3668799.775,3632416.8,3712927,
PNTM9M2jMkKm3GLHpLiq3J4gE,"","North Campus",6c2573ce-592a-4519-989c-2fd21d6918b7,"W", 06/13/2025 06:15:00 PM,"(UTC-07:00) Arizona",,,3614320.23333333,3602133.2,3624368.5,
PNTM9M2jMkKm3GLHpLiq3J4gE,"","North Campus",6c2573ce-592a-4519-989c-2fd21d6918b7,"W", 06/13/2025 06:30:00 PM,"(UTC-07:00) Arizona",,,3644978.2,3625272.5,3688980.5,
PNTM9M2jMkKm3GLHpLiq3J4gE,"","North Campus",6c2573ce-592a-4519-989c-2fd21d6918b7,"W", 06/13/2025 06:45:00 PM,"(UTC-07:00) Arizona",,,3587192.675,3532776.2,3614797.2,
PNTM9M2jMkKm3GLHpLiq3J4gE,"","North Campus",6c2573ce-592a-4519-989c-2fd21d6918b7,"W", 06/13/2025 07:00:00 PM,"(UTC-07:00) Arizona",,,3552640.63333333,3532776.2,3569977.5,
PNTM9M2jMkKm3GLHpLiq3J4gE,"","North Campus",6c2573ce-592a-4519-989c-2fd21d6918b7,"W", 06/13/2025 07:15:00 PM,"(UTC-07:00) Arizona",,,3393629.325,3362175.8,3442708.2,
PNTM9M2jMkKm3GLHpLiq3J4gE,"","North Campus",6c2573ce-592a-4519-989c-2fd21d6918b7,"W", 06/13/2025 07:30:00 PM,"(UTC-07:00) Arizona",,,3366318.625,3353614.5,3375455.5,
PNTM9M2jMkKm3GLHpLiq3J4gE,"","North Campus",6c2573ce-592a-4519-989c-2fd21d6918b7,"W", 06/13/2025 07:45:00 PM,"(UTC-07:00) Arizona",,,3303787.46666667,3256360.8,3336620.8,
PNTM9M2jMkKm3GLHpLiq3J4gE,"","North Campus",6c2573ce-592a-4519-989c-2fd21d6918b7,"W", 06/13/2025 08:00:00 PM,"(UTC-07:00) Arizona",,,3317392.125,3300499,3333277.5,
PNTM9M2jMkKm3GLHpLiq3J4gE,"","North Campus",6c2573ce-592a-4519-989c-2fd21d6918b7,"W", 06/13/2025 08:15:00 PM,"(UTC-07:00) Arizona",,,3329052.35,3299055.2,3345771.2,
PNTM9M2jMkKm3GLHpLiq3J4gE,"","North Campus",6c2573ce-592a-4519-989c-2fd21d6918b7,"W", 06/13/2025 08:30:00 PM,"(UTC-07:00) Arizona",,,3360450.66666667,3352923,3364351,
PNTM9M2jMkKm3GLHpLiq3J4gE,"","North Campus",6c2573ce-592a-4519-989c-2fd21d6918b7,"W", 06/13/2025 08:45:00 PM,"(UTC-07:00) Arizona",,,3387508.6,3371008.5,3407818.5,
PNTM9M2jMkKm3GLHpLiq3J4gE,"","North Campus",6c2573ce-592a-4519-989c-2fd21d6918b7,"W", 06/13/2025 09:00:00 PM,"(UTC-07:00) Arizona",,,3353164.075,3341741.8,3365937.2,
PNTM9M2jMkKm3GLHpLiq3J4gE,"","North Campus",6c2573ce-592a-4519-989c-2fd21d6918b7,"W", 06/13/2025 09:15:00 PM,"(UTC-07:00) Arizona",,,3350059.16666667,3345763.5,3355817.2,
PNTM9M2jMkKm3GLHpLiq3J4gE,"","North Campus",6c2573ce-592a-4519-989c-2fd21d6918b7,"W", 06/13/2025 09:30:00 PM,"(UTC-07:00) Arizona",,,3364723.8,3334926.2,3395295.8,
PNTM9M2jMkKm3GLHpLiq3J4gE,"","North Campus",6c2573ce-592a-4519-989c-2fd21d6918b7,"W", 06/13/2025 09:45:00 PM,"(UTC-07:00) Arizona",,,3319204.425,3287937.2,3347148.5,
PNTM9M2jMkKm3GLHpLiq3J4gE,"","North Campus",6c2573ce-592a-4519-989c-2fd21d6918b7,"W", 06/13/2025 10:00:00 PM,"(UTC-07:00) Arizona",,,3248669.425,3204666.2,3296594.8,
PNTM9M2jMkKm3GLHpLiq3J4gE,"","North Campus",6c2573ce-592a-4519-989c-2fd21d6918b7,"W", 06/13/2025 10:15:00 PM,"(UTC-07:00) Arizona",,,3230104.1,3211529.5,3241075,
PNTM9M2jMkKm3GLHpLiq3J4gE,"","North Campus",6c2573ce-592a-4519-989c-2fd21d6918b7,"W", 06/13/2025 10:30:00 PM,"(UTC-07:00) Arizona",,,3208999.85,3166449,3254480.8,
PNTM9M2jMkKm3GLHpLiq3J4gE,"","North Campus",6c2573ce-592a-4519-989c-2fd21d6918b7,"W", 06/13/2025 10:45:00 PM,"(UTC-07:00) Arizona",,,3198500.75,3180217.2,3228615.8,
PNTM9M2jMkKm3GLHpLiq3J4gE,"","North Campus",6c2573ce-592a-4519-989c-2fd21d6918b7,"W", 06/13/2025 11:00:00 PM,"(UTC-07:00) Arizona",,,3148561.86666667,3133449.8,3166086,
PNTM9M2jMkKm3GLHpLiq3J4gE,"","North Campus",6c2573ce-592a-4519-989c-2fd21d6918b7,"W", 06/13/2025 11:15:00 PM,"(UTC-07:00) Arizona",,,3149378.375,3136131,3180225.8,
PNTM9M2jMkKm3GLHpLiq3J4gE,"","North Campus",6c2573ce-592a-4519-989c-2fd21d6918b7,"W", 06/13/2025 11:30:00 PM,"(UTC-07:00) Arizona",,,3145170.175,3130102.2,3170491.2,
PNTM9M2jMkKm3GLHpLiq3J4gE,"","North Campus",6c2573ce-592a-4519-989c-2fd21d6918b7,"W", 06/13/2025 11:45:00 PM,"(UTC-07:00) Arizona",,,3136660.4,3108550.8,3156766,
PNTM9M2jMkKm3GLHpLiq3J4gE,"","North Campus",6c2573ce-592a-4519-989c-2fd21d6918b7,"W", 06/14/2025 12:00:00 AM,"(UTC-07:00) Arizona",,,3117884.45,3095957.5,3147772.5,
PNTM9M2jMkKm3GLHpLiq3J4gE,"","North Campus",6c2573ce-592a-4519-989c-2fd21d6918b7,"W", 06/14/2025 12:15:00 AM,"(UTC-07:00) Arizona",,,3089620.075,3056989,3127879,
PNTM9M2jMkKm3GLHpLiq3J4gE,"","North Campus",6c2573ce-592a-4519-989c-2fd21d6918b7,"W", 06/14/2025 12:30:00 AM,"(UTC-07:00) Arizona",,,3074704.3,3053763.8,3095644.8,
PNTM9M2jMkKm3GLHpLiq3J4gE,"","North Campus",6c2573ce-592a-4519-989c-2fd21d6918b7,"W", 06/14/2025 12:45:00 AM,"(UTC-07:00) Arizona",,,3077080.975,3057548.2,3093534,
PNTM9M2jMkKm3GLHpLiq3J4gE,"","North Campus",6c2573ce-592a-4519-989c-2fd21d6918b7,"W", 06/14/2025 01:00:00 AM,"(UTC-07:00) Arizona",,,3058638.125,3047778,3071131.5,
PNTM9M2jMkKm3GLHpLiq3J4gE,"","North Campus",6c2573ce-592a-4519-989c-2fd21d6918b7,"W", 06/14/2025 01:15:00 AM,"(UTC-07:00) Arizona",,,3015115.375,2979191.5,3032101,
PNTM9M2jMkKm3GLHpLiq3J4gE,"","North Campus",6c2573ce-592a-4519-989c-2fd21d6918b7,"W", 06/14/2025 01:30:00 AM,"(UTC-07:00) Arizona",,,2993306.325,2981040.5,3017297.8,
PNTM9M2jMkKm3GLHpLiq3J4gE,"","North Campus",6c2573ce-592a-4519-989c-2fd21d6918b7,"W", 06/14/2025 01:45:00 AM,"(UTC-07:00) Arizona",,,2967902.46666667,2955234.8,2980814.8,
PNTM9M2jMkKm3GLHpLiq3J4gE,"","North Campus",6c2573ce-592a-4519-989c-2fd21d6918b7,"W", 06/14/2025 02:00:00 AM,"(UTC-07:00) Arizona",,,2973447.875,2966776,2977927.2,
PNTM9M2jMkKm3GLHpLiq3J4gE,"","North Campus",6c2573ce-592a-4519-989c-2fd21d6918b7,"W", 06/14/2025 02:15:00 AM,"(UTC-07:00) Arizona",,,2982779.625,2944782.2,3032740,
PNTM9M2jMkKm3GLHpLiq3J4gE,"","North Campus",6c2573ce-592a-4519-989c-2fd21d6918b7,"W", 06/14/2025 02:30:00 AM,"(UTC-07:00) Arizona",,,2974780.1,2946864.8,3009293.8,
PNTM9M2jMkKm3GLHpLiq3J4gE,"","North Campus",6c2573ce-592a-4519-989c-2fd21d6918b7,"W", 06/14/2025 02:45:00 AM,"(UTC-07:00) Arizona",,,2989291.1,2981256,2999717.5,
PNTM9M2jMkKm3GLHpLiq3J4gE,"","North Campus",6c2573ce-592a-4519-989c-2fd21d6918b7,"W", 06/14/2025 03:00:00 AM,"(UTC-07:00) Arizona",,,2975237.875,2949503.5,2987146.2,
PNTM9M2jMkKm3GLHpLiq3J4gE,"","North Campus",6c2573ce-592a-4519-989c-2fd21d6918b7,"W", 06/14/2025 03:15:00 AM,"(UTC-07:00) Arizona",,,2972805.35,2956391.2,2982178.5,
PNTM9M2jMkKm3GLHpLiq3J4gE,"","North Campus",6c2573ce-592a-4519-989c-2fd21d6918b7,"W", 06/14/2025 03:30:00 AM,"(UTC-07:00) Arizona",,,2977262.9,2967432.2,2989472.5,
PNTM9M2jMkKm3GLHpLiq3J4gE,"","North Campus",6c2573ce-592a-4519-989c-2fd21d6918b7,"W", 06/14/2025 03:45:00 AM,"(UTC-07:00) Arizona",,,2995090.925,2972149.2,3022580.8,
PNTM9M2jMkKm3GLHpLiq3J4gE,"","North Campus",6c2573ce-592a-4519-989c-2fd21d6918b7,"W", 06/14/2025 04:00:00 AM,"(UTC-07:00) Arizona",,,2972925.25,2932836,3015625.5,
PNTM9M2jMkKm3GLHpLiq3J4gE,"","North Campus",6c2573ce-592a-4519-989c-2fd21d6918b7,"W", 06/14/2025 04:15:00 AM,"(UTC-07:00) Arizona",,,3004934.975,2977303.5,3038643.2,
PNTM9M2jMkKm3GLHpLiq3J4gE,"","North Campus",6c2573ce-592a-4519-989c-2fd21d6918b7,"W", 06/14/2025 04:30:00 AM,"(UTC-07:00) Arizona",,,3003228.5,2986056.8,3017818.2,
PNTM9M2jMkKm3GLHpLiq3J4gE,"","North Campus",6c2573ce-592a-4519-989c-2fd21d6918b7,"W", 06/14/2025 04:45:00 AM,"(UTC-07:00) Arizona",,,3006675.875,2982284.5,3033646.8,
PNTM9M2jMkKm3GLHpLiq3J4gE,"","North Campus",6c2573ce-592a-4519-989c-2fd21d6918b7,"W", 06/14/2025 05:00:00 AM,"(UTC-07:00) Arizona",,,2984044.63333333,2957451.2,3003601.2,
PNTM9M2jMkKm3GLHpLiq3J4gE,"","North Campus",6c2573ce-592a-4519-989c-2fd21d6918b7,"W", 06/14/2025 05:15:00 AM,"(UTC-07:00) Arizona",,,2972528.05,2948177,2989688.8,
PNTM9M2jMkKm3GLHpLiq3J4gE,"","North Campus",6c2573ce-592a-4519-989c-2fd21d6918b7,"W", 06/14/2025 05:30:00 AM,"(UTC-07:00) Arizona",,,2938051.025,2907345.5,2962408.8,
PNTM9M2jMkKm3GLHpLiq3J4gE,"","North Campus",6c2573ce-592a-4519-989c-2fd21d6918b7,"W", 06/14/2025 05:45:00 AM,"(UTC-07:00) Arizona",,,2933735.33333333,2929081,2936402,
PNTM9M2jMkKm3GLHpLiq3J4gE,"","North Campus",6c2573ce-592a-4519-989c-2fd21d6918b7,"W", 06/14/2025 06:00:00 AM,"(UTC-07:00) Arizona",,,2935936.825,2909697,2957750,
PNTM9M2jMkKm3GLHpLiq3J4gE,"","North Campus",6c2573ce-592a-4519-989c-2fd21d6918b7,"W", 06/14/2025 06:15:00 AM,"(UTC-07:00) Arizona",,,2940197.05,2908125.8,2967417.8,
PNTM9M2jMkKm3GLHpLiq3J4gE,"","North Campus",6c2573ce-592a-4519-989c-2fd21d6918b7,"W", 06/14/2025 06:30:00 AM,"(UTC-07:00) Arizona",,,2897840.825,2862182.5,2935824.2,
PNTM9M2jMkKm3GLHpLiq3J4gE,"","North Campus",6c2573ce-592a-4519-989c-2fd21d6918b7,"W", 06/14/2025 06:45:00 AM,"(UTC-07:00) Arizona",,,2866890.43333333,2861416.5,2872813,
PNTM9M2jMkKm3GLHpLiq3J4gE,"","North Campus",6c2573ce-592a-4519-989c-2fd21d6918b7,"W", 06/14/2025 07:00:00 AM,"(UTC-07:00) Arizona",,,2885228.1,2865236.5,2907727.2,
PNTM9M2jMkKm3GLHpLiq3J4gE,"","North Campus",6c2573ce-592a-4519-989c-2fd21d6918b7,"W", 06/14/2025 07:15:00 AM,"(UTC-07:00) Arizona",,,2921786.55,2904719,2941714.2,
PNTM9M2jMkKm3GLHpLiq3J4gE,"","North Campus",6c2573ce-592a-4519-989c-2fd21d6918b7,"W", 06/14/2025 07:30:00 AM,"(UTC-07:00) Arizona",,,2886081.85,2832101.2,2909659.2,
PNTM9M2jMkKm3GLHpLiq3J4gE,"","North Campus",6c2573ce-592a-4519-989c-2fd21d6918b7,"W", 06/14/2025 07:45:00 AM,"(UTC-07:00) Arizona",,,2883577.26666667,2862197.8,2920485.5,
PNTM9M2jMkKm3GLHpLiq3J4gE,"","North Campus",6c2573ce-592a-4519-989c-2fd21d6918b7,"W", 06/14/2025 08:00:00 AM,"(UTC-07:00) Arizona",,,2843324,2803866.5,2884727,
PNTM9M2jMkKm3GLHpLiq3J4gE,"","North Campus",6c2573ce-592a-4519-989c-2fd21d6918b7,"W", 06/14/2025 08:15:00 AM,"(UTC-07:00) Arizona",,,2909219.925,2848291.2,3016632.5,
PNTM9M2jMkKm3GLHpLiq3J4gE,"","North Campus",6c2573ce-592a-4519-989c-2fd21d6918b7,"W", 06/14/2025 08:30:00 AM,"(UTC-07:00) Arizona",,,3019240.53333333,2979303.8,3046037,
PNTM9M2jMkKm3GLHpLiq3J4gE,"","North Campus",6c2573ce-592a-4519-989c-2fd21d6918b7,"W", 06/14/2025 08:45:00 AM,"(UTC-07:00) Arizona",,,3037063.675,3004592.2,3057531.8,
PNTM9M2jMkKm3GLHpLiq3J4gE,"","North Campus",6c2573ce-592a-4519-989c-2fd21d6918b7,"W", 06/14/2025 09:00:00 AM,"(UTC-07:00) Arizona",,,3049475.86666667,3040074,3062543.8,
PNTM9M2jMkKm3GLHpLiq3J4gE,"","North Campus",6c2573ce-592a-4519-989c-2fd21d6918b7,"W", 06/14/2025 09:15:00 AM,"(UTC-07:00) Arizona",,,3032499.93333333,3011552,3074395.8,
PNTM9M2jMkKm3GLHpLiq3J4gE,"","North Campus",6c2573ce-592a-4519-989c-2fd21d6918b7,"W", 06/14/2025 09:30:00 AM,"(UTC-07:00) Arizona",,,3024104.55,3012422.2,3034605.8,
PNTM9M2jMkKm3GLHpLiq3J4gE,"","North Campus",6c2573ce-592a-4519-989c-2fd21d6918b7,"W", 06/14/2025 09:45:00 AM,"(UTC-07:00) Arizona",,,3042452.275,3038247.2,3049080.5,
PNTM9M2jMkKm3GLHpLiq3J4gE,"","North Campus",6c2573ce-592a-4519-989c-2fd21d6918b7,"W", 06/14/2025 10:00:00 AM,"(UTC-07:00) Arizona",,,3008092.6,2990883.2,3016507.2,
PNTM9M2jMkKm3GLHpLiq3J4gE,"","North Campus",6c2573ce-592a-4519-989c-2fd21d6918b7,"W", 06/14/2025 10:15:00 AM,"(UTC-07:00) Arizona",,,3011390.4,3002028.2,3019113.2,
PNTM9M2jMkKm3GLHpLiq3J4gE,"","North Campus",6c2573ce-592a-4519-989c-2fd21d6918b7,"W", 06/14/2025 10:30:00 AM,"(UTC-07:00) Arizona",,,3013693.35,3000551.2,3033576.2,
PNTM9M2jMkKm3GLHpLiq3J4gE,"","North Campus",6c2573ce-592a-4519-989c-2fd21d6918b7,"W", 06/14/2025 10:45:00 AM,"(UTC-07:00) Arizona",,,3041555.9,3015643,3088053.8,
PNTM9M2jMkKm3GLHpLiq3J4gE,"","North Campus",6c2573ce-592a-4519-989c-2fd21d6918b7,"W", 06/14/2025 11:00:00 AM,"(UTC-07:00) Arizona",,,3010682.9,2994067.8,3029886.8,
PNTM9M2jMkKm3GLHpLiq3J4gE,"","North Campus",6c2573ce-592a-4519-989c-2fd21d6918b7,"W", 06/14/2025 11:15:00 AM,"(UTC-07:00) Arizona",,,3018956.425,3015441.5,3026813.2,
PNTM9M2jMkKm3GLHpLiq3J4gE,"","North Campus",6c2573ce-592a-4519-989c-2fd21d6918b7,"W", 06/14/2025 11:30:00 AM,"(UTC-07:00) Arizona",,,3004746.76666667,2994693.8,3011754.5,
PNTM9M2jMkKm3GLHpLiq3J4gE,"","North Campus",6c2573ce-592a-4519-989c-2fd21d6918b7,"W", 06/14/2025 11:45:00 AM,"(UTC-07:00) Arizona",,,3047409.6,2998793,3092433.2,
PNTM9M2jMkKm3GLHpLiq3J4gE,"","North Campus",6c2573ce-592a-4519-989c-2fd21d6918b7,"W", 06/14/2025 12:00:00 PM,"(UTC-07:00) Arizona",,,3020666.5,2999243.2,3042999,
PNTM9M2jMkKm3GLHpLiq3J4gE,"","North Campus",6c2573ce-592a-4519-989c-2fd21d6918b7,"W", 06/14/2025 12:15:00 PM,"(UTC-07:00) Arizona",,,3017849.33333333,2991527.8,3040359,
PNTM9M2jMkKm3GLHpLiq3J4gE,"","North Campus",6c2573ce-592a-4519-989c-2fd21d6918b7,"W", 06/14/2025 12:30:00 PM,"(UTC-07:00) Arizona",,,3014133.5,3001184.8,3038832.5,
PNTM9M2jMkKm3GLHpLiq3J4gE,"","North Campus",6c2573ce-592a-4519-989c-2fd21d6918b7,"W", 06/14/2025 12:45:00 PM,"(UTC-07:00) Arizona",,,3026162.75,3009809,3066796.8,
PNTM9M2jMkKm3GLHpLiq3J4gE,"","North Campus",6c2573ce-592a-4519-989c-2fd21d6918b7,"W", 06/14/2025 01:00:00 PM,"(UTC-07:00) Arizona",,,3020186.075,2995455.2,3036265.8,
PNTM9M2jMkKm3GLHpLiq3J4gE,"","North Campus",6c2573ce-592a-4519-989c-2fd21d6918b7,"W", 06/14/2025 01:15:00 PM,"(UTC-07:00) Arizona",,,3014264.2,2995903.8,3025617,
PNTM9M2jMkKm3GLHpLiq3J4gE,"","North Campus",6c2573ce-592a-4519-989c-2fd21d6918b7,"W", 06/14/2025 01:30:00 PM,"(UTC-07:00) Arizona",,,3063893.85,3041498,3077026.8,
PNTM9M2jMkKm3GLHpLiq3J4gE,"","North Campus",6c2573ce-592a-4519-989c-2fd21d6918b7,"W", 06/14/2025 01:45:00 PM,"(UTC-07:00) Arizona",,,3076308.875,3051769.8,3100069.2,
PNTM9M2jMkKm3GLHpLiq3J4gE,"","North Campus",6c2573ce-592a-4519-989c-2fd21d6918b7,"W", 06/14/2025 02:00:00 PM,"(UTC-07:00) Arizona",,,3055535.15,3055334.8,3055735.5,
PNTM9M2jMkKm3GLHpLiq3J4gE,"","North Campus",6c2573ce-592a-4519-989c-2fd21d6918b7,"W", 06/14/2025 02:15:00 PM,"(UTC-07:00) Arizona",,,3081853.325,3068432,3104074,
PNTM9M2jMkKm3GLHpLiq3J4gE,"","North Campus",6c2573ce-592a-4519-989c-2fd21d6918b7,"W", 06/14/2025 02:30:00 PM,"(UTC-07:00) Arizona",,,3084777.575,3070963,3107927,
PNTM9M2jMkKm3GLHpLiq3J4gE,"","North Campus",6c2573ce-592a-4519-989c-2fd21d6918b7,"W", 06/14/2025 02:45:00 PM,"(UTC-07:00) Arizona",,,3129894.075,3103906.5,3152064,
PNTM9M2jMkKm3GLHpLiq3J4gE,"","North Campus",6c2573ce-592a-4519-989c-2fd21d6918b7,"W", 06/14/2025 03:00:00 PM,"(UTC-07:00) Arizona",,,3160502.93333333,3130102,3192657.8,
PNTM9M2jMkKm3GLHpLiq3J4gE,"","North Campus",6c2573ce-592a-4519-989c-2fd21d6918b7,"W", 06/14/2025 03:15:00 PM,"(UTC-07:00) Arizona",,,3272099.225,3250199.2,3291320,
PNTM9M2jMkKm3GLHpLiq3J4gE,"","North Campus",6c2573ce-592a-4519-989c-2fd21d6918b7,"W", 06/14/2025 03:30:00 PM,"(UTC-07:00) Arizona",,,3325149.725,3259318.2,3420258.5,
PNTM9M2jMkKm3GLHpLiq3J4gE,"","North Campus",6c2573ce-592a-4519-989c-2fd21d6918b7,"W", 06/14/2025 03:45:00 PM,"(UTC-07:00) Arizona",,,3449449.4,3429683,3466412.2,
PNTM9M2jMkKm3GLHpLiq3J4gE,"","North Campus",6c2573ce-592a-4519-989c-2fd21d6918b7,"W", 06/14/2025 04:00:00 PM,"(UTC-07:00) Arizona",,,3443454.725,3415045.2,3493420.2,
PNTM9M2jMkKm3GLHpLiq3J4gE,"","North Campus",6c2573ce-592a-4519-989c-2fd21d6918b7,"W", 06/14/2025 04:15:00 PM,"(UTC-07:00) Arizona",,,3394802.775,3357694.8,3420145,
PNTM9M2jMkKm3GLHpLiq3J4gE,"","North Campus",6c2573ce-592a-4519-989c-2fd21d6918b7,"W", 06/14/2025 04:30:00 PM,"(UTC-07:00) Arizona",,,3426550.275,3421388.2,3434463.5,
PNTM9M2jMkKm3GLHpLiq3J4gE,"","North Campus",6c2573ce-592a-4519-989c-2fd21d6918b7,"W", 06/14/2025 04:45:00 PM,"(UTC-07:00) Arizona",,,3448923.375,3406008.5,3484897,
PNTM9M2jMkKm3GLHpLiq3J4gE,"","North Campus",6c2573ce-592a-4519-989c-2fd21d6918b7,"W", 06/14/2025 05:00:00 PM,"(UTC-07:00) Arizona",,,3468118.46666667,3459575.8,3484573.8,
PNTM9M2jMkKm3GLHpLiq3J4gE,"","North Campus",6c2573ce-592a-4519-989c-2fd21d6918b7,"W", 06/14/2025 05:15:00 PM,"(UTC-07:00) Arizona",,,3446863.825,3412067.5,3487661,
PNTM9M2jMkKm3GLHpLiq3J4gE,"","North Campus",6c2573ce-592a-4519-989c-2fd21d6918b7,"W", 06/14/2025 05:30:00 PM,"(UTC-07:00) Arizona",,,3398441.175,3378905.2,3415651,
PNTM9M2jMkKm3GLHpLiq3J4gE,"","North Campus",6c2573ce-592a-4519-989c-2fd21d6918b7,"W", 06/14/2025 05:45:00 PM,"(UTC-07:00) Arizona",,,3429789.8,3398967.2,3456398.2,
PNTM9M2jMkKm3GLHpLiq3J4gE,"","North Campus",6c2573ce-592a-4519-989c-2fd21d6918b7,"W", 06/14/2025 06:00:00 PM,"(UTC-07:00) Arizona",,,3450145.975,3440641,3455305.2,
PNTM9M2jMkKm3GLHpLiq3J4gE,"","North Campus",6c2573ce-592a-4519-989c-2fd21d6918b7,"W", 06/14/2025 06:15:00 PM,"(UTC-07:00) Arizona",,,3478087.2,3442768.8,3497663.5,
PNTM9M2jMkKm3GLHpLiq3J4gE,"","North Campus",6c2573ce-592a-4519-989c-2fd21d6918b7,"W", 06/14/2025 06:30:00 PM,"(UTC-07:00) Arizona",,,3452008.4,3425479.5,3488661.8,
PNTM9M2jMkKm3GLHpLiq3J4gE,"","North Campus",6c2573ce-592a-4519-989c-2fd21d6918b7,"W", 06/14/2025 06:45:00 PM,"(UTC-07:00) Arizona",,,3451243.75,3449334,3453153.5,
PNTM9M2jMkKm3GLHpLiq3J4gE,"","North Campus",6c2573ce-592a-4519-989c-2fd21d6918b7,"W", 06/14/2025 07:00:00 PM,"(UTC-07:00) Arizona",,,3411554.625,3403215.5,3417327,
PNTM9M2jMkKm3GLHpLiq3J4gE,"","North Campus",6c2573ce-592a-4519-989c-2fd21d6918b7,"W", 06/14/2025 07:15:00 PM,"(UTC-07:00) Arizona",,,3420133.95,3384258.8,3473150,
PNTM9M2jMkKm3GLHpLiq3J4gE,"","North Campus",6c2573ce-592a-4519-989c-2fd21d6918b7,"W", 06/14/2025 07:30:00 PM,"(UTC-07:00) Arizona",,,3457846.2,3445564.2,3480715.8,
PNTM9M2jMkKm3GLHpLiq3J4gE,"","North Campus",6c2573ce-592a-4519-989c-2fd21d6918b7,"W", 06/14/2025 07:45:00 PM,"(UTC-07:00) Arizona",,,3444766.43333333,3431921.5,3457530.8,
PNTM9M2jMkKm3GLHpLiq3J4gE,"","North Campus",6c2573ce-592a-4519-989c-2fd21d6918b7,"W", 06/14/2025 08:00:00 PM,"(UTC-07:00) Arizona",,,3406275.44,3390236.5,3424665.5,
PNTM9M2jMkKm3GLHpLiq3J4gE,"","North Campus",6c2573ce-592a-4519-989c-2fd21d6918b7,"W", 06/14/2025 08:15:00 PM,"(UTC-07:00) Arizona",,,3410859.26666667,3407182.5,3413570.8,
PNTM9M2jMkKm3GLHpLiq3J4gE,"","North Campus",6c2573ce-592a-4519-989c-2fd21d6918b7,"W", 06/14/2025 08:30:00 PM,"(UTC-07:00) Arizona",,,3373229.925,3358896.5,3386911.5,
PNTM9M2jMkKm3GLHpLiq3J4gE,"","North Campus",6c2573ce-592a-4519-989c-2fd21d6918b7,"W", 06/14/2025 08:45:00 PM,"(UTC-07:00) Arizona",,,3366701.925,3345495.5,3380274.2,
PNTM9M2jMkKm3GLHpLiq3J4gE,"","North Campus",6c2573ce-592a-4519-989c-2fd21d6918b7,"W", 06/14/2025 09:00:00 PM,"(UTC-07:00) Arizona",,,3321217.175,3305579.2,3355105.2,
PNTM9M2jMkKm3GLHpLiq3J4gE,"","North Campus",6c2573ce-592a-4519-989c-2fd21d6918b7,"W", 06/14/2025 09:15:00 PM,"(UTC-07:00) Arizona",,,3290390.26666667,3286390,3294314,
PNTM9M2jMkKm3GLHpLiq3J4gE,"","North Campus",6c2573ce-592a-4519-989c-2fd21d6918b7,"W", 06/14/2025 09:30:00 PM,"(UTC-07:00) Arizona",,,3305352.725,3288592,3337657.5,
PNTM9M2jMkKm3GLHpLiq3J4gE,"","North Campus",6c2573ce-592a-4519-989c-2fd21d6918b7,"W", 06/14/2025 09:45:00 PM,"(UTC-07:00) Arizona",,,3284725.05,3267327,3304668,
PNTM9M2jMkKm3GLHpLiq3J4gE,"","North Campus",6c2573ce-592a-4519-989c-2fd21d6918b7,"W", 06/14/2025 10:00:00 PM,"(UTC-07:00) Arizona",,,3240006.55,3220947,3272686.5,
PNTM9M2jMkKm3GLHpLiq3J4gE,"","North Campus",6c2573ce-592a-4519-989c-2fd21d6918b7,"W", 06/14/2025 10:15:00 PM,"(UTC-07:00) Arizona",,,3220697.675,3196901,3239662.5,
PNTM9M2jMkKm3GLHpLiq3J4gE,"","North Campus",6c2573ce-592a-4519-989c-2fd21d6918b7,"W", 06/14/2025 10:30:00 PM,"(UTC-07:00) Arizona",,,3225095.95,3211786.8,3239036.2,
PNTM9M2jMkKm3GLHpLiq3J4gE,"","North Campus",6c2573ce-592a-4519-989c-2fd21d6918b7,"W", 06/14/2025 10:45:00 PM,"(UTC-07:00) Arizona",,,3180756.66666667,3172786.8,3188928,
PNTM9M2jMkKm3GLHpLiq3J4gE,"","North Campus",6c2573ce-592a-4519-989c-2fd21d6918b7,"W", 06/14/2025 11:00:00 PM,"(UTC-07:00) Arizona",,,3164175.25,3123378.8,3204900.2,
PNTM9M2jMkKm3GLHpLiq3J4gE,"","North Campus",6c2573ce-592a-4519-989c-2fd21d6918b7,"W", 06/14/2025 11:15:00 PM,"(UTC-07:00) Arizona",,,3145368.2,3110486.8,3171098.2,
PNTM9M2jMkKm3GLHpLiq3J4gE,"","North Campus",6c2573ce-592a-4519-989c-2fd21d6918b7,"W", 06/14/2025 11:30:00 PM,"(UTC-07:00) Arizona",,,3102696.66666667,3094288.5,3114020.5,
PNTM9M2jMkKm3GLHpLiq3J4gE,"","North Campus",6c2573ce-592a-4519-989c-2fd21d6918b7,"W", 06/14/2025 11:45:00 PM,"(UTC-07:00) Arizona",,,3098623.15,3069853.8,3122175.5,
PNTM9M2jMkKm3GLHpLiq3J4gE,"","North Campus",6c2573ce-592a-4519-989c-2fd21d6918b7,"W", 06/15/2025 12:00:00 AM,"(UTC-07:00) Arizona",,,3060609.075,3052121,3078045.5,
PNTM9M2jMkKm3GLHpLiq3J4gE,"","North Campus",6c2573ce-592a-4519-989c-2fd21d6918b7,"W", 06/15/2025 12:15:00 AM,"(UTC-07:00) Arizona",,,3050238.425,3046538.8,3059063.2,
PNTM9M2jMkKm3GLHpLiq3J4gE,"","North Campus",6c2573ce-592a-4519-989c-2fd21d6918b7,"W", 06/15/2025 12:30:00 AM,"(UTC-07:00) Arizona",,,3064868.4,3039310,3090426.8,
PNTM9M2jMkKm3GLHpLiq3J4gE,"","North Campus",6c2573ce-592a-4519-989c-2fd21d6918b7,"W", 06/15/2025 12:45:00 AM,"(UTC-07:00) Arizona",,,3068604.175,3019557.5,3141617.2,
PNTM9M2jMkKm3GLHpLiq3J4gE,"","North Campus",6c2573ce-592a-4519-989c-2fd21d6918b7,"W", 06/15/2025 01:00:00 AM,"(UTC-07:00) Arizona",,,3049209.8,3017401,3069154,
PNTM9M2jMkKm3GLHpLiq3J4gE,"","North Campus",6c2573ce-592a-4519-989c-2fd21d6918b7,"W", 06/15/2025 01:15:00 AM,"(UTC-07:00) Arizona",,,3066202.4,3044501.8,3101422.2,
PNTM9M2jMkKm3GLHpLiq3J4gE,"","North Campus",6c2573ce-592a-4519-989c-2fd21d6918b7,"W", 06/15/2025 01:30:00 AM,"(UTC-07:00) Arizona",,,3061688.125,3028960.5,3094374.2,
PNTM9M2jMkKm3GLHpLiq3J4gE,"","North Campus",6c2573ce-592a-4519-989c-2fd21d6918b7,"W", 06/15/2025 01:45:00 AM,"(UTC-07:00) Arizona",,,3035834.525,3010573.2,3059618.2,
PNTM9M2jMkKm3GLHpLiq3J4gE,"","North Campus",6c2573ce-592a-4519-989c-2fd21d6918b7,"W", 06/15/2025 02:00:00 AM,"(UTC-07:00) Arizona",,,3015786.1,2978215.5,3047909.8,
PNTM9M2jMkKm3GLHpLiq3J4gE,"","North Campus",6c2573ce-592a-4519-989c-2fd21d6918b7,"W", 06/15/2025 02:15:00 AM,"(UTC-07:00) Arizona",,,2993178.675,2973916,3031448.5,
PNTM9M2jMkKm3GLHpLiq3J4gE,"","North Campus",6c2573ce-592a-4519-989c-2fd21d6918b7,"W", 06/15/2025 02:30:00 AM,"(UTC-07:00) Arizona",,,2969579.875,2942729.5,3010118.8,
PNTM9M2jMkKm3GLHpLiq3J4gE,"","North Campus",6c2573ce-592a-4519-989c-2fd21d6918b7,"W", 06/15/2025 02:45:00 AM,"(UTC-07:00) Arizona",,,2985120.2,2968353,2994138.8,
PNTM9M2jMkKm3GLHpLiq3J4gE,"","North Campus",6c2573ce-592a-4519-989c-2fd21d6918b7,"W", 06/15/2025 03:00:00 AM,"(UTC-07:00) Arizona",,,2979196.9,2970813.5,2985107.5,
PNTM9M2jMkKm3GLHpLiq3J4gE,"","North Campus",6c2573ce-592a-4519-989c-2fd21d6918b7,"W", 06/15/2025 03:15:00 AM,"(UTC-07:00) Arizona",,,2978909.925,2963053,2990720.2,
PNTM9M2jMkKm3GLHpLiq3J4gE,"","North Campus",6c2573ce-592a-4519-989c-2fd21d6918b7,"W", 06/15/2025 03:30:00 AM,"(UTC-07:00) Arizona",,,2974516.375,2951974.5,2997497.2,
PNTM9M2jMkKm3GLHpLiq3J4gE,"","North Campus",6c2573ce-592a-4519-989c-2fd21d6918b7,"W", 06/15/2025 03:45:00 AM,"(UTC-07:00) Arizona",,,2985211.73333333,2976247.2,2996754,
PNTM9M2jMkKm3GLHpLiq3J4gE,"","North Campus",6c2573ce-592a-4519-989c-2fd21d6918b7,"W", 06/15/2025 04:00:00 AM,"(UTC-07:00) Arizona",,,2987859.625,2974956.5,3010329.8,
PNTM9M2jMkKm3GLHpLiq3J4gE,"","North Campus",6c2573ce-592a-4519-989c-2fd21d6918b7,"W", 06/15/2025 04:15:00 AM,"(UTC-07:00) Arizona",,,2970941.15,2960327,2982672,
PNTM9M2jMkKm3GLHpLiq3J4gE,"","North Campus",6c2573ce-592a-4519-989c-2fd21d6918b7,"W", 06/15/2025 04:30:00 AM,"(UTC-07:00) Arizona",,,2970646.125,2934191.2,3003856.5,
PNTM9M2jMkKm3GLHpLiq3J4gE,"","North Campus",6c2573ce-592a-4519-989c-2fd21d6918b7,"W", 06/15/2025 04:45:00 AM,"(UTC-07:00) Arizona",,,2947846.03333333,2939853.8,2955103.5,
PNTM9M2jMkKm3GLHpLiq3J4gE,"","North Campus",6c2573ce-592a-4519-989c-2fd21d6918b7,"W", 06/15/2025 05:00:00 AM,"(UTC-07:00) Arizona",,,2949137.5,2915704.2,2969937.8,
PNTM9M2jMkKm3GLHpLiq3J4gE,"","North Campus",6c2573ce-592a-4519-989c-2fd21d6918b7,"W", 06/15/2025 05:15:00 AM,"(UTC-07:00) Arizona",,,2947407.175,2913434.2,2967589.2,
PNTM9M2jMkKm3GLHpLiq3J4gE,"","North Campus",6c2573ce-592a-4519-989c-2fd21d6918b7,"W", 06/15/2025 05:30:00 AM,"(UTC-07:00) Arizona",,,2913514.55,2881297,2937957.5,
PNTM9M2jMkKm3GLHpLiq3J4gE,"","North Campus",6c2573ce-592a-4519-989c-2fd21d6918b7,"W", 06/15/2025 05:45:00 AM,"(UTC-07:00) Arizona",,,2894168.55,2876417,2910311,
PNTM9M2jMkKm3GLHpLiq3J4gE,"","North Campus",6c2573ce-592a-4519-989c-2fd21d6918b7,"W", 06/15/2025 06:00:00 AM,"(UTC-07:00) Arizona",,,2906033.1,2886658.8,2930058,
PNTM9M2jMkKm3GLHpLiq3J4gE,"","North Campus",6c2573ce-592a-4519-989c-2fd21d6918b7,"W", 06/15/2025 06:15:00 AM,"(UTC-07:00) Arizona",,,2909084.575,2892999.8,2926127.5,
PNTM9M2jMkKm3GLHpLiq3J4gE,"","North Campus",6c2573ce-592a-4519-989c-2fd21d6918b7,"W", 06/15/2025 06:30:00 AM,"(UTC-07:00) Arizona",,,2861243.03333333,2843130.8,2885965.5,
PNTM9M2jMkKm3GLHpLiq3J4gE,"","North Campus",6c2573ce-592a-4519-989c-2fd21d6918b7,"W", 06/15/2025 06:45:00 AM,"(UTC-07:00) Arizona",,,2831047.825,2811390,2851159,
PNTM9M2jMkKm3GLHpLiq3J4gE,"","North Campus",6c2573ce-592a-4519-989c-2fd21d6918b7,"W", 06/15/2025 07:00:00 AM,"(UTC-07:00) Arizona",,,2833150.3,2817906.2,2846144.2,
PNTM9M2jMkKm3GLHpLiq3J4gE,"","North Campus",6c2573ce-592a-4519-989c-2fd21d6918b7,"W", 06/15/2025 07:15:00 AM,"(UTC-07:00) Arizona",,,2818575.88,2811764.5,2828289.2,
PNTM9M2jMkKm3GLHpLiq3J4gE,"","North Campus",6c2573ce-592a-4519-989c-2fd21d6918b7,"W", 06/15/2025 07:30:00 AM,"(UTC-07:00) Arizona",,,2822749.775,2791947.8,2836936,
PNTM9M2jMkKm3GLHpLiq3J4gE,"","North Campus",6c2573ce-592a-4519-989c-2fd21d6918b7,"W", 06/15/2025 07:45:00 AM,"(UTC-07:00) Arizona",,,2835807.35,2812672.5,2858942.2,
PNTM9M2jMkKm3GLHpLiq3J4gE,"","North Campus",6c2573ce-592a-4519-989c-2fd21d6918b7,"W", 06/15/2025 08:00:00 AM,"(UTC-07:00) Arizona",,,2856759,2841028.5,2881073,
PNTM9M2jMkKm3GLHpLiq3J4gE,"","North Campus",6c2573ce-592a-4519-989c-2fd21d6918b7,"W", 06/15/2025 08:15:00 AM,"(UTC-07:00) Arizona",,,2938396.95,2889151,3002717.8,
PNTM9M2jMkKm3GLHpLiq3J4gE,"","North Campus",6c2573ce-592a-4519-989c-2fd21d6918b7,"W", 06/15/2025 08:30:00 AM,"(UTC-07:00) Arizona",,,3007809.4,2982434.8,3019759.5,
PNTM9M2jMkKm3GLHpLiq3J4gE,"","North Campus",6c2573ce-592a-4519-989c-2fd21d6918b7,"W", 06/15/2025 08:45:00 AM,"(UTC-07:00) Arizona",,,3053771.925,3041547.2,3080611.5,
PNTM9M2jMkKm3GLHpLiq3J4gE,"","North Campus",6c2573ce-592a-4519-989c-2fd21d6918b7,"W", 06/15/2025 09:00:00 AM,"(UTC-07:00) Arizona",,,3055302.06666667,3048321.2,3059192,
PNTM9M2jMkKm3GLHpLiq3J4gE,"","North Campus",6c2573ce-592a-4519-989c-2fd21d6918b7,"W", 06/15/2025 09:15:00 AM,"(UTC-07:00) Arizona",,,3038840.325,3023817.8,3069105.2,
PNTM9M2jMkKm3GLHpLiq3J4gE,"","North Campus",6c2573ce-592a-4519-989c-2fd21d6918b7,"W", 06/15/2025 09:30:00 AM,"(UTC-07:00) Arizona",,,3016320.375,2992437.5,3033960.2,
PNTM9M2jMkKm3GLHpLiq3J4gE,"","North Campus",6c2573ce-592a-4519-989c-2fd21d6918b7,"W", 06/15/2025 09:45:00 AM,"(UTC-07:00) Arizona",,,3019544.35,2998586.2,3038595,
PNTM9M2jMkKm3GLHpLiq3J4gE,"","North Campus",6c2573ce-592a-4519-989c-2fd21d6918b7,"W", 06/15/2025 10:00:00 AM,"(UTC-07:00) Arizona",,,2992772.46666667,2973559.8,3006965.8,
PNTM9M2jMkKm3GLHpLiq3J4gE,"","North Campus",6c2573ce-592a-4519-989c-2fd21d6918b7,"W", 06/15/2025 10:15:00 AM,"(UTC-07:00) Arizona",,,3025162.175,3001820.5,3087501.2,
PNTM9M2jMkKm3GLHpLiq3J4gE,"","North Campus",6c2573ce-592a-4519-989c-2fd21d6918b7,"W", 06/15/2025 10:30:00 AM,"(UTC-07:00) Arizona",,,3024901.6,2993846.2,3050751.2,
PNTM9M2jMkKm3GLHpLiq3J4gE,"","North Campus",6c2573ce-592a-4519-989c-2fd21d6918b7,"W", 06/15/2025 10:45:00 AM,"(UTC-07:00) Arizona",,,3009705.83333333,3007442.2,3012126.5,
PNTM9M2jMkKm3GLHpLiq3J4gE,"","North Campus",6c2573ce-592a-4519-989c-2fd21d6918b7,"W", 06/15/2025 11:00:00 AM,"(UTC-07:00) Arizona",,,2995132.16666667,2972724.5,3010786.8,
PNTM9M2jMkKm3GLHpLiq3J4gE,"","North Campus",6c2573ce-592a-4519-989c-2fd21d6918b7,"W", 06/15/2025 11:15:00 AM,"(UTC-07:00) Arizona",,,2989571.425,2962917.2,3012492.2,
PNTM9M2jMkKm3GLHpLiq3J4gE,"","North Campus",6c2573ce-592a-4519-989c-2fd21d6918b7,"W", 06/15/2025 11:30:00 AM,"(UTC-07:00) Arizona",,,2991888.33333333,2970807,3019369.5,
PNTM9M2jMkKm3GLHpLiq3J4gE,"","North Campus",6c2573ce-592a-4519-989c-2fd21d6918b7,"W", 06/15/2025 11:45:00 AM,"(UTC-07:00) Arizona",,,3002672.175,2984215,3023966,
PNTM9M2jMkKm3GLHpLiq3J4gE,"","North Campus",6c2573ce-592a-4519-989c-2fd21d6918b7,"W", 06/15/2025 12:00:00 PM,"(UTC-07:00) Arizona",,,3021263.975,2984204.2,3070230.2,
PNTM9M2jMkKm3GLHpLiq3J4gE,"","North Campus",6c2573ce-592a-4519-989c-2fd21d6918b7,"W", 06/15/2025 12:15:00 PM,"(UTC-07:00) Arizona",,,3018367.5,2990177.5,3044114.5,
PNTM9M2jMkKm3GLHpLiq3J4gE,"","North Campus",6c2573ce-592a-4519-989c-2fd21d6918b7,"W", 06/15/2025 12:30:00 PM,"(UTC-07:00) Arizona",,,3051256.3,3002015.2,3121359.5,
PNTM9M2jMkKm3GLHpLiq3J4gE,"","North Campus",6c2573ce-592a-4519-989c-2fd21d6918b7,"W", 06/15/2025 12:45:00 PM,"(UTC-07:00) Arizona",,,3055628.5,3023845.8,3095957.2,
PNTM9M2jMkKm3GLHpLiq3J4gE,"","North Campus",6c2573ce-592a-4519-989c-2fd21d6918b7,"W", 06/15/2025 01:00:00 PM,"(UTC-07:00) Arizona",,,3043377,3024148.2,3063191.8,
PNTM9M2jMkKm3GLHpLiq3J4gE,"","North Campus",6c2573ce-592a-4519-989c-2fd21d6918b7,"W", 06/15/2025 01:15:00 PM,"(UTC-07:00) Arizona",,,3034109.13333333,3025591.8,3046919.8,
PNTM9M2jMkKm3GLHpLiq3J4gE,"","North Campus",6c2573ce-592a-4519-989c-2fd21d6918b7,"W", 06/15/2025 01:30:00 PM,"(UTC-07:00) Arizona",,,3042657.03333333,3037373.8,3047897.5,
PNTM9M2jMkKm3GLHpLiq3J4gE,"","North Campus",6c2573ce-592a-4519-989c-2fd21d6918b7,"W", 06/15/2025 01:45:00 PM,"(UTC-07:00) Arizona",,,3038980.7,3024591.2,3067079.2,
PNTM9M2jMkKm3GLHpLiq3J4gE,"","North Campus",6c2573ce-592a-4519-989c-2fd21d6918b7,"W", 06/15/2025 02:00:00 PM,"(UTC-07:00) Arizona",,,3055611.7,3047584.2,3070508.2,
PNTM9M2jMkKm3GLHpLiq3J4gE,"","North Campus",6c2573ce-592a-4519-989c-2fd21d6918b7,"W", 06/15/2025 02:15:00 PM,"(UTC-07:00) Arizona",,,3067994.675,3032709.2,3095414.5,
PNTM9M2jMkKm3GLHpLiq3J4gE,"","North Campus",6c2573ce-592a-4519-989c-2fd21d6918b7,"W", 06/15/2025 02:30:00 PM,"(UTC-07:00) Arizona",,,3080576.775,3066166,3105809.5,
PNTM9M2jMkKm3GLHpLiq3J4gE,"","North Campus",6c2573ce-592a-4519-989c-2fd21d6918b7,"W", 06/15/2025 02:45:00 PM,"(UTC-07:00) Arizona",,,3151023.33333333,3123367,3174743.5,
PNTM9M2jMkKm3GLHpLiq3J4gE,"","North Campus",6c2573ce-592a-4519-989c-2fd21d6918b7,"W", 06/15/2025 03:00:00 PM,"(UTC-07:00) Arizona",,,3137251.86666667,3126055.2,3144598.2,
PNTM9M2jMkKm3GLHpLiq3J4gE,"","North Campus",6c2573ce-592a-4519-989c-2fd21d6918b7,"W", 06/15/2025 03:15:00 PM,"(UTC-07:00) Arizona",,,3179413.35,3123319,3240637.2,
PNTM9M2jMkKm3GLHpLiq3J4gE,"","North Campus",6c2573ce-592a-4519-989c-2fd21d6918b7,"W", 06/15/2025 03:30:00 PM,"(UTC-07:00) Arizona",,,3221062.5,3206992.8,3229543.2,
PNTM9M2jMkKm3GLHpLiq3J4gE,"","North Campus",6c2573ce-592a-4519-989c-2fd21d6918b7,"W", 06/15/2025 03:45:00 PM,"(UTC-07:00) Arizona",,,3251411.05,3229543.2,3269240,
PNTM9M2jMkKm3GLHpLiq3J4gE,"","North Campus",6c2573ce-592a-4519-989c-2fd21d6918b7,"W", 06/15/2025 04:00:00 PM,"(UTC-07:00) Arizona",,,3319689.875,3290398.2,3337989.8,
PNTM9M2jMkKm3GLHpLiq3J4gE,"","North Campus",6c2573ce-592a-4519-989c-2fd21d6918b7,"W", 06/15/2025 04:15:00 PM,"(UTC-07:00) Arizona",,,3346353.625,3321798.2,3367578.5,
PNTM9M2jMkKm3GLHpLiq3J4gE,"","North Campus",6c2573ce-592a-4519-989c-2fd21d6918b7,"W", 06/15/2025 04:30:00 PM,"(UTC-07:00) Arizona",,,3404788.1,3383075.2,3452970.2,
PNTM9M2jMkKm3GLHpLiq3J4gE,"","North Campus",6c2573ce-592a-4519-989c-2fd21d6918b7,"W", 06/15/2025 04:45:00 PM,"(UTC-07:00) Arizona",,,3437204.46666667,3412682,3456294.2,
PNTM9M2jMkKm3GLHpLiq3J4gE,"","North Campus",6c2573ce-592a-4519-989c-2fd21d6918b7,"W", 06/15/2025 05:00:00 PM,"(UTC-07:00) Arizona",,,3434737.15,3422449.8,3456030,
PNTM9M2jMkKm3GLHpLiq3J4gE,"","North Campus",6c2573ce-592a-4519-989c-2fd21d6918b7,"W", 06/15/2025 05:15:00 PM,"(UTC-07:00) Arizona",,,3409516.575,3376234,3426484,
PNTM9M2jMkKm3GLHpLiq3J4gE,"","North Campus",6c2573ce-592a-4519-989c-2fd21d6918b7,"W", 06/15/2025 05:30:00 PM,"(UTC-07:00) Arizona",,,3470658.325,3442121,3507250,
PNTM9M2jMkKm3GLHpLiq3J4gE,"","North Campus",6c2573ce-592a-4519-989c-2fd21d6918b7,"W", 06/15/2025 05:45:00 PM,"(UTC-07:00) Arizona",,,3503887.83333333,3497149,3509611,
PNTM9M2jMkKm3GLHpLiq3J4gE,"","North Campus",6c2573ce-592a-4519-989c-2fd21d6918b7,"W", 06/15/2025 06:00:00 PM,"(UTC-07:00) Arizona",,,3549653.25,3536038.5,3581083.8,
PNTM9M2jMkKm3GLHpLiq3J4gE,"","North Campus",6c2573ce-592a-4519-989c-2fd21d6918b7,"W", 06/15/2025 06:15:00 PM,"(UTC-07:00) Arizona",,,3554327.225,3529671.2,3576714,
PNTM9M2jMkKm3GLHpLiq3J4gE,"","North Campus",6c2573ce-592a-4519-989c-2fd21d6918b7,"W", 06/15/2025 06:30:00 PM,"(UTC-07:00) Arizona",,,3555030.05,3508629.5,3580510.2,
PNTM9M2jMkKm3GLHpLiq3J4gE,"","North Campus",6c2573ce-592a-4519-989c-2fd21d6918b7,"W", 06/15/2025 06:45:00 PM,"(UTC-07:00) Arizona",,,3535786.16666667,3525360.2,3549740.5,
PNTM9M2jMkKm3GLHpLiq3J4gE,"","North Campus",6c2573ce-592a-4519-989c-2fd21d6918b7,"W", 06/15/2025 07:00:00 PM,"(UTC-07:00) Arizona",,,3483706.25,3464799.5,3501591.5,
PNTM9M2jMkKm3GLHpLiq3J4gE,"","North Campus",6c2573ce-592a-4519-989c-2fd21d6918b7,"W", 06/15/2025 07:15:00 PM,"(UTC-07:00) Arizona",,,3489724.9,3481615.2,3505243.5,
PNTM9M2jMkKm3GLHpLiq3J4gE,"","North Campus",6c2573ce-592a-4519-989c-2fd21d6918b7,"W", 06/15/2025 07:30:00 PM,"(UTC-07:00) Arizona",,,3433997.45,3418301,3454845.8,
PNTM9M2jMkKm3GLHpLiq3J4gE,"","North Campus",6c2573ce-592a-4519-989c-2fd21d6918b7,"W", 06/15/2025 07:45:00 PM,"(UTC-07:00) Arizona",,,3419367.825,3375157,3454334.5,
PNTM9M2jMkKm3GLHpLiq3J4gE,"","North Campus",6c2573ce-592a-4519-989c-2fd21d6918b7,"W", 06/15/2025 08:00:00 PM,"(UTC-07:00) Arizona",,,3400285.33333333,3379477.2,3421936,
PNTM9M2jMkKm3GLHpLiq3J4gE,"","North Campus",6c2573ce-592a-4519-989c-2fd21d6918b7,"W", 06/15/2025 08:15:00 PM,"(UTC-07:00) Arizona",,,3385505.85,3370916.2,3402643.5,
PNTM9M2jMkKm3GLHpLiq3J4gE,"","North Campus",6c2573ce-592a-4519-989c-2fd21d6918b7,"W", 06/15/2025 08:30:00 PM,"(UTC-07:00) Arizona",,,3412969.1,3395829,3433371.2,
PNTM9M2jMkKm3GLHpLiq3J4gE,"","North Campus",6c2573ce-592a-4519-989c-2fd21d6918b7,"W", 06/15/2025 08:45:00 PM,"(UTC-07:00) Arizona",,,3383414.225,3366621.2,3401655,
PNTM9M2jMkKm3GLHpLiq3J4gE,"","North Campus",6c2573ce-592a-4519-989c-2fd21d6918b7,"W", 06/15/2025 09:00:00 PM,"(UTC-07:00) Arizona",,,3390795.66666667,3371365.2,3406150.8,
PNTM9M2jMkKm3GLHpLiq3J4gE,"","North Campus",6c2573ce-592a-4519-989c-2fd21d6918b7,"W", 06/15/2025 09:15:00 PM,"(UTC-07:00) Arizona",,,3331303.425,3309577.5,3361227.2,
PNTM9M2jMkKm3GLHpLiq3J4gE,"","North Campus",6c2573ce-592a-4519-989c-2fd21d6918b7,"W", 06/15/2025 09:30:00 PM,"(UTC-07:00) Arizona",,,3318613.55,3301966.5,3342383.2,
PNTM9M2jMkKm3GLHpLiq3J4gE,"","North Campus",6c2573ce-592a-4519-989c-2fd21d6918b7,"W", 06/15/2025 09:45:00 PM,"(UTC-07:00) Arizona",,,3290672.96666667,3275776.5,3300795.2,
PNTM9M2jMkKm3GLHpLiq3J4gE,"","North Campus",6c2573ce-592a-4519-989c-2fd21d6918b7,"W", 06/15/2025 10:00:00 PM,"(UTC-07:00) Arizona",,,3270033.55,3252092.2,3287192.8,
PNTM9M2jMkKm3GLHpLiq3J4gE,"","North Campus",6c2573ce-592a-4519-989c-2fd21d6918b7,"W", 06/15/2025 10:15:00 PM,"(UTC-07:00) Arizona",,,3219687.525,3184912.2,3232414.2,
PNTM9M2jMkKm3GLHpLiq3J4gE,"","North Campus",6c2573ce-592a-4519-989c-2fd21d6918b7,"W", 06/15/2025 10:30:00 PM,"(UTC-07:00) Arizona",,,3203176.36666667,3182736.8,3219580.5,
PNTM9M2jMkKm3GLHpLiq3J4gE,"","North Campus",6c2573ce-592a-4519-989c-2fd21d6918b7,"W", 06/15/2025 10:45:00 PM,"(UTC-07:00) Arizona",,,3145414,3131529.5,3162641.8,
PNTM9M2jMkKm3GLHpLiq3J4gE,"","North Campus",6c2573ce-592a-4519-989c-2fd21d6918b7,"W", 06/15/2025 11:00:00 PM,"(UTC-07:00) Arizona",,,3126143.13333333,3122879.8,3128771.8,
PNTM9M2jMkKm3GLHpLiq3J4gE,"","North Campus",6c2573ce-592a-4519-989c-2fd21d6918b7,"W", 06/15/2025 11:15:00 PM,"(UTC-07:00) Arizona",,,3130861.5,3107631.5,3144647.8,
PNTM9M2jMkKm3GLHpLiq3J4gE,"","North Campus",6c2573ce-592a-4519-989c-2fd21d6918b7,"W", 06/15/2025 11:30:00 PM,"(UTC-07:00) Arizona",,,3106047.525,3076493.2,3128452.2,
PNTM9M2jMkKm3GLHpLiq3J4gE,"","North Campus",6c2573ce-592a-4519-989c-2fd21d6918b7,"W", 06/15/2025 11:45:00 PM,"(UTC-07:00) Arizona",,,3118126.9,3087139,3156411.5,
