ExternalPointID,Tags,Parent Equipment Name,Site Name,FrequencyUnit,Time,Timezone,OnCount,OffCount,Average,Minimum,Maximum,Sum,State
PNTM9M2jMkKm3GLHpLiq3J4gE,"","North Campus",6c2573ce-592a-4519-989c-2fd21d6918b7,"W", 06/16/2025 12:00:00 AM,"(UTC-07:00) Arizona",,,3098865.525,3079727.5,3115277.8,
PNTM9M2jMkKm3GLHpLiq3J4gE,"","North Campus",6c2573ce-592a-4519-989c-2fd21d6918b7,"W", 06/16/2025 12:15:00 AM,"(UTC-07:00) Arizona",,,3070676.875,3061716,3078080.5,
PNTM9M2jMkKm3GLHpLiq3J4gE,"","North Campus",6c2573ce-592a-4519-989c-2fd21d6918b7,"W", 06/16/2025 12:30:00 AM,"(UTC-07:00) Arizona",,,3043050.93333333,3025505.5,3060185.5,
PNTM9M2jMkKm3GLHpLiq3J4gE,"","North Campus",6c2573ce-592a-4519-989c-2fd21d6918b7,"W", 06/16/2025 12:45:00 AM,"(UTC-07:00) Arizona",,,3060213.05,3040149.5,3072868.2,
PNTM9M2jMkKm3GLHpLiq3J4gE,"","North Campus",6c2573ce-592a-4519-989c-2fd21d6918b7,"W", 06/16/2025 01:00:00 AM,"(UTC-07:00) Arizona",,,3059021.05,3041957.2,3072639,
PNTM9M2jMkKm3GLHpLiq3J4gE,"","North Campus",6c2573ce-592a-4519-989c-2fd21d6918b7,"W", 06/16/2025 01:15:00 AM,"(UTC-07:00) Arizona",,,3057731.375,3036340.8,3083388,
PNTM9M2jMkKm3GLHpLiq3J4gE,"","North Campus",6c2573ce-592a-4519-989c-2fd21d6918b7,"W", 06/16/2025 01:30:00 AM,"(UTC-07:00) Arizona",,,3073436.6,3065482.8,3079325,
PNTM9M2jMkKm3GLHpLiq3J4gE,"","North Campus",6c2573ce-592a-4519-989c-2fd21d6918b7,"W", 06/16/2025 01:45:00 AM,"(UTC-07:00) Arizona",,,3053753.75,3021625.2,3114449.5,
PNTM9M2jMkKm3GLHpLiq3J4gE,"","North Campus",6c2573ce-592a-4519-989c-2fd21d6918b7,"W", 06/16/2025 02:00:00 AM,"(UTC-07:00) Arizona",,,3024888.425,3006396.5,3052469.2,
PNTM9M2jMkKm3GLHpLiq3J4gE,"","North Campus",6c2573ce-592a-4519-989c-2fd21d6918b7,"W", 06/16/2025 02:15:00 AM,"(UTC-07:00) Arizona",,,2998806.53333333,2988712.8,3010162.8,
PNTM9M2jMkKm3GLHpLiq3J4gE,"","North Campus",6c2573ce-592a-4519-989c-2fd21d6918b7,"W", 06/16/2025 02:30:00 AM,"(UTC-07:00) Arizona",,,3006173.4,2987922.8,3020676.2,
PNTM9M2jMkKm3GLHpLiq3J4gE,"","North Campus",6c2573ce-592a-4519-989c-2fd21d6918b7,"W", 06/16/2025 02:45:00 AM,"(UTC-07:00) Arizona",,,3002898.575,2978202.5,3031891.5,
PNTM9M2jMkKm3GLHpLiq3J4gE,"","North Campus",6c2573ce-592a-4519-989c-2fd21d6918b7,"W", 06/16/2025 03:00:00 AM,"(UTC-07:00) Arizona",,,3052019.16666667,3034631.5,3082392.8,
PNTM9M2jMkKm3GLHpLiq3J4gE,"","North Campus",6c2573ce-592a-4519-989c-2fd21d6918b7,"W", 06/16/2025 03:15:00 AM,"(UTC-07:00) Arizona",,,3062679.85,3034270,3084559.8,
PNTM9M2jMkKm3GLHpLiq3J4gE,"","North Campus",6c2573ce-592a-4519-989c-2fd21d6918b7,"W", 06/16/2025 03:30:00 AM,"(UTC-07:00) Arizona",,,3069900,3053530.5,3086780.2,
PNTM9M2jMkKm3GLHpLiq3J4gE,"","North Campus",6c2573ce-592a-4519-989c-2fd21d6918b7,"W", 06/16/2025 03:45:00 AM,"(UTC-07:00) Arizona",,,3143259.825,3115717.2,3167944.5,
PNTM9M2jMkKm3GLHpLiq3J4gE,"","North Campus",6c2573ce-592a-4519-989c-2fd21d6918b7,"W", 06/16/2025 04:00:00 AM,"(UTC-07:00) Arizona",,,3145988.23333333,3124379,3175275.2,
PNTM9M2jMkKm3GLHpLiq3J4gE,"","North Campus",6c2573ce-592a-4519-989c-2fd21d6918b7,"W", 06/16/2025 04:15:00 AM,"(UTC-07:00) Arizona",,,3179382.925,3168980.2,3202941.2,
PNTM9M2jMkKm3GLHpLiq3J4gE,"","North Campus",6c2573ce-592a-4519-989c-2fd21d6918b7,"W", 06/16/2025 04:30:00 AM,"(UTC-07:00) Arizona",,,3203757.3,3186949.5,3214232.2,
PNTM9M2jMkKm3GLHpLiq3J4gE,"","North Campus",6c2573ce-592a-4519-989c-2fd21d6918b7,"W", 06/16/2025 04:45:00 AM,"(UTC-07:00) Arizona",,,3219927.375,3208623.8,3235338.5,
PNTM9M2jMkKm3GLHpLiq3J4gE,"","North Campus",6c2573ce-592a-4519-989c-2fd21d6918b7,"W", 06/16/2025 05:00:00 AM,"(UTC-07:00) Arizona",,,3277624.575,3231865.5,3321205.2,
PNTM9M2jMkKm3GLHpLiq3J4gE,"","North Campus",6c2573ce-592a-4519-989c-2fd21d6918b7,"W", 06/16/2025 05:15:00 AM,"(UTC-07:00) Arizona",,,3304170.375,3286562.2,3328157,
PNTM9M2jMkKm3GLHpLiq3J4gE,"","North Campus",6c2573ce-592a-4519-989c-2fd21d6918b7,"W", 06/16/2025 05:30:00 AM,"(UTC-07:00) Arizona",,,3300255.46666667,3265516.2,3322973,
PNTM9M2jMkKm3GLHpLiq3J4gE,"","North Campus",6c2573ce-592a-4519-989c-2fd21d6918b7,"W", 06/16/2025 05:45:00 AM,"(UTC-07:00) Arizona",,,3228534.075,3218434.5,3243028,
PNTM9M2jMkKm3GLHpLiq3J4gE,"","North Campus",6c2573ce-592a-4519-989c-2fd21d6918b7,"W", 06/16/2025 06:00:00 AM,"(UTC-07:00) Arizona",,,3303325.83333333,3291090.2,3319967.8,
PNTM9M2jMkKm3GLHpLiq3J4gE,"","North Campus",6c2573ce-592a-4519-989c-2fd21d6918b7,"W", 06/16/2025 06:15:00 AM,"(UTC-07:00) Arizona",,,3280569.7,3262696,3298041.5,
PNTM9M2jMkKm3GLHpLiq3J4gE,"","North Campus",6c2573ce-592a-4519-989c-2fd21d6918b7,"W", 06/16/2025 06:30:00 AM,"(UTC-07:00) Arizona",,,3344894.8,3296941,3398709.2,
PNTM9M2jMkKm3GLHpLiq3J4gE,"","North Campus",6c2573ce-592a-4519-989c-2fd21d6918b7,"W", 06/16/2025 06:45:00 AM,"(UTC-07:00) Arizona",,,3364199,3325013,3414105,
PNTM9M2jMkKm3GLHpLiq3J4gE,"","North Campus",6c2573ce-592a-4519-989c-2fd21d6918b7,"W", 06/16/2025 07:00:00 AM,"(UTC-07:00) Arizona",,,3552032.2,3520945.5,3581124,
PNTM9M2jMkKm3GLHpLiq3J4gE,"","North Campus",6c2573ce-592a-4519-989c-2fd21d6918b7,"W", 06/16/2025 07:15:00 AM,"(UTC-07:00) Arizona",,,3736581.35,3651027,3787432.2,
PNTM9M2jMkKm3GLHpLiq3J4gE,"","North Campus",6c2573ce-592a-4519-989c-2fd21d6918b7,"W", 06/16/2025 07:30:00 AM,"(UTC-07:00) Arizona",,,3804104.125,3737008,3861609.5,
PNTM9M2jMkKm3GLHpLiq3J4gE,"","North Campus",6c2573ce-592a-4519-989c-2fd21d6918b7,"W", 06/16/2025 07:45:00 AM,"(UTC-07:00) Arizona",,,3904519.83333333,3888473.5,3927866.2,
PNTM9M2jMkKm3GLHpLiq3J4gE,"","North Campus",6c2573ce-592a-4519-989c-2fd21d6918b7,"W", 06/16/2025 08:00:00 AM,"(UTC-07:00) Arizona",,,4004314.96666667,3961360.5,4060418.2,
PNTM9M2jMkKm3GLHpLiq3J4gE,"","North Campus",6c2573ce-592a-4519-989c-2fd21d6918b7,"W", 06/16/2025 08:15:00 AM,"(UTC-07:00) Arizona",,,4191281.375,4168829.5,4241043,
PNTM9M2jMkKm3GLHpLiq3J4gE,"","North Campus",6c2573ce-592a-4519-989c-2fd21d6918b7,"W", 06/16/2025 08:30:00 AM,"(UTC-07:00) Arizona",,,4296128.66666667,4262925.5,4335190.5,
PNTM9M2jMkKm3GLHpLiq3J4gE,"","North Campus",6c2573ce-592a-4519-989c-2fd21d6918b7,"W", 06/16/2025 08:45:00 AM,"(UTC-07:00) Arizona",,,4304339.125,4261494.5,4349160.5,
PNTM9M2jMkKm3GLHpLiq3J4gE,"","North Campus",6c2573ce-592a-4519-989c-2fd21d6918b7,"W", 06/16/2025 09:00:00 AM,"(UTC-07:00) Arizona",,,4329624.75,4313211.5,4358053.5,
PNTM9M2jMkKm3GLHpLiq3J4gE,"","North Campus",6c2573ce-592a-4519-989c-2fd21d6918b7,"W", 06/16/2025 09:15:00 AM,"(UTC-07:00) Arizona",,,4342147.16666667,4295060.5,4374759.5,
PNTM9M2jMkKm3GLHpLiq3J4gE,"","North Campus",6c2573ce-592a-4519-989c-2fd21d6918b7,"W", 06/16/2025 09:30:00 AM,"(UTC-07:00) Arizona",,,4370745.5,4283123,4426300,
PNTM9M2jMkKm3GLHpLiq3J4gE,"","North Campus",6c2573ce-592a-4519-989c-2fd21d6918b7,"W", 06/16/2025 09:45:00 AM,"(UTC-07:00) Arizona",,,4185270.5,4154927.5,4213605,
PNTM9M2jMkKm3GLHpLiq3J4gE,"","North Campus",6c2573ce-592a-4519-989c-2fd21d6918b7,"W", 06/16/2025 10:00:00 AM,"(UTC-07:00) Arizona",,,4325284.875,4296059,4360950,
PNTM9M2jMkKm3GLHpLiq3J4gE,"","North Campus",6c2573ce-592a-4519-989c-2fd21d6918b7,"W", 06/16/2025 10:15:00 AM,"(UTC-07:00) Arizona",,,4368452.5,4346010,4399718.5,
PNTM9M2jMkKm3GLHpLiq3J4gE,"","North Campus",6c2573ce-592a-4519-989c-2fd21d6918b7,"W", 06/16/2025 10:30:00 AM,"(UTC-07:00) Arizona",,,4394960.16666667,4330546.5,4466579,
PNTM9M2jMkKm3GLHpLiq3J4gE,"","North Campus",6c2573ce-592a-4519-989c-2fd21d6918b7,"W", 06/16/2025 10:45:00 AM,"(UTC-07:00) Arizona",,,4421953.875,4410077.5,4452722,
PNTM9M2jMkKm3GLHpLiq3J4gE,"","North Campus",6c2573ce-592a-4519-989c-2fd21d6918b7,"W", 06/16/2025 11:00:00 AM,"(UTC-07:00) Arizona",,,4426368.125,4418098,4431039.5,
PNTM9M2jMkKm3GLHpLiq3J4gE,"","North Campus",6c2573ce-592a-4519-989c-2fd21d6918b7,"W", 06/16/2025 11:15:00 AM,"(UTC-07:00) Arizona",,,4400694,4396886.5,4404788.5,
PNTM9M2jMkKm3GLHpLiq3J4gE,"","North Campus",6c2573ce-592a-4519-989c-2fd21d6918b7,"W", 06/16/2025 11:30:00 AM,"(UTC-07:00) Arizona",,,4462914.875,4430944,4520264,
PNTM9M2jMkKm3GLHpLiq3J4gE,"","North Campus",6c2573ce-592a-4519-989c-2fd21d6918b7,"W", 06/16/2025 11:45:00 AM,"(UTC-07:00) Arizona",,,4459275.33333333,4427375.5,4479693,
PNTM9M2jMkKm3GLHpLiq3J4gE,"","North Campus",6c2573ce-592a-4519-989c-2fd21d6918b7,"W", 06/16/2025 12:00:00 PM,"(UTC-07:00) Arizona",,,4425900.875,4403163.5,4458098.5,
PNTM9M2jMkKm3GLHpLiq3J4gE,"","North Campus",6c2573ce-592a-4519-989c-2fd21d6918b7,"W", 06/16/2025 12:15:00 PM,"(UTC-07:00) Arizona",,,4468435.5,4462456.5,4474414.5,
PNTM9M2jMkKm3GLHpLiq3J4gE,"","North Campus",6c2573ce-592a-4519-989c-2fd21d6918b7,"W", 06/16/2025 12:30:00 PM,"(UTC-07:00) Arizona",,,4468133.625,4414414,4552793,
PNTM9M2jMkKm3GLHpLiq3J4gE,"","North Campus",6c2573ce-592a-4519-989c-2fd21d6918b7,"W", 06/16/2025 12:45:00 PM,"(UTC-07:00) Arizona",,,4457376,4423119,4490807.5,
PNTM9M2jMkKm3GLHpLiq3J4gE,"","North Campus",6c2573ce-592a-4519-989c-2fd21d6918b7,"W", 06/16/2025 01:00:00 PM,"(UTC-07:00) Arizona",,,4450230.5,4423572,4484397,
PNTM9M2jMkKm3GLHpLiq3J4gE,"","North Campus",6c2573ce-592a-4519-989c-2fd21d6918b7,"W", 06/16/2025 01:15:00 PM,"(UTC-07:00) Arizona",,,4502266.16666667,4454686.5,4543757.5,
PNTM9M2jMkKm3GLHpLiq3J4gE,"","North Campus",6c2573ce-592a-4519-989c-2fd21d6918b7,"W", 06/16/2025 01:30:00 PM,"(UTC-07:00) Arizona",,,4530441.125,4466646.5,4617859.5,
PNTM9M2jMkKm3GLHpLiq3J4gE,"","North Campus",6c2573ce-592a-4519-989c-2fd21d6918b7,"W", 06/16/2025 01:45:00 PM,"(UTC-07:00) Arizona",,,4538556.125,4483065.5,4601163,
PNTM9M2jMkKm3GLHpLiq3J4gE,"","North Campus",6c2573ce-592a-4519-989c-2fd21d6918b7,"W", 06/16/2025 02:00:00 PM,"(UTC-07:00) Arizona",,,4533454.75,4523397,4545567,
PNTM9M2jMkKm3GLHpLiq3J4gE,"","North Campus",6c2573ce-592a-4519-989c-2fd21d6918b7,"W", 06/16/2025 02:15:00 PM,"(UTC-07:00) Arizona",,,4506216,4474290.5,4542255,
PNTM9M2jMkKm3GLHpLiq3J4gE,"","North Campus",6c2573ce-592a-4519-989c-2fd21d6918b7,"W", 06/16/2025 02:30:00 PM,"(UTC-07:00) Arizona",,,4512907.16666667,4488261.5,4548139,
PNTM9M2jMkKm3GLHpLiq3J4gE,"","North Campus",6c2573ce-592a-4519-989c-2fd21d6918b7,"W", 06/16/2025 02:45:00 PM,"(UTC-07:00) Arizona",,,4535857.25,4471097.5,4599807.5,
PNTM9M2jMkKm3GLHpLiq3J4gE,"","North Campus",6c2573ce-592a-4519-989c-2fd21d6918b7,"W", 06/16/2025 03:00:00 PM,"(UTC-07:00) Arizona",,,4562641.33333333,4529683.5,4595312.5,
PNTM9M2jMkKm3GLHpLiq3J4gE,"","North Campus",6c2573ce-592a-4519-989c-2fd21d6918b7,"W", 06/16/2025 03:15:00 PM,"(UTC-07:00) Arizona",,,4582479,4553677.5,4605158.5,
PNTM9M2jMkKm3GLHpLiq3J4gE,"","North Campus",6c2573ce-592a-4519-989c-2fd21d6918b7,"W", 06/16/2025 03:30:00 PM,"(UTC-07:00) Arizona",,,4631060,4605573,4655477,
PNTM9M2jMkKm3GLHpLiq3J4gE,"","North Campus",6c2573ce-592a-4519-989c-2fd21d6918b7,"W", 06/16/2025 03:45:00 PM,"(UTC-07:00) Arizona",,,4623393.33333333,4599729.5,4644484.5,
PNTM9M2jMkKm3GLHpLiq3J4gE,"","North Campus",6c2573ce-592a-4519-989c-2fd21d6918b7,"W", 06/16/2025 04:00:00 PM,"(UTC-07:00) Arizona",,,4616742.875,4605151,4627910,
PNTM9M2jMkKm3GLHpLiq3J4gE,"","North Campus",6c2573ce-592a-4519-989c-2fd21d6918b7,"W", 06/16/2025 04:15:00 PM,"(UTC-07:00) Arizona",,,4652139.5,4602582.5,4677696,
PNTM9M2jMkKm3GLHpLiq3J4gE,"","North Campus",6c2573ce-592a-4519-989c-2fd21d6918b7,"W", 06/16/2025 04:30:00 PM,"(UTC-07:00) Arizona",,,4675004.625,4657602.5,4701605.5,
PNTM9M2jMkKm3GLHpLiq3J4gE,"","North Campus",6c2573ce-592a-4519-989c-2fd21d6918b7,"W", 06/16/2025 04:45:00 PM,"(UTC-07:00) Arizona",,,4647099.5,4628028.5,4673363.5,
PNTM9M2jMkKm3GLHpLiq3J4gE,"","North Campus",6c2573ce-592a-4519-989c-2fd21d6918b7,"W", 06/16/2025 05:00:00 PM,"(UTC-07:00) Arizona",,,4608513,4588526,4619674.5,
PNTM9M2jMkKm3GLHpLiq3J4gE,"","North Campus",6c2573ce-592a-4519-989c-2fd21d6918b7,"W", 06/16/2025 05:15:00 PM,"(UTC-07:00) Arizona",,,4624006.625,4583752.5,4667555.5,
PNTM9M2jMkKm3GLHpLiq3J4gE,"","North Campus",6c2573ce-592a-4519-989c-2fd21d6918b7,"W", 06/16/2025 05:30:00 PM,"(UTC-07:00) Arizona",,,4558536.5,4510599.5,4594155,
PNTM9M2jMkKm3GLHpLiq3J4gE,"","North Campus",6c2573ce-592a-4519-989c-2fd21d6918b7,"W", 06/16/2025 05:45:00 PM,"(UTC-07:00) Arizona",,,4552447.25,4534655,4572497.5,
PNTM9M2jMkKm3GLHpLiq3J4gE,"","North Campus",6c2573ce-592a-4519-989c-2fd21d6918b7,"W", 06/16/2025 06:00:00 PM,"(UTC-07:00) Arizona",,,4640463.5,4590156,4710422.5,
PNTM9M2jMkKm3GLHpLiq3J4gE,"","North Campus",6c2573ce-592a-4519-989c-2fd21d6918b7,"W", 06/16/2025 06:15:00 PM,"(UTC-07:00) Arizona",,,4661457.5,4626470.5,4698816,
PNTM9M2jMkKm3GLHpLiq3J4gE,"","North Campus",6c2573ce-592a-4519-989c-2fd21d6918b7,"W", 06/16/2025 06:30:00 PM,"(UTC-07:00) Arizona",,,4665029.83333333,4662178,4668535,
PNTM9M2jMkKm3GLHpLiq3J4gE,"","North Campus",6c2573ce-592a-4519-989c-2fd21d6918b7,"W", 06/16/2025 06:45:00 PM,"(UTC-07:00) Arizona",,,4588589.625,4577569.5,4612036.5,
PNTM9M2jMkKm3GLHpLiq3J4gE,"","North Campus",6c2573ce-592a-4519-989c-2fd21d6918b7,"W", 06/16/2025 07:00:00 PM,"(UTC-07:00) Arizona",,,4307715.5,4289965.5,4330443.5,
PNTM9M2jMkKm3GLHpLiq3J4gE,"","North Campus",6c2573ce-592a-4519-989c-2fd21d6918b7,"W", 06/16/2025 07:15:00 PM,"(UTC-07:00) Arizona",,,4201945.76666667,4182327.5,4237758,
PNTM9M2jMkKm3GLHpLiq3J4gE,"","North Campus",6c2573ce-592a-4519-989c-2fd21d6918b7,"W", 06/16/2025 07:30:00 PM,"(UTC-07:00) Arizona",,,4059611.4,4034780.8,4077214.5,
PNTM9M2jMkKm3GLHpLiq3J4gE,"","North Campus",6c2573ce-592a-4519-989c-2fd21d6918b7,"W", 06/16/2025 07:45:00 PM,"(UTC-07:00) Arizona",,,4056164.975,4010597.2,4096577.5,
PNTM9M2jMkKm3GLHpLiq3J4gE,"","North Campus",6c2573ce-592a-4519-989c-2fd21d6918b7,"W", 06/16/2025 08:00:00 PM,"(UTC-07:00) Arizona",,,3968469.875,3810544,4040352.5,
PNTM9M2jMkKm3GLHpLiq3J4gE,"","North Campus",6c2573ce-592a-4519-989c-2fd21d6918b7,"W", 06/16/2025 08:15:00 PM,"(UTC-07:00) Arizona",,,3734637.1,3714776.5,3773551.8,
PNTM9M2jMkKm3GLHpLiq3J4gE,"","North Campus",6c2573ce-592a-4519-989c-2fd21d6918b7,"W", 06/16/2025 08:30:00 PM,"(UTC-07:00) Arizona",,,3680213.25,3634434.8,3736154.2,
PNTM9M2jMkKm3GLHpLiq3J4gE,"","North Campus",6c2573ce-592a-4519-989c-2fd21d6918b7,"W", 06/16/2025 08:45:00 PM,"(UTC-07:00) Arizona",,,3608527.53333333,3587094.8,3639935.8,
PNTM9M2jMkKm3GLHpLiq3J4gE,"","North Campus",6c2573ce-592a-4519-989c-2fd21d6918b7,"W", 06/16/2025 09:00:00 PM,"(UTC-07:00) Arizona",,,3532665.93333333,3404209,3609003,
PNTM9M2jMkKm3GLHpLiq3J4gE,"","North Campus",6c2573ce-592a-4519-989c-2fd21d6918b7,"W", 06/16/2025 09:15:00 PM,"(UTC-07:00) Arizona",,,3446417.375,3388649.5,3510816.8,
PNTM9M2jMkKm3GLHpLiq3J4gE,"","North Campus",6c2573ce-592a-4519-989c-2fd21d6918b7,"W", 06/16/2025 09:30:00 PM,"(UTC-07:00) Arizona",,,3556119.53333333,3542059,3579154.8,
PNTM9M2jMkKm3GLHpLiq3J4gE,"","North Campus",6c2573ce-592a-4519-989c-2fd21d6918b7,"W", 06/16/2025 09:45:00 PM,"(UTC-07:00) Arizona",,,3670374.575,3614727.8,3719908.5,
PNTM9M2jMkKm3GLHpLiq3J4gE,"","North Campus",6c2573ce-592a-4519-989c-2fd21d6918b7,"W", 06/16/2025 10:00:00 PM,"(UTC-07:00) Arizona",,,3556910.96666667,3512785.2,3587684.2,
PNTM9M2jMkKm3GLHpLiq3J4gE,"","North Campus",6c2573ce-592a-4519-989c-2fd21d6918b7,"W", 06/16/2025 10:15:00 PM,"(UTC-07:00) Arizona",,,3455230.85,3388768.8,3508455.8,
PNTM9M2jMkKm3GLHpLiq3J4gE,"","North Campus",6c2573ce-592a-4519-989c-2fd21d6918b7,"W", 06/16/2025 10:30:00 PM,"(UTC-07:00) Arizona",,,3379575.575,3362255.5,3399302.8,
PNTM9M2jMkKm3GLHpLiq3J4gE,"","North Campus",6c2573ce-592a-4519-989c-2fd21d6918b7,"W", 06/16/2025 10:45:00 PM,"(UTC-07:00) Arizona",,,3338913.56666667,3317133,3368408.2,
PNTM9M2jMkKm3GLHpLiq3J4gE,"","North Campus",6c2573ce-592a-4519-989c-2fd21d6918b7,"W", 06/16/2025 11:00:00 PM,"(UTC-07:00) Arizona",,,3244452.825,3231681,3260110,
PNTM9M2jMkKm3GLHpLiq3J4gE,"","North Campus",6c2573ce-592a-4519-989c-2fd21d6918b7,"W", 06/16/2025 11:15:00 PM,"(UTC-07:00) Arizona",,,3209649.66666667,3165341.2,3248914.8,
PNTM9M2jMkKm3GLHpLiq3J4gE,"","North Campus",6c2573ce-592a-4519-989c-2fd21d6918b7,"W", 06/16/2025 11:30:00 PM,"(UTC-07:00) Arizona",,,3164453.575,3133215.5,3195447.8,
PNTM9M2jMkKm3GLHpLiq3J4gE,"","North Campus",6c2573ce-592a-4519-989c-2fd21d6918b7,"W", 06/16/2025 11:45:00 PM,"(UTC-07:00) Arizona",,,3171896.95,3146656.8,3188630,
PNTM9M2jMkKm3GLHpLiq3J4gE,"","North Campus",6c2573ce-592a-4519-989c-2fd21d6918b7,"W", 06/17/2025 12:00:00 AM,"(UTC-07:00) Arizona",,,3107021.95,3078203,3132652.8,
PNTM9M2jMkKm3GLHpLiq3J4gE,"","North Campus",6c2573ce-592a-4519-989c-2fd21d6918b7,"W", 06/17/2025 12:15:00 AM,"(UTC-07:00) Arizona",,,3111068,3093861.2,3128274.8,
PNTM9M2jMkKm3GLHpLiq3J4gE,"","North Campus",6c2573ce-592a-4519-989c-2fd21d6918b7,"W", 06/17/2025 12:30:00 AM,"(UTC-07:00) Arizona",,,3072738.475,3048832.8,3106188.8,
PNTM9M2jMkKm3GLHpLiq3J4gE,"","North Campus",6c2573ce-592a-4519-989c-2fd21d6918b7,"W", 06/17/2025 12:45:00 AM,"(UTC-07:00) Arizona",,,3078051.625,3043602.8,3105349.2,
PNTM9M2jMkKm3GLHpLiq3J4gE,"","North Campus",6c2573ce-592a-4519-989c-2fd21d6918b7,"W", 06/17/2025 01:00:00 AM,"(UTC-07:00) Arizona",,,3055360.125,3036505,3068238.8,
PNTM9M2jMkKm3GLHpLiq3J4gE,"","North Campus",6c2573ce-592a-4519-989c-2fd21d6918b7,"W", 06/17/2025 01:15:00 AM,"(UTC-07:00) Arizona",,,3083854.2,3066993.8,3105183,
PNTM9M2jMkKm3GLHpLiq3J4gE,"","North Campus",6c2573ce-592a-4519-989c-2fd21d6918b7,"W", 06/17/2025 01:30:00 AM,"(UTC-07:00) Arizona",,,3062761.975,3033698.2,3083195,
PNTM9M2jMkKm3GLHpLiq3J4gE,"","North Campus",6c2573ce-592a-4519-989c-2fd21d6918b7,"W", 06/17/2025 01:45:00 AM,"(UTC-07:00) Arizona",,,3050900.1,3022877,3102592.8,
PNTM9M2jMkKm3GLHpLiq3J4gE,"","North Campus",6c2573ce-592a-4519-989c-2fd21d6918b7,"W", 06/17/2025 02:00:00 AM,"(UTC-07:00) Arizona",,,3039724.46666667,3016330.8,3063953.8,
PNTM9M2jMkKm3GLHpLiq3J4gE,"","North Campus",6c2573ce-592a-4519-989c-2fd21d6918b7,"W", 06/17/2025 02:15:00 AM,"(UTC-07:00) Arizona",,,3049648.5,3023984.5,3082929.5,
PNTM9M2jMkKm3GLHpLiq3J4gE,"","North Campus",6c2573ce-592a-4519-989c-2fd21d6918b7,"W", 06/17/2025 02:30:00 AM,"(UTC-07:00) Arizona",,,3038398.725,3024014.2,3055051,
PNTM9M2jMkKm3GLHpLiq3J4gE,"","North Campus",6c2573ce-592a-4519-989c-2fd21d6918b7,"W", 06/17/2025 02:45:00 AM,"(UTC-07:00) Arizona",,,3023285.23333333,3002411.2,3038245.5,
PNTM9M2jMkKm3GLHpLiq3J4gE,"","North Campus",6c2573ce-592a-4519-989c-2fd21d6918b7,"W", 06/17/2025 03:00:00 AM,"(UTC-07:00) Arizona",,,3069224.65,3023120,3110638.8,
PNTM9M2jMkKm3GLHpLiq3J4gE,"","North Campus",6c2573ce-592a-4519-989c-2fd21d6918b7,"W", 06/17/2025 03:15:00 AM,"(UTC-07:00) Arizona",,,3070880.075,3063789.8,3084294.8,
PNTM9M2jMkKm3GLHpLiq3J4gE,"","North Campus",6c2573ce-592a-4519-989c-2fd21d6918b7,"W", 06/17/2025 03:30:00 AM,"(UTC-07:00) Arizona",,,3097293.2,3070121.2,3121908.2,
PNTM9M2jMkKm3GLHpLiq3J4gE,"","North Campus",6c2573ce-592a-4519-989c-2fd21d6918b7,"W", 06/17/2025 03:45:00 AM,"(UTC-07:00) Arizona",,,3240977.075,3213663,3254254.5,
PNTM9M2jMkKm3GLHpLiq3J4gE,"","North Campus",6c2573ce-592a-4519-989c-2fd21d6918b7,"W", 06/17/2025 04:00:00 AM,"(UTC-07:00) Arizona",,,3223588.86666667,3174832.8,3273943,
PNTM9M2jMkKm3GLHpLiq3J4gE,"","North Campus",6c2573ce-592a-4519-989c-2fd21d6918b7,"W", 06/17/2025 04:15:00 AM,"(UTC-07:00) Arizona",,,3318191.925,3289059.2,3372914,
PNTM9M2jMkKm3GLHpLiq3J4gE,"","North Campus",6c2573ce-592a-4519-989c-2fd21d6918b7,"W", 06/17/2025 04:30:00 AM,"(UTC-07:00) Arizona",,,3350690.575,3340711.8,3361271,
PNTM9M2jMkKm3GLHpLiq3J4gE,"","North Campus",6c2573ce-592a-4519-989c-2fd21d6918b7,"W", 06/17/2025 04:45:00 AM,"(UTC-07:00) Arizona",,,3347603.375,3336866,3354477.2,
PNTM9M2jMkKm3GLHpLiq3J4gE,"","North Campus",6c2573ce-592a-4519-989c-2fd21d6918b7,"W", 06/17/2025 05:00:00 AM,"(UTC-07:00) Arizona",,,3422044,3402630.8,3436382,
PNTM9M2jMkKm3GLHpLiq3J4gE,"","North Campus",6c2573ce-592a-4519-989c-2fd21d6918b7,"W", 06/17/2025 05:15:00 AM,"(UTC-07:00) Arizona",,,3401879.225,3364046.2,3430746.5,
PNTM9M2jMkKm3GLHpLiq3J4gE,"","North Campus",6c2573ce-592a-4519-989c-2fd21d6918b7,"W", 06/17/2025 05:30:00 AM,"(UTC-07:00) Arizona",,,3418908.16666667,3388968.8,3434756.2,
PNTM9M2jMkKm3GLHpLiq3J4gE,"","North Campus",6c2573ce-592a-4519-989c-2fd21d6918b7,"W", 06/17/2025 05:45:00 AM,"(UTC-07:00) Arizona",,,3396402.08,3377287.2,3406453.5,
PNTM9M2jMkKm3GLHpLiq3J4gE,"","North Campus",6c2573ce-592a-4519-989c-2fd21d6918b7,"W", 06/17/2025 06:00:00 AM,"(UTC-07:00) Arizona",,,3445720.5,3429696,3468315.5,
PNTM9M2jMkKm3GLHpLiq3J4gE,"","North Campus",6c2573ce-592a-4519-989c-2fd21d6918b7,"W", 06/17/2025 06:15:00 AM,"(UTC-07:00) Arizona",,,3424593.175,3397402.8,3445741.5,
PNTM9M2jMkKm3GLHpLiq3J4gE,"","North Campus",6c2573ce-592a-4519-989c-2fd21d6918b7,"W", 06/17/2025 06:30:00 AM,"(UTC-07:00) Arizona",,,3501013.55,3487367.8,3537407.2,
PNTM9M2jMkKm3GLHpLiq3J4gE,"","North Campus",6c2573ce-592a-4519-989c-2fd21d6918b7,"W", 06/17/2025 06:45:00 AM,"(UTC-07:00) Arizona",,,3536762.1,3484332,3613524.2,
PNTM9M2jMkKm3GLHpLiq3J4gE,"","North Campus",6c2573ce-592a-4519-989c-2fd21d6918b7,"W", 06/17/2025 07:00:00 AM,"(UTC-07:00) Arizona",,,3727251.43333333,3697646.8,3780551,
PNTM9M2jMkKm3GLHpLiq3J4gE,"","North Campus",6c2573ce-592a-4519-989c-2fd21d6918b7,"W", 06/17/2025 07:15:00 AM,"(UTC-07:00) Arizona",,,3810910.625,3753469,3870819.5,
PNTM9M2jMkKm3GLHpLiq3J4gE,"","North Campus",6c2573ce-592a-4519-989c-2fd21d6918b7,"W", 06/17/2025 07:30:00 AM,"(UTC-07:00) Arizona",,,3916551.23333333,3904073,3927124.5,
PNTM9M2jMkKm3GLHpLiq3J4gE,"","North Campus",6c2573ce-592a-4519-989c-2fd21d6918b7,"W", 06/17/2025 07:45:00 AM,"(UTC-07:00) Arizona",,,3915335.825,3843555.8,3972635.5,
PNTM9M2jMkKm3GLHpLiq3J4gE,"","North Campus",6c2573ce-592a-4519-989c-2fd21d6918b7,"W", 06/17/2025 08:00:00 AM,"(UTC-07:00) Arizona",,,3921922.15,3877109.5,4046957.5,
PNTM9M2jMkKm3GLHpLiq3J4gE,"","North Campus",6c2573ce-592a-4519-989c-2fd21d6918b7,"W", 06/17/2025 08:15:00 AM,"(UTC-07:00) Arizona",,,4033316.6,4014132.8,4063259.2,
PNTM9M2jMkKm3GLHpLiq3J4gE,"","North Campus",6c2573ce-592a-4519-989c-2fd21d6918b7,"W", 06/17/2025 08:30:00 AM,"(UTC-07:00) Arizona",,,4138711.05,4093570.5,4245367,
PNTM9M2jMkKm3GLHpLiq3J4gE,"","North Campus",6c2573ce-592a-4519-989c-2fd21d6918b7,"W", 06/17/2025 08:45:00 AM,"(UTC-07:00) Arizona",,,4252452.25,4206265,4293602,
PNTM9M2jMkKm3GLHpLiq3J4gE,"","North Campus",6c2573ce-592a-4519-989c-2fd21d6918b7,"W", 06/17/2025 09:00:00 AM,"(UTC-07:00) Arizona",,,4324009.375,4312820,4333627.5,
PNTM9M2jMkKm3GLHpLiq3J4gE,"","North Campus",6c2573ce-592a-4519-989c-2fd21d6918b7,"W", 06/17/2025 09:15:00 AM,"(UTC-07:00) Arizona",,,4268494.66666667,4236763.5,4317404,
PNTM9M2jMkKm3GLHpLiq3J4gE,"","North Campus",6c2573ce-592a-4519-989c-2fd21d6918b7,"W", 06/17/2025 09:30:00 AM,"(UTC-07:00) Arizona",,,4284947.5,4231194.5,4372127,
PNTM9M2jMkKm3GLHpLiq3J4gE,"","North Campus",6c2573ce-592a-4519-989c-2fd21d6918b7,"W", 06/17/2025 09:45:00 AM,"(UTC-07:00) Arizona",,,4294814.16666667,4287867,4304983.5,
PNTM9M2jMkKm3GLHpLiq3J4gE,"","North Campus",6c2573ce-592a-4519-989c-2fd21d6918b7,"W", 06/17/2025 10:00:00 AM,"(UTC-07:00) Arizona",,,4348006.5,4299030.5,4448645.5,
PNTM9M2jMkKm3GLHpLiq3J4gE,"","North Campus",6c2573ce-592a-4519-989c-2fd21d6918b7,"W", 06/17/2025 10:15:00 AM,"(UTC-07:00) Arizona",,,4337507.5,4305037,4379182,
PNTM9M2jMkKm3GLHpLiq3J4gE,"","North Campus",6c2573ce-592a-4519-989c-2fd21d6918b7,"W", 06/17/2025 10:30:00 AM,"(UTC-07:00) Arizona",,,4340663.875,4309967.5,4375809,
PNTM9M2jMkKm3GLHpLiq3J4gE,"","North Campus",6c2573ce-592a-4519-989c-2fd21d6918b7,"W", 06/17/2025 10:45:00 AM,"(UTC-07:00) Arizona",,,4349422.5,4314359,4362685.5,
PNTM9M2jMkKm3GLHpLiq3J4gE,"","North Campus",6c2573ce-592a-4519-989c-2fd21d6918b7,"W", 06/17/2025 11:00:00 AM,"(UTC-07:00) Arizona",,,4303545,4290308.5,4316781.5,
PNTM9M2jMkKm3GLHpLiq3J4gE,"","North Campus",6c2573ce-592a-4519-989c-2fd21d6918b7,"W", 06/17/2025 11:15:00 AM,"(UTC-07:00) Arizona",,,4334407.875,4301891.5,4364020.5,
PNTM9M2jMkKm3GLHpLiq3J4gE,"","North Campus",6c2573ce-592a-4519-989c-2fd21d6918b7,"W", 06/17/2025 11:30:00 AM,"(UTC-07:00) Arizona",,,4308738.75,4308412,4309065.5,
PNTM9M2jMkKm3GLHpLiq3J4gE,"","North Campus",6c2573ce-592a-4519-989c-2fd21d6918b7,"W", 06/17/2025 11:45:00 AM,"(UTC-07:00) Arizona",,,4407646.625,4353723.5,4439469.5,
PNTM9M2jMkKm3GLHpLiq3J4gE,"","North Campus",6c2573ce-592a-4519-989c-2fd21d6918b7,"W", 06/17/2025 12:00:00 PM,"(UTC-07:00) Arizona",,,4423860.125,4371050.5,4491230,
PNTM9M2jMkKm3GLHpLiq3J4gE,"","North Campus",6c2573ce-592a-4519-989c-2fd21d6918b7,"W", 06/17/2025 12:15:00 PM,"(UTC-07:00) Arizona",,,4482982.33333333,4454868,4507992.5,
PNTM9M2jMkKm3GLHpLiq3J4gE,"","North Campus",6c2573ce-592a-4519-989c-2fd21d6918b7,"W", 06/17/2025 12:30:00 PM,"(UTC-07:00) Arizona",,,4466121.33333333,4452618,4476676.5,
PNTM9M2jMkKm3GLHpLiq3J4gE,"","North Campus",6c2573ce-592a-4519-989c-2fd21d6918b7,"W", 06/17/2025 12:45:00 PM,"(UTC-07:00) Arizona",,,4480075,4459626.5,4515706.5,
PNTM9M2jMkKm3GLHpLiq3J4gE,"","North Campus",6c2573ce-592a-4519-989c-2fd21d6918b7,"W", 06/17/2025 01:00:00 PM,"(UTC-07:00) Arizona",,,4437837.75,4403996,4485180,
PNTM9M2jMkKm3GLHpLiq3J4gE,"","North Campus",6c2573ce-592a-4519-989c-2fd21d6918b7,"W", 06/17/2025 01:15:00 PM,"(UTC-07:00) Arizona",,,4450387.16666667,4433199,4477706,
PNTM9M2jMkKm3GLHpLiq3J4gE,"","North Campus",6c2573ce-592a-4519-989c-2fd21d6918b7,"W", 06/17/2025 01:30:00 PM,"(UTC-07:00) Arizona",,,4465949.875,4452816,4471740,
PNTM9M2jMkKm3GLHpLiq3J4gE,"","North Campus",6c2573ce-592a-4519-989c-2fd21d6918b7,"W", 06/17/2025 01:45:00 PM,"(UTC-07:00) Arizona",,,4502043.33333333,4480242.5,4534438,
PNTM9M2jMkKm3GLHpLiq3J4gE,"","North Campus",6c2573ce-592a-4519-989c-2fd21d6918b7,"W", 06/17/2025 02:00:00 PM,"(UTC-07:00) Arizona",,,4499048,4471094,4526243.5,
PNTM9M2jMkKm3GLHpLiq3J4gE,"","North Campus",6c2573ce-592a-4519-989c-2fd21d6918b7,"W", 06/17/2025 02:15:00 PM,"(UTC-07:00) Arizona",,,4518141.25,4484294,4537558,
PNTM9M2jMkKm3GLHpLiq3J4gE,"","North Campus",6c2573ce-592a-4519-989c-2fd21d6918b7,"W", 06/17/2025 02:30:00 PM,"(UTC-07:00) Arizona",,,4510658.5,4481634.5,4558167,
PNTM9M2jMkKm3GLHpLiq3J4gE,"","North Campus",6c2573ce-592a-4519-989c-2fd21d6918b7,"W", 06/17/2025 02:45:00 PM,"(UTC-07:00) Arizona",,,4569490.33333333,4518045,4655671.5,
PNTM9M2jMkKm3GLHpLiq3J4gE,"","North Campus",6c2573ce-592a-4519-989c-2fd21d6918b7,"W", 06/17/2025 03:00:00 PM,"(UTC-07:00) Arizona",,,4613123.5,4578046,4631943.5,
PNTM9M2jMkKm3GLHpLiq3J4gE,"","North Campus",6c2573ce-592a-4519-989c-2fd21d6918b7,"W", 06/17/2025 03:15:00 PM,"(UTC-07:00) Arizona",,,4644200.875,4616246,4669029.5,
PNTM9M2jMkKm3GLHpLiq3J4gE,"","North Campus",6c2573ce-592a-4519-989c-2fd21d6918b7,"W", 06/17/2025 03:30:00 PM,"(UTC-07:00) Arizona",,,4714942.5,4657352.5,4776064.5,
PNTM9M2jMkKm3GLHpLiq3J4gE,"","North Campus",6c2573ce-592a-4519-989c-2fd21d6918b7,"W", 06/17/2025 03:45:00 PM,"(UTC-07:00) Arizona",,,4773107.875,4716105.5,4811683,
PNTM9M2jMkKm3GLHpLiq3J4gE,"","North Campus",6c2573ce-592a-4519-989c-2fd21d6918b7,"W", 06/17/2025 04:00:00 PM,"(UTC-07:00) Arizona",,,4790830,4758036.5,4820944.5,
PNTM9M2jMkKm3GLHpLiq3J4gE,"","North Campus",6c2573ce-592a-4519-989c-2fd21d6918b7,"W", 06/17/2025 04:15:00 PM,"(UTC-07:00) Arizona",,,4769498.625,4723799.5,4789803,
PNTM9M2jMkKm3GLHpLiq3J4gE,"","North Campus",6c2573ce-592a-4519-989c-2fd21d6918b7,"W", 06/17/2025 04:30:00 PM,"(UTC-07:00) Arizona",,,4718980.66666667,4707093,4727090,
PNTM9M2jMkKm3GLHpLiq3J4gE,"","North Campus",6c2573ce-592a-4519-989c-2fd21d6918b7,"W", 06/17/2025 04:45:00 PM,"(UTC-07:00) Arizona",,,4790665.33333333,4750513.5,4820458,
PNTM9M2jMkKm3GLHpLiq3J4gE,"","North Campus",6c2573ce-592a-4519-989c-2fd21d6918b7,"W", 06/17/2025 05:00:00 PM,"(UTC-07:00) Arizona",,,4753929.25,4701210,4779249,
PNTM9M2jMkKm3GLHpLiq3J4gE,"","North Campus",6c2573ce-592a-4519-989c-2fd21d6918b7,"W", 06/17/2025 05:15:00 PM,"(UTC-07:00) Arizona",,,4744918.375,4693457,4792171.5,
PNTM9M2jMkKm3GLHpLiq3J4gE,"","North Campus",6c2573ce-592a-4519-989c-2fd21d6918b7,"W", 06/17/2025 05:30:00 PM,"(UTC-07:00) Arizona",,,4754197.33333333,4718696.5,4777233.5,
PNTM9M2jMkKm3GLHpLiq3J4gE,"","North Campus",6c2573ce-592a-4519-989c-2fd21d6918b7,"W", 06/17/2025 05:45:00 PM,"(UTC-07:00) Arizona",,,4676526,4633801,4715070.5,
PNTM9M2jMkKm3GLHpLiq3J4gE,"","North Campus",6c2573ce-592a-4519-989c-2fd21d6918b7,"W", 06/17/2025 06:00:00 PM,"(UTC-07:00) Arizona",,,4648680.125,4626349.5,4665710,
PNTM9M2jMkKm3GLHpLiq3J4gE,"","North Campus",6c2573ce-592a-4519-989c-2fd21d6918b7,"W", 06/17/2025 06:15:00 PM,"(UTC-07:00) Arizona",,,4641475.16666667,4618184,4654683,
PNTM9M2jMkKm3GLHpLiq3J4gE,"","North Campus",6c2573ce-592a-4519-989c-2fd21d6918b7,"W", 06/17/2025 06:30:00 PM,"(UTC-07:00) Arizona",,,4672724.25,4613050.5,4729163.5,
PNTM9M2jMkKm3GLHpLiq3J4gE,"","North Campus",6c2573ce-592a-4519-989c-2fd21d6918b7,"W", 06/17/2025 06:45:00 PM,"(UTC-07:00) Arizona",,,4628009.75,4625328.5,4630823.5,
PNTM9M2jMkKm3GLHpLiq3J4gE,"","North Campus",6c2573ce-592a-4519-989c-2fd21d6918b7,"W", 06/17/2025 07:00:00 PM,"(UTC-07:00) Arizona",,,4313052,4264128,4379768.5,
PNTM9M2jMkKm3GLHpLiq3J4gE,"","North Campus",6c2573ce-592a-4519-989c-2fd21d6918b7,"W", 06/17/2025 07:15:00 PM,"(UTC-07:00) Arizona",,,4217909.43333333,4110191.8,4283519,
PNTM9M2jMkKm3GLHpLiq3J4gE,"","North Campus",6c2573ce-592a-4519-989c-2fd21d6918b7,"W", 06/17/2025 07:30:00 PM,"(UTC-07:00) Arizona",,,4082692.7,4065672,4107966.8,
PNTM9M2jMkKm3GLHpLiq3J4gE,"","North Campus",6c2573ce-592a-4519-989c-2fd21d6918b7,"W", 06/17/2025 07:45:00 PM,"(UTC-07:00) Arizona",,,4022075.7,3995153.8,4043678,
PNTM9M2jMkKm3GLHpLiq3J4gE,"","North Campus",6c2573ce-592a-4519-989c-2fd21d6918b7,"W", 06/17/2025 08:00:00 PM,"(UTC-07:00) Arizona",,,3945158.2,3912176.8,3965857,
PNTM9M2jMkKm3GLHpLiq3J4gE,"","North Campus",6c2573ce-592a-4519-989c-2fd21d6918b7,"W", 06/17/2025 08:15:00 PM,"(UTC-07:00) Arizona",,,3890173.075,3848954,3931331,
PNTM9M2jMkKm3GLHpLiq3J4gE,"","North Campus",6c2573ce-592a-4519-989c-2fd21d6918b7,"W", 06/17/2025 08:30:00 PM,"(UTC-07:00) Arizona",,,3852087.45,3839603,3867160.2,
PNTM9M2jMkKm3GLHpLiq3J4gE,"","North Campus",6c2573ce-592a-4519-989c-2fd21d6918b7,"W", 06/17/2025 08:45:00 PM,"(UTC-07:00) Arizona",,,3671557.925,3649972.2,3684038.8,
PNTM9M2jMkKm3GLHpLiq3J4gE,"","North Campus",6c2573ce-592a-4519-989c-2fd21d6918b7,"W", 06/17/2025 09:00:00 PM,"(UTC-07:00) Arizona",,,3587719.9,3403016.2,3695335.5,
PNTM9M2jMkKm3GLHpLiq3J4gE,"","North Campus",6c2573ce-592a-4519-989c-2fd21d6918b7,"W", 06/17/2025 09:15:00 PM,"(UTC-07:00) Arizona",,,3528385.45,3446834,3619445.8,
PNTM9M2jMkKm3GLHpLiq3J4gE,"","North Campus",6c2573ce-592a-4519-989c-2fd21d6918b7,"W", 06/17/2025 09:30:00 PM,"(UTC-07:00) Arizona",,,3541437.73333333,3530374,3552033.2,
PNTM9M2jMkKm3GLHpLiq3J4gE,"","North Campus",6c2573ce-592a-4519-989c-2fd21d6918b7,"W", 06/17/2025 09:45:00 PM,"(UTC-07:00) Arizona",,,3560218.125,3544684.2,3586721,
PNTM9M2jMkKm3GLHpLiq3J4gE,"","North Campus",6c2573ce-592a-4519-989c-2fd21d6918b7,"W", 06/17/2025 10:00:00 PM,"(UTC-07:00) Arizona",,,3506992.875,3487451.2,3526643.8,
PNTM9M2jMkKm3GLHpLiq3J4gE,"","North Campus",6c2573ce-592a-4519-989c-2fd21d6918b7,"W", 06/17/2025 10:15:00 PM,"(UTC-07:00) Arizona",,,3451317.5,3450441.5,3453069.5,
PNTM9M2jMkKm3GLHpLiq3J4gE,"","North Campus",6c2573ce-592a-4519-989c-2fd21d6918b7,"W", 06/17/2025 10:30:00 PM,"(UTC-07:00) Arizona",,,3375757.25,3348788.5,3403265.5,
PNTM9M2jMkKm3GLHpLiq3J4gE,"","North Campus",6c2573ce-592a-4519-989c-2fd21d6918b7,"W", 06/17/2025 10:45:00 PM,"(UTC-07:00) Arizona",,,3320109.43333333,3295848.8,3357306.5,
PNTM9M2jMkKm3GLHpLiq3J4gE,"","North Campus",6c2573ce-592a-4519-989c-2fd21d6918b7,"W", 06/17/2025 11:00:00 PM,"(UTC-07:00) Arizona",,,3214320.66666667,3207117,3222544.5,
PNTM9M2jMkKm3GLHpLiq3J4gE,"","North Campus",6c2573ce-592a-4519-989c-2fd21d6918b7,"W", 06/17/2025 11:15:00 PM,"(UTC-07:00) Arizona",,,3178118.425,3167538.5,3199480.5,
PNTM9M2jMkKm3GLHpLiq3J4gE,"","North Campus",6c2573ce-592a-4519-989c-2fd21d6918b7,"W", 06/17/2025 11:30:00 PM,"(UTC-07:00) Arizona",,,3159452.675,3122019.2,3183814.2,
PNTM9M2jMkKm3GLHpLiq3J4gE,"","North Campus",6c2573ce-592a-4519-989c-2fd21d6918b7,"W", 06/17/2025 11:45:00 PM,"(UTC-07:00) Arizona",,,3148613.06666667,3134701.8,3161083.2,
PNTM9M2jMkKm3GLHpLiq3J4gE,"","North Campus",6c2573ce-592a-4519-989c-2fd21d6918b7,"W", 06/18/2025 12:00:00 AM,"(UTC-07:00) Arizona",,,3107041.225,3089124,3118249.2,
PNTM9M2jMkKm3GLHpLiq3J4gE,"","North Campus",6c2573ce-592a-4519-989c-2fd21d6918b7,"W", 06/18/2025 12:15:00 AM,"(UTC-07:00) Arizona",,,3111846.475,3099300,3122398.2,
PNTM9M2jMkKm3GLHpLiq3J4gE,"","North Campus",6c2573ce-592a-4519-989c-2fd21d6918b7,"W", 06/18/2025 12:30:00 AM,"(UTC-07:00) Arizona",,,3089301.56666667,3071292.2,3106989.5,
PNTM9M2jMkKm3GLHpLiq3J4gE,"","North Campus",6c2573ce-592a-4519-989c-2fd21d6918b7,"W", 06/18/2025 12:45:00 AM,"(UTC-07:00) Arizona",,,3069521.05,3027930.5,3101175.2,
PNTM9M2jMkKm3GLHpLiq3J4gE,"","North Campus",6c2573ce-592a-4519-989c-2fd21d6918b7,"W", 06/18/2025 01:00:00 AM,"(UTC-07:00) Arizona",,,3074444.7,3068635.8,3084501,
PNTM9M2jMkKm3GLHpLiq3J4gE,"","North Campus",6c2573ce-592a-4519-989c-2fd21d6918b7,"W", 06/18/2025 01:15:00 AM,"(UTC-07:00) Arizona",,,3074329.1,3061998.5,3086077.5,
PNTM9M2jMkKm3GLHpLiq3J4gE,"","North Campus",6c2573ce-592a-4519-989c-2fd21d6918b7,"W", 06/18/2025 01:30:00 AM,"(UTC-07:00) Arizona",,,3068392.5,3045923.8,3083798.5,
PNTM9M2jMkKm3GLHpLiq3J4gE,"","North Campus",6c2573ce-592a-4519-989c-2fd21d6918b7,"W", 06/18/2025 01:45:00 AM,"(UTC-07:00) Arizona",,,3037701.875,3031770.2,3046931,
PNTM9M2jMkKm3GLHpLiq3J4gE,"","North Campus",6c2573ce-592a-4519-989c-2fd21d6918b7,"W", 06/18/2025 02:00:00 AM,"(UTC-07:00) Arizona",,,3029848.375,3018409.5,3063698,
PNTM9M2jMkKm3GLHpLiq3J4gE,"","North Campus",6c2573ce-592a-4519-989c-2fd21d6918b7,"W", 06/18/2025 02:15:00 AM,"(UTC-07:00) Arizona",,,3019147.825,2989230,3036914.8,
PNTM9M2jMkKm3GLHpLiq3J4gE,"","North Campus",6c2573ce-592a-4519-989c-2fd21d6918b7,"W", 06/18/2025 02:30:00 AM,"(UTC-07:00) Arizona",,,3029930.625,3001550.2,3053080,
PNTM9M2jMkKm3GLHpLiq3J4gE,"","North Campus",6c2573ce-592a-4519-989c-2fd21d6918b7,"W", 06/18/2025 02:45:00 AM,"(UTC-07:00) Arizona",,,3016114.975,2995502.8,3040156.8,
PNTM9M2jMkKm3GLHpLiq3J4gE,"","North Campus",6c2573ce-592a-4519-989c-2fd21d6918b7,"W", 06/18/2025 03:00:00 AM,"(UTC-07:00) Arizona",,,3015833.2,3007586.8,3031795.5,
PNTM9M2jMkKm3GLHpLiq3J4gE,"","North Campus",6c2573ce-592a-4519-989c-2fd21d6918b7,"W", 06/18/2025 03:15:00 AM,"(UTC-07:00) Arizona",,,3034470.63333333,3015904.2,3046670.5,
PNTM9M2jMkKm3GLHpLiq3J4gE,"","North Campus",6c2573ce-592a-4519-989c-2fd21d6918b7,"W", 06/18/2025 03:30:00 AM,"(UTC-07:00) Arizona",,,3023912.35,3010333,3046268.2,
PNTM9M2jMkKm3GLHpLiq3J4gE,"","North Campus",6c2573ce-592a-4519-989c-2fd21d6918b7,"W", 06/18/2025 03:45:00 AM,"(UTC-07:00) Arizona",,,3110051.825,3089767.8,3132829.2,
PNTM9M2jMkKm3GLHpLiq3J4gE,"","North Campus",6c2573ce-592a-4519-989c-2fd21d6918b7,"W", 06/18/2025 04:00:00 AM,"(UTC-07:00) Arizona",,,3130691.8,3110009.2,3155576.2,
PNTM9M2jMkKm3GLHpLiq3J4gE,"","North Campus",6c2573ce-592a-4519-989c-2fd21d6918b7,"W", 06/18/2025 04:15:00 AM,"(UTC-07:00) Arizona",,,3171804,3158341.5,3191076.5,
PNTM9M2jMkKm3GLHpLiq3J4gE,"","North Campus",6c2573ce-592a-4519-989c-2fd21d6918b7,"W", 06/18/2025 04:30:00 AM,"(UTC-07:00) Arizona",,,3191901.775,3176592.8,3228328,
PNTM9M2jMkKm3GLHpLiq3J4gE,"","North Campus",6c2573ce-592a-4519-989c-2fd21d6918b7,"W", 06/18/2025 04:45:00 AM,"(UTC-07:00) Arizona",,,3181192.275,3169135.8,3198082.8,
PNTM9M2jMkKm3GLHpLiq3J4gE,"","North Campus",6c2573ce-592a-4519-989c-2fd21d6918b7,"W", 06/18/2025 05:00:00 AM,"(UTC-07:00) Arizona",,,3258286.6,3239996.8,3271954.2,
PNTM9M2jMkKm3GLHpLiq3J4gE,"","North Campus",6c2573ce-592a-4519-989c-2fd21d6918b7,"W", 06/18/2025 05:15:00 AM,"(UTC-07:00) Arizona",,,3250415.05,3235352.2,3262819.5,
PNTM9M2jMkKm3GLHpLiq3J4gE,"","North Campus",6c2573ce-592a-4519-989c-2fd21d6918b7,"W", 06/18/2025 05:30:00 AM,"(UTC-07:00) Arizona",,,3242398.775,3231961.2,3256316.2,
PNTM9M2jMkKm3GLHpLiq3J4gE,"","North Campus",6c2573ce-592a-4519-989c-2fd21d6918b7,"W", 06/18/2025 05:45:00 AM,"(UTC-07:00) Arizona",,,3261237.16666667,3246578.5,3273176.5,
PNTM9M2jMkKm3GLHpLiq3J4gE,"","North Campus",6c2573ce-592a-4519-989c-2fd21d6918b7,"W", 06/18/2025 06:00:00 AM,"(UTC-07:00) Arizona",,,3346527.625,3328625.2,3373259.8,
PNTM9M2jMkKm3GLHpLiq3J4gE,"","North Campus",6c2573ce-592a-4519-989c-2fd21d6918b7,"W", 06/18/2025 06:15:00 AM,"(UTC-07:00) Arizona",,,3337725.125,3326380.5,3346236.5,
PNTM9M2jMkKm3GLHpLiq3J4gE,"","North Campus",6c2573ce-592a-4519-989c-2fd21d6918b7,"W", 06/18/2025 06:30:00 AM,"(UTC-07:00) Arizona",,,3352646.925,3340956.5,3377399.5,
PNTM9M2jMkKm3GLHpLiq3J4gE,"","North Campus",6c2573ce-592a-4519-989c-2fd21d6918b7,"W", 06/18/2025 06:45:00 AM,"(UTC-07:00) Arizona",,,3369840.16666667,3359638.8,3386148.5,
PNTM9M2jMkKm3GLHpLiq3J4gE,"","North Campus",6c2573ce-592a-4519-989c-2fd21d6918b7,"W", 06/18/2025 07:00:00 AM,"(UTC-07:00) Arizona",,,3591599.86666667,3546072.8,3667274,
PNTM9M2jMkKm3GLHpLiq3J4gE,"","North Campus",6c2573ce-592a-4519-989c-2fd21d6918b7,"W", 06/18/2025 07:15:00 AM,"(UTC-07:00) Arizona",,,3680494.55,3659311.5,3731994,
PNTM9M2jMkKm3GLHpLiq3J4gE,"","North Campus",6c2573ce-592a-4519-989c-2fd21d6918b7,"W", 06/18/2025 07:30:00 AM,"(UTC-07:00) Arizona",,,3843222.1,3788415.5,3900209,
PNTM9M2jMkKm3GLHpLiq3J4gE,"","North Campus",6c2573ce-592a-4519-989c-2fd21d6918b7,"W", 06/18/2025 07:45:00 AM,"(UTC-07:00) Arizona",,,3983318.65,3954696,4008312.8,
PNTM9M2jMkKm3GLHpLiq3J4gE,"","North Campus",6c2573ce-592a-4519-989c-2fd21d6918b7,"W", 06/18/2025 08:00:00 AM,"(UTC-07:00) Arizona",,,4129380.925,4062723.5,4175672,
PNTM9M2jMkKm3GLHpLiq3J4gE,"","North Campus",6c2573ce-592a-4519-989c-2fd21d6918b7,"W", 06/18/2025 08:15:00 AM,"(UTC-07:00) Arizona",,,4108248.25,4007082,4209414.5,
PNTM9M2jMkKm3GLHpLiq3J4gE,"","North Campus",6c2573ce-592a-4519-989c-2fd21d6918b7,"W", 06/18/2025 08:30:00 AM,"(UTC-07:00) Arizona",,,4217738.125,4194597.5,4279180,
PNTM9M2jMkKm3GLHpLiq3J4gE,"","North Campus",6c2573ce-592a-4519-989c-2fd21d6918b7,"W", 06/18/2025 08:45:00 AM,"(UTC-07:00) Arizona",,,4227925.16666667,4210404.5,4244856.5,
PNTM9M2jMkKm3GLHpLiq3J4gE,"","North Campus",6c2573ce-592a-4519-989c-2fd21d6918b7,"W", 06/18/2025 09:00:00 AM,"(UTC-07:00) Arizona",,,4222925.25,4181417.5,4249516.5,
PNTM9M2jMkKm3GLHpLiq3J4gE,"","North Campus",6c2573ce-592a-4519-989c-2fd21d6918b7,"W", 06/18/2025 09:15:00 AM,"(UTC-07:00) Arizona",,,4260766.16666667,4244103,4290633.5,
PNTM9M2jMkKm3GLHpLiq3J4gE,"","North Campus",6c2573ce-592a-4519-989c-2fd21d6918b7,"W", 06/18/2025 09:30:00 AM,"(UTC-07:00) Arizona",,,4341386.5,4309689,4379793.5,
PNTM9M2jMkKm3GLHpLiq3J4gE,"","North Campus",6c2573ce-592a-4519-989c-2fd21d6918b7,"W", 06/18/2025 09:45:00 AM,"(UTC-07:00) Arizona",,,4288857.625,4260034.5,4318495,
PNTM9M2jMkKm3GLHpLiq3J4gE,"","North Campus",6c2573ce-592a-4519-989c-2fd21d6918b7,"W", 06/18/2025 10:00:00 AM,"(UTC-07:00) Arizona",,,4282661.25,4250340.5,4314925,
PNTM9M2jMkKm3GLHpLiq3J4gE,"","North Campus",6c2573ce-592a-4519-989c-2fd21d6918b7,"W", 06/18/2025 10:15:00 AM,"(UTC-07:00) Arizona",,,4247257.5,4234204,4273301.5,
PNTM9M2jMkKm3GLHpLiq3J4gE,"","North Campus",6c2573ce-592a-4519-989c-2fd21d6918b7,"W", 06/18/2025 10:30:00 AM,"(UTC-07:00) Arizona",,,4306220.125,4248092.5,4358405,
PNTM9M2jMkKm3GLHpLiq3J4gE,"","North Campus",6c2573ce-592a-4519-989c-2fd21d6918b7,"W", 06/18/2025 10:45:00 AM,"(UTC-07:00) Arizona",,,4338945.625,4292912,4380835.5,
PNTM9M2jMkKm3GLHpLiq3J4gE,"","North Campus",6c2573ce-592a-4519-989c-2fd21d6918b7,"W", 06/18/2025 11:00:00 AM,"(UTC-07:00) Arizona",,,4359688.25,4345562.5,4373814,
PNTM9M2jMkKm3GLHpLiq3J4gE,"","North Campus",6c2573ce-592a-4519-989c-2fd21d6918b7,"W", 06/18/2025 11:15:00 AM,"(UTC-07:00) Arizona",,,4390561.25,4297776,4469422,
PNTM9M2jMkKm3GLHpLiq3J4gE,"","North Campus",6c2573ce-592a-4519-989c-2fd21d6918b7,"W", 06/18/2025 11:30:00 AM,"(UTC-07:00) Arizona",,,4405500.16666667,4379496.5,4434723,
PNTM9M2jMkKm3GLHpLiq3J4gE,"","North Campus",6c2573ce-592a-4519-989c-2fd21d6918b7,"W", 06/18/2025 11:45:00 AM,"(UTC-07:00) Arizona",,,4438798.66666667,4431882,4452632,
PNTM9M2jMkKm3GLHpLiq3J4gE,"","North Campus",6c2573ce-592a-4519-989c-2fd21d6918b7,"W", 06/18/2025 12:00:00 PM,"(UTC-07:00) Arizona",,,4452220.375,4414236.5,4501284.5,
PNTM9M2jMkKm3GLHpLiq3J4gE,"","North Campus",6c2573ce-592a-4519-989c-2fd21d6918b7,"W", 06/18/2025 12:15:00 PM,"(UTC-07:00) Arizona",,,4420324.75,4394585,4436441,
PNTM9M2jMkKm3GLHpLiq3J4gE,"","North Campus",6c2573ce-592a-4519-989c-2fd21d6918b7,"W", 06/18/2025 12:30:00 PM,"(UTC-07:00) Arizona",,,4448675.33333333,4410663,4518163.5,
PNTM9M2jMkKm3GLHpLiq3J4gE,"","North Campus",6c2573ce-592a-4519-989c-2fd21d6918b7,"W", 06/18/2025 12:45:00 PM,"(UTC-07:00) Arizona",,,4452650.375,4421444,4526945,
PNTM9M2jMkKm3GLHpLiq3J4gE,"","North Campus",6c2573ce-592a-4519-989c-2fd21d6918b7,"W", 06/18/2025 01:00:00 PM,"(UTC-07:00) Arizona",,,4473696.83333333,4451920,4512071,
PNTM9M2jMkKm3GLHpLiq3J4gE,"","North Campus",6c2573ce-592a-4519-989c-2fd21d6918b7,"W", 06/18/2025 01:15:00 PM,"(UTC-07:00) Arizona",,,4500344.75,4483512.5,4529033.5,
PNTM9M2jMkKm3GLHpLiq3J4gE,"","North Campus",6c2573ce-592a-4519-989c-2fd21d6918b7,"W", 06/18/2025 01:30:00 PM,"(UTC-07:00) Arizona",,,4507301.75,4484097,4532145,
PNTM9M2jMkKm3GLHpLiq3J4gE,"","North Campus",6c2573ce-592a-4519-989c-2fd21d6918b7,"W", 06/18/2025 01:45:00 PM,"(UTC-07:00) Arizona",,,4533717.83333333,4506360,4569744.5,
PNTM9M2jMkKm3GLHpLiq3J4gE,"","North Campus",6c2573ce-592a-4519-989c-2fd21d6918b7,"W", 06/18/2025 02:00:00 PM,"(UTC-07:00) Arizona",,,4483723.125,4439143,4503851,
PNTM9M2jMkKm3GLHpLiq3J4gE,"","North Campus",6c2573ce-592a-4519-989c-2fd21d6918b7,"W", 06/18/2025 02:15:00 PM,"(UTC-07:00) Arizona",,,4508237.5,4499976,4514855.5,
PNTM9M2jMkKm3GLHpLiq3J4gE,"","North Campus",6c2573ce-592a-4519-989c-2fd21d6918b7,"W", 06/18/2025 02:30:00 PM,"(UTC-07:00) Arizona",,,4550306.83333333,4514555.5,4583295,
PNTM9M2jMkKm3GLHpLiq3J4gE,"","North Campus",6c2573ce-592a-4519-989c-2fd21d6918b7,"W", 06/18/2025 02:45:00 PM,"(UTC-07:00) Arizona",,,4586439.83333333,4558623,4602737,
PNTM9M2jMkKm3GLHpLiq3J4gE,"","North Campus",6c2573ce-592a-4519-989c-2fd21d6918b7,"W", 06/18/2025 03:00:00 PM,"(UTC-07:00) Arizona",,,4659517.83333333,4648441.5,4672555,
PNTM9M2jMkKm3GLHpLiq3J4gE,"","North Campus",6c2573ce-592a-4519-989c-2fd21d6918b7,"W", 06/18/2025 03:15:00 PM,"(UTC-07:00) Arizona",,,4643089.875,4613257,4669041,
PNTM9M2jMkKm3GLHpLiq3J4gE,"","North Campus",6c2573ce-592a-4519-989c-2fd21d6918b7,"W", 06/18/2025 03:30:00 PM,"(UTC-07:00) Arizona",,,4742346.33333333,4725442,4766300.5,
PNTM9M2jMkKm3GLHpLiq3J4gE,"","North Campus",6c2573ce-592a-4519-989c-2fd21d6918b7,"W", 06/18/2025 03:45:00 PM,"(UTC-07:00) Arizona",,,4827479.375,4782924.5,4878995,
PNTM9M2jMkKm3GLHpLiq3J4gE,"","North Campus",6c2573ce-592a-4519-989c-2fd21d6918b7,"W", 06/18/2025 04:00:00 PM,"(UTC-07:00) Arizona",,,4791486.875,4741545.5,4858712,
PNTM9M2jMkKm3GLHpLiq3J4gE,"","North Campus",6c2573ce-592a-4519-989c-2fd21d6918b7,"W", 06/18/2025 04:15:00 PM,"(UTC-07:00) Arizona",,,4845184.33333333,4840958.5,4847393.5,
PNTM9M2jMkKm3GLHpLiq3J4gE,"","North Campus",6c2573ce-592a-4519-989c-2fd21d6918b7,"W", 06/18/2025 04:30:00 PM,"(UTC-07:00) Arizona",,,4838935.625,4809989.5,4868951,
PNTM9M2jMkKm3GLHpLiq3J4gE,"","North Campus",6c2573ce-592a-4519-989c-2fd21d6918b7,"W", 06/18/2025 04:45:00 PM,"(UTC-07:00) Arizona",,,4854365.875,4826375.5,4901125.5,
PNTM9M2jMkKm3GLHpLiq3J4gE,"","North Campus",6c2573ce-592a-4519-989c-2fd21d6918b7,"W", 06/18/2025 05:00:00 PM,"(UTC-07:00) Arizona",,,4812839.5,4802411,4824842.5,
PNTM9M2jMkKm3GLHpLiq3J4gE,"","North Campus",6c2573ce-592a-4519-989c-2fd21d6918b7,"W", 06/18/2025 05:15:00 PM,"(UTC-07:00) Arizona",,,4769677.66666667,4748172,4782203.5,
PNTM9M2jMkKm3GLHpLiq3J4gE,"","North Campus",6c2573ce-592a-4519-989c-2fd21d6918b7,"W", 06/18/2025 05:30:00 PM,"(UTC-07:00) Arizona",,,4768284.83333333,4704371.5,4823408.5,
PNTM9M2jMkKm3GLHpLiq3J4gE,"","North Campus",6c2573ce-592a-4519-989c-2fd21d6918b7,"W", 06/18/2025 05:45:00 PM,"(UTC-07:00) Arizona",,,4807739.875,4773884,4839584.5,
PNTM9M2jMkKm3GLHpLiq3J4gE,"","North Campus",6c2573ce-592a-4519-989c-2fd21d6918b7,"W", 06/18/2025 06:00:00 PM,"(UTC-07:00) Arizona",,,4813565,4797259,4846511.5,
PNTM9M2jMkKm3GLHpLiq3J4gE,"","North Campus",6c2573ce-592a-4519-989c-2fd21d6918b7,"W", 06/18/2025 06:15:00 PM,"(UTC-07:00) Arizona",,,4833032.66666667,4804643,4855634.5,
PNTM9M2jMkKm3GLHpLiq3J4gE,"","North Campus",6c2573ce-592a-4519-989c-2fd21d6918b7,"W", 06/18/2025 06:30:00 PM,"(UTC-07:00) Arizona",,,4793529.875,4744463,4821475.5,
PNTM9M2jMkKm3GLHpLiq3J4gE,"","North Campus",6c2573ce-592a-4519-989c-2fd21d6918b7,"W", 06/18/2025 06:45:00 PM,"(UTC-07:00) Arizona",,,4669673.5,4566165.5,4708192.5,
PNTM9M2jMkKm3GLHpLiq3J4gE,"","North Campus",6c2573ce-592a-4519-989c-2fd21d6918b7,"W", 06/18/2025 07:00:00 PM,"(UTC-07:00) Arizona",,,4478093.66666667,4439949.5,4499574,
PNTM9M2jMkKm3GLHpLiq3J4gE,"","North Campus",6c2573ce-592a-4519-989c-2fd21d6918b7,"W", 06/18/2025 07:15:00 PM,"(UTC-07:00) Arizona",,,4397934,4387413,4409470,
PNTM9M2jMkKm3GLHpLiq3J4gE,"","North Campus",6c2573ce-592a-4519-989c-2fd21d6918b7,"W", 06/18/2025 07:30:00 PM,"(UTC-07:00) Arizona",,,4270679.875,4247054,4295003.5,
PNTM9M2jMkKm3GLHpLiq3J4gE,"","North Campus",6c2573ce-592a-4519-989c-2fd21d6918b7,"W", 06/18/2025 07:45:00 PM,"(UTC-07:00) Arizona",,,4231436,4209868.5,4248869,
PNTM9M2jMkKm3GLHpLiq3J4gE,"","North Campus",6c2573ce-592a-4519-989c-2fd21d6918b7,"W", 06/18/2025 08:00:00 PM,"(UTC-07:00) Arizona",,,4166637.05,4136848.2,4200716.5,
PNTM9M2jMkKm3GLHpLiq3J4gE,"","North Campus",6c2573ce-592a-4519-989c-2fd21d6918b7,"W", 06/18/2025 08:15:00 PM,"(UTC-07:00) Arizona",,,3957742.16666667,3943047.2,3984877.8,
PNTM9M2jMkKm3GLHpLiq3J4gE,"","North Campus",6c2573ce-592a-4519-989c-2fd21d6918b7,"W", 06/18/2025 08:30:00 PM,"(UTC-07:00) Arizona",,,3848451.9,3809571,3885199.8,
PNTM9M2jMkKm3GLHpLiq3J4gE,"","North Campus",6c2573ce-592a-4519-989c-2fd21d6918b7,"W", 06/18/2025 08:45:00 PM,"(UTC-07:00) Arizona",,,3766674.1,3757119,3776229.2,
PNTM9M2jMkKm3GLHpLiq3J4gE,"","North Campus",6c2573ce-592a-4519-989c-2fd21d6918b7,"W", 06/18/2025 09:00:00 PM,"(UTC-07:00) Arizona",,,3731009.95,3706279.5,3763126,
PNTM9M2jMkKm3GLHpLiq3J4gE,"","North Campus",6c2573ce-592a-4519-989c-2fd21d6918b7,"W", 06/18/2025 09:15:00 PM,"(UTC-07:00) Arizona",,,3713070.475,3651247.8,3799979.8,
PNTM9M2jMkKm3GLHpLiq3J4gE,"","North Campus",6c2573ce-592a-4519-989c-2fd21d6918b7,"W", 06/18/2025 09:30:00 PM,"(UTC-07:00) Arizona",,,3472918.5,3430261.5,3534377.5,
PNTM9M2jMkKm3GLHpLiq3J4gE,"","North Campus",6c2573ce-592a-4519-989c-2fd21d6918b7,"W", 06/18/2025 09:45:00 PM,"(UTC-07:00) Arizona",,,3559546.7,3527591.5,3579565,
PNTM9M2jMkKm3GLHpLiq3J4gE,"","North Campus",6c2573ce-592a-4519-989c-2fd21d6918b7,"W", 06/18/2025 10:00:00 PM,"(UTC-07:00) Arizona",,,3509097.325,3467812.8,3544890.5,
PNTM9M2jMkKm3GLHpLiq3J4gE,"","North Campus",6c2573ce-592a-4519-989c-2fd21d6918b7,"W", 06/18/2025 10:15:00 PM,"(UTC-07:00) Arizona",,,3449456.6,3419691.8,3482521.2,
PNTM9M2jMkKm3GLHpLiq3J4gE,"","North Campus",6c2573ce-592a-4519-989c-2fd21d6918b7,"W", 06/18/2025 10:30:00 PM,"(UTC-07:00) Arizona",,,3362216.975,3336902.2,3394581.5,
PNTM9M2jMkKm3GLHpLiq3J4gE,"","North Campus",6c2573ce-592a-4519-989c-2fd21d6918b7,"W", 06/18/2025 10:45:00 PM,"(UTC-07:00) Arizona",,,3332897.26666667,3313981.8,3350623,
PNTM9M2jMkKm3GLHpLiq3J4gE,"","North Campus",6c2573ce-592a-4519-989c-2fd21d6918b7,"W", 06/18/2025 11:00:00 PM,"(UTC-07:00) Arizona",,,3282670.775,3228439.5,3341875,
PNTM9M2jMkKm3GLHpLiq3J4gE,"","North Campus",6c2573ce-592a-4519-989c-2fd21d6918b7,"W", 06/18/2025 11:15:00 PM,"(UTC-07:00) Arizona",,,3223279.83333333,3212869.2,3237751.5,
PNTM9M2jMkKm3GLHpLiq3J4gE,"","North Campus",6c2573ce-592a-4519-989c-2fd21d6918b7,"W", 06/18/2025 11:30:00 PM,"(UTC-07:00) Arizona",,,3197513.5,3197513.5,3197513.5,
PNTM9M2jMkKm3GLHpLiq3J4gE,"","North Campus",6c2573ce-592a-4519-989c-2fd21d6918b7,"W", 06/18/2025 11:45:00 PM,"(UTC-07:00) Arizona",,,3147181.1,3135077.2,3159285,
PNTM9M2jMkKm3GLHpLiq3J4gE,"","North Campus",6c2573ce-592a-4519-989c-2fd21d6918b7,"W", 06/19/2025 12:00:00 AM,"(UTC-07:00) Arizona",,,3129184.1,3120237,3138131.2,
PNTM9M2jMkKm3GLHpLiq3J4gE,"","North Campus",6c2573ce-592a-4519-989c-2fd21d6918b7,"W", 06/19/2025 12:15:00 AM,"(UTC-07:00) Arizona",,,3142833.75,3117535.5,3168132,
PNTM9M2jMkKm3GLHpLiq3J4gE,"","North Campus",6c2573ce-592a-4519-989c-2fd21d6918b7,"W", 06/19/2025 12:30:00 AM,"(UTC-07:00) Arizona",,,3126942.35,3111885.2,3141999.5,
PNTM9M2jMkKm3GLHpLiq3J4gE,"","North Campus",6c2573ce-592a-4519-989c-2fd21d6918b7,"W", 06/19/2025 12:45:00 AM,"(UTC-07:00) Arizona",,,3123297.35,3115450.5,3131144.2,
PNTM9M2jMkKm3GLHpLiq3J4gE,"","North Campus",6c2573ce-592a-4519-989c-2fd21d6918b7,"W", 06/19/2025 01:00:00 AM,"(UTC-07:00) Arizona",,,3104917.75,3099854,3109981.5,
PNTM9M2jMkKm3GLHpLiq3J4gE,"","North Campus",6c2573ce-592a-4519-989c-2fd21d6918b7,"W", 06/19/2025 01:15:00 AM,"(UTC-07:00) Arizona",,,3032872.2,3032872.2,3032872.2,
PNTM9M2jMkKm3GLHpLiq3J4gE,"","North Campus",6c2573ce-592a-4519-989c-2fd21d6918b7,"W", 06/19/2025 01:45:00 AM,"(UTC-07:00) Arizona",,,3060782.13333333,3039278.8,3090301.8,
PNTM9M2jMkKm3GLHpLiq3J4gE,"","North Campus",6c2573ce-592a-4519-989c-2fd21d6918b7,"W", 06/19/2025 02:00:00 AM,"(UTC-07:00) Arizona",,,3039827,3039827,3039827,
PNTM9M2jMkKm3GLHpLiq3J4gE,"","North Campus",6c2573ce-592a-4519-989c-2fd21d6918b7,"W", 06/19/2025 02:30:00 AM,"(UTC-07:00) Arizona",,,2999148.8,2999148.8,2999148.8,
PNTM9M2jMkKm3GLHpLiq3J4gE,"","North Campus",6c2573ce-592a-4519-989c-2fd21d6918b7,"W", 06/19/2025 02:45:00 AM,"(UTC-07:00) Arizona",,,3019516.6,2988003.8,3072221.2,
PNTM9M2jMkKm3GLHpLiq3J4gE,"","North Campus",6c2573ce-592a-4519-989c-2fd21d6918b7,"W", 06/19/2025 03:00:00 AM,"(UTC-07:00) Arizona",,,2987544,2987544,2987544,
PNTM9M2jMkKm3GLHpLiq3J4gE,"","North Campus",6c2573ce-592a-4519-989c-2fd21d6918b7,"W", 06/19/2025 03:15:00 AM,"(UTC-07:00) Arizona",,,3015262.5,3015262.5,3015262.5,
PNTM9M2jMkKm3GLHpLiq3J4gE,"","North Campus",6c2573ce-592a-4519-989c-2fd21d6918b7,"W", 06/19/2025 03:30:00 AM,"(UTC-07:00) Arizona",,,3030581.35,3011050.5,3050112.2,
PNTM9M2jMkKm3GLHpLiq3J4gE,"","North Campus",6c2573ce-592a-4519-989c-2fd21d6918b7,"W", 06/19/2025 03:45:00 AM,"(UTC-07:00) Arizona",,,3009588.7,3008448.2,3010729.2,
PNTM9M2jMkKm3GLHpLiq3J4gE,"","North Campus",6c2573ce-592a-4519-989c-2fd21d6918b7,"W", 06/19/2025 04:00:00 AM,"(UTC-07:00) Arizona",,,3031301.8,3031301.8,3031301.8,
PNTM9M2jMkKm3GLHpLiq3J4gE,"","North Campus",6c2573ce-592a-4519-989c-2fd21d6918b7,"W", 06/19/2025 04:15:00 AM,"(UTC-07:00) Arizona",,,3024472.66666667,3007426.8,3044496.2,
PNTM9M2jMkKm3GLHpLiq3J4gE,"","North Campus",6c2573ce-592a-4519-989c-2fd21d6918b7,"W", 06/19/2025 04:30:00 AM,"(UTC-07:00) Arizona",,,3044727.06666667,3016693.2,3083895.8,
PNTM9M2jMkKm3GLHpLiq3J4gE,"","North Campus",6c2573ce-592a-4519-989c-2fd21d6918b7,"W", 06/19/2025 05:00:00 AM,"(UTC-07:00) Arizona",,,3005028.2,3005028.2,3005028.2,
PNTM9M2jMkKm3GLHpLiq3J4gE,"","North Campus",6c2573ce-592a-4519-989c-2fd21d6918b7,"W", 06/19/2025 05:15:00 AM,"(UTC-07:00) Arizona",,,2971304.625,2961048.8,2978372.2,
PNTM9M2jMkKm3GLHpLiq3J4gE,"","North Campus",6c2573ce-592a-4519-989c-2fd21d6918b7,"W", 06/19/2025 05:30:00 AM,"(UTC-07:00) Arizona",,,2938314.2,2938314.2,2938314.2,
PNTM9M2jMkKm3GLHpLiq3J4gE,"","North Campus",6c2573ce-592a-4519-989c-2fd21d6918b7,"W", 06/19/2025 06:00:00 AM,"(UTC-07:00) Arizona",,,2948804.5,2948804.5,2948804.5,
PNTM9M2jMkKm3GLHpLiq3J4gE,"","North Campus",6c2573ce-592a-4519-989c-2fd21d6918b7,"W", 06/19/2025 06:15:00 AM,"(UTC-07:00) Arizona",,,2974271,2974271,2974271,
PNTM9M2jMkKm3GLHpLiq3J4gE,"","North Campus",6c2573ce-592a-4519-989c-2fd21d6918b7,"W", 06/19/2025 06:30:00 AM,"(UTC-07:00) Arizona",,,2983546.75,2982880,2984213.5,
PNTM9M2jMkKm3GLHpLiq3J4gE,"","North Campus",6c2573ce-592a-4519-989c-2fd21d6918b7,"W", 06/19/2025 06:45:00 AM,"(UTC-07:00) Arizona",,,2983070.5,2979314,2986827,
PNTM9M2jMkKm3GLHpLiq3J4gE,"","North Campus",6c2573ce-592a-4519-989c-2fd21d6918b7,"W", 06/19/2025 07:00:00 AM,"(UTC-07:00) Arizona",,,3087370.83333333,3015683.2,3134159.5,
PNTM9M2jMkKm3GLHpLiq3J4gE,"","North Campus",6c2573ce-592a-4519-989c-2fd21d6918b7,"W", 06/19/2025 07:15:00 AM,"(UTC-07:00) Arizona",,,3051192,3048246.5,3054137.5,
PNTM9M2jMkKm3GLHpLiq3J4gE,"","North Campus",6c2573ce-592a-4519-989c-2fd21d6918b7,"W", 06/19/2025 07:30:00 AM,"(UTC-07:00) Arizona",,,3046490.15,3029793.5,3063186.8,
PNTM9M2jMkKm3GLHpLiq3J4gE,"","North Campus",6c2573ce-592a-4519-989c-2fd21d6918b7,"W", 06/19/2025 07:45:00 AM,"(UTC-07:00) Arizona",,,3138441.85,3138377.5,3138506.2,
PNTM9M2jMkKm3GLHpLiq3J4gE,"","North Campus",6c2573ce-592a-4519-989c-2fd21d6918b7,"W", 06/19/2025 08:00:00 AM,"(UTC-07:00) Arizona",,,3230470.33333333,3211654.2,3243257,
PNTM9M2jMkKm3GLHpLiq3J4gE,"","North Campus",6c2573ce-592a-4519-989c-2fd21d6918b7,"W", 06/19/2025 08:15:00 AM,"(UTC-07:00) Arizona",,,3293087.8,3256037,3326967.2,
PNTM9M2jMkKm3GLHpLiq3J4gE,"","North Campus",6c2573ce-592a-4519-989c-2fd21d6918b7,"W", 06/19/2025 08:30:00 AM,"(UTC-07:00) Arizona",,,3313228.8,3313228.8,3313228.8,
PNTM9M2jMkKm3GLHpLiq3J4gE,"","North Campus",6c2573ce-592a-4519-989c-2fd21d6918b7,"W", 06/19/2025 08:45:00 AM,"(UTC-07:00) Arizona",,,3301628.5,3301628.5,3301628.5,
PNTM9M2jMkKm3GLHpLiq3J4gE,"","North Campus",6c2573ce-592a-4519-989c-2fd21d6918b7,"W", 06/19/2025 09:15:00 AM,"(UTC-07:00) Arizona",,,3225162.13333333,3203436.2,3244459,
PNTM9M2jMkKm3GLHpLiq3J4gE,"","North Campus",6c2573ce-592a-4519-989c-2fd21d6918b7,"W", 06/19/2025 09:30:00 AM,"(UTC-07:00) Arizona",,,3223649.2,3223649.2,3223649.2,
PNTM9M2jMkKm3GLHpLiq3J4gE,"","North Campus",6c2573ce-592a-4519-989c-2fd21d6918b7,"W", 06/19/2025 09:45:00 AM,"(UTC-07:00) Arizona",,,3368295.15,3339132.8,3397457.5,
PNTM9M2jMkKm3GLHpLiq3J4gE,"","North Campus",6c2573ce-592a-4519-989c-2fd21d6918b7,"W", 06/19/2025 10:00:00 AM,"(UTC-07:00) Arizona",,,3285688.3,3282984.8,3288391.8,
PNTM9M2jMkKm3GLHpLiq3J4gE,"","North Campus",6c2573ce-592a-4519-989c-2fd21d6918b7,"W", 06/19/2025 10:15:00 AM,"(UTC-07:00) Arizona",,,3240031.775,3205593.8,3265470.5,
PNTM9M2jMkKm3GLHpLiq3J4gE,"","North Campus",6c2573ce-592a-4519-989c-2fd21d6918b7,"W", 06/19/2025 10:30:00 AM,"(UTC-07:00) Arizona",,,3288400.75,3282568.5,3294233,
PNTM9M2jMkKm3GLHpLiq3J4gE,"","North Campus",6c2573ce-592a-4519-989c-2fd21d6918b7,"W", 06/19/2025 11:00:00 AM,"(UTC-07:00) Arizona",,,3274285.5,3274285.5,3274285.5,
PNTM9M2jMkKm3GLHpLiq3J4gE,"","North Campus",6c2573ce-592a-4519-989c-2fd21d6918b7,"W", 06/19/2025 11:15:00 AM,"(UTC-07:00) Arizona",,,3296890.2,3296890.2,3296890.2,
PNTM9M2jMkKm3GLHpLiq3J4gE,"","North Campus",6c2573ce-592a-4519-989c-2fd21d6918b7,"W", 06/19/2025 11:30:00 AM,"(UTC-07:00) Arizona",,,3284331.6,3274780.5,3292959.8,
PNTM9M2jMkKm3GLHpLiq3J4gE,"","North Campus",6c2573ce-592a-4519-989c-2fd21d6918b7,"W", 06/19/2025 11:45:00 AM,"(UTC-07:00) Arizona",,,3261766.85,3254846.5,3268687.2,
PNTM9M2jMkKm3GLHpLiq3J4gE,"","North Campus",6c2573ce-592a-4519-989c-2fd21d6918b7,"W", 06/19/2025 12:00:00 PM,"(UTC-07:00) Arizona",,,3314901.5,3314901.5,3314901.5,
PNTM9M2jMkKm3GLHpLiq3J4gE,"","North Campus",6c2573ce-592a-4519-989c-2fd21d6918b7,"W", 06/19/2025 12:15:00 PM,"(UTC-07:00) Arizona",,,3316394,3305313.5,3327474.5,
PNTM9M2jMkKm3GLHpLiq3J4gE,"","North Campus",6c2573ce-592a-4519-989c-2fd21d6918b7,"W", 06/19/2025 01:00:00 PM,"(UTC-07:00) Arizona",,,3367062.8,3367062.8,3367062.8,
PNTM9M2jMkKm3GLHpLiq3J4gE,"","North Campus",6c2573ce-592a-4519-989c-2fd21d6918b7,"W", 06/19/2025 01:15:00 PM,"(UTC-07:00) Arizona",,,3371831,3371831,3371831,
PNTM9M2jMkKm3GLHpLiq3J4gE,"","North Campus",6c2573ce-592a-4519-989c-2fd21d6918b7,"W", 06/19/2025 01:30:00 PM,"(UTC-07:00) Arizona",,,3349990.8,3309534.2,3395589.2,
PNTM9M2jMkKm3GLHpLiq3J4gE,"","North Campus",6c2573ce-592a-4519-989c-2fd21d6918b7,"W", 06/19/2025 01:45:00 PM,"(UTC-07:00) Arizona",,,3375404.46,3346607.2,3404772.2,
PNTM9M2jMkKm3GLHpLiq3J4gE,"","North Campus",6c2573ce-592a-4519-989c-2fd21d6918b7,"W", 06/19/2025 02:00:00 PM,"(UTC-07:00) Arizona",,,3374611.7,3336267.8,3413622.2,
PNTM9M2jMkKm3GLHpLiq3J4gE,"","North Campus",6c2573ce-592a-4519-989c-2fd21d6918b7,"W", 06/19/2025 02:15:00 PM,"(UTC-07:00) Arizona",,,3397997,3377167.8,3414818.2,
PNTM9M2jMkKm3GLHpLiq3J4gE,"","North Campus",6c2573ce-592a-4519-989c-2fd21d6918b7,"W", 06/19/2025 02:30:00 PM,"(UTC-07:00) Arizona",,,3436618.4,3427572.2,3450005.2,
PNTM9M2jMkKm3GLHpLiq3J4gE,"","North Campus",6c2573ce-592a-4519-989c-2fd21d6918b7,"W", 06/19/2025 02:45:00 PM,"(UTC-07:00) Arizona",,,3423430.62,3391435.5,3466763.8,
PNTM9M2jMkKm3GLHpLiq3J4gE,"","North Campus",6c2573ce-592a-4519-989c-2fd21d6918b7,"W", 06/19/2025 03:00:00 PM,"(UTC-07:00) Arizona",,,3414971.725,3373558.5,3482078.2,
PNTM9M2jMkKm3GLHpLiq3J4gE,"","North Campus",6c2573ce-592a-4519-989c-2fd21d6918b7,"W", 06/19/2025 03:15:00 PM,"(UTC-07:00) Arizona",,,3430707.725,3410572.5,3474982.8,
PNTM9M2jMkKm3GLHpLiq3J4gE,"","North Campus",6c2573ce-592a-4519-989c-2fd21d6918b7,"W", 06/19/2025 03:30:00 PM,"(UTC-07:00) Arizona",,,3470393.05,3402287.8,3521567,
PNTM9M2jMkKm3GLHpLiq3J4gE,"","North Campus",6c2573ce-592a-4519-989c-2fd21d6918b7,"W", 06/19/2025 03:45:00 PM,"(UTC-07:00) Arizona",,,3494859.75,3461676.5,3543233,
PNTM9M2jMkKm3GLHpLiq3J4gE,"","North Campus",6c2573ce-592a-4519-989c-2fd21d6918b7,"W", 06/19/2025 04:00:00 PM,"(UTC-07:00) Arizona",,,3480036.575,3454010.5,3503426.5,
PNTM9M2jMkKm3GLHpLiq3J4gE,"","North Campus",6c2573ce-592a-4519-989c-2fd21d6918b7,"W", 06/19/2025 04:15:00 PM,"(UTC-07:00) Arizona",,,3568436.06,3543386.8,3591699.5,
PNTM9M2jMkKm3GLHpLiq3J4gE,"","North Campus",6c2573ce-592a-4519-989c-2fd21d6918b7,"W", 06/19/2025 04:30:00 PM,"(UTC-07:00) Arizona",,,3535801.66666667,3498547.2,3587384,
PNTM9M2jMkKm3GLHpLiq3J4gE,"","North Campus",6c2573ce-592a-4519-989c-2fd21d6918b7,"W", 06/19/2025 04:45:00 PM,"(UTC-07:00) Arizona",,,3603089.225,3582136.8,3639202.8,
PNTM9M2jMkKm3GLHpLiq3J4gE,"","North Campus",6c2573ce-592a-4519-989c-2fd21d6918b7,"W", 06/19/2025 05:00:00 PM,"(UTC-07:00) Arizona",,,3640559.92,3555677.5,3717129,
PNTM9M2jMkKm3GLHpLiq3J4gE,"","North Campus",6c2573ce-592a-4519-989c-2fd21d6918b7,"W", 06/19/2025 05:15:00 PM,"(UTC-07:00) Arizona",,,3633361.625,3595646.5,3685492.2,
PNTM9M2jMkKm3GLHpLiq3J4gE,"","North Campus",6c2573ce-592a-4519-989c-2fd21d6918b7,"W", 06/19/2025 05:30:00 PM,"(UTC-07:00) Arizona",,,3670433.42,3648356,3697379,
PNTM9M2jMkKm3GLHpLiq3J4gE,"","North Campus",6c2573ce-592a-4519-989c-2fd21d6918b7,"W", 06/19/2025 05:45:00 PM,"(UTC-07:00) Arizona",,,3685387.25,3674564.8,3702781,
PNTM9M2jMkKm3GLHpLiq3J4gE,"","North Campus",6c2573ce-592a-4519-989c-2fd21d6918b7,"W", 06/19/2025 06:00:00 PM,"(UTC-07:00) Arizona",,,3682503.975,3672966.2,3700005,
PNTM9M2jMkKm3GLHpLiq3J4gE,"","North Campus",6c2573ce-592a-4519-989c-2fd21d6918b7,"W", 06/19/2025 06:15:00 PM,"(UTC-07:00) Arizona",,,3752039,3735627.8,3776204.8,
PNTM9M2jMkKm3GLHpLiq3J4gE,"","North Campus",6c2573ce-592a-4519-989c-2fd21d6918b7,"W", 06/19/2025 06:30:00 PM,"(UTC-07:00) Arizona",,,3714149.75,3690996,3725681.5,
PNTM9M2jMkKm3GLHpLiq3J4gE,"","North Campus",6c2573ce-592a-4519-989c-2fd21d6918b7,"W", 06/19/2025 06:45:00 PM,"(UTC-07:00) Arizona",,,3728578.875,3710746.8,3745858,
PNTM9M2jMkKm3GLHpLiq3J4gE,"","North Campus",6c2573ce-592a-4519-989c-2fd21d6918b7,"W", 06/19/2025 07:00:00 PM,"(UTC-07:00) Arizona",,,3588466.96,3469914.8,3684533.2,
PNTM9M2jMkKm3GLHpLiq3J4gE,"","North Campus",6c2573ce-592a-4519-989c-2fd21d6918b7,"W", 06/19/2025 07:15:00 PM,"(UTC-07:00) Arizona",,,3416426.65,3385451.5,3447401.8,
PNTM9M2jMkKm3GLHpLiq3J4gE,"","North Campus",6c2573ce-592a-4519-989c-2fd21d6918b7,"W", 06/19/2025 07:30:00 PM,"(UTC-07:00) Arizona",,,3556668.875,3437990,3658834.5,
PNTM9M2jMkKm3GLHpLiq3J4gE,"","North Campus",6c2573ce-592a-4519-989c-2fd21d6918b7,"W", 06/19/2025 07:45:00 PM,"(UTC-07:00) Arizona",,,3721151.66,3693941.8,3781720.8,
PNTM9M2jMkKm3GLHpLiq3J4gE,"","North Campus",6c2573ce-592a-4519-989c-2fd21d6918b7,"W", 06/19/2025 08:00:00 PM,"(UTC-07:00) Arizona",,,3725502.2,3717722.5,3739191,
PNTM9M2jMkKm3GLHpLiq3J4gE,"","North Campus",6c2573ce-592a-4519-989c-2fd21d6918b7,"W", 06/19/2025 08:15:00 PM,"(UTC-07:00) Arizona",,,3689465.075,3673603.8,3704811.5,
PNTM9M2jMkKm3GLHpLiq3J4gE,"","North Campus",6c2573ce-592a-4519-989c-2fd21d6918b7,"W", 06/19/2025 08:30:00 PM,"(UTC-07:00) Arizona",,,3665692.3,3663584.8,3668594,
PNTM9M2jMkKm3GLHpLiq3J4gE,"","North Campus",6c2573ce-592a-4519-989c-2fd21d6918b7,"W", 06/19/2025 08:45:00 PM,"(UTC-07:00) Arizona",,,3682526.94,3662949.8,3700693.8,
PNTM9M2jMkKm3GLHpLiq3J4gE,"","North Campus",6c2573ce-592a-4519-989c-2fd21d6918b7,"W", 06/19/2025 09:00:00 PM,"(UTC-07:00) Arizona",,,3629050.125,3577751,3662816.8,
PNTM9M2jMkKm3GLHpLiq3J4gE,"","North Campus",6c2573ce-592a-4519-989c-2fd21d6918b7,"W", 06/19/2025 09:15:00 PM,"(UTC-07:00) Arizona",,,3523695.35,3490659.2,3570601.2,
PNTM9M2jMkKm3GLHpLiq3J4gE,"","North Campus",6c2573ce-592a-4519-989c-2fd21d6918b7,"W", 06/19/2025 09:30:00 PM,"(UTC-07:00) Arizona",,,3449139.7,3428206,3462752.8,
PNTM9M2jMkKm3GLHpLiq3J4gE,"","North Campus",6c2573ce-592a-4519-989c-2fd21d6918b7,"W", 06/19/2025 09:45:00 PM,"(UTC-07:00) Arizona",,,3393545.56,3387536.8,3400196,
PNTM9M2jMkKm3GLHpLiq3J4gE,"","North Campus",6c2573ce-592a-4519-989c-2fd21d6918b7,"W", 06/19/2025 10:00:00 PM,"(UTC-07:00) Arizona",,,3316288.73333333,3303238,3330658.2,
PNTM9M2jMkKm3GLHpLiq3J4gE,"","North Campus",6c2573ce-592a-4519-989c-2fd21d6918b7,"W", 06/19/2025 10:15:00 PM,"(UTC-07:00) Arizona",,,3312596.9,3307389.8,3324283.8,
PNTM9M2jMkKm3GLHpLiq3J4gE,"","North Campus",6c2573ce-592a-4519-989c-2fd21d6918b7,"W", 06/19/2025 10:30:00 PM,"(UTC-07:00) Arizona",,,3275458.76,3254575.5,3315137.5,
PNTM9M2jMkKm3GLHpLiq3J4gE,"","North Campus",6c2573ce-592a-4519-989c-2fd21d6918b7,"W", 06/19/2025 10:45:00 PM,"(UTC-07:00) Arizona",,,3265929.625,3240229.2,3277283,
PNTM9M2jMkKm3GLHpLiq3J4gE,"","North Campus",6c2573ce-592a-4519-989c-2fd21d6918b7,"W", 06/19/2025 11:00:00 PM,"(UTC-07:00) Arizona",,,3215767.1,3196057.8,3250399.5,
PNTM9M2jMkKm3GLHpLiq3J4gE,"","North Campus",6c2573ce-592a-4519-989c-2fd21d6918b7,"W", 06/19/2025 11:15:00 PM,"(UTC-07:00) Arizona",,,3181280.93333333,3162468,3193497,
PNTM9M2jMkKm3GLHpLiq3J4gE,"","North Campus",6c2573ce-592a-4519-989c-2fd21d6918b7,"W", 06/19/2025 11:30:00 PM,"(UTC-07:00) Arizona",,,3187326.1,3169754.5,3200291.2,
PNTM9M2jMkKm3GLHpLiq3J4gE,"","North Campus",6c2573ce-592a-4519-989c-2fd21d6918b7,"W", 06/19/2025 11:45:00 PM,"(UTC-07:00) Arizona",,,3157611.925,3141817.2,3185751.5,
PNTM9M2jMkKm3GLHpLiq3J4gE,"","North Campus",6c2573ce-592a-4519-989c-2fd21d6918b7,"W", 06/20/2025 12:00:00 AM,"(UTC-07:00) Arizona",,,3138434.65,3127908.8,3147871.5,
PNTM9M2jMkKm3GLHpLiq3J4gE,"","North Campus",6c2573ce-592a-4519-989c-2fd21d6918b7,"W", 06/20/2025 12:15:00 AM,"(UTC-07:00) Arizona",,,3156141.83333333,3133302.5,3192922,
PNTM9M2jMkKm3GLHpLiq3J4gE,"","North Campus",6c2573ce-592a-4519-989c-2fd21d6918b7,"W", 06/20/2025 12:30:00 AM,"(UTC-07:00) Arizona",,,3070396.275,3055758.2,3091672.5,
PNTM9M2jMkKm3GLHpLiq3J4gE,"","North Campus",6c2573ce-592a-4519-989c-2fd21d6918b7,"W", 06/20/2025 12:45:00 AM,"(UTC-07:00) Arizona",,,3074105.8,3053591.8,3116964.2,
PNTM9M2jMkKm3GLHpLiq3J4gE,"","North Campus",6c2573ce-592a-4519-989c-2fd21d6918b7,"W", 06/20/2025 01:00:00 AM,"(UTC-07:00) Arizona",,,3098787.8,3049790.5,3145509.2,
PNTM9M2jMkKm3GLHpLiq3J4gE,"","North Campus",6c2573ce-592a-4519-989c-2fd21d6918b7,"W", 06/20/2025 01:15:00 AM,"(UTC-07:00) Arizona",,,3084775.525,3072755,3098306.8,
PNTM9M2jMkKm3GLHpLiq3J4gE,"","North Campus",6c2573ce-592a-4519-989c-2fd21d6918b7,"W", 06/20/2025 01:30:00 AM,"(UTC-07:00) Arizona",,,3110436.06,3091579.5,3148256.8,
PNTM9M2jMkKm3GLHpLiq3J4gE,"","North Campus",6c2573ce-592a-4519-989c-2fd21d6918b7,"W", 06/20/2025 01:45:00 AM,"(UTC-07:00) Arizona",,,3118154.225,3092818.5,3162635,
PNTM9M2jMkKm3GLHpLiq3J4gE,"","North Campus",6c2573ce-592a-4519-989c-2fd21d6918b7,"W", 06/20/2025 02:00:00 AM,"(UTC-07:00) Arizona",,,3085277.175,3065540.2,3109358.2,
PNTM9M2jMkKm3GLHpLiq3J4gE,"","North Campus",6c2573ce-592a-4519-989c-2fd21d6918b7,"W", 06/20/2025 02:15:00 AM,"(UTC-07:00) Arizona",,,3071542.3,3063745,3083049,
PNTM9M2jMkKm3GLHpLiq3J4gE,"","North Campus",6c2573ce-592a-4519-989c-2fd21d6918b7,"W", 06/20/2025 02:30:00 AM,"(UTC-07:00) Arizona",,,3065275.775,3036598,3110378.8,
PNTM9M2jMkKm3GLHpLiq3J4gE,"","North Campus",6c2573ce-592a-4519-989c-2fd21d6918b7,"W", 06/20/2025 02:45:00 AM,"(UTC-07:00) Arizona",,,3081460.96,3057159,3103955,
PNTM9M2jMkKm3GLHpLiq3J4gE,"","North Campus",6c2573ce-592a-4519-989c-2fd21d6918b7,"W", 06/20/2025 03:00:00 AM,"(UTC-07:00) Arizona",,,3075930.16,3046342.2,3111646,
PNTM9M2jMkKm3GLHpLiq3J4gE,"","North Campus",6c2573ce-592a-4519-989c-2fd21d6918b7,"W", 06/20/2025 03:15:00 AM,"(UTC-07:00) Arizona",,,3051235.45,3044433,3060462.8,
PNTM9M2jMkKm3GLHpLiq3J4gE,"","North Campus",6c2573ce-592a-4519-989c-2fd21d6918b7,"W", 06/20/2025 03:30:00 AM,"(UTC-07:00) Arizona",,,3078389.2,3057417.5,3097999.2,
PNTM9M2jMkKm3GLHpLiq3J4gE,"","North Campus",6c2573ce-592a-4519-989c-2fd21d6918b7,"W", 06/20/2025 03:45:00 AM,"(UTC-07:00) Arizona",,,3142352.28,3127583.5,3161118.2,
PNTM9M2jMkKm3GLHpLiq3J4gE,"","North Campus",6c2573ce-592a-4519-989c-2fd21d6918b7,"W", 06/20/2025 04:00:00 AM,"(UTC-07:00) Arizona",,,3142510.9,3137060.8,3151774.2,
PNTM9M2jMkKm3GLHpLiq3J4gE,"","North Campus",6c2573ce-592a-4519-989c-2fd21d6918b7,"W", 06/20/2025 04:15:00 AM,"(UTC-07:00) Arizona",,,3140695.54,3110109.8,3158262.2,
PNTM9M2jMkKm3GLHpLiq3J4gE,"","North Campus",6c2573ce-592a-4519-989c-2fd21d6918b7,"W", 06/20/2025 04:30:00 AM,"(UTC-07:00) Arizona",,,3160791.925,3147824.2,3171865.5,
PNTM9M2jMkKm3GLHpLiq3J4gE,"","North Campus",6c2573ce-592a-4519-989c-2fd21d6918b7,"W", 06/20/2025 04:45:00 AM,"(UTC-07:00) Arizona",,,3205889.34,3162196.2,3252763.5,
PNTM9M2jMkKm3GLHpLiq3J4gE,"","North Campus",6c2573ce-592a-4519-989c-2fd21d6918b7,"W", 06/20/2025 05:00:00 AM,"(UTC-07:00) Arizona",,,3215335.225,3197622,3238343.5,
PNTM9M2jMkKm3GLHpLiq3J4gE,"","North Campus",6c2573ce-592a-4519-989c-2fd21d6918b7,"W", 06/20/2025 05:15:00 AM,"(UTC-07:00) Arizona",,,3237123.675,3220005.2,3253353.8,
PNTM9M2jMkKm3GLHpLiq3J4gE,"","North Campus",6c2573ce-592a-4519-989c-2fd21d6918b7,"W", 06/20/2025 05:30:00 AM,"(UTC-07:00) Arizona",,,3236740.42,3224706,3250125.2,
PNTM9M2jMkKm3GLHpLiq3J4gE,"","North Campus",6c2573ce-592a-4519-989c-2fd21d6918b7,"W", 06/20/2025 05:45:00 AM,"(UTC-07:00) Arizona",,,3257384.275,3185883.5,3298120.8,
PNTM9M2jMkKm3GLHpLiq3J4gE,"","North Campus",6c2573ce-592a-4519-989c-2fd21d6918b7,"W", 06/20/2025 06:00:00 AM,"(UTC-07:00) Arizona",,,3257722.95,3219925.5,3283037.5,
PNTM9M2jMkKm3GLHpLiq3J4gE,"","North Campus",6c2573ce-592a-4519-989c-2fd21d6918b7,"W", 06/20/2025 06:15:00 AM,"(UTC-07:00) Arizona",,,3252763.3,3229652.8,3284799.2,
PNTM9M2jMkKm3GLHpLiq3J4gE,"","North Campus",6c2573ce-592a-4519-989c-2fd21d6918b7,"W", 06/20/2025 06:30:00 AM,"(UTC-07:00) Arizona",,,3286662.325,3271010.8,3308913,
PNTM9M2jMkKm3GLHpLiq3J4gE,"","North Campus",6c2573ce-592a-4519-989c-2fd21d6918b7,"W", 06/20/2025 06:45:00 AM,"(UTC-07:00) Arizona",,,3325240.98,3286339.5,3380817.2,
PNTM9M2jMkKm3GLHpLiq3J4gE,"","North Campus",6c2573ce-592a-4519-989c-2fd21d6918b7,"W", 06/20/2025 07:00:00 AM,"(UTC-07:00) Arizona",,,3382222,3366402.2,3417043.8,
PNTM9M2jMkKm3GLHpLiq3J4gE,"","North Campus",6c2573ce-592a-4519-989c-2fd21d6918b7,"W", 06/20/2025 07:15:00 AM,"(UTC-07:00) Arizona",,,3389771.2,3365221,3407789.5,
PNTM9M2jMkKm3GLHpLiq3J4gE,"","North Campus",6c2573ce-592a-4519-989c-2fd21d6918b7,"W", 06/20/2025 07:30:00 AM,"(UTC-07:00) Arizona",,,3429165,3413794.5,3448602.5,
PNTM9M2jMkKm3GLHpLiq3J4gE,"","North Campus",6c2573ce-592a-4519-989c-2fd21d6918b7,"W", 06/20/2025 07:45:00 AM,"(UTC-07:00) Arizona",,,3442810.2,3423281,3464164,
PNTM9M2jMkKm3GLHpLiq3J4gE,"","North Campus",6c2573ce-592a-4519-989c-2fd21d6918b7,"W", 06/20/2025 08:00:00 AM,"(UTC-07:00) Arizona",,,3586825.175,3511916,3662307.5,
PNTM9M2jMkKm3GLHpLiq3J4gE,"","North Campus",6c2573ce-592a-4519-989c-2fd21d6918b7,"W", 06/20/2025 08:15:00 AM,"(UTC-07:00) Arizona",,,3577560.55,3562461.8,3592048.2,
PNTM9M2jMkKm3GLHpLiq3J4gE,"","North Campus",6c2573ce-592a-4519-989c-2fd21d6918b7,"W", 06/20/2025 08:30:00 AM,"(UTC-07:00) Arizona",,,3618175.24,3558863.8,3677254.8,
PNTM9M2jMkKm3GLHpLiq3J4gE,"","North Campus",6c2573ce-592a-4519-989c-2fd21d6918b7,"W", 06/20/2025 08:45:00 AM,"(UTC-07:00) Arizona",,,3647664.9,3603855.8,3709265.5,
PNTM9M2jMkKm3GLHpLiq3J4gE,"","North Campus",6c2573ce-592a-4519-989c-2fd21d6918b7,"W", 06/20/2025 09:00:00 AM,"(UTC-07:00) Arizona",,,3593109.65,3557977.8,3662183.8,
PNTM9M2jMkKm3GLHpLiq3J4gE,"","North Campus",6c2573ce-592a-4519-989c-2fd21d6918b7,"W", 06/20/2025 09:15:00 AM,"(UTC-07:00) Arizona",,,3603142.125,3573783.8,3636579.5,
PNTM9M2jMkKm3GLHpLiq3J4gE,"","North Campus",6c2573ce-592a-4519-989c-2fd21d6918b7,"W", 06/20/2025 09:30:00 AM,"(UTC-07:00) Arizona",,,3676909.08,3645260.2,3729644.2,
PNTM9M2jMkKm3GLHpLiq3J4gE,"","North Campus",6c2573ce-592a-4519-989c-2fd21d6918b7,"W", 06/20/2025 09:45:00 AM,"(UTC-07:00) Arizona",,,3679657.05,3650861.2,3714632.2,
PNTM9M2jMkKm3GLHpLiq3J4gE,"","North Campus",6c2573ce-592a-4519-989c-2fd21d6918b7,"W", 06/20/2025 10:00:00 AM,"(UTC-07:00) Arizona",,,3722683.46,3689971.8,3768191,
PNTM9M2jMkKm3GLHpLiq3J4gE,"","North Campus",6c2573ce-592a-4519-989c-2fd21d6918b7,"W", 06/20/2025 10:15:00 AM,"(UTC-07:00) Arizona",,,3715690.9,3701132,3744765,
PNTM9M2jMkKm3GLHpLiq3J4gE,"","North Campus",6c2573ce-592a-4519-989c-2fd21d6918b7,"W", 06/20/2025 10:30:00 AM,"(UTC-07:00) Arizona",,,3699391.325,3642771.8,3758432.5,
PNTM9M2jMkKm3GLHpLiq3J4gE,"","North Campus",6c2573ce-592a-4519-989c-2fd21d6918b7,"W", 06/20/2025 10:45:00 AM,"(UTC-07:00) Arizona",,,3713112.05,3661748.5,3748028.5,
PNTM9M2jMkKm3GLHpLiq3J4gE,"","North Campus",6c2573ce-592a-4519-989c-2fd21d6918b7,"W", 06/20/2025 11:00:00 AM,"(UTC-07:00) Arizona",,,3734627.3,3704418.8,3759296.2,
PNTM9M2jMkKm3GLHpLiq3J4gE,"","North Campus",6c2573ce-592a-4519-989c-2fd21d6918b7,"W", 06/20/2025 11:15:00 AM,"(UTC-07:00) Arizona",,,3693618.275,3649635.8,3729695,
PNTM9M2jMkKm3GLHpLiq3J4gE,"","North Campus",6c2573ce-592a-4519-989c-2fd21d6918b7,"W", 06/20/2025 11:30:00 AM,"(UTC-07:00) Arizona",,,3666451.875,3652165.5,3682163.5,
PNTM9M2jMkKm3GLHpLiq3J4gE,"","North Campus",6c2573ce-592a-4519-989c-2fd21d6918b7,"W", 06/20/2025 11:45:00 AM,"(UTC-07:00) Arizona",,,3692219.9,3672651,3728076.8,
PNTM9M2jMkKm3GLHpLiq3J4gE,"","North Campus",6c2573ce-592a-4519-989c-2fd21d6918b7,"W", 06/20/2025 12:00:00 PM,"(UTC-07:00) Arizona",,,3634890.62,3604060.5,3691332.2,
PNTM9M2jMkKm3GLHpLiq3J4gE,"","North Campus",6c2573ce-592a-4519-989c-2fd21d6918b7,"W", 06/20/2025 12:15:00 PM,"(UTC-07:00) Arizona",,,3645370.7,3629199.8,3664265,
PNTM9M2jMkKm3GLHpLiq3J4gE,"","North Campus",6c2573ce-592a-4519-989c-2fd21d6918b7,"W", 06/20/2025 12:30:00 PM,"(UTC-07:00) Arizona",,,3683493.5,3634644.2,3734823.8,
PNTM9M2jMkKm3GLHpLiq3J4gE,"","North Campus",6c2573ce-592a-4519-989c-2fd21d6918b7,"W", 06/20/2025 12:45:00 PM,"(UTC-07:00) Arizona",,,3661381.8,3621680,3683806.8,
PNTM9M2jMkKm3GLHpLiq3J4gE,"","North Campus",6c2573ce-592a-4519-989c-2fd21d6918b7,"W", 06/20/2025 01:00:00 PM,"(UTC-07:00) Arizona",,,3727284.25,3700967,3751093,
PNTM9M2jMkKm3GLHpLiq3J4gE,"","North Campus",6c2573ce-592a-4519-989c-2fd21d6918b7,"W", 06/20/2025 01:15:00 PM,"(UTC-07:00) Arizona",,,3697924.8,3684338.2,3708424,
PNTM9M2jMkKm3GLHpLiq3J4gE,"","North Campus",6c2573ce-592a-4519-989c-2fd21d6918b7,"W", 06/20/2025 01:30:00 PM,"(UTC-07:00) Arizona",,,3775326.9,3746454.2,3831755.2,
PNTM9M2jMkKm3GLHpLiq3J4gE,"","North Campus",6c2573ce-592a-4519-989c-2fd21d6918b7,"W", 06/20/2025 01:45:00 PM,"(UTC-07:00) Arizona",,,3771385.05,3745253,3784737.5,
PNTM9M2jMkKm3GLHpLiq3J4gE,"","North Campus",6c2573ce-592a-4519-989c-2fd21d6918b7,"W", 06/20/2025 02:00:00 PM,"(UTC-07:00) Arizona",,,3770654.94,3723372,3808675.2,
PNTM9M2jMkKm3GLHpLiq3J4gE,"","North Campus",6c2573ce-592a-4519-989c-2fd21d6918b7,"W", 06/20/2025 02:15:00 PM,"(UTC-07:00) Arizona",,,3762391.675,3717319.2,3815653,
PNTM9M2jMkKm3GLHpLiq3J4gE,"","North Campus",6c2573ce-592a-4519-989c-2fd21d6918b7,"W", 06/20/2025 02:30:00 PM,"(UTC-07:00) Arizona",,,3780989.65,3766225.8,3799219.8,
PNTM9M2jMkKm3GLHpLiq3J4gE,"","North Campus",6c2573ce-592a-4519-989c-2fd21d6918b7,"W", 06/20/2025 02:45:00 PM,"(UTC-07:00) Arizona",,,3813677.92,3769911,3907452.2,
PNTM9M2jMkKm3GLHpLiq3J4gE,"","North Campus",6c2573ce-592a-4519-989c-2fd21d6918b7,"W", 06/20/2025 03:00:00 PM,"(UTC-07:00) Arizona",,,3831122.64,3762546,3853051.2,
PNTM9M2jMkKm3GLHpLiq3J4gE,"","North Campus",6c2573ce-592a-4519-989c-2fd21d6918b7,"W", 06/20/2025 03:15:00 PM,"(UTC-07:00) Arizona",,,3811704.8,3789604.2,3830264.5,
PNTM9M2jMkKm3GLHpLiq3J4gE,"","North Campus",6c2573ce-592a-4519-989c-2fd21d6918b7,"W", 06/20/2025 03:30:00 PM,"(UTC-07:00) Arizona",,,3783022.83333333,3747846.5,3823365,
PNTM9M2jMkKm3GLHpLiq3J4gE,"","North Campus",6c2573ce-592a-4519-989c-2fd21d6918b7,"W", 06/20/2025 03:45:00 PM,"(UTC-07:00) Arizona",,,3792531.4,3736255.8,3859172.8,
PNTM9M2jMkKm3GLHpLiq3J4gE,"","North Campus",6c2573ce-592a-4519-989c-2fd21d6918b7,"W", 06/20/2025 04:00:00 PM,"(UTC-07:00) Arizona",,,3857779.7,3825615.5,3879808.5,
PNTM9M2jMkKm3GLHpLiq3J4gE,"","North Campus",6c2573ce-592a-4519-989c-2fd21d6918b7,"W", 06/20/2025 04:15:00 PM,"(UTC-07:00) Arizona",,,3836727.625,3813537.5,3874877.8,
PNTM9M2jMkKm3GLHpLiq3J4gE,"","North Campus",6c2573ce-592a-4519-989c-2fd21d6918b7,"W", 06/20/2025 04:30:00 PM,"(UTC-07:00) Arizona",,,3899556.66666667,3885208,3914977.8,
PNTM9M2jMkKm3GLHpLiq3J4gE,"","North Campus",6c2573ce-592a-4519-989c-2fd21d6918b7,"W", 06/20/2025 04:45:00 PM,"(UTC-07:00) Arizona",,,3931874.94,3887755,3991834,
PNTM9M2jMkKm3GLHpLiq3J4gE,"","North Campus",6c2573ce-592a-4519-989c-2fd21d6918b7,"W", 06/20/2025 05:00:00 PM,"(UTC-07:00) Arizona",,,3924436.375,3911619.5,3932201.8,
PNTM9M2jMkKm3GLHpLiq3J4gE,"","North Campus",6c2573ce-592a-4519-989c-2fd21d6918b7,"W", 06/20/2025 05:15:00 PM,"(UTC-07:00) Arizona",,,3868371.9,3823414.2,3895742.5,
PNTM9M2jMkKm3GLHpLiq3J4gE,"","North Campus",6c2573ce-592a-4519-989c-2fd21d6918b7,"W", 06/20/2025 05:30:00 PM,"(UTC-07:00) Arizona",,,3824026.78,3774855.2,3858884.5,
PNTM9M2jMkKm3GLHpLiq3J4gE,"","North Campus",6c2573ce-592a-4519-989c-2fd21d6918b7,"W", 06/20/2025 05:45:00 PM,"(UTC-07:00) Arizona",,,3783142.34,3717494.5,3834133,
PNTM9M2jMkKm3GLHpLiq3J4gE,"","North Campus",6c2573ce-592a-4519-989c-2fd21d6918b7,"W", 06/20/2025 06:00:00 PM,"(UTC-07:00) Arizona",,,3804769,3790420.5,3811006,
PNTM9M2jMkKm3GLHpLiq3J4gE,"","North Campus",6c2573ce-592a-4519-989c-2fd21d6918b7,"W", 06/20/2025 06:15:00 PM,"(UTC-07:00) Arizona",,,3841879.84,3810785.2,3887664.5,
PNTM9M2jMkKm3GLHpLiq3J4gE,"","North Campus",6c2573ce-592a-4519-989c-2fd21d6918b7,"W", 06/20/2025 06:30:00 PM,"(UTC-07:00) Arizona",,,3874356.04,3856371.2,3896291.8,
PNTM9M2jMkKm3GLHpLiq3J4gE,"","North Campus",6c2573ce-592a-4519-989c-2fd21d6918b7,"W", 06/20/2025 06:45:00 PM,"(UTC-07:00) Arizona",,,3868970.825,3847947.2,3886064.8,
PNTM9M2jMkKm3GLHpLiq3J4gE,"","North Campus",6c2573ce-592a-4519-989c-2fd21d6918b7,"W", 06/20/2025 07:00:00 PM,"(UTC-07:00) Arizona",,,3828152.13333333,3818137.2,3844902,
PNTM9M2jMkKm3GLHpLiq3J4gE,"","North Campus",6c2573ce-592a-4519-989c-2fd21d6918b7,"W", 06/20/2025 07:15:00 PM,"(UTC-07:00) Arizona",,,3762050.36,3752382.5,3773151.5,
PNTM9M2jMkKm3GLHpLiq3J4gE,"","North Campus",6c2573ce-592a-4519-989c-2fd21d6918b7,"W", 06/20/2025 07:30:00 PM,"(UTC-07:00) Arizona",,,3601243.45,3581385.8,3614919,
PNTM9M2jMkKm3GLHpLiq3J4gE,"","North Campus",6c2573ce-592a-4519-989c-2fd21d6918b7,"W", 06/20/2025 07:45:00 PM,"(UTC-07:00) Arizona",,,3564516.56,3533327,3603048,
PNTM9M2jMkKm3GLHpLiq3J4gE,"","North Campus",6c2573ce-592a-4519-989c-2fd21d6918b7,"W", 06/20/2025 08:00:00 PM,"(UTC-07:00) Arizona",,,3505064.34,3483950.5,3521040.5,
PNTM9M2jMkKm3GLHpLiq3J4gE,"","North Campus",6c2573ce-592a-4519-989c-2fd21d6918b7,"W", 06/20/2025 08:15:00 PM,"(UTC-07:00) Arizona",,,3470284.325,3444379,3493298,
PNTM9M2jMkKm3GLHpLiq3J4gE,"","North Campus",6c2573ce-592a-4519-989c-2fd21d6918b7,"W", 06/20/2025 08:30:00 PM,"(UTC-07:00) Arizona",,,3430144.7,3418509.5,3442903.8,
PNTM9M2jMkKm3GLHpLiq3J4gE,"","North Campus",6c2573ce-592a-4519-989c-2fd21d6918b7,"W", 06/20/2025 08:45:00 PM,"(UTC-07:00) Arizona",,,3424474.175,3408505.5,3442913.2,
PNTM9M2jMkKm3GLHpLiq3J4gE,"","North Campus",6c2573ce-592a-4519-989c-2fd21d6918b7,"W", 06/20/2025 09:00:00 PM,"(UTC-07:00) Arizona",,,3411617,3383497.5,3442848,
PNTM9M2jMkKm3GLHpLiq3J4gE,"","North Campus",6c2573ce-592a-4519-989c-2fd21d6918b7,"W", 06/20/2025 09:15:00 PM,"(UTC-07:00) Arizona",,,3373604.825,3359519.8,3398409,
PNTM9M2jMkKm3GLHpLiq3J4gE,"","North Campus",6c2573ce-592a-4519-989c-2fd21d6918b7,"W", 06/20/2025 09:30:00 PM,"(UTC-07:00) Arizona",,,3362775.3,3339448.5,3408682.2,
PNTM9M2jMkKm3GLHpLiq3J4gE,"","North Campus",6c2573ce-592a-4519-989c-2fd21d6918b7,"W", 06/20/2025 09:45:00 PM,"(UTC-07:00) Arizona",,,3339513.88,3332808.2,3351124.8,
PNTM9M2jMkKm3GLHpLiq3J4gE,"","North Campus",6c2573ce-592a-4519-989c-2fd21d6918b7,"W", 06/20/2025 10:00:00 PM,"(UTC-07:00) Arizona",,,3325578.225,3301250.8,3351250.8,
PNTM9M2jMkKm3GLHpLiq3J4gE,"","North Campus",6c2573ce-592a-4519-989c-2fd21d6918b7,"W", 06/20/2025 10:15:00 PM,"(UTC-07:00) Arizona",,,3293233.3,3276487.8,3310448.2,
PNTM9M2jMkKm3GLHpLiq3J4gE,"","North Campus",6c2573ce-592a-4519-989c-2fd21d6918b7,"W", 06/20/2025 10:30:00 PM,"(UTC-07:00) Arizona",,,3260699.44,3226791.8,3293296,
PNTM9M2jMkKm3GLHpLiq3J4gE,"","North Campus",6c2573ce-592a-4519-989c-2fd21d6918b7,"W", 06/20/2025 10:45:00 PM,"(UTC-07:00) Arizona",,,3251494.23333333,3231020.5,3291531,
PNTM9M2jMkKm3GLHpLiq3J4gE,"","North Campus",6c2573ce-592a-4519-989c-2fd21d6918b7,"W", 06/20/2025 11:00:00 PM,"(UTC-07:00) Arizona",,,3205292.86,3181589.8,3239870,
PNTM9M2jMkKm3GLHpLiq3J4gE,"","North Campus",6c2573ce-592a-4519-989c-2fd21d6918b7,"W", 06/20/2025 11:15:00 PM,"(UTC-07:00) Arizona",,,3204260.1,3184139.8,3223594.2,
PNTM9M2jMkKm3GLHpLiq3J4gE,"","North Campus",6c2573ce-592a-4519-989c-2fd21d6918b7,"W", 06/20/2025 11:30:00 PM,"(UTC-07:00) Arizona",,,3183619.34,3153501.8,3199174.2,
PNTM9M2jMkKm3GLHpLiq3J4gE,"","North Campus",6c2573ce-592a-4519-989c-2fd21d6918b7,"W", 06/20/2025 11:45:00 PM,"(UTC-07:00) Arizona",,,3194148.225,3168722.2,3207615,
PNTM9M2jMkKm3GLHpLiq3J4gE,"","North Campus",6c2573ce-592a-4519-989c-2fd21d6918b7,"W", 06/21/2025 12:00:00 AM,"(UTC-07:00) Arizona",,,3134065.175,3113304,3157530,
PNTM9M2jMkKm3GLHpLiq3J4gE,"","North Campus",6c2573ce-592a-4519-989c-2fd21d6918b7,"W", 06/21/2025 12:15:00 AM,"(UTC-07:00) Arizona",,,3123755.74,3094360.2,3143738.5,
PNTM9M2jMkKm3GLHpLiq3J4gE,"","North Campus",6c2573ce-592a-4519-989c-2fd21d6918b7,"W", 06/21/2025 12:30:00 AM,"(UTC-07:00) Arizona",,,3098090.4,3073769,3118960.2,
PNTM9M2jMkKm3GLHpLiq3J4gE,"","North Campus",6c2573ce-592a-4519-989c-2fd21d6918b7,"W", 06/21/2025 12:45:00 AM,"(UTC-07:00) Arizona",,,3070698.63333333,3063171.2,3078339.5,
PNTM9M2jMkKm3GLHpLiq3J4gE,"","North Campus",6c2573ce-592a-4519-989c-2fd21d6918b7,"W", 06/21/2025 01:00:00 AM,"(UTC-07:00) Arizona",,,3089920.325,3081420.8,3103558.5,
PNTM9M2jMkKm3GLHpLiq3J4gE,"","North Campus",6c2573ce-592a-4519-989c-2fd21d6918b7,"W", 06/21/2025 01:15:00 AM,"(UTC-07:00) Arizona",,,3101020.7,3080848,3134771.2,
PNTM9M2jMkKm3GLHpLiq3J4gE,"","North Campus",6c2573ce-592a-4519-989c-2fd21d6918b7,"W", 06/21/2025 01:30:00 AM,"(UTC-07:00) Arizona",,,3108474.4,3074858.5,3132200,
PNTM9M2jMkKm3GLHpLiq3J4gE,"","North Campus",6c2573ce-592a-4519-989c-2fd21d6918b7,"W", 06/21/2025 01:45:00 AM,"(UTC-07:00) Arizona",,,3081094.225,3074315.5,3087566.2,
PNTM9M2jMkKm3GLHpLiq3J4gE,"","North Campus",6c2573ce-592a-4519-989c-2fd21d6918b7,"W", 06/21/2025 02:00:00 AM,"(UTC-07:00) Arizona",,,3093581.64,3053590.2,3141785,
PNTM9M2jMkKm3GLHpLiq3J4gE,"","North Campus",6c2573ce-592a-4519-989c-2fd21d6918b7,"W", 06/21/2025 02:15:00 AM,"(UTC-07:00) Arizona",,,3089286.225,3077531.2,3096721,
PNTM9M2jMkKm3GLHpLiq3J4gE,"","North Campus",6c2573ce-592a-4519-989c-2fd21d6918b7,"W", 06/21/2025 02:30:00 AM,"(UTC-07:00) Arizona",,,3077664.64,3056571.2,3108693,
PNTM9M2jMkKm3GLHpLiq3J4gE,"","North Campus",6c2573ce-592a-4519-989c-2fd21d6918b7,"W", 06/21/2025 02:45:00 AM,"(UTC-07:00) Arizona",,,3066756.42,3050387.2,3093722.2,
PNTM9M2jMkKm3GLHpLiq3J4gE,"","North Campus",6c2573ce-592a-4519-989c-2fd21d6918b7,"W", 06/21/2025 03:00:00 AM,"(UTC-07:00) Arizona",,,3057336.85,3039714.8,3077318.8,
PNTM9M2jMkKm3GLHpLiq3J4gE,"","North Campus",6c2573ce-592a-4519-989c-2fd21d6918b7,"W", 06/21/2025 03:15:00 AM,"(UTC-07:00) Arizona",,,3057838.375,3044550,3067942,
PNTM9M2jMkKm3GLHpLiq3J4gE,"","North Campus",6c2573ce-592a-4519-989c-2fd21d6918b7,"W", 06/21/2025 03:30:00 AM,"(UTC-07:00) Arizona",,,3049834.78,3020173.5,3081945,
PNTM9M2jMkKm3GLHpLiq3J4gE,"","North Campus",6c2573ce-592a-4519-989c-2fd21d6918b7,"W", 06/21/2025 03:45:00 AM,"(UTC-07:00) Arizona",,,3067359.55,3031505,3094525.5,
PNTM9M2jMkKm3GLHpLiq3J4gE,"","North Campus",6c2573ce-592a-4519-989c-2fd21d6918b7,"W", 06/21/2025 04:00:00 AM,"(UTC-07:00) Arizona",,,3047889.88,3032618.2,3061190.2,
PNTM9M2jMkKm3GLHpLiq3J4gE,"","North Campus",6c2573ce-592a-4519-989c-2fd21d6918b7,"W", 06/21/2025 04:15:00 AM,"(UTC-07:00) Arizona",,,3067953.9,3035670,3091966.8,
PNTM9M2jMkKm3GLHpLiq3J4gE,"","North Campus",6c2573ce-592a-4519-989c-2fd21d6918b7,"W", 06/21/2025 04:30:00 AM,"(UTC-07:00) Arizona",,,3040895.35,3016199,3065149.2,
PNTM9M2jMkKm3GLHpLiq3J4gE,"","North Campus",6c2573ce-592a-4519-989c-2fd21d6918b7,"W", 06/21/2025 04:45:00 AM,"(UTC-07:00) Arizona",,,3058487.7,3047380.8,3069967.2,
PNTM9M2jMkKm3GLHpLiq3J4gE,"","North Campus",6c2573ce-592a-4519-989c-2fd21d6918b7,"W", 06/21/2025 05:00:00 AM,"(UTC-07:00) Arizona",,,3064870.66,3056392.2,3079375.5,
PNTM9M2jMkKm3GLHpLiq3J4gE,"","North Campus",6c2573ce-592a-4519-989c-2fd21d6918b7,"W", 06/21/2025 05:15:00 AM,"(UTC-07:00) Arizona",,,3014241.475,3001376.8,3033242.8,
PNTM9M2jMkKm3GLHpLiq3J4gE,"","North Campus",6c2573ce-592a-4519-989c-2fd21d6918b7,"W", 06/21/2025 05:30:00 AM,"(UTC-07:00) Arizona",,,2987874.24,2971006.2,3040309.2,
PNTM9M2jMkKm3GLHpLiq3J4gE,"","North Campus",6c2573ce-592a-4519-989c-2fd21d6918b7,"W", 06/21/2025 05:45:00 AM,"(UTC-07:00) Arizona",,,2972135.62,2931406.5,3026222,
PNTM9M2jMkKm3GLHpLiq3J4gE,"","North Campus",6c2573ce-592a-4519-989c-2fd21d6918b7,"W", 06/21/2025 06:00:00 AM,"(UTC-07:00) Arizona",,,3033892.425,3002671,3089318.2,
PNTM9M2jMkKm3GLHpLiq3J4gE,"","North Campus",6c2573ce-592a-4519-989c-2fd21d6918b7,"W", 06/21/2025 06:15:00 AM,"(UTC-07:00) Arizona",,,2990514.88,2957429.2,3026727.5,
PNTM9M2jMkKm3GLHpLiq3J4gE,"","North Campus",6c2573ce-592a-4519-989c-2fd21d6918b7,"W", 06/21/2025 06:30:00 AM,"(UTC-07:00) Arizona",,,2960507.375,2939226,2991800,
PNTM9M2jMkKm3GLHpLiq3J4gE,"","North Campus",6c2573ce-592a-4519-989c-2fd21d6918b7,"W", 06/21/2025 06:45:00 AM,"(UTC-07:00) Arizona",,,2930999.74,2907367.5,2976190.5,
PNTM9M2jMkKm3GLHpLiq3J4gE,"","North Campus",6c2573ce-592a-4519-989c-2fd21d6918b7,"W", 06/21/2025 07:00:00 AM,"(UTC-07:00) Arizona",,,3023071.9,2922928,3096875.2,
PNTM9M2jMkKm3GLHpLiq3J4gE,"","North Campus",6c2573ce-592a-4519-989c-2fd21d6918b7,"W", 06/21/2025 07:15:00 AM,"(UTC-07:00) Arizona",,,3041611.25,3029842.5,3054210.5,
PNTM9M2jMkKm3GLHpLiq3J4gE,"","North Campus",6c2573ce-592a-4519-989c-2fd21d6918b7,"W", 06/21/2025 07:30:00 AM,"(UTC-07:00) Arizona",,,3062662.125,3040680.8,3081929.2,
PNTM9M2jMkKm3GLHpLiq3J4gE,"","North Campus",6c2573ce-592a-4519-989c-2fd21d6918b7,"W", 06/21/2025 07:45:00 AM,"(UTC-07:00) Arizona",,,3076873.4,3063506.8,3084708.8,
PNTM9M2jMkKm3GLHpLiq3J4gE,"","North Campus",6c2573ce-592a-4519-989c-2fd21d6918b7,"W", 06/21/2025 08:00:00 AM,"(UTC-07:00) Arizona",,,3102455.64,3075511.2,3122083.5,
PNTM9M2jMkKm3GLHpLiq3J4gE,"","North Campus",6c2573ce-592a-4519-989c-2fd21d6918b7,"W", 06/21/2025 08:15:00 AM,"(UTC-07:00) Arizona",,,3104278.25,3067948.8,3137948,
PNTM9M2jMkKm3GLHpLiq3J4gE,"","North Campus",6c2573ce-592a-4519-989c-2fd21d6918b7,"W", 06/21/2025 08:30:00 AM,"(UTC-07:00) Arizona",,,3120020.32,3090929.5,3144181.2,
PNTM9M2jMkKm3GLHpLiq3J4gE,"","North Campus",6c2573ce-592a-4519-989c-2fd21d6918b7,"W", 06/21/2025 08:45:00 AM,"(UTC-07:00) Arizona",,,3131987.7,3120020.8,3144306.8,
PNTM9M2jMkKm3GLHpLiq3J4gE,"","North Campus",6c2573ce-592a-4519-989c-2fd21d6918b7,"W", 06/21/2025 09:00:00 AM,"(UTC-07:00) Arizona",,,3162524.6,3130228.5,3183877.5,
PNTM9M2jMkKm3GLHpLiq3J4gE,"","North Campus",6c2573ce-592a-4519-989c-2fd21d6918b7,"W", 06/21/2025 09:15:00 AM,"(UTC-07:00) Arizona",,,3171733.76,3117835.5,3294030,
PNTM9M2jMkKm3GLHpLiq3J4gE,"","North Campus",6c2573ce-592a-4519-989c-2fd21d6918b7,"W", 06/21/2025 09:30:00 AM,"(UTC-07:00) Arizona",,,3244866.575,3173481.5,3291512.5,
PNTM9M2jMkKm3GLHpLiq3J4gE,"","North Campus",6c2573ce-592a-4519-989c-2fd21d6918b7,"W", 06/21/2025 09:45:00 AM,"(UTC-07:00) Arizona",,,3108304.44,3043348,3141283,
PNTM9M2jMkKm3GLHpLiq3J4gE,"","North Campus",6c2573ce-592a-4519-989c-2fd21d6918b7,"W", 06/21/2025 10:00:00 AM,"(UTC-07:00) Arizona",,,3151543.425,3129844.5,3183078.2,
PNTM9M2jMkKm3GLHpLiq3J4gE,"","North Campus",6c2573ce-592a-4519-989c-2fd21d6918b7,"W", 06/21/2025 10:15:00 AM,"(UTC-07:00) Arizona",,,3167084.48,3155254.8,3178019,
PNTM9M2jMkKm3GLHpLiq3J4gE,"","North Campus",6c2573ce-592a-4519-989c-2fd21d6918b7,"W", 06/21/2025 10:30:00 AM,"(UTC-07:00) Arizona",,,3216043.1,3195459,3254681.2,
PNTM9M2jMkKm3GLHpLiq3J4gE,"","North Campus",6c2573ce-592a-4519-989c-2fd21d6918b7,"W", 06/21/2025 10:45:00 AM,"(UTC-07:00) Arizona",,,3227499.25,3190486,3266104.5,
PNTM9M2jMkKm3GLHpLiq3J4gE,"","North Campus",6c2573ce-592a-4519-989c-2fd21d6918b7,"W", 06/21/2025 11:00:00 AM,"(UTC-07:00) Arizona",,,3203343.8,3183387,3225431,
PNTM9M2jMkKm3GLHpLiq3J4gE,"","North Campus",6c2573ce-592a-4519-989c-2fd21d6918b7,"W", 06/21/2025 11:15:00 AM,"(UTC-07:00) Arizona",,,3205607.875,3169658,3222266.8,
PNTM9M2jMkKm3GLHpLiq3J4gE,"","North Campus",6c2573ce-592a-4519-989c-2fd21d6918b7,"W", 06/21/2025 11:30:00 AM,"(UTC-07:00) Arizona",,,3204430.675,3176526.5,3224475.2,
PNTM9M2jMkKm3GLHpLiq3J4gE,"","North Campus",6c2573ce-592a-4519-989c-2fd21d6918b7,"W", 06/21/2025 11:45:00 AM,"(UTC-07:00) Arizona",,,3192781.225,3167674.5,3223259.8,
PNTM9M2jMkKm3GLHpLiq3J4gE,"","North Campus",6c2573ce-592a-4519-989c-2fd21d6918b7,"W", 06/21/2025 12:00:00 PM,"(UTC-07:00) Arizona",,,3214169.72,3171742.8,3250706.2,
PNTM9M2jMkKm3GLHpLiq3J4gE,"","North Campus",6c2573ce-592a-4519-989c-2fd21d6918b7,"W", 06/21/2025 12:15:00 PM,"(UTC-07:00) Arizona",,,3155895.25,3143816.8,3163815.5,
PNTM9M2jMkKm3GLHpLiq3J4gE,"","North Campus",6c2573ce-592a-4519-989c-2fd21d6918b7,"W", 06/21/2025 12:30:00 PM,"(UTC-07:00) Arizona",,,3232098.26,3194826.2,3278010.5,
PNTM9M2jMkKm3GLHpLiq3J4gE,"","North Campus",6c2573ce-592a-4519-989c-2fd21d6918b7,"W", 06/21/2025 12:45:00 PM,"(UTC-07:00) Arizona",,,3084522.14,2951440.5,3237690.2,
PNTM9M2jMkKm3GLHpLiq3J4gE,"","North Campus",6c2573ce-592a-4519-989c-2fd21d6918b7,"W", 06/21/2025 01:00:00 PM,"(UTC-07:00) Arizona",,,3135031.875,3093788.5,3221391.8,
PNTM9M2jMkKm3GLHpLiq3J4gE,"","North Campus",6c2573ce-592a-4519-989c-2fd21d6918b7,"W", 06/21/2025 01:15:00 PM,"(UTC-07:00) Arizona",,,3164168.84,3145427,3197384,
PNTM9M2jMkKm3GLHpLiq3J4gE,"","North Campus",6c2573ce-592a-4519-989c-2fd21d6918b7,"W", 06/21/2025 01:30:00 PM,"(UTC-07:00) Arizona",,,3194580.5,3173153.5,3227299,
PNTM9M2jMkKm3GLHpLiq3J4gE,"","North Campus",6c2573ce-592a-4519-989c-2fd21d6918b7,"W", 06/21/2025 01:45:00 PM,"(UTC-07:00) Arizona",,,3220865.8,3194389.2,3246018.8,
PNTM9M2jMkKm3GLHpLiq3J4gE,"","North Campus",6c2573ce-592a-4519-989c-2fd21d6918b7,"W", 06/21/2025 02:00:00 PM,"(UTC-07:00) Arizona",,,3293978.35,3241794.8,3333453.8,
PNTM9M2jMkKm3GLHpLiq3J4gE,"","North Campus",6c2573ce-592a-4519-989c-2fd21d6918b7,"W", 06/21/2025 02:15:00 PM,"(UTC-07:00) Arizona",,,3292899.3,3272393,3314851,
PNTM9M2jMkKm3GLHpLiq3J4gE,"","North Campus",6c2573ce-592a-4519-989c-2fd21d6918b7,"W", 06/21/2025 02:30:00 PM,"(UTC-07:00) Arizona",,,3285592.7,3271494.2,3296552,
PNTM9M2jMkKm3GLHpLiq3J4gE,"","North Campus",6c2573ce-592a-4519-989c-2fd21d6918b7,"W", 06/21/2025 02:45:00 PM,"(UTC-07:00) Arizona",,,3321506.7,3304686,3333844.2,
PNTM9M2jMkKm3GLHpLiq3J4gE,"","North Campus",6c2573ce-592a-4519-989c-2fd21d6918b7,"W", 06/21/2025 03:00:00 PM,"(UTC-07:00) Arizona",,,3301495.43333333,3286400.5,3310809,
PNTM9M2jMkKm3GLHpLiq3J4gE,"","North Campus",6c2573ce-592a-4519-989c-2fd21d6918b7,"W", 06/21/2025 03:15:00 PM,"(UTC-07:00) Arizona",,,3305782.25,3262754.5,3363916.2,
PNTM9M2jMkKm3GLHpLiq3J4gE,"","North Campus",6c2573ce-592a-4519-989c-2fd21d6918b7,"W", 06/21/2025 03:30:00 PM,"(UTC-07:00) Arizona",,,3318455.3,3293449.5,3345620,
PNTM9M2jMkKm3GLHpLiq3J4gE,"","North Campus",6c2573ce-592a-4519-989c-2fd21d6918b7,"W", 06/21/2025 03:45:00 PM,"(UTC-07:00) Arizona",,,3329211.46,3294980.5,3388880.8,
PNTM9M2jMkKm3GLHpLiq3J4gE,"","North Campus",6c2573ce-592a-4519-989c-2fd21d6918b7,"W", 06/21/2025 04:00:00 PM,"(UTC-07:00) Arizona",,,3365336.35,3340566,3392324,
PNTM9M2jMkKm3GLHpLiq3J4gE,"","North Campus",6c2573ce-592a-4519-989c-2fd21d6918b7,"W", 06/21/2025 04:15:00 PM,"(UTC-07:00) Arizona",,,3387152.875,3366047,3425018.5,
PNTM9M2jMkKm3GLHpLiq3J4gE,"","North Campus",6c2573ce-592a-4519-989c-2fd21d6918b7,"W", 06/21/2025 04:30:00 PM,"(UTC-07:00) Arizona",,,3467868.65,3441448,3482400.8,
PNTM9M2jMkKm3GLHpLiq3J4gE,"","North Campus",6c2573ce-592a-4519-989c-2fd21d6918b7,"W", 06/21/2025 04:45:00 PM,"(UTC-07:00) Arizona",,,3453770.125,3430313.2,3489407.8,
PNTM9M2jMkKm3GLHpLiq3J4gE,"","North Campus",6c2573ce-592a-4519-989c-2fd21d6918b7,"W", 06/21/2025 05:00:00 PM,"(UTC-07:00) Arizona",,,3437030.48,3407370.2,3482594,
PNTM9M2jMkKm3GLHpLiq3J4gE,"","North Campus",6c2573ce-592a-4519-989c-2fd21d6918b7,"W", 06/21/2025 05:15:00 PM,"(UTC-07:00) Arizona",,,3455525.3,3427005.2,3487201.5,
PNTM9M2jMkKm3GLHpLiq3J4gE,"","North Campus",6c2573ce-592a-4519-989c-2fd21d6918b7,"W", 06/21/2025 05:30:00 PM,"(UTC-07:00) Arizona",,,3529766.84,3501376.2,3563856.5,
PNTM9M2jMkKm3GLHpLiq3J4gE,"","North Campus",6c2573ce-592a-4519-989c-2fd21d6918b7,"W", 06/21/2025 05:45:00 PM,"(UTC-07:00) Arizona",,,3543436.125,3512944.5,3565730,
PNTM9M2jMkKm3GLHpLiq3J4gE,"","North Campus",6c2573ce-592a-4519-989c-2fd21d6918b7,"W", 06/21/2025 06:00:00 PM,"(UTC-07:00) Arizona",,,3577427.1,3543801.2,3608108.5,
PNTM9M2jMkKm3GLHpLiq3J4gE,"","North Campus",6c2573ce-592a-4519-989c-2fd21d6918b7,"W", 06/21/2025 06:15:00 PM,"(UTC-07:00) Arizona",,,3597866.625,3572907.2,3610322.5,
PNTM9M2jMkKm3GLHpLiq3J4gE,"","North Campus",6c2573ce-592a-4519-989c-2fd21d6918b7,"W", 06/21/2025 06:30:00 PM,"(UTC-07:00) Arizona",,,3615830.12,3594140.8,3646609.2,
PNTM9M2jMkKm3GLHpLiq3J4gE,"","North Campus",6c2573ce-592a-4519-989c-2fd21d6918b7,"W", 06/21/2025 06:45:00 PM,"(UTC-07:00) Arizona",,,3534918.7,3522087.2,3564766.8,
PNTM9M2jMkKm3GLHpLiq3J4gE,"","North Campus",6c2573ce-592a-4519-989c-2fd21d6918b7,"W", 06/21/2025 07:00:00 PM,"(UTC-07:00) Arizona",,,3595390.03333333,3582150.8,3609415.8,
PNTM9M2jMkKm3GLHpLiq3J4gE,"","North Campus",6c2573ce-592a-4519-989c-2fd21d6918b7,"W", 06/21/2025 07:15:00 PM,"(UTC-07:00) Arizona",,,3618224.3,3577711.8,3646151.2,
PNTM9M2jMkKm3GLHpLiq3J4gE,"","North Campus",6c2573ce-592a-4519-989c-2fd21d6918b7,"W", 06/21/2025 07:30:00 PM,"(UTC-07:00) Arizona",,,3613867.95,3581527,3637072.5,
PNTM9M2jMkKm3GLHpLiq3J4gE,"","North Campus",6c2573ce-592a-4519-989c-2fd21d6918b7,"W", 06/21/2025 07:45:00 PM,"(UTC-07:00) Arizona",,,3606928.05,3578797.2,3636122.8,
PNTM9M2jMkKm3GLHpLiq3J4gE,"","North Campus",6c2573ce-592a-4519-989c-2fd21d6918b7,"W", 06/21/2025 08:00:00 PM,"(UTC-07:00) Arizona",,,3607580.88,3446747,3663476.2,
PNTM9M2jMkKm3GLHpLiq3J4gE,"","North Campus",6c2573ce-592a-4519-989c-2fd21d6918b7,"W", 06/21/2025 08:15:00 PM,"(UTC-07:00) Arizona",,,3627971.35,3598851,3664601.2,
PNTM9M2jMkKm3GLHpLiq3J4gE,"","North Campus",6c2573ce-592a-4519-989c-2fd21d6918b7,"W", 06/21/2025 08:30:00 PM,"(UTC-07:00) Arizona",,,3600862,3562854.5,3625710,
PNTM9M2jMkKm3GLHpLiq3J4gE,"","North Campus",6c2573ce-592a-4519-989c-2fd21d6918b7,"W", 06/21/2025 08:45:00 PM,"(UTC-07:00) Arizona",,,3579161.24,3549949.2,3590139,
PNTM9M2jMkKm3GLHpLiq3J4gE,"","North Campus",6c2573ce-592a-4519-989c-2fd21d6918b7,"W", 06/21/2025 09:00:00 PM,"(UTC-07:00) Arizona",,,3603696.45,3586961.8,3612805.2,
PNTM9M2jMkKm3GLHpLiq3J4gE,"","North Campus",6c2573ce-592a-4519-989c-2fd21d6918b7,"W", 06/21/2025 09:15:00 PM,"(UTC-07:00) Arizona",,,3562748.325,3548952.5,3573279.8,
PNTM9M2jMkKm3GLHpLiq3J4gE,"","North Campus",6c2573ce-592a-4519-989c-2fd21d6918b7,"W", 06/21/2025 09:30:00 PM,"(UTC-07:00) Arizona",,,3556076.825,3532274.5,3587481.5,
PNTM9M2jMkKm3GLHpLiq3J4gE,"","North Campus",6c2573ce-592a-4519-989c-2fd21d6918b7,"W", 06/21/2025 09:45:00 PM,"(UTC-07:00) Arizona",,,3536814.8,3514175.8,3580400,
PNTM9M2jMkKm3GLHpLiq3J4gE,"","North Campus",6c2573ce-592a-4519-989c-2fd21d6918b7,"W", 06/21/2025 10:00:00 PM,"(UTC-07:00) Arizona",,,3389779.425,3367748,3424795,
PNTM9M2jMkKm3GLHpLiq3J4gE,"","North Campus",6c2573ce-592a-4519-989c-2fd21d6918b7,"W", 06/21/2025 10:15:00 PM,"(UTC-07:00) Arizona",,,3340275.6,3310026.8,3385474,
PNTM9M2jMkKm3GLHpLiq3J4gE,"","North Campus",6c2573ce-592a-4519-989c-2fd21d6918b7,"W", 06/21/2025 10:30:00 PM,"(UTC-07:00) Arizona",,,3321894.05,3285702.2,3349167.2,
PNTM9M2jMkKm3GLHpLiq3J4gE,"","North Campus",6c2573ce-592a-4519-989c-2fd21d6918b7,"W", 06/21/2025 10:45:00 PM,"(UTC-07:00) Arizona",,,3305427.34,3286137,3330626,
PNTM9M2jMkKm3GLHpLiq3J4gE,"","North Campus",6c2573ce-592a-4519-989c-2fd21d6918b7,"W", 06/21/2025 11:00:00 PM,"(UTC-07:00) Arizona",,,3268663.575,3260794.5,3277634.5,
PNTM9M2jMkKm3GLHpLiq3J4gE,"","North Campus",6c2573ce-592a-4519-989c-2fd21d6918b7,"W", 06/21/2025 11:15:00 PM,"(UTC-07:00) Arizona",,,3278206,3260397.5,3295375,
PNTM9M2jMkKm3GLHpLiq3J4gE,"","North Campus",6c2573ce-592a-4519-989c-2fd21d6918b7,"W", 06/21/2025 11:30:00 PM,"(UTC-07:00) Arizona",,,3244356.3,3217122.2,3261835.5,
PNTM9M2jMkKm3GLHpLiq3J4gE,"","North Campus",6c2573ce-592a-4519-989c-2fd21d6918b7,"W", 06/21/2025 11:45:00 PM,"(UTC-07:00) Arizona",,,3223746.75,3190865,3252698,
PNTM9M2jMkKm3GLHpLiq3J4gE,"","North Campus",6c2573ce-592a-4519-989c-2fd21d6918b7,"W", 06/22/2025 12:00:00 AM,"(UTC-07:00) Arizona",,,3207116.54,3197681.5,3215135.5,
PNTM9M2jMkKm3GLHpLiq3J4gE,"","North Campus",6c2573ce-592a-4519-989c-2fd21d6918b7,"W", 06/22/2025 12:15:00 AM,"(UTC-07:00) Arizona",,,3170007.2,3134507,3207378.8,
PNTM9M2jMkKm3GLHpLiq3J4gE,"","North Campus",6c2573ce-592a-4519-989c-2fd21d6918b7,"W", 06/22/2025 12:30:00 AM,"(UTC-07:00) Arizona",,,3180076.7,3163416.2,3209966.5,
PNTM9M2jMkKm3GLHpLiq3J4gE,"","North Campus",6c2573ce-592a-4519-989c-2fd21d6918b7,"W", 06/22/2025 12:45:00 AM,"(UTC-07:00) Arizona",,,3162909.875,3129097.8,3182274,
PNTM9M2jMkKm3GLHpLiq3J4gE,"","North Campus",6c2573ce-592a-4519-989c-2fd21d6918b7,"W", 06/22/2025 01:00:00 AM,"(UTC-07:00) Arizona",,,3141158.56,3127200.5,3161308.8,
PNTM9M2jMkKm3GLHpLiq3J4gE,"","North Campus",6c2573ce-592a-4519-989c-2fd21d6918b7,"W", 06/22/2025 01:15:00 AM,"(UTC-07:00) Arizona",,,3145673.93333333,3119513.8,3158754,
PNTM9M2jMkKm3GLHpLiq3J4gE,"","North Campus",6c2573ce-592a-4519-989c-2fd21d6918b7,"W", 06/22/2025 01:30:00 AM,"(UTC-07:00) Arizona",,,3158520.46,3142616.5,3169377.5,
PNTM9M2jMkKm3GLHpLiq3J4gE,"","North Campus",6c2573ce-592a-4519-989c-2fd21d6918b7,"W", 06/22/2025 01:45:00 AM,"(UTC-07:00) Arizona",,,3123043.75,3101893.8,3138394.5,
PNTM9M2jMkKm3GLHpLiq3J4gE,"","North Campus",6c2573ce-592a-4519-989c-2fd21d6918b7,"W", 06/22/2025 02:00:00 AM,"(UTC-07:00) Arizona",,,3126165.825,3113247.5,3137426.5,
PNTM9M2jMkKm3GLHpLiq3J4gE,"","North Campus",6c2573ce-592a-4519-989c-2fd21d6918b7,"W", 06/22/2025 02:15:00 AM,"(UTC-07:00) Arizona",,,3131196.75,3111046.2,3146262.8,
PNTM9M2jMkKm3GLHpLiq3J4gE,"","North Campus",6c2573ce-592a-4519-989c-2fd21d6918b7,"W", 06/22/2025 02:30:00 AM,"(UTC-07:00) Arizona",,,3104979.26,3069528.8,3127377.5,
PNTM9M2jMkKm3GLHpLiq3J4gE,"","North Campus",6c2573ce-592a-4519-989c-2fd21d6918b7,"W", 06/22/2025 02:45:00 AM,"(UTC-07:00) Arizona",,,3118172.825,3087940.8,3141916.5,
PNTM9M2jMkKm3GLHpLiq3J4gE,"","North Campus",6c2573ce-592a-4519-989c-2fd21d6918b7,"W", 06/22/2025 03:00:00 AM,"(UTC-07:00) Arizona",,,3116801.46,3082945.5,3168448.8,
PNTM9M2jMkKm3GLHpLiq3J4gE,"","North Campus",6c2573ce-592a-4519-989c-2fd21d6918b7,"W", 06/22/2025 03:15:00 AM,"(UTC-07:00) Arizona",,,3100260.575,3076853,3132029,
PNTM9M2jMkKm3GLHpLiq3J4gE,"","North Campus",6c2573ce-592a-4519-989c-2fd21d6918b7,"W", 06/22/2025 03:30:00 AM,"(UTC-07:00) Arizona",,,3090291.3,3061421.5,3113092.5,
PNTM9M2jMkKm3GLHpLiq3J4gE,"","North Campus",6c2573ce-592a-4519-989c-2fd21d6918b7,"W", 06/22/2025 03:45:00 AM,"(UTC-07:00) Arizona",,,3100835.78,3059451.5,3139731,
PNTM9M2jMkKm3GLHpLiq3J4gE,"","North Campus",6c2573ce-592a-4519-989c-2fd21d6918b7,"W", 06/22/2025 04:00:00 AM,"(UTC-07:00) Arizona",,,3089345.66666667,3076213.2,3097715.8,
PNTM9M2jMkKm3GLHpLiq3J4gE,"","North Campus",6c2573ce-592a-4519-989c-2fd21d6918b7,"W", 06/22/2025 04:15:00 AM,"(UTC-07:00) Arizona",,,3096974.08,3089852.8,3106111.8,
PNTM9M2jMkKm3GLHpLiq3J4gE,"","North Campus",6c2573ce-592a-4519-989c-2fd21d6918b7,"W", 06/22/2025 04:30:00 AM,"(UTC-07:00) Arizona",,,3102295.53333333,3082463,3118498.8,
PNTM9M2jMkKm3GLHpLiq3J4gE,"","North Campus",6c2573ce-592a-4519-989c-2fd21d6918b7,"W", 06/22/2025 04:45:00 AM,"(UTC-07:00) Arizona",,,3116014.68,3098614.8,3147023.8,
PNTM9M2jMkKm3GLHpLiq3J4gE,"","North Campus",6c2573ce-592a-4519-989c-2fd21d6918b7,"W", 06/22/2025 05:00:00 AM,"(UTC-07:00) Arizona",,,3098746.875,3075031.5,3121281,
PNTM9M2jMkKm3GLHpLiq3J4gE,"","North Campus",6c2573ce-592a-4519-989c-2fd21d6918b7,"W", 06/22/2025 05:15:00 AM,"(UTC-07:00) Arizona",,,3076747.42,3032169.5,3094832,
PNTM9M2jMkKm3GLHpLiq3J4gE,"","North Campus",6c2573ce-592a-4519-989c-2fd21d6918b7,"W", 06/22/2025 05:30:00 AM,"(UTC-07:00) Arizona",,,3019016.9,2987644.2,3069640.5,
PNTM9M2jMkKm3GLHpLiq3J4gE,"","North Campus",6c2573ce-592a-4519-989c-2fd21d6918b7,"W", 06/22/2025 05:45:00 AM,"(UTC-07:00) Arizona",,,3006176.775,2980006.8,3029039,
PNTM9M2jMkKm3GLHpLiq3J4gE,"","North Campus",6c2573ce-592a-4519-989c-2fd21d6918b7,"W", 06/22/2025 06:00:00 AM,"(UTC-07:00) Arizona",,,3040931,3037223,3043290.5,
PNTM9M2jMkKm3GLHpLiq3J4gE,"","North Campus",6c2573ce-592a-4519-989c-2fd21d6918b7,"W", 06/22/2025 06:15:00 AM,"(UTC-07:00) Arizona",,,2990138.7,2976877.5,3035069.5,
PNTM9M2jMkKm3GLHpLiq3J4gE,"","North Campus",6c2573ce-592a-4519-989c-2fd21d6918b7,"W", 06/22/2025 06:30:00 AM,"(UTC-07:00) Arizona",,,2978363.3,2953521.8,2995308.2,
PNTM9M2jMkKm3GLHpLiq3J4gE,"","North Campus",6c2573ce-592a-4519-989c-2fd21d6918b7,"W", 06/22/2025 06:45:00 AM,"(UTC-07:00) Arizona",,,2914641,2889221,2930487,
PNTM9M2jMkKm3GLHpLiq3J4gE,"","North Campus",6c2573ce-592a-4519-989c-2fd21d6918b7,"W", 06/22/2025 07:00:00 AM,"(UTC-07:00) Arizona",,,2998980.06,2979048.8,3023756.2,
PNTM9M2jMkKm3GLHpLiq3J4gE,"","North Campus",6c2573ce-592a-4519-989c-2fd21d6918b7,"W", 06/22/2025 07:15:00 AM,"(UTC-07:00) Arizona",,,2981774.825,2965584.5,3005385.8,
PNTM9M2jMkKm3GLHpLiq3J4gE,"","North Campus",6c2573ce-592a-4519-989c-2fd21d6918b7,"W", 06/22/2025 07:30:00 AM,"(UTC-07:00) Arizona",,,2926264.14,2898746,2971907.5,
PNTM9M2jMkKm3GLHpLiq3J4gE,"","North Campus",6c2573ce-592a-4519-989c-2fd21d6918b7,"W", 06/22/2025 07:45:00 AM,"(UTC-07:00) Arizona",,,2900492.625,2892526.5,2913126,
PNTM9M2jMkKm3GLHpLiq3J4gE,"","North Campus",6c2573ce-592a-4519-989c-2fd21d6918b7,"W", 06/22/2025 08:00:00 AM,"(UTC-07:00) Arizona",,,2919816.4,2906194.8,2928218,
PNTM9M2jMkKm3GLHpLiq3J4gE,"","North Campus",6c2573ce-592a-4519-989c-2fd21d6918b7,"W", 06/22/2025 08:15:00 AM,"(UTC-07:00) Arizona",,,2914432.88,2893082.2,2926772.8,
PNTM9M2jMkKm3GLHpLiq3J4gE,"","North Campus",6c2573ce-592a-4519-989c-2fd21d6918b7,"W", 06/22/2025 08:30:00 AM,"(UTC-07:00) Arizona",,,2894369.6,2864339.5,2913537.8,
PNTM9M2jMkKm3GLHpLiq3J4gE,"","North Campus",6c2573ce-592a-4519-989c-2fd21d6918b7,"W", 06/22/2025 08:45:00 AM,"(UTC-07:00) Arizona",,,2894836.3,2860467,2925039.8,
PNTM9M2jMkKm3GLHpLiq3J4gE,"","North Campus",6c2573ce-592a-4519-989c-2fd21d6918b7,"W", 06/22/2025 09:00:00 AM,"(UTC-07:00) Arizona",,,2930285.125,2918685.8,2963402,
PNTM9M2jMkKm3GLHpLiq3J4gE,"","North Campus",6c2573ce-592a-4519-989c-2fd21d6918b7,"W", 06/22/2025 09:15:00 AM,"(UTC-07:00) Arizona",,,2933452.75,2914935.2,2974056.5,
PNTM9M2jMkKm3GLHpLiq3J4gE,"","North Campus",6c2573ce-592a-4519-989c-2fd21d6918b7,"W", 06/22/2025 09:30:00 AM,"(UTC-07:00) Arizona",,,2894217.875,2880105.5,2919411,
PNTM9M2jMkKm3GLHpLiq3J4gE,"","North Campus",6c2573ce-592a-4519-989c-2fd21d6918b7,"W", 06/22/2025 09:45:00 AM,"(UTC-07:00) Arizona",,,2899508.2,2892420.5,2912524.5,
PNTM9M2jMkKm3GLHpLiq3J4gE,"","North Campus",6c2573ce-592a-4519-989c-2fd21d6918b7,"W", 06/22/2025 10:00:00 AM,"(UTC-07:00) Arizona",,,2911534.3,2886161.2,2927103.5,
PNTM9M2jMkKm3GLHpLiq3J4gE,"","North Campus",6c2573ce-592a-4519-989c-2fd21d6918b7,"W", 06/22/2025 10:15:00 AM,"(UTC-07:00) Arizona",,,2919787.34,2874521,3007323.5,
PNTM9M2jMkKm3GLHpLiq3J4gE,"","North Campus",6c2573ce-592a-4519-989c-2fd21d6918b7,"W", 06/22/2025 10:30:00 AM,"(UTC-07:00) Arizona",,,2896458.025,2876029.8,2922500.5,
PNTM9M2jMkKm3GLHpLiq3J4gE,"","North Campus",6c2573ce-592a-4519-989c-2fd21d6918b7,"W", 06/22/2025 10:45:00 AM,"(UTC-07:00) Arizona",,,2895320.74,2874607,2907464,
PNTM9M2jMkKm3GLHpLiq3J4gE,"","North Campus",6c2573ce-592a-4519-989c-2fd21d6918b7,"W", 06/22/2025 11:00:00 AM,"(UTC-07:00) Arizona",,,2905600.075,2880441,2928399,
PNTM9M2jMkKm3GLHpLiq3J4gE,"","North Campus",6c2573ce-592a-4519-989c-2fd21d6918b7,"W", 06/22/2025 11:15:00 AM,"(UTC-07:00) Arizona",,,2893613.16,2853187.8,2923257.5,
PNTM9M2jMkKm3GLHpLiq3J4gE,"","North Campus",6c2573ce-592a-4519-989c-2fd21d6918b7,"W", 06/22/2025 11:30:00 AM,"(UTC-07:00) Arizona",,,2911025.675,2886333.5,2942725.5,
PNTM9M2jMkKm3GLHpLiq3J4gE,"","North Campus",6c2573ce-592a-4519-989c-2fd21d6918b7,"W", 06/22/2025 11:45:00 AM,"(UTC-07:00) Arizona",,,2896667.975,2891623,2905641.2,
PNTM9M2jMkKm3GLHpLiq3J4gE,"","North Campus",6c2573ce-592a-4519-989c-2fd21d6918b7,"W", 06/22/2025 12:00:00 PM,"(UTC-07:00) Arizona",,,2919132.825,2881537.5,2979330,
PNTM9M2jMkKm3GLHpLiq3J4gE,"","North Campus",6c2573ce-592a-4519-989c-2fd21d6918b7,"W", 06/22/2025 12:15:00 PM,"(UTC-07:00) Arizona",,,2921975.775,2904181.5,2947329,
PNTM9M2jMkKm3GLHpLiq3J4gE,"","North Campus",6c2573ce-592a-4519-989c-2fd21d6918b7,"W", 06/22/2025 12:30:00 PM,"(UTC-07:00) Arizona",,,2942890.16,2907708.8,3020973,
PNTM9M2jMkKm3GLHpLiq3J4gE,"","North Campus",6c2573ce-592a-4519-989c-2fd21d6918b7,"W", 06/22/2025 12:45:00 PM,"(UTC-07:00) Arizona",,,2933004.125,2892512.8,2971474.2,
PNTM9M2jMkKm3GLHpLiq3J4gE,"","North Campus",6c2573ce-592a-4519-989c-2fd21d6918b7,"W", 06/22/2025 01:00:00 PM,"(UTC-07:00) Arizona",,,2937739.46,2905483.8,2984182,
PNTM9M2jMkKm3GLHpLiq3J4gE,"","North Campus",6c2573ce-592a-4519-989c-2fd21d6918b7,"W", 06/22/2025 01:15:00 PM,"(UTC-07:00) Arizona",,,2938839.475,2922104,2959265.2,
PNTM9M2jMkKm3GLHpLiq3J4gE,"","North Campus",6c2573ce-592a-4519-989c-2fd21d6918b7,"W", 06/22/2025 01:30:00 PM,"(UTC-07:00) Arizona",,,2945423.96,2927135.8,2959711,
PNTM9M2jMkKm3GLHpLiq3J4gE,"","North Campus",6c2573ce-592a-4519-989c-2fd21d6918b7,"W", 06/22/2025 01:45:00 PM,"(UTC-07:00) Arizona",,,2981808.825,2965286,3001196.8,
PNTM9M2jMkKm3GLHpLiq3J4gE,"","North Campus",6c2573ce-592a-4519-989c-2fd21d6918b7,"W", 06/22/2025 02:00:00 PM,"(UTC-07:00) Arizona",,,3010181.825,2989672.8,3037759.8,
PNTM9M2jMkKm3GLHpLiq3J4gE,"","North Campus",6c2573ce-592a-4519-989c-2fd21d6918b7,"W", 06/22/2025 02:15:00 PM,"(UTC-07:00) Arizona",,,2989746.075,2948321.5,3017532.8,
PNTM9M2jMkKm3GLHpLiq3J4gE,"","North Campus",6c2573ce-592a-4519-989c-2fd21d6918b7,"W", 06/22/2025 02:30:00 PM,"(UTC-07:00) Arizona",,,3065969.96,3033354.2,3104000,
PNTM9M2jMkKm3GLHpLiq3J4gE,"","North Campus",6c2573ce-592a-4519-989c-2fd21d6918b7,"W", 06/22/2025 02:45:00 PM,"(UTC-07:00) Arizona",,,3056448,3031132.2,3069115.8,
PNTM9M2jMkKm3GLHpLiq3J4gE,"","North Campus",6c2573ce-592a-4519-989c-2fd21d6918b7,"W", 06/22/2025 03:00:00 PM,"(UTC-07:00) Arizona",,,3089910.22,3033133,3140997.2,
PNTM9M2jMkKm3GLHpLiq3J4gE,"","North Campus",6c2573ce-592a-4519-989c-2fd21d6918b7,"W", 06/22/2025 03:15:00 PM,"(UTC-07:00) Arizona",,,3102849.95,3084575.2,3119470.2,
PNTM9M2jMkKm3GLHpLiq3J4gE,"","North Campus",6c2573ce-592a-4519-989c-2fd21d6918b7,"W", 06/22/2025 03:30:00 PM,"(UTC-07:00) Arizona",,,3139077.18,3117810.2,3179487.2,
PNTM9M2jMkKm3GLHpLiq3J4gE,"","North Campus",6c2573ce-592a-4519-989c-2fd21d6918b7,"W", 06/22/2025 03:45:00 PM,"(UTC-07:00) Arizona",,,3189872.9,3161416,3250117.2,
PNTM9M2jMkKm3GLHpLiq3J4gE,"","North Campus",6c2573ce-592a-4519-989c-2fd21d6918b7,"W", 06/22/2025 04:00:00 PM,"(UTC-07:00) Arizona",,,3174200.95,3153985,3195047.5,
PNTM9M2jMkKm3GLHpLiq3J4gE,"","North Campus",6c2573ce-592a-4519-989c-2fd21d6918b7,"W", 06/22/2025 04:15:00 PM,"(UTC-07:00) Arizona",,,3212270.84,3163738.2,3236014.2,
PNTM9M2jMkKm3GLHpLiq3J4gE,"","North Campus",6c2573ce-592a-4519-989c-2fd21d6918b7,"W", 06/22/2025 04:30:00 PM,"(UTC-07:00) Arizona",,,3210090.62,3159754.2,3259555.8,
PNTM9M2jMkKm3GLHpLiq3J4gE,"","North Campus",6c2573ce-592a-4519-989c-2fd21d6918b7,"W", 06/22/2025 04:45:00 PM,"(UTC-07:00) Arizona",,,3267826.6,3241770,3299659,
PNTM9M2jMkKm3GLHpLiq3J4gE,"","North Campus",6c2573ce-592a-4519-989c-2fd21d6918b7,"W", 06/22/2025 05:00:00 PM,"(UTC-07:00) Arizona",,,3260028,3247262.5,3290273.2,
PNTM9M2jMkKm3GLHpLiq3J4gE,"","North Campus",6c2573ce-592a-4519-989c-2fd21d6918b7,"W", 06/22/2025 05:15:00 PM,"(UTC-07:00) Arizona",,,3281714.4,3256670.8,3318239.8,
PNTM9M2jMkKm3GLHpLiq3J4gE,"","North Campus",6c2573ce-592a-4519-989c-2fd21d6918b7,"W", 06/22/2025 05:30:00 PM,"(UTC-07:00) Arizona",,,3365405.425,3346281.5,3384813.8,
PNTM9M2jMkKm3GLHpLiq3J4gE,"","North Campus",6c2573ce-592a-4519-989c-2fd21d6918b7,"W", 06/22/2025 05:45:00 PM,"(UTC-07:00) Arizona",,,3357779.65,3325094.5,3377010.5,
PNTM9M2jMkKm3GLHpLiq3J4gE,"","North Campus",6c2573ce-592a-4519-989c-2fd21d6918b7,"W", 06/22/2025 06:00:00 PM,"(UTC-07:00) Arizona",,,3442525.48,3400251.2,3475937.8,
PNTM9M2jMkKm3GLHpLiq3J4gE,"","North Campus",6c2573ce-592a-4519-989c-2fd21d6918b7,"W", 06/22/2025 06:15:00 PM,"(UTC-07:00) Arizona",,,3397879.825,3373283.5,3418906.5,
PNTM9M2jMkKm3GLHpLiq3J4gE,"","North Campus",6c2573ce-592a-4519-989c-2fd21d6918b7,"W", 06/22/2025 06:30:00 PM,"(UTC-07:00) Arizona",,,3444010.725,3420711.8,3468294.8,
PNTM9M2jMkKm3GLHpLiq3J4gE,"","North Campus",6c2573ce-592a-4519-989c-2fd21d6918b7,"W", 06/22/2025 06:45:00 PM,"(UTC-07:00) Arizona",,,3434404.86,3404786.8,3476721,
PNTM9M2jMkKm3GLHpLiq3J4gE,"","North Campus",6c2573ce-592a-4519-989c-2fd21d6918b7,"W", 06/22/2025 07:00:00 PM,"(UTC-07:00) Arizona",,,3430233.125,3401115.2,3463495,
PNTM9M2jMkKm3GLHpLiq3J4gE,"","North Campus",6c2573ce-592a-4519-989c-2fd21d6918b7,"W", 06/22/2025 07:15:00 PM,"(UTC-07:00) Arizona",,,3396733.95,3386080.5,3401222,
PNTM9M2jMkKm3GLHpLiq3J4gE,"","North Campus",6c2573ce-592a-4519-989c-2fd21d6918b7,"W", 06/22/2025 07:30:00 PM,"(UTC-07:00) Arizona",,,3383392.42,3363779.8,3407182.8,
PNTM9M2jMkKm3GLHpLiq3J4gE,"","North Campus",6c2573ce-592a-4519-989c-2fd21d6918b7,"W", 06/22/2025 07:45:00 PM,"(UTC-07:00) Arizona",,,3327114.25,3303979.5,3353896,
PNTM9M2jMkKm3GLHpLiq3J4gE,"","North Campus",6c2573ce-592a-4519-989c-2fd21d6918b7,"W", 06/22/2025 08:00:00 PM,"(UTC-07:00) Arizona",,,3348079.175,3319184.5,3377992.2,
PNTM9M2jMkKm3GLHpLiq3J4gE,"","North Campus",6c2573ce-592a-4519-989c-2fd21d6918b7,"W", 06/22/2025 08:15:00 PM,"(UTC-07:00) Arizona",,,3335497.04,3319137.2,3357972,
PNTM9M2jMkKm3GLHpLiq3J4gE,"","North Campus",6c2573ce-592a-4519-989c-2fd21d6918b7,"W", 06/22/2025 08:30:00 PM,"(UTC-07:00) Arizona",,,3315508.175,3295223.2,3328085.5,
PNTM9M2jMkKm3GLHpLiq3J4gE,"","North Campus",6c2573ce-592a-4519-989c-2fd21d6918b7,"W", 06/22/2025 08:45:00 PM,"(UTC-07:00) Arizona",,,3299550.92,3282163.8,3332037,
PNTM9M2jMkKm3GLHpLiq3J4gE,"","North Campus",6c2573ce-592a-4519-989c-2fd21d6918b7,"W", 06/22/2025 09:00:00 PM,"(UTC-07:00) Arizona",,,3317127.8,3299964.8,3329001.2,
PNTM9M2jMkKm3GLHpLiq3J4gE,"","North Campus",6c2573ce-592a-4519-989c-2fd21d6918b7,"W", 06/22/2025 09:15:00 PM,"(UTC-07:00) Arizona",,,3311547.44,3295942,3338643.5,
PNTM9M2jMkKm3GLHpLiq3J4gE,"","North Campus",6c2573ce-592a-4519-989c-2fd21d6918b7,"W", 06/22/2025 09:30:00 PM,"(UTC-07:00) Arizona",,,3300157.75,3270314,3332395.8,
PNTM9M2jMkKm3GLHpLiq3J4gE,"","North Campus",6c2573ce-592a-4519-989c-2fd21d6918b7,"W", 06/22/2025 09:45:00 PM,"(UTC-07:00) Arizona",,,3293295.16,3258604.8,3327121,
PNTM9M2jMkKm3GLHpLiq3J4gE,"","North Campus",6c2573ce-592a-4519-989c-2fd21d6918b7,"W", 06/22/2025 10:00:00 PM,"(UTC-07:00) Arizona",,,3253511.4,3237551,3263708.8,
PNTM9M2jMkKm3GLHpLiq3J4gE,"","North Campus",6c2573ce-592a-4519-989c-2fd21d6918b7,"W", 06/22/2025 10:15:00 PM,"(UTC-07:00) Arizona",,,3256975.3,3236307,3277520,
PNTM9M2jMkKm3GLHpLiq3J4gE,"","North Campus",6c2573ce-592a-4519-989c-2fd21d6918b7,"W", 06/22/2025 10:30:00 PM,"(UTC-07:00) Arizona",,,3257069.4,3238172.8,3268930.8,
PNTM9M2jMkKm3GLHpLiq3J4gE,"","North Campus",6c2573ce-592a-4519-989c-2fd21d6918b7,"W", 06/22/2025 10:45:00 PM,"(UTC-07:00) Arizona",,,3237459.175,3192863.2,3266796.5,
PNTM9M2jMkKm3GLHpLiq3J4gE,"","North Campus",6c2573ce-592a-4519-989c-2fd21d6918b7,"W", 06/22/2025 11:00:00 PM,"(UTC-07:00) Arizona",,,3188029.5,3171443.8,3205339.2,
PNTM9M2jMkKm3GLHpLiq3J4gE,"","North Campus",6c2573ce-592a-4519-989c-2fd21d6918b7,"W", 06/22/2025 11:15:00 PM,"(UTC-07:00) Arizona",,,3183512.925,3170951.8,3195436.2,
PNTM9M2jMkKm3GLHpLiq3J4gE,"","North Campus",6c2573ce-592a-4519-989c-2fd21d6918b7,"W", 06/22/2025 11:30:00 PM,"(UTC-07:00) Arizona",,,3181115.625,3126991,3213550.5,
PNTM9M2jMkKm3GLHpLiq3J4gE,"","North Campus",6c2573ce-592a-4519-989c-2fd21d6918b7,"W", 06/22/2025 11:45:00 PM,"(UTC-07:00) Arizona",,,3165090.1,3149934,3194322,
