ExternalPointID,Tags,Parent Equipment Name,Site Name,FrequencyUnit,Time,Timezone,OnCount,OffCount,Average,Minimum,Maximum,Sum,State
PNTM9M2jMkKm3GLHpLiq3J4gE,"","North Campus",Gammage,"W", 10/06/2025 12:00:00 AM,"(UTC-07:00) Arizona",,,3558300,3558300,3558300,
PNTM9M2jMkKm3GLHpLiq3J4gE,"","North Campus",Gammage,"W", 10/06/2025 12:20:00 AM,"(UTC-07:00) Arizona",,,3477745.75,3466283.5,3489208,
PNTM9M2jMkKm3GLHpLiq3J4gE,"","North Campus",Gammage,"W", 10/06/2025 12:30:00 AM,"(UTC-07:00) Arizona",,,3506459.5,3506459.5,3506459.5,
PNTM9M2jMkKm3GLHpLiq3J4gE,"","North Campus",Gammage,"W", 10/06/2025 12:50:00 AM,"(UTC-07:00) Arizona",,,3415095.2,3415095.2,3415095.2,
PNTM9M2jMkKm3GLHpLiq3J4gE,"","North Campus",Gammage,"W", 10/06/2025 01:00:00 AM,"(UTC-07:00) Arizona",,,3448723.4,3448576.8,3448870,
PNTM9M2jMkKm3GLHpLiq3J4gE,"","North Campus",Gammage,"W", 10/06/2025 01:10:00 AM,"(UTC-07:00) Arizona",,,3412626.2,3412626.2,3412626.2,
PNTM9M2jMkKm3GLHpLiq3J4gE,"","North Campus",Gammage,"W", 10/06/2025 01:20:00 AM,"(UTC-07:00) Arizona",,,3389305,3389305,3389305,
PNTM9M2jMkKm3GLHpLiq3J4gE,"","North Campus",Gammage,"W", 10/06/2025 01:40:00 AM,"(UTC-07:00) Arizona",,,3334996,3334996,3334996,
PNTM9M2jMkKm3GLHpLiq3J4gE,"","North Campus",Gammage,"W", 10/06/2025 01:50:00 AM,"(UTC-07:00) Arizona",,,3299541.2,3299541.2,3299541.2,
PNTM9M2jMkKm3GLHpLiq3J4gE,"","North Campus",Gammage,"W", 10/06/2025 02:00:00 AM,"(UTC-07:00) Arizona",,,3332410.5,3308718.8,3356102.2,
PNTM9M2jMkKm3GLHpLiq3J4gE,"","North Campus",Gammage,"W", 10/06/2025 02:20:00 AM,"(UTC-07:00) Arizona",,,3334681.2,3334681.2,3334681.2,
PNTM9M2jMkKm3GLHpLiq3J4gE,"","North Campus",Gammage,"W", 10/06/2025 02:30:00 AM,"(UTC-07:00) Arizona",,,3306255,3306255,3306255,
PNTM9M2jMkKm3GLHpLiq3J4gE,"","North Campus",Gammage,"W", 10/06/2025 02:40:00 AM,"(UTC-07:00) Arizona",,,3332231.65,3330196.8,3334266.5,
PNTM9M2jMkKm3GLHpLiq3J4gE,"","North Campus",Gammage,"W", 10/06/2025 02:50:00 AM,"(UTC-07:00) Arizona",,,3333354.2,3333354.2,3333354.2,
PNTM9M2jMkKm3GLHpLiq3J4gE,"","North Campus",Gammage,"W", 10/06/2025 03:00:00 AM,"(UTC-07:00) Arizona",,,3401557.8,3401557.8,3401557.8,
PNTM9M2jMkKm3GLHpLiq3J4gE,"","North Campus",Gammage,"W", 10/06/2025 03:10:00 AM,"(UTC-07:00) Arizona",,,3360505.8,3360505.8,3360505.8,
PNTM9M2jMkKm3GLHpLiq3J4gE,"","North Campus",Gammage,"W", 10/06/2025 03:20:00 AM,"(UTC-07:00) Arizona",,,3377366.85,3357400.2,3397333.5,
PNTM9M2jMkKm3GLHpLiq3J4gE,"","North Campus",Gammage,"W", 10/06/2025 03:30:00 AM,"(UTC-07:00) Arizona",,,3429887.5,3429887.5,3429887.5,
PNTM9M2jMkKm3GLHpLiq3J4gE,"","North Campus",Gammage,"W", 10/06/2025 03:40:00 AM,"(UTC-07:00) Arizona",,,3390275,3390275,3390275,
PNTM9M2jMkKm3GLHpLiq3J4gE,"","North Campus",Gammage,"W", 10/06/2025 03:50:00 AM,"(UTC-07:00) Arizona",,,3380482.8,3380482.8,3380482.8,
PNTM9M2jMkKm3GLHpLiq3J4gE,"","North Campus",Gammage,"W", 10/06/2025 04:00:00 AM,"(UTC-07:00) Arizona",,,3393877.8,3369212.8,3418542.8,
PNTM9M2jMkKm3GLHpLiq3J4gE,"","North Campus",Gammage,"W", 10/06/2025 04:10:00 AM,"(UTC-07:00) Arizona",,,3436804.8,3436804.8,3436804.8,
PNTM9M2jMkKm3GLHpLiq3J4gE,"","North Campus",Gammage,"W", 10/06/2025 04:20:00 AM,"(UTC-07:00) Arizona",,,3431298.2,3431298.2,3431298.2,
PNTM9M2jMkKm3GLHpLiq3J4gE,"","North Campus",Gammage,"W", 10/06/2025 04:30:00 AM,"(UTC-07:00) Arizona",,,3460768.8,3460768.8,3460768.8,
PNTM9M2jMkKm3GLHpLiq3J4gE,"","North Campus",Gammage,"W", 10/06/2025 04:40:00 AM,"(UTC-07:00) Arizona",,,3530267,3530267,3530267,
PNTM9M2jMkKm3GLHpLiq3J4gE,"","North Campus",Gammage,"W", 10/06/2025 04:50:00 AM,"(UTC-07:00) Arizona",,,3530985.75,3523914.5,3538057,
PNTM9M2jMkKm3GLHpLiq3J4gE,"","North Campus",Gammage,"W", 10/06/2025 05:00:00 AM,"(UTC-07:00) Arizona",,,3560591.9,3541194.8,3579989,
PNTM9M2jMkKm3GLHpLiq3J4gE,"","North Campus",Gammage,"W", 10/06/2025 05:10:00 AM,"(UTC-07:00) Arizona",,,3566040.2,3566040.2,3566040.2,
PNTM9M2jMkKm3GLHpLiq3J4gE,"","North Campus",Gammage,"W", 10/06/2025 05:20:00 AM,"(UTC-07:00) Arizona",,,3556725.5,3556725.5,3556725.5,
PNTM9M2jMkKm3GLHpLiq3J4gE,"","North Campus",Gammage,"W", 10/06/2025 05:30:00 AM,"(UTC-07:00) Arizona",,,3548238.5,3548238.5,3548238.5,
PNTM9M2jMkKm3GLHpLiq3J4gE,"","North Campus",Gammage,"W", 10/06/2025 05:40:00 AM,"(UTC-07:00) Arizona",,,3596898.2,3596898.2,3596898.2,
PNTM9M2jMkKm3GLHpLiq3J4gE,"","North Campus",Gammage,"W", 10/06/2025 05:50:00 AM,"(UTC-07:00) Arizona",,,3692332.8,3692332.8,3692332.8,
PNTM9M2jMkKm3GLHpLiq3J4gE,"","North Campus",Gammage,"W", 10/06/2025 06:00:00 AM,"(UTC-07:00) Arizona",,,3771548.5,3771548.5,3771548.5,
PNTM9M2jMkKm3GLHpLiq3J4gE,"","North Campus",Gammage,"W", 10/06/2025 06:10:00 AM,"(UTC-07:00) Arizona",,,3784936.8,3784936.8,3784936.8,
PNTM9M2jMkKm3GLHpLiq3J4gE,"","North Campus",Gammage,"W", 10/06/2025 06:20:00 AM,"(UTC-07:00) Arizona",,,3748772.8,3748772.8,3748772.8,
PNTM9M2jMkKm3GLHpLiq3J4gE,"","North Campus",Gammage,"W", 10/06/2025 06:30:00 AM,"(UTC-07:00) Arizona",,,3784772.3,3779357.8,3790186.8,
PNTM9M2jMkKm3GLHpLiq3J4gE,"","North Campus",Gammage,"W", 10/06/2025 06:40:00 AM,"(UTC-07:00) Arizona",,,3795393.25,3781285.5,3809501,
PNTM9M2jMkKm3GLHpLiq3J4gE,"","North Campus",Gammage,"W", 10/06/2025 06:50:00 AM,"(UTC-07:00) Arizona",,,3822044,3822044,3822044,
PNTM9M2jMkKm3GLHpLiq3J4gE,"","North Campus",Gammage,"W", 10/06/2025 07:00:00 AM,"(UTC-07:00) Arizona",,,3887320.2,3887320.2,3887320.2,
PNTM9M2jMkKm3GLHpLiq3J4gE,"","North Campus",Gammage,"W", 10/06/2025 07:10:00 AM,"(UTC-07:00) Arizona",,,3925194.2,3925194.2,3925194.2,
PNTM9M2jMkKm3GLHpLiq3J4gE,"","North Campus",Gammage,"W", 10/06/2025 07:20:00 AM,"(UTC-07:00) Arizona",,,3998761.2,3998761.2,3998761.2,
PNTM9M2jMkKm3GLHpLiq3J4gE,"","North Campus",Gammage,"W", 10/06/2025 07:30:00 AM,"(UTC-07:00) Arizona",,,4005248,4005248,4005248,
PNTM9M2jMkKm3GLHpLiq3J4gE,"","North Campus",Gammage,"W", 10/06/2025 07:40:00 AM,"(UTC-07:00) Arizona",,,3996031.2,3996031.2,3996031.2,
PNTM9M2jMkKm3GLHpLiq3J4gE,"","North Campus",Gammage,"W", 10/06/2025 07:50:00 AM,"(UTC-07:00) Arizona",,,4118212.6,4089054.2,4147371,
PNTM9M2jMkKm3GLHpLiq3J4gE,"","North Campus",Gammage,"W", 10/06/2025 08:00:00 AM,"(UTC-07:00) Arizona",,,4235329,4235329,4235329,
PNTM9M2jMkKm3GLHpLiq3J4gE,"","North Campus",Gammage,"W", 10/06/2025 08:20:00 AM,"(UTC-07:00) Arizona",,,4239958.5,4239958.5,4239958.5,
PNTM9M2jMkKm3GLHpLiq3J4gE,"","North Campus",Gammage,"W", 10/06/2025 08:30:00 AM,"(UTC-07:00) Arizona",,,4381779.5,4381779.5,4381779.5,
PNTM9M2jMkKm3GLHpLiq3J4gE,"","North Campus",Gammage,"W", 10/06/2025 08:40:00 AM,"(UTC-07:00) Arizona",,,4408304.5,4404364,4412245,
PNTM9M2jMkKm3GLHpLiq3J4gE,"","North Campus",Gammage,"W", 10/06/2025 08:50:00 AM,"(UTC-07:00) Arizona",,,4586719,4586719,4586719,
PNTM9M2jMkKm3GLHpLiq3J4gE,"","North Campus",Gammage,"W", 10/06/2025 09:00:00 AM,"(UTC-07:00) Arizona",,,4562923,4562923,4562923,
PNTM9M2jMkKm3GLHpLiq3J4gE,"","North Campus",Gammage,"W", 10/06/2025 09:10:00 AM,"(UTC-07:00) Arizona",,,4549698.5,4549698.5,4549698.5,
PNTM9M2jMkKm3GLHpLiq3J4gE,"","North Campus",Gammage,"W", 10/06/2025 09:20:00 AM,"(UTC-07:00) Arizona",,,4440837.5,4399149,4482526,
PNTM9M2jMkKm3GLHpLiq3J4gE,"","North Campus",Gammage,"W", 10/06/2025 09:30:00 AM,"(UTC-07:00) Arizona",,,4452854.5,4452854.5,4452854.5,
PNTM9M2jMkKm3GLHpLiq3J4gE,"","North Campus",Gammage,"W", 10/06/2025 09:40:00 AM,"(UTC-07:00) Arizona",,,4536844.5,4536844.5,4536844.5,
PNTM9M2jMkKm3GLHpLiq3J4gE,"","North Campus",Gammage,"W", 10/06/2025 09:50:00 AM,"(UTC-07:00) Arizona",,,4573703,4573703,4573703,
PNTM9M2jMkKm3GLHpLiq3J4gE,"","North Campus",Gammage,"W", 10/06/2025 10:00:00 AM,"(UTC-07:00) Arizona",,,4615675.5,4615675.5,4615675.5,
PNTM9M2jMkKm3GLHpLiq3J4gE,"","North Campus",Gammage,"W", 10/06/2025 10:10:00 AM,"(UTC-07:00) Arizona",,,4553465.5,4553465.5,4553465.5,
PNTM9M2jMkKm3GLHpLiq3J4gE,"","North Campus",Gammage,"W", 10/06/2025 10:20:00 AM,"(UTC-07:00) Arizona",,,4724120.5,4629211,4819030,
PNTM9M2jMkKm3GLHpLiq3J4gE,"","North Campus",Gammage,"W", 10/06/2025 10:30:00 AM,"(UTC-07:00) Arizona",,,4700056.5,4700056.5,4700056.5,
PNTM9M2jMkKm3GLHpLiq3J4gE,"","North Campus",Gammage,"W", 10/06/2025 10:40:00 AM,"(UTC-07:00) Arizona",,,4697390,4696524,4698256,
PNTM9M2jMkKm3GLHpLiq3J4gE,"","North Campus",Gammage,"W", 10/06/2025 10:50:00 AM,"(UTC-07:00) Arizona",,,4849171,4849171,4849171,
PNTM9M2jMkKm3GLHpLiq3J4gE,"","North Campus",Gammage,"W", 10/06/2025 11:00:00 AM,"(UTC-07:00) Arizona",,,4769724.5,4769724.5,4769724.5,
PNTM9M2jMkKm3GLHpLiq3J4gE,"","North Campus",Gammage,"W", 10/06/2025 11:10:00 AM,"(UTC-07:00) Arizona",,,4807224.5,4807224.5,4807224.5,
PNTM9M2jMkKm3GLHpLiq3J4gE,"","North Campus",Gammage,"W", 10/06/2025 11:20:00 AM,"(UTC-07:00) Arizona",,,4803100.75,4787238,4818963.5,
PNTM9M2jMkKm3GLHpLiq3J4gE,"","North Campus",Gammage,"W", 10/06/2025 11:30:00 AM,"(UTC-07:00) Arizona",,,4774246.25,4773191.5,4775301,
PNTM9M2jMkKm3GLHpLiq3J4gE,"","North Campus",Gammage,"W", 10/06/2025 11:40:00 AM,"(UTC-07:00) Arizona",,,4783026.5,4783026.5,4783026.5,
PNTM9M2jMkKm3GLHpLiq3J4gE,"","North Campus",Gammage,"W", 10/06/2025 11:50:00 AM,"(UTC-07:00) Arizona",,,4818228.5,4818228.5,4818228.5,
PNTM9M2jMkKm3GLHpLiq3J4gE,"","North Campus",Gammage,"W", 10/06/2025 12:00:00 PM,"(UTC-07:00) Arizona",,,5007291,5007291,5007291,
PNTM9M2jMkKm3GLHpLiq3J4gE,"","North Campus",Gammage,"W", 10/06/2025 12:10:00 PM,"(UTC-07:00) Arizona",,,4887250.75,4884675,4889826.5,
PNTM9M2jMkKm3GLHpLiq3J4gE,"","North Campus",Gammage,"W", 10/06/2025 12:20:00 PM,"(UTC-07:00) Arizona",,,4883777.5,4883777.5,4883777.5,
PNTM9M2jMkKm3GLHpLiq3J4gE,"","North Campus",Gammage,"W", 10/06/2025 12:40:00 PM,"(UTC-07:00) Arizona",,,4947690.5,4947690.5,4947690.5,
PNTM9M2jMkKm3GLHpLiq3J4gE,"","North Campus",Gammage,"W", 10/06/2025 12:50:00 PM,"(UTC-07:00) Arizona",,,4938208,4938208,4938208,
PNTM9M2jMkKm3GLHpLiq3J4gE,"","North Campus",Gammage,"W", 10/06/2025 01:00:00 PM,"(UTC-07:00) Arizona",,,4923653.75,4897653,4949654.5,
PNTM9M2jMkKm3GLHpLiq3J4gE,"","North Campus",Gammage,"W", 10/06/2025 01:10:00 PM,"(UTC-07:00) Arizona",,,4891738.5,4891738.5,4891738.5,
PNTM9M2jMkKm3GLHpLiq3J4gE,"","North Campus",Gammage,"W", 10/06/2025 01:20:00 PM,"(UTC-07:00) Arizona",,,4978945,4978945,4978945,
PNTM9M2jMkKm3GLHpLiq3J4gE,"","North Campus",Gammage,"W", 10/06/2025 01:30:00 PM,"(UTC-07:00) Arizona",,,5043681,5043681,5043681,
PNTM9M2jMkKm3GLHpLiq3J4gE,"","North Campus",Gammage,"W", 10/06/2025 01:40:00 PM,"(UTC-07:00) Arizona",,,4940313.5,4940313.5,4940313.5,
PNTM9M2jMkKm3GLHpLiq3J4gE,"","North Campus",Gammage,"W", 10/06/2025 01:50:00 PM,"(UTC-07:00) Arizona",,,5059649,5059649,5059649,
PNTM9M2jMkKm3GLHpLiq3J4gE,"","North Campus",Gammage,"W", 10/06/2025 02:00:00 PM,"(UTC-07:00) Arizona",,,4992680.5,4983058.5,5002302.5,
PNTM9M2jMkKm3GLHpLiq3J4gE,"","North Campus",Gammage,"W", 10/06/2025 02:10:00 PM,"(UTC-07:00) Arizona",,,5024278,5024278,5024278,
PNTM9M2jMkKm3GLHpLiq3J4gE,"","North Campus",Gammage,"W", 10/06/2025 02:20:00 PM,"(UTC-07:00) Arizona",,,4890947.5,4890947.5,4890947.5,
PNTM9M2jMkKm3GLHpLiq3J4gE,"","North Campus",Gammage,"W", 10/06/2025 02:30:00 PM,"(UTC-07:00) Arizona",,,5073907,5073907,5073907,
PNTM9M2jMkKm3GLHpLiq3J4gE,"","North Campus",Gammage,"W", 10/06/2025 02:40:00 PM,"(UTC-07:00) Arizona",,,4950770.75,4934519,4967022.5,
PNTM9M2jMkKm3GLHpLiq3J4gE,"","North Campus",Gammage,"W", 10/06/2025 02:50:00 PM,"(UTC-07:00) Arizona",,,5089901,5089901,5089901,
PNTM9M2jMkKm3GLHpLiq3J4gE,"","North Campus",Gammage,"W", 10/06/2025 03:00:00 PM,"(UTC-07:00) Arizona",,,4955443.5,4955443.5,4955443.5,
PNTM9M2jMkKm3GLHpLiq3J4gE,"","North Campus",Gammage,"W", 10/06/2025 03:10:00 PM,"(UTC-07:00) Arizona",,,4995314.5,4994131,4996498,
PNTM9M2jMkKm3GLHpLiq3J4gE,"","North Campus",Gammage,"W", 10/06/2025 03:20:00 PM,"(UTC-07:00) Arizona",,,5035371.5,5035371.5,5035371.5,
PNTM9M2jMkKm3GLHpLiq3J4gE,"","North Campus",Gammage,"W", 10/06/2025 03:30:00 PM,"(UTC-07:00) Arizona",,,5045630.5,5045630.5,5045630.5,
PNTM9M2jMkKm3GLHpLiq3J4gE,"","North Campus",Gammage,"W", 10/06/2025 03:40:00 PM,"(UTC-07:00) Arizona",,,5123480,5123480,5123480,
PNTM9M2jMkKm3GLHpLiq3J4gE,"","North Campus",Gammage,"W", 10/06/2025 03:50:00 PM,"(UTC-07:00) Arizona",,,5136923,5136923,5136923,
PNTM9M2jMkKm3GLHpLiq3J4gE,"","North Campus",Gammage,"W", 10/06/2025 04:00:00 PM,"(UTC-07:00) Arizona",,,5143450.5,5143450.5,5143450.5,
PNTM9M2jMkKm3GLHpLiq3J4gE,"","North Campus",Gammage,"W", 10/06/2025 04:10:00 PM,"(UTC-07:00) Arizona",,,5063642,5063642,5063642,
PNTM9M2jMkKm3GLHpLiq3J4gE,"","North Campus",Gammage,"W", 10/06/2025 04:20:00 PM,"(UTC-07:00) Arizona",,,5111826.5,5111826.5,5111826.5,
PNTM9M2jMkKm3GLHpLiq3J4gE,"","North Campus",Gammage,"W", 10/06/2025 04:30:00 PM,"(UTC-07:00) Arizona",,,5084227.25,5061211,5107243.5,
PNTM9M2jMkKm3GLHpLiq3J4gE,"","North Campus",Gammage,"W", 10/06/2025 04:40:00 PM,"(UTC-07:00) Arizona",,,5147537.5,5147537.5,5147537.5,
PNTM9M2jMkKm3GLHpLiq3J4gE,"","North Campus",Gammage,"W", 10/06/2025 04:50:00 PM,"(UTC-07:00) Arizona",,,5169520.25,5122259,5216781.5,
PNTM9M2jMkKm3GLHpLiq3J4gE,"","North Campus",Gammage,"W", 10/06/2025 05:00:00 PM,"(UTC-07:00) Arizona",,,5037599,5037599,5037599,
PNTM9M2jMkKm3GLHpLiq3J4gE,"","North Campus",Gammage,"W", 10/06/2025 05:10:00 PM,"(UTC-07:00) Arizona",,,5054638.5,5054638.5,5054638.5,
PNTM9M2jMkKm3GLHpLiq3J4gE,"","North Campus",Gammage,"W", 10/06/2025 05:20:00 PM,"(UTC-07:00) Arizona",,,5020552.75,5018424,5022681.5,
PNTM9M2jMkKm3GLHpLiq3J4gE,"","North Campus",Gammage,"W", 10/06/2025 05:30:00 PM,"(UTC-07:00) Arizona",,,5009608.5,5009608.5,5009608.5,
PNTM9M2jMkKm3GLHpLiq3J4gE,"","North Campus",Gammage,"W", 10/06/2025 05:40:00 PM,"(UTC-07:00) Arizona",,,4973844.5,4973844.5,4973844.5,
PNTM9M2jMkKm3GLHpLiq3J4gE,"","North Campus",Gammage,"W", 10/06/2025 05:50:00 PM,"(UTC-07:00) Arizona",,,4931785.5,4931785.5,4931785.5,
PNTM9M2jMkKm3GLHpLiq3J4gE,"","North Campus",Gammage,"W", 10/06/2025 06:00:00 PM,"(UTC-07:00) Arizona",,,4804257,4804257,4804257,
PNTM9M2jMkKm3GLHpLiq3J4gE,"","North Campus",Gammage,"W", 10/06/2025 06:10:00 PM,"(UTC-07:00) Arizona",,,4714230,4714230,4714230,
PNTM9M2jMkKm3GLHpLiq3J4gE,"","North Campus",Gammage,"W", 10/06/2025 06:20:00 PM,"(UTC-07:00) Arizona",,,4806090.5,4806090.5,4806090.5,
PNTM9M2jMkKm3GLHpLiq3J4gE,"","North Campus",Gammage,"W", 10/06/2025 06:30:00 PM,"(UTC-07:00) Arizona",,,4772131,4752665.5,4791596.5,
PNTM9M2jMkKm3GLHpLiq3J4gE,"","North Campus",Gammage,"W", 10/06/2025 06:40:00 PM,"(UTC-07:00) Arizona",,,4748715.5,4748715.5,4748715.5,
PNTM9M2jMkKm3GLHpLiq3J4gE,"","North Campus",Gammage,"W", 10/06/2025 06:50:00 PM,"(UTC-07:00) Arizona",,,4769680,4769680,4769680,
PNTM9M2jMkKm3GLHpLiq3J4gE,"","North Campus",Gammage,"W", 10/06/2025 07:00:00 PM,"(UTC-07:00) Arizona",,,4539266.5,4539266.5,4539266.5,
PNTM9M2jMkKm3GLHpLiq3J4gE,"","North Campus",Gammage,"W", 10/06/2025 07:10:00 PM,"(UTC-07:00) Arizona",,,4577985,4577985,4577985,
PNTM9M2jMkKm3GLHpLiq3J4gE,"","North Campus",Gammage,"W", 10/06/2025 07:20:00 PM,"(UTC-07:00) Arizona",,,4563217.5,4563217.5,4563217.5,
PNTM9M2jMkKm3GLHpLiq3J4gE,"","North Campus",Gammage,"W", 10/06/2025 07:30:00 PM,"(UTC-07:00) Arizona",,,4512391,4512391,4512391,
PNTM9M2jMkKm3GLHpLiq3J4gE,"","North Campus",Gammage,"W", 10/06/2025 07:40:00 PM,"(UTC-07:00) Arizona",,,4453991,4453991,4453991,
PNTM9M2jMkKm3GLHpLiq3J4gE,"","North Campus",Gammage,"W", 10/06/2025 07:50:00 PM,"(UTC-07:00) Arizona",,,4526724.5,4526724.5,4526724.5,
PNTM9M2jMkKm3GLHpLiq3J4gE,"","North Campus",Gammage,"W", 10/06/2025 08:00:00 PM,"(UTC-07:00) Arizona",,,4373899.5,4338567.5,4409231.5,
PNTM9M2jMkKm3GLHpLiq3J4gE,"","North Campus",Gammage,"W", 10/06/2025 08:10:00 PM,"(UTC-07:00) Arizona",,,4330595.5,4330595.5,4330595.5,
PNTM9M2jMkKm3GLHpLiq3J4gE,"","North Campus",Gammage,"W", 10/06/2025 08:20:00 PM,"(UTC-07:00) Arizona",,,4305202.5,4305202.5,4305202.5,
PNTM9M2jMkKm3GLHpLiq3J4gE,"","North Campus",Gammage,"W", 10/06/2025 08:30:00 PM,"(UTC-07:00) Arizona",,,4294816,4294816,4294816,
PNTM9M2jMkKm3GLHpLiq3J4gE,"","North Campus",Gammage,"W", 10/06/2025 08:40:00 PM,"(UTC-07:00) Arizona",,,4203625,4203625,4203625,
PNTM9M2jMkKm3GLHpLiq3J4gE,"","North Campus",Gammage,"W", 10/06/2025 08:50:00 PM,"(UTC-07:00) Arizona",,,4196452.5,4196452.5,4196452.5,
PNTM9M2jMkKm3GLHpLiq3J4gE,"","North Campus",Gammage,"W", 10/06/2025 09:00:00 PM,"(UTC-07:00) Arizona",,,4153959.1,4146848.2,4161070,
PNTM9M2jMkKm3GLHpLiq3J4gE,"","North Campus",Gammage,"W", 10/06/2025 09:10:00 PM,"(UTC-07:00) Arizona",,,4212064,4212064,4212064,
PNTM9M2jMkKm3GLHpLiq3J4gE,"","North Campus",Gammage,"W", 10/06/2025 09:20:00 PM,"(UTC-07:00) Arizona",,,4136576.6,4109365,4163788.2,
PNTM9M2jMkKm3GLHpLiq3J4gE,"","North Campus",Gammage,"W", 10/06/2025 09:30:00 PM,"(UTC-07:00) Arizona",,,4159316.5,4159316.5,4159316.5,
PNTM9M2jMkKm3GLHpLiq3J4gE,"","North Campus",Gammage,"W", 10/06/2025 09:40:00 PM,"(UTC-07:00) Arizona",,,4121918.2,4121918.2,4121918.2,
PNTM9M2jMkKm3GLHpLiq3J4gE,"","North Campus",Gammage,"W", 10/06/2025 09:50:00 PM,"(UTC-07:00) Arizona",,,4142024.2,4142024.2,4142024.2,
PNTM9M2jMkKm3GLHpLiq3J4gE,"","North Campus",Gammage,"W", 10/06/2025 10:20:00 PM,"(UTC-07:00) Arizona",,,3888562.5,3877147,3899978,
PNTM9M2jMkKm3GLHpLiq3J4gE,"","North Campus",Gammage,"W", 10/06/2025 10:30:00 PM,"(UTC-07:00) Arizona",,,3886337,3886337,3886337,
PNTM9M2jMkKm3GLHpLiq3J4gE,"","North Campus",Gammage,"W", 10/06/2025 10:40:00 PM,"(UTC-07:00) Arizona",,,3834369.5,3834369.5,3834369.5,
PNTM9M2jMkKm3GLHpLiq3J4gE,"","North Campus",Gammage,"W", 10/06/2025 10:50:00 PM,"(UTC-07:00) Arizona",,,3701172.8,3701172.8,3701172.8,
PNTM9M2jMkKm3GLHpLiq3J4gE,"","North Campus",Gammage,"W", 10/06/2025 11:00:00 PM,"(UTC-07:00) Arizona",,,3644144,3644144,3644144,
PNTM9M2jMkKm3GLHpLiq3J4gE,"","North Campus",Gammage,"W", 10/06/2025 11:20:00 PM,"(UTC-07:00) Arizona",,,3658530.85,3656523.2,3660538.5,
PNTM9M2jMkKm3GLHpLiq3J4gE,"","North Campus",Gammage,"W", 10/06/2025 11:30:00 PM,"(UTC-07:00) Arizona",,,3642299,3642299,3642299,
PNTM9M2jMkKm3GLHpLiq3J4gE,"","North Campus",Gammage,"W", 10/06/2025 11:50:00 PM,"(UTC-07:00) Arizona",,,3576748,3576748,3576748,
PNTM9M2jMkKm3GLHpLiq3J4gE,"","North Campus",Gammage,"W", 10/07/2025 12:00:00 AM,"(UTC-07:00) Arizona",,,3590549.75,3589848.5,3591251,
PNTM9M2jMkKm3GLHpLiq3J4gE,"","North Campus",Gammage,"W", 10/07/2025 12:10:00 AM,"(UTC-07:00) Arizona",,,3556473.3,3526658.8,3586287.8,
PNTM9M2jMkKm3GLHpLiq3J4gE,"","North Campus",Gammage,"W", 10/07/2025 12:20:00 AM,"(UTC-07:00) Arizona",,,3504147.8,3504147.8,3504147.8,
PNTM9M2jMkKm3GLHpLiq3J4gE,"","North Campus",Gammage,"W", 10/07/2025 12:40:00 AM,"(UTC-07:00) Arizona",,,3497944,3497342,3498546,
PNTM9M2jMkKm3GLHpLiq3J4gE,"","North Campus",Gammage,"W", 10/07/2025 12:50:00 AM,"(UTC-07:00) Arizona",,,3488891.5,3488891.5,3488891.5,
PNTM9M2jMkKm3GLHpLiq3J4gE,"","North Campus",Gammage,"W", 10/07/2025 01:00:00 AM,"(UTC-07:00) Arizona",,,3473352.5,3473352.5,3473352.5,
PNTM9M2jMkKm3GLHpLiq3J4gE,"","North Campus",Gammage,"W", 10/07/2025 01:20:00 AM,"(UTC-07:00) Arizona",,,3426249.5,3415662.5,3436836.5,
PNTM9M2jMkKm3GLHpLiq3J4gE,"","North Campus",Gammage,"W", 10/07/2025 01:30:00 AM,"(UTC-07:00) Arizona",,,3414226.2,3414226.2,3414226.2,
PNTM9M2jMkKm3GLHpLiq3J4gE,"","North Campus",Gammage,"W", 10/07/2025 01:40:00 AM,"(UTC-07:00) Arizona",,,3411130.5,3411130.5,3411130.5,
PNTM9M2jMkKm3GLHpLiq3J4gE,"","North Campus",Gammage,"W", 10/07/2025 01:50:00 AM,"(UTC-07:00) Arizona",,,3368705.7,3355776.2,3381635.2,
PNTM9M2jMkKm3GLHpLiq3J4gE,"","North Campus",Gammage,"W", 10/07/2025 02:00:00 AM,"(UTC-07:00) Arizona",,,3376418.8,3376418.8,3376418.8,
PNTM9M2jMkKm3GLHpLiq3J4gE,"","North Campus",Gammage,"W", 10/07/2025 02:10:00 AM,"(UTC-07:00) Arizona",,,3380081.35,3376437.5,3383725.2,
PNTM9M2jMkKm3GLHpLiq3J4gE,"","North Campus",Gammage,"W", 10/07/2025 02:20:00 AM,"(UTC-07:00) Arizona",,,3360436.5,3354896.2,3365976.8,
PNTM9M2jMkKm3GLHpLiq3J4gE,"","North Campus",Gammage,"W", 10/07/2025 02:30:00 AM,"(UTC-07:00) Arizona",,,3376454.15,3357266.8,3395641.5,
PNTM9M2jMkKm3GLHpLiq3J4gE,"","North Campus",Gammage,"W", 10/07/2025 02:40:00 AM,"(UTC-07:00) Arizona",,,3372557.2,3372557.2,3372557.2,
PNTM9M2jMkKm3GLHpLiq3J4gE,"","North Campus",Gammage,"W", 10/07/2025 02:50:00 AM,"(UTC-07:00) Arizona",,,3416926.2,3416926.2,3416926.2,
PNTM9M2jMkKm3GLHpLiq3J4gE,"","North Campus",Gammage,"W", 10/07/2025 03:00:00 AM,"(UTC-07:00) Arizona",,,3405720.8,3405720.8,3405720.8,
PNTM9M2jMkKm3GLHpLiq3J4gE,"","North Campus",Gammage,"W", 10/07/2025 03:10:00 AM,"(UTC-07:00) Arizona",,,3401001,3401001,3401001,
PNTM9M2jMkKm3GLHpLiq3J4gE,"","North Campus",Gammage,"W", 10/07/2025 03:20:00 AM,"(UTC-07:00) Arizona",,,3415337.4,3409729,3420945.8,
PNTM9M2jMkKm3GLHpLiq3J4gE,"","North Campus",Gammage,"W", 10/07/2025 03:30:00 AM,"(UTC-07:00) Arizona",,,3378592.8,3378592.8,3378592.8,
PNTM9M2jMkKm3GLHpLiq3J4gE,"","North Campus",Gammage,"W", 10/07/2025 03:40:00 AM,"(UTC-07:00) Arizona",,,3454199.8,3454199.8,3454199.8,
PNTM9M2jMkKm3GLHpLiq3J4gE,"","North Campus",Gammage,"W", 10/07/2025 03:50:00 AM,"(UTC-07:00) Arizona",,,3418242,3418242,3418242,
PNTM9M2jMkKm3GLHpLiq3J4gE,"","North Campus",Gammage,"W", 10/07/2025 04:00:00 AM,"(UTC-07:00) Arizona",,,3461565.8,3461565.8,3461565.8,
PNTM9M2jMkKm3GLHpLiq3J4gE,"","North Campus",Gammage,"W", 10/07/2025 04:10:00 AM,"(UTC-07:00) Arizona",,,3453226.5,3453226.5,3453226.5,
PNTM9M2jMkKm3GLHpLiq3J4gE,"","North Campus",Gammage,"W", 10/07/2025 04:20:00 AM,"(UTC-07:00) Arizona",,,3505629.75,3469125.5,3542134,
PNTM9M2jMkKm3GLHpLiq3J4gE,"","North Campus",Gammage,"W", 10/07/2025 04:30:00 AM,"(UTC-07:00) Arizona",,,3513537.5,3513537.5,3513537.5,
PNTM9M2jMkKm3GLHpLiq3J4gE,"","North Campus",Gammage,"W", 10/07/2025 04:40:00 AM,"(UTC-07:00) Arizona",,,3570490.4,3557086.8,3583894,
PNTM9M2jMkKm3GLHpLiq3J4gE,"","North Campus",Gammage,"W", 10/07/2025 04:50:00 AM,"(UTC-07:00) Arizona",,,3621603.2,3621603.2,3621603.2,
PNTM9M2jMkKm3GLHpLiq3J4gE,"","North Campus",Gammage,"W", 10/07/2025 05:00:00 AM,"(UTC-07:00) Arizona",,,3594408.2,3594408.2,3594408.2,
PNTM9M2jMkKm3GLHpLiq3J4gE,"","North Campus",Gammage,"W", 10/07/2025 05:10:00 AM,"(UTC-07:00) Arizona",,,3628454.5,3619200.5,3637708.5,
PNTM9M2jMkKm3GLHpLiq3J4gE,"","North Campus",Gammage,"W", 10/07/2025 05:20:00 AM,"(UTC-07:00) Arizona",,,3592171.5,3592171.5,3592171.5,
PNTM9M2jMkKm3GLHpLiq3J4gE,"","North Campus",Gammage,"W", 10/07/2025 05:30:00 AM,"(UTC-07:00) Arizona",,,3606969.5,3606969.5,3606969.5,
PNTM9M2jMkKm3GLHpLiq3J4gE,"","North Campus",Gammage,"W", 10/07/2025 05:40:00 AM,"(UTC-07:00) Arizona",,,3623055,3591260,3654850,
PNTM9M2jMkKm3GLHpLiq3J4gE,"","North Campus",Gammage,"W", 10/07/2025 05:50:00 AM,"(UTC-07:00) Arizona",,,3646065.5,3637675.5,3654455.5,
PNTM9M2jMkKm3GLHpLiq3J4gE,"","North Campus",Gammage,"W", 10/07/2025 06:00:00 AM,"(UTC-07:00) Arizona",,,3774689,3774689,3774689,
PNTM9M2jMkKm3GLHpLiq3J4gE,"","North Campus",Gammage,"W", 10/07/2025 06:10:00 AM,"(UTC-07:00) Arizona",,,3811660.2,3811660.2,3811660.2,
PNTM9M2jMkKm3GLHpLiq3J4gE,"","North Campus",Gammage,"W", 10/07/2025 06:20:00 AM,"(UTC-07:00) Arizona",,,3794209.5,3794209.5,3794209.5,
PNTM9M2jMkKm3GLHpLiq3J4gE,"","North Campus",Gammage,"W", 10/07/2025 06:30:00 AM,"(UTC-07:00) Arizona",,,3820429.15,3801120.8,3839737.5,
PNTM9M2jMkKm3GLHpLiq3J4gE,"","North Campus",Gammage,"W", 10/07/2025 06:40:00 AM,"(UTC-07:00) Arizona",,,3886454,3886454,3886454,
PNTM9M2jMkKm3GLHpLiq3J4gE,"","North Campus",Gammage,"W", 10/07/2025 06:50:00 AM,"(UTC-07:00) Arizona",,,3828325.5,3828325.5,3828325.5,
PNTM9M2jMkKm3GLHpLiq3J4gE,"","North Campus",Gammage,"W", 10/07/2025 07:00:00 AM,"(UTC-07:00) Arizona",,,4027646.5,4027646.5,4027646.5,
PNTM9M2jMkKm3GLHpLiq3J4gE,"","North Campus",Gammage,"W", 10/07/2025 07:10:00 AM,"(UTC-07:00) Arizona",,,4054685.8,4054685.8,4054685.8,
PNTM9M2jMkKm3GLHpLiq3J4gE,"","North Campus",Gammage,"W", 10/07/2025 07:20:00 AM,"(UTC-07:00) Arizona",,,4094490.5,4072021.2,4116959.8,
PNTM9M2jMkKm3GLHpLiq3J4gE,"","North Campus",Gammage,"W", 10/07/2025 07:30:00 AM,"(UTC-07:00) Arizona",,,4096413.8,4096413.8,4096413.8,
PNTM9M2jMkKm3GLHpLiq3J4gE,"","North Campus",Gammage,"W", 10/07/2025 07:40:00 AM,"(UTC-07:00) Arizona",,,4256296.5,4256296.5,4256296.5,
PNTM9M2jMkKm3GLHpLiq3J4gE,"","North Campus",Gammage,"W", 10/07/2025 07:50:00 AM,"(UTC-07:00) Arizona",,,4161598.2,4161598.2,4161598.2,
PNTM9M2jMkKm3GLHpLiq3J4gE,"","North Campus",Gammage,"W", 10/07/2025 08:00:00 AM,"(UTC-07:00) Arizona",,,4348127.5,4300843,4395412,
PNTM9M2jMkKm3GLHpLiq3J4gE,"","North Campus",Gammage,"W", 10/07/2025 08:10:00 AM,"(UTC-07:00) Arizona",,,4329546.5,4329546.5,4329546.5,
PNTM9M2jMkKm3GLHpLiq3J4gE,"","North Campus",Gammage,"W", 10/07/2025 08:20:00 AM,"(UTC-07:00) Arizona",,,4363601.5,4363601.5,4363601.5,
PNTM9M2jMkKm3GLHpLiq3J4gE,"","North Campus",Gammage,"W", 10/07/2025 08:30:00 AM,"(UTC-07:00) Arizona",,,4352254,4352254,4352254,
PNTM9M2jMkKm3GLHpLiq3J4gE,"","North Campus",Gammage,"W", 10/07/2025 08:40:00 AM,"(UTC-07:00) Arizona",,,4445424,4445424,4445424,
PNTM9M2jMkKm3GLHpLiq3J4gE,"","North Campus",Gammage,"W", 10/07/2025 08:50:00 AM,"(UTC-07:00) Arizona",,,4601203.5,4601203.5,4601203.5,
PNTM9M2jMkKm3GLHpLiq3J4gE,"","North Campus",Gammage,"W", 10/07/2025 09:00:00 AM,"(UTC-07:00) Arizona",,,4646421,4646421,4646421,
PNTM9M2jMkKm3GLHpLiq3J4gE,"","North Campus",Gammage,"W", 10/07/2025 09:10:00 AM,"(UTC-07:00) Arizona",,,4690902,4690902,4690902,
PNTM9M2jMkKm3GLHpLiq3J4gE,"","North Campus",Gammage,"W", 10/07/2025 09:20:00 AM,"(UTC-07:00) Arizona",,,4536930.5,4536930.5,4536930.5,
PNTM9M2jMkKm3GLHpLiq3J4gE,"","North Campus",Gammage,"W", 10/07/2025 09:30:00 AM,"(UTC-07:00) Arizona",,,4582771,4582771,4582771,
PNTM9M2jMkKm3GLHpLiq3J4gE,"","North Campus",Gammage,"W", 10/07/2025 09:40:00 AM,"(UTC-07:00) Arizona",,,4595696.5,4595696.5,4595696.5,
PNTM9M2jMkKm3GLHpLiq3J4gE,"","North Campus",Gammage,"W", 10/07/2025 09:50:00 AM,"(UTC-07:00) Arizona",,,4615922,4615922,4615922,
PNTM9M2jMkKm3GLHpLiq3J4gE,"","North Campus",Gammage,"W", 10/07/2025 10:00:00 AM,"(UTC-07:00) Arizona",,,4796843,4796843,4796843,
PNTM9M2jMkKm3GLHpLiq3J4gE,"","North Campus",Gammage,"W", 10/07/2025 10:10:00 AM,"(UTC-07:00) Arizona",,,4688145.5,4688145.5,4688145.5,
PNTM9M2jMkKm3GLHpLiq3J4gE,"","North Campus",Gammage,"W", 10/07/2025 10:20:00 AM,"(UTC-07:00) Arizona",,,4668514.5,4668514.5,4668514.5,
PNTM9M2jMkKm3GLHpLiq3J4gE,"","North Campus",Gammage,"W", 10/07/2025 10:40:00 AM,"(UTC-07:00) Arizona",,,4730048,4730048,4730048,
PNTM9M2jMkKm3GLHpLiq3J4gE,"","North Campus",Gammage,"W", 10/07/2025 10:50:00 AM,"(UTC-07:00) Arizona",,,4900166.5,4900166.5,4900166.5,
PNTM9M2jMkKm3GLHpLiq3J4gE,"","North Campus",Gammage,"W", 10/07/2025 11:00:00 AM,"(UTC-07:00) Arizona",,,4827140.5,4827140.5,4827140.5,
PNTM9M2jMkKm3GLHpLiq3J4gE,"","North Campus",Gammage,"W", 10/07/2025 11:10:00 AM,"(UTC-07:00) Arizona",,,4936092,4936092,4936092,
PNTM9M2jMkKm3GLHpLiq3J4gE,"","North Campus",Gammage,"W", 10/07/2025 11:20:00 AM,"(UTC-07:00) Arizona",,,4927900.75,4922332,4933469.5,
PNTM9M2jMkKm3GLHpLiq3J4gE,"","North Campus",Gammage,"W", 10/07/2025 11:30:00 AM,"(UTC-07:00) Arizona",,,4930530,4930530,4930530,
PNTM9M2jMkKm3GLHpLiq3J4gE,"","North Campus",Gammage,"W", 10/07/2025 11:40:00 AM,"(UTC-07:00) Arizona",,,4943969.5,4943969.5,4943969.5,
PNTM9M2jMkKm3GLHpLiq3J4gE,"","North Campus",Gammage,"W", 10/07/2025 12:00:00 PM,"(UTC-07:00) Arizona",,,5021814,5021814,5021814,
PNTM9M2jMkKm3GLHpLiq3J4gE,"","North Campus",Gammage,"W", 10/07/2025 12:10:00 PM,"(UTC-07:00) Arizona",,,5002406,5002406,5002406,
PNTM9M2jMkKm3GLHpLiq3J4gE,"","North Campus",Gammage,"W", 10/07/2025 12:20:00 PM,"(UTC-07:00) Arizona",,,4941857,4941857,4941857,
PNTM9M2jMkKm3GLHpLiq3J4gE,"","North Campus",Gammage,"W", 10/07/2025 12:30:00 PM,"(UTC-07:00) Arizona",,,4943038.5,4943038.5,4943038.5,
PNTM9M2jMkKm3GLHpLiq3J4gE,"","North Campus",Gammage,"W", 10/07/2025 12:50:00 PM,"(UTC-07:00) Arizona",,,5009194.5,5009194.5,5009194.5,
PNTM9M2jMkKm3GLHpLiq3J4gE,"","North Campus",Gammage,"W", 10/07/2025 01:00:00 PM,"(UTC-07:00) Arizona",,,4949618.5,4949618.5,4949618.5,
PNTM9M2jMkKm3GLHpLiq3J4gE,"","North Campus",Gammage,"W", 10/07/2025 01:10:00 PM,"(UTC-07:00) Arizona",,,4989477.5,4989477.5,4989477.5,
PNTM9M2jMkKm3GLHpLiq3J4gE,"","North Campus",Gammage,"W", 10/07/2025 01:20:00 PM,"(UTC-07:00) Arizona",,,4952908.5,4952908.5,4952908.5,
PNTM9M2jMkKm3GLHpLiq3J4gE,"","North Campus",Gammage,"W", 10/07/2025 01:30:00 PM,"(UTC-07:00) Arizona",,,5017139.5,5017139.5,5017139.5,
PNTM9M2jMkKm3GLHpLiq3J4gE,"","North Campus",Gammage,"W", 10/07/2025 01:40:00 PM,"(UTC-07:00) Arizona",,,5021125,5021125,5021125,
PNTM9M2jMkKm3GLHpLiq3J4gE,"","North Campus",Gammage,"W", 10/07/2025 01:50:00 PM,"(UTC-07:00) Arizona",,,5191663.5,5191663.5,5191663.5,
PNTM9M2jMkKm3GLHpLiq3J4gE,"","North Campus",Gammage,"W", 10/07/2025 02:00:00 PM,"(UTC-07:00) Arizona",,,5099185,5099185,5099185,
PNTM9M2jMkKm3GLHpLiq3J4gE,"","North Campus",Gammage,"W", 10/07/2025 02:10:00 PM,"(UTC-07:00) Arizona",,,5128629,5128629,5128629,
PNTM9M2jMkKm3GLHpLiq3J4gE,"","North Campus",Gammage,"W", 10/07/2025 02:20:00 PM,"(UTC-07:00) Arizona",,,5196534.5,5196534.5,5196534.5,
PNTM9M2jMkKm3GLHpLiq3J4gE,"","North Campus",Gammage,"W", 10/07/2025 02:30:00 PM,"(UTC-07:00) Arizona",,,5169719.5,5169719.5,5169719.5,
PNTM9M2jMkKm3GLHpLiq3J4gE,"","North Campus",Gammage,"W", 10/07/2025 02:40:00 PM,"(UTC-07:00) Arizona",,,5219261.5,5127955,5310568,
PNTM9M2jMkKm3GLHpLiq3J4gE,"","North Campus",Gammage,"W", 10/07/2025 02:50:00 PM,"(UTC-07:00) Arizona",,,5071121.5,5071121.5,5071121.5,
PNTM9M2jMkKm3GLHpLiq3J4gE,"","North Campus",Gammage,"W", 10/07/2025 03:00:00 PM,"(UTC-07:00) Arizona",,,5112115.5,5072654.5,5151576.5,
PNTM9M2jMkKm3GLHpLiq3J4gE,"","North Campus",Gammage,"W", 10/07/2025 03:10:00 PM,"(UTC-07:00) Arizona",,,5235549,5235549,5235549,
PNTM9M2jMkKm3GLHpLiq3J4gE,"","North Campus",Gammage,"W", 10/07/2025 03:20:00 PM,"(UTC-07:00) Arizona",,,5181758.5,5181758.5,5181758.5,
PNTM9M2jMkKm3GLHpLiq3J4gE,"","North Campus",Gammage,"W", 10/07/2025 03:30:00 PM,"(UTC-07:00) Arizona",,,5175200.25,5174718.5,5175682,
PNTM9M2jMkKm3GLHpLiq3J4gE,"","North Campus",Gammage,"W", 10/07/2025 03:40:00 PM,"(UTC-07:00) Arizona",,,5141057,5141057,5141057,
PNTM9M2jMkKm3GLHpLiq3J4gE,"","North Campus",Gammage,"W", 10/07/2025 03:50:00 PM,"(UTC-07:00) Arizona",,,5158845.25,5152609.5,5165081,
PNTM9M2jMkKm3GLHpLiq3J4gE,"","North Campus",Gammage,"W", 10/07/2025 04:00:00 PM,"(UTC-07:00) Arizona",,,5243684,5243684,5243684,
PNTM9M2jMkKm3GLHpLiq3J4gE,"","North Campus",Gammage,"W", 10/07/2025 04:10:00 PM,"(UTC-07:00) Arizona",,,5141220.5,5141220.5,5141220.5,
PNTM9M2jMkKm3GLHpLiq3J4gE,"","North Campus",Gammage,"W", 10/07/2025 04:30:00 PM,"(UTC-07:00) Arizona",,,5248739,5248739,5248739,
PNTM9M2jMkKm3GLHpLiq3J4gE,"","North Campus",Gammage,"W", 10/07/2025 04:40:00 PM,"(UTC-07:00) Arizona",,,5249573.5,5249573.5,5249573.5,
PNTM9M2jMkKm3GLHpLiq3J4gE,"","North Campus",Gammage,"W", 10/07/2025 04:50:00 PM,"(UTC-07:00) Arizona",,,5236201.75,5229614,5242789.5,
PNTM9M2jMkKm3GLHpLiq3J4gE,"","North Campus",Gammage,"W", 10/07/2025 05:10:00 PM,"(UTC-07:00) Arizona",,,5102651,5102651,5102651,
PNTM9M2jMkKm3GLHpLiq3J4gE,"","North Campus",Gammage,"W", 10/07/2025 05:20:00 PM,"(UTC-07:00) Arizona",,,5170388,5170388,5170388,
PNTM9M2jMkKm3GLHpLiq3J4gE,"","North Campus",Gammage,"W", 10/07/2025 05:30:00 PM,"(UTC-07:00) Arizona",,,5151154,5151154,5151154,
PNTM9M2jMkKm3GLHpLiq3J4gE,"","North Campus",Gammage,"W", 10/07/2025 05:40:00 PM,"(UTC-07:00) Arizona",,,5179611.5,5179611.5,5179611.5,
PNTM9M2jMkKm3GLHpLiq3J4gE,"","North Campus",Gammage,"W", 10/07/2025 05:50:00 PM,"(UTC-07:00) Arizona",,,5023120,5023120,5023120,
PNTM9M2jMkKm3GLHpLiq3J4gE,"","North Campus",Gammage,"W", 10/07/2025 06:00:00 PM,"(UTC-07:00) Arizona",,,4981544,4981544,4981544,
PNTM9M2jMkKm3GLHpLiq3J4gE,"","North Campus",Gammage,"W", 10/07/2025 06:10:00 PM,"(UTC-07:00) Arizona",,,5086815.5,5086815.5,5086815.5,
PNTM9M2jMkKm3GLHpLiq3J4gE,"","North Campus",Gammage,"W", 10/07/2025 06:20:00 PM,"(UTC-07:00) Arizona",,,5009599.5,5009599.5,5009599.5,
PNTM9M2jMkKm3GLHpLiq3J4gE,"","North Campus",Gammage,"W", 10/07/2025 06:30:00 PM,"(UTC-07:00) Arizona",,,5002527,5002527,5002527,
PNTM9M2jMkKm3GLHpLiq3J4gE,"","North Campus",Gammage,"W", 10/07/2025 06:40:00 PM,"(UTC-07:00) Arizona",,,4979289.5,4979289.5,4979289.5,
PNTM9M2jMkKm3GLHpLiq3J4gE,"","North Campus",Gammage,"W", 10/07/2025 06:50:00 PM,"(UTC-07:00) Arizona",,,4935127,4935127,4935127,
PNTM9M2jMkKm3GLHpLiq3J4gE,"","North Campus",Gammage,"W", 10/07/2025 07:00:00 PM,"(UTC-07:00) Arizona",,,4808551,4808551,4808551,
PNTM9M2jMkKm3GLHpLiq3J4gE,"","North Campus",Gammage,"W", 10/07/2025 07:10:00 PM,"(UTC-07:00) Arizona",,,4663008,4663008,4663008,
PNTM9M2jMkKm3GLHpLiq3J4gE,"","North Campus",Gammage,"W", 10/07/2025 07:30:00 PM,"(UTC-07:00) Arizona",,,4556315,4556315,4556315,
PNTM9M2jMkKm3GLHpLiq3J4gE,"","North Campus",Gammage,"W", 10/07/2025 07:40:00 PM,"(UTC-07:00) Arizona",,,4544644.5,4544644.5,4544644.5,
PNTM9M2jMkKm3GLHpLiq3J4gE,"","North Campus",Gammage,"W", 10/07/2025 07:50:00 PM,"(UTC-07:00) Arizona",,,4488348.5,4418271,4558426,
PNTM9M2jMkKm3GLHpLiq3J4gE,"","North Campus",Gammage,"W", 10/07/2025 08:00:00 PM,"(UTC-07:00) Arizona",,,4405813.5,4405813.5,4405813.5,
PNTM9M2jMkKm3GLHpLiq3J4gE,"","North Campus",Gammage,"W", 10/07/2025 08:10:00 PM,"(UTC-07:00) Arizona",,,4335157.5,4335157.5,4335157.5,
PNTM9M2jMkKm3GLHpLiq3J4gE,"","North Campus",Gammage,"W", 10/07/2025 08:20:00 PM,"(UTC-07:00) Arizona",,,4300248.5,4300248.5,4300248.5,
PNTM9M2jMkKm3GLHpLiq3J4gE,"","North Campus",Gammage,"W", 10/07/2025 08:30:00 PM,"(UTC-07:00) Arizona",,,4243532,4243532,4243532,
PNTM9M2jMkKm3GLHpLiq3J4gE,"","North Campus",Gammage,"W", 10/07/2025 08:40:00 PM,"(UTC-07:00) Arizona",,,4212791,4212791,4212791,
PNTM9M2jMkKm3GLHpLiq3J4gE,"","North Campus",Gammage,"W", 10/07/2025 08:50:00 PM,"(UTC-07:00) Arizona",,,4257455,4257455,4257455,
PNTM9M2jMkKm3GLHpLiq3J4gE,"","North Campus",Gammage,"W", 10/07/2025 09:00:00 PM,"(UTC-07:00) Arizona",,,4140058.8,4140058.8,4140058.8,
PNTM9M2jMkKm3GLHpLiq3J4gE,"","North Campus",Gammage,"W", 10/07/2025 09:10:00 PM,"(UTC-07:00) Arizona",,,4188020.5,4188020.5,4188020.5,
PNTM9M2jMkKm3GLHpLiq3J4gE,"","North Campus",Gammage,"W", 10/07/2025 09:20:00 PM,"(UTC-07:00) Arizona",,,4096651.5,4096651.5,4096651.5,
PNTM9M2jMkKm3GLHpLiq3J4gE,"","North Campus",Gammage,"W", 10/07/2025 09:30:00 PM,"(UTC-07:00) Arizona",,,4016152.5,4016152.5,4016152.5,
PNTM9M2jMkKm3GLHpLiq3J4gE,"","North Campus",Gammage,"W", 10/07/2025 09:40:00 PM,"(UTC-07:00) Arizona",,,4061576.5,4061576.5,4061576.5,
PNTM9M2jMkKm3GLHpLiq3J4gE,"","North Campus",Gammage,"W", 10/07/2025 09:50:00 PM,"(UTC-07:00) Arizona",,,4068835.5,4068835.5,4068835.5,
PNTM9M2jMkKm3GLHpLiq3J4gE,"","North Campus",Gammage,"W", 10/07/2025 10:10:00 PM,"(UTC-07:00) Arizona",,,3952505,3952505,3952505,
PNTM9M2jMkKm3GLHpLiq3J4gE,"","North Campus",Gammage,"W", 10/07/2025 10:20:00 PM,"(UTC-07:00) Arizona",,,3895415.8,3895415.8,3895415.8,
PNTM9M2jMkKm3GLHpLiq3J4gE,"","North Campus",Gammage,"W", 10/07/2025 10:30:00 PM,"(UTC-07:00) Arizona",,,3842218.5,3842218.5,3842218.5,
PNTM9M2jMkKm3GLHpLiq3J4gE,"","North Campus",Gammage,"W", 10/07/2025 10:40:00 PM,"(UTC-07:00) Arizona",,,3885095,3885095,3885095,
PNTM9M2jMkKm3GLHpLiq3J4gE,"","North Campus",Gammage,"W", 10/07/2025 10:50:00 PM,"(UTC-07:00) Arizona",,,3871970.5,3871970.5,3871970.5,
PNTM9M2jMkKm3GLHpLiq3J4gE,"","North Campus",Gammage,"W", 10/07/2025 11:00:00 PM,"(UTC-07:00) Arizona",,,3705807.8,3705807.8,3705807.8,
PNTM9M2jMkKm3GLHpLiq3J4gE,"","North Campus",Gammage,"W", 10/07/2025 11:10:00 PM,"(UTC-07:00) Arizona",,,3601627,3601627,3601627,
PNTM9M2jMkKm3GLHpLiq3J4gE,"","North Campus",Gammage,"W", 10/07/2025 11:20:00 PM,"(UTC-07:00) Arizona",,,3656869,3656869,3656869,
PNTM9M2jMkKm3GLHpLiq3J4gE,"","North Campus",Gammage,"W", 10/07/2025 11:40:00 PM,"(UTC-07:00) Arizona",,,3654925.8,3654925.8,3654925.8,
PNTM9M2jMkKm3GLHpLiq3J4gE,"","North Campus",Gammage,"W", 10/08/2025 12:00:00 AM,"(UTC-07:00) Arizona",,,3562003.8,3562003.8,3562003.8,
PNTM9M2jMkKm3GLHpLiq3J4gE,"","North Campus",Gammage,"W", 10/08/2025 12:10:00 AM,"(UTC-07:00) Arizona",,,3457277.5,3457277.5,3457277.5,
PNTM9M2jMkKm3GLHpLiq3J4gE,"","North Campus",Gammage,"W", 10/08/2025 12:20:00 AM,"(UTC-07:00) Arizona",,,3461665.8,3461665.8,3461665.8,
PNTM9M2jMkKm3GLHpLiq3J4gE,"","North Campus",Gammage,"W", 10/08/2025 12:30:00 AM,"(UTC-07:00) Arizona",,,3433843.8,3433843.8,3433843.8,
PNTM9M2jMkKm3GLHpLiq3J4gE,"","North Campus",Gammage,"W", 10/08/2025 12:40:00 AM,"(UTC-07:00) Arizona",,,3423757.2,3423757.2,3423757.2,
PNTM9M2jMkKm3GLHpLiq3J4gE,"","North Campus",Gammage,"W", 10/08/2025 12:50:00 AM,"(UTC-07:00) Arizona",,,3409653.5,3409653.5,3409653.5,
PNTM9M2jMkKm3GLHpLiq3J4gE,"","North Campus",Gammage,"W", 10/08/2025 01:20:00 AM,"(UTC-07:00) Arizona",,,3381067.25,3333068.5,3429066,
PNTM9M2jMkKm3GLHpLiq3J4gE,"","North Campus",Gammage,"W", 10/08/2025 01:40:00 AM,"(UTC-07:00) Arizona",,,3376939,3376939,3376939,
PNTM9M2jMkKm3GLHpLiq3J4gE,"","North Campus",Gammage,"W", 10/08/2025 01:50:00 AM,"(UTC-07:00) Arizona",,,3311361.5,3311361.5,3311361.5,
PNTM9M2jMkKm3GLHpLiq3J4gE,"","North Campus",Gammage,"W", 10/08/2025 02:00:00 AM,"(UTC-07:00) Arizona",,,3309088,3309088,3309088,
PNTM9M2jMkKm3GLHpLiq3J4gE,"","North Campus",Gammage,"W", 10/08/2025 02:10:00 AM,"(UTC-07:00) Arizona",,,3341485.5,3341485.5,3341485.5,
PNTM9M2jMkKm3GLHpLiq3J4gE,"","North Campus",Gammage,"W", 10/08/2025 02:20:00 AM,"(UTC-07:00) Arizona",,,3354835,3354835,3354835,
PNTM9M2jMkKm3GLHpLiq3J4gE,"","North Campus",Gammage,"W", 10/08/2025 02:30:00 AM,"(UTC-07:00) Arizona",,,3316828.8,3316828.8,3316828.8,
PNTM9M2jMkKm3GLHpLiq3J4gE,"","North Campus",Gammage,"W", 10/08/2025 02:40:00 AM,"(UTC-07:00) Arizona",,,3343731,3343731,3343731,
PNTM9M2jMkKm3GLHpLiq3J4gE,"","North Campus",Gammage,"W", 10/08/2025 02:50:00 AM,"(UTC-07:00) Arizona",,,3330135,3330135,3330135,
PNTM9M2jMkKm3GLHpLiq3J4gE,"","North Campus",Gammage,"W", 10/08/2025 03:00:00 AM,"(UTC-07:00) Arizona",,,3357632.8,3357632.8,3357632.8,
PNTM9M2jMkKm3GLHpLiq3J4gE,"","North Campus",Gammage,"W", 10/08/2025 03:10:00 AM,"(UTC-07:00) Arizona",,,3391945.5,3391945.5,3391945.5,
PNTM9M2jMkKm3GLHpLiq3J4gE,"","North Campus",Gammage,"W", 10/08/2025 03:20:00 AM,"(UTC-07:00) Arizona",,,3388886.5,3388886.5,3388886.5,
PNTM9M2jMkKm3GLHpLiq3J4gE,"","North Campus",Gammage,"W", 10/08/2025 03:30:00 AM,"(UTC-07:00) Arizona",,,3335791.5,3335791.5,3335791.5,
PNTM9M2jMkKm3GLHpLiq3J4gE,"","North Campus",Gammage,"W", 10/08/2025 03:40:00 AM,"(UTC-07:00) Arizona",,,3411744.2,3411744.2,3411744.2,
PNTM9M2jMkKm3GLHpLiq3J4gE,"","North Campus",Gammage,"W", 10/08/2025 03:50:00 AM,"(UTC-07:00) Arizona",,,3414688.5,3414688.5,3414688.5,
PNTM9M2jMkKm3GLHpLiq3J4gE,"","North Campus",Gammage,"W", 10/08/2025 04:00:00 AM,"(UTC-07:00) Arizona",,,3385532.85,3379117.5,3391948.2,
PNTM9M2jMkKm3GLHpLiq3J4gE,"","North Campus",Gammage,"W", 10/08/2025 04:10:00 AM,"(UTC-07:00) Arizona",,,3490938.2,3490938.2,3490938.2,
PNTM9M2jMkKm3GLHpLiq3J4gE,"","North Campus",Gammage,"W", 10/08/2025 04:20:00 AM,"(UTC-07:00) Arizona",,,3473175.9,3455441,3490910.8,
PNTM9M2jMkKm3GLHpLiq3J4gE,"","North Campus",Gammage,"W", 10/08/2025 04:30:00 AM,"(UTC-07:00) Arizona",,,3448654.5,3448654.5,3448654.5,
PNTM9M2jMkKm3GLHpLiq3J4gE,"","North Campus",Gammage,"W", 10/08/2025 04:50:00 AM,"(UTC-07:00) Arizona",,,3550516.5,3550516.5,3550516.5,
PNTM9M2jMkKm3GLHpLiq3J4gE,"","North Campus",Gammage,"W", 10/08/2025 05:00:00 AM,"(UTC-07:00) Arizona",,,3606121.6,3561644,3650599.2,
PNTM9M2jMkKm3GLHpLiq3J4gE,"","North Campus",Gammage,"W", 10/08/2025 05:10:00 AM,"(UTC-07:00) Arizona",,,3597623,3571631.2,3623614.8,
PNTM9M2jMkKm3GLHpLiq3J4gE,"","North Campus",Gammage,"W", 10/08/2025 05:20:00 AM,"(UTC-07:00) Arizona",,,3614822,3614822,3614822,
PNTM9M2jMkKm3GLHpLiq3J4gE,"","North Campus",Gammage,"W", 10/08/2025 05:30:00 AM,"(UTC-07:00) Arizona",,,3645231.2,3635999.2,3654463.2,
PNTM9M2jMkKm3GLHpLiq3J4gE,"","North Campus",Gammage,"W", 10/08/2025 05:50:00 AM,"(UTC-07:00) Arizona",,,3684426.2,3656906.2,3711946.2,
PNTM9M2jMkKm3GLHpLiq3J4gE,"","North Campus",Gammage,"W", 10/08/2025 06:00:00 AM,"(UTC-07:00) Arizona",,,3792034.5666666664,3737375.2,3845683.5,
PNTM9M2jMkKm3GLHpLiq3J4gE,"","North Campus",Gammage,"W", 10/08/2025 06:10:00 AM,"(UTC-07:00) Arizona",,,3789149.25,3723797.5,3854501,
PNTM9M2jMkKm3GLHpLiq3J4gE,"","North Campus",Gammage,"W", 10/08/2025 06:20:00 AM,"(UTC-07:00) Arizona",,,3721315.8,3721315.8,3721315.8,
PNTM9M2jMkKm3GLHpLiq3J4gE,"","North Campus",Gammage,"W", 10/08/2025 06:30:00 AM,"(UTC-07:00) Arizona",,,3753602.8,3745763.8,3761441.8,
PNTM9M2jMkKm3GLHpLiq3J4gE,"","North Campus",Gammage,"W", 10/08/2025 06:40:00 AM,"(UTC-07:00) Arizona",,,3784979.2,3784979.2,3784979.2,
PNTM9M2jMkKm3GLHpLiq3J4gE,"","North Campus",Gammage,"W", 10/08/2025 06:50:00 AM,"(UTC-07:00) Arizona",,,3875406.85,3864383.5,3886430.2,
PNTM9M2jMkKm3GLHpLiq3J4gE,"","North Campus",Gammage,"W", 10/08/2025 07:00:00 AM,"(UTC-07:00) Arizona",,,3963212.75,3920892,4005533.5,
PNTM9M2jMkKm3GLHpLiq3J4gE,"","North Campus",Gammage,"W", 10/08/2025 07:10:00 AM,"(UTC-07:00) Arizona",,,3977464.85,3956267.5,3998662.2,
PNTM9M2jMkKm3GLHpLiq3J4gE,"","North Campus",Gammage,"W", 10/08/2025 07:20:00 AM,"(UTC-07:00) Arizona",,,3994664.2,3994664.2,3994664.2,
PNTM9M2jMkKm3GLHpLiq3J4gE,"","North Campus",Gammage,"W", 10/08/2025 07:30:00 AM,"(UTC-07:00) Arizona",,,4176297.5,4176297.5,4176297.5,
PNTM9M2jMkKm3GLHpLiq3J4gE,"","North Campus",Gammage,"W", 10/08/2025 07:40:00 AM,"(UTC-07:00) Arizona",,,4229843.75,4190359.5,4269328,
PNTM9M2jMkKm3GLHpLiq3J4gE,"","North Campus",Gammage,"W", 10/08/2025 07:50:00 AM,"(UTC-07:00) Arizona",,,4181446.75,4176055,4186838.5,
PNTM9M2jMkKm3GLHpLiq3J4gE,"","North Campus",Gammage,"W", 10/08/2025 08:00:00 AM,"(UTC-07:00) Arizona",,,4349514,4349514,4349514,
PNTM9M2jMkKm3GLHpLiq3J4gE,"","North Campus",Gammage,"W", 10/08/2025 08:10:00 AM,"(UTC-07:00) Arizona",,,4542924,4542924,4542924,
PNTM9M2jMkKm3GLHpLiq3J4gE,"","North Campus",Gammage,"W", 10/08/2025 08:20:00 AM,"(UTC-07:00) Arizona",,,4457068.5,4457068.5,4457068.5,
PNTM9M2jMkKm3GLHpLiq3J4gE,"","North Campus",Gammage,"W", 10/08/2025 08:30:00 AM,"(UTC-07:00) Arizona",,,4533138.75,4522056,4544221.5,
PNTM9M2jMkKm3GLHpLiq3J4gE,"","North Campus",Gammage,"W", 10/08/2025 08:40:00 AM,"(UTC-07:00) Arizona",,,4454930.5,4454930.5,4454930.5,
PNTM9M2jMkKm3GLHpLiq3J4gE,"","North Campus",Gammage,"W", 10/08/2025 08:50:00 AM,"(UTC-07:00) Arizona",,,4495513.5,4495513.5,4495513.5,
PNTM9M2jMkKm3GLHpLiq3J4gE,"","North Campus",Gammage,"W", 10/08/2025 09:00:00 AM,"(UTC-07:00) Arizona",,,4569161.75,4516275.5,4622048,
PNTM9M2jMkKm3GLHpLiq3J4gE,"","North Campus",Gammage,"W", 10/08/2025 09:10:00 AM,"(UTC-07:00) Arizona",,,4571123,4571123,4571123,
PNTM9M2jMkKm3GLHpLiq3J4gE,"","North Campus",Gammage,"W", 10/08/2025 09:20:00 AM,"(UTC-07:00) Arizona",,,4550053.5,4518394.5,4581712.5,
PNTM9M2jMkKm3GLHpLiq3J4gE,"","North Campus",Gammage,"W", 10/08/2025 09:30:00 AM,"(UTC-07:00) Arizona",,,4615301,4615301,4615301,
PNTM9M2jMkKm3GLHpLiq3J4gE,"","North Campus",Gammage,"W", 10/08/2025 09:40:00 AM,"(UTC-07:00) Arizona",,,4586367,4586367,4586367,
PNTM9M2jMkKm3GLHpLiq3J4gE,"","North Campus",Gammage,"W", 10/08/2025 09:50:00 AM,"(UTC-07:00) Arizona",,,4718011,4718011,4718011,
PNTM9M2jMkKm3GLHpLiq3J4gE,"","North Campus",Gammage,"W", 10/08/2025 10:00:00 AM,"(UTC-07:00) Arizona",,,4774213.5,4771408,4777019,
PNTM9M2jMkKm3GLHpLiq3J4gE,"","North Campus",Gammage,"W", 10/08/2025 10:20:00 AM,"(UTC-07:00) Arizona",,,4908528,4878142,4938914,
PNTM9M2jMkKm3GLHpLiq3J4gE,"","North Campus",Gammage,"W", 10/08/2025 10:30:00 AM,"(UTC-07:00) Arizona",,,4804482.5,4804482.5,4804482.5,
PNTM9M2jMkKm3GLHpLiq3J4gE,"","North Campus",Gammage,"W", 10/08/2025 10:40:00 AM,"(UTC-07:00) Arizona",,,4972869,4972869,4972869,
PNTM9M2jMkKm3GLHpLiq3J4gE,"","North Campus",Gammage,"W", 10/08/2025 10:50:00 AM,"(UTC-07:00) Arizona",,,4853146,4853146,4853146,
PNTM9M2jMkKm3GLHpLiq3J4gE,"","North Campus",Gammage,"W", 10/08/2025 11:00:00 AM,"(UTC-07:00) Arizona",,,4904943.5,4904943.5,4904943.5,
PNTM9M2jMkKm3GLHpLiq3J4gE,"","North Campus",Gammage,"W", 10/08/2025 11:10:00 AM,"(UTC-07:00) Arizona",,,5042221.5,5042221.5,5042221.5,
PNTM9M2jMkKm3GLHpLiq3J4gE,"","North Campus",Gammage,"W", 10/08/2025 11:20:00 AM,"(UTC-07:00) Arizona",,,4984139,4984139,4984139,
PNTM9M2jMkKm3GLHpLiq3J4gE,"","North Campus",Gammage,"W", 10/08/2025 11:30:00 AM,"(UTC-07:00) Arizona",,,4935571.75,4913616.5,4957527,
PNTM9M2jMkKm3GLHpLiq3J4gE,"","North Campus",Gammage,"W", 10/08/2025 11:40:00 AM,"(UTC-07:00) Arizona",,,4902556.5,4902556.5,4902556.5,
PNTM9M2jMkKm3GLHpLiq3J4gE,"","North Campus",Gammage,"W", 10/08/2025 11:50:00 AM,"(UTC-07:00) Arizona",,,5030300.5,5030300.5,5030300.5,
PNTM9M2jMkKm3GLHpLiq3J4gE,"","North Campus",Gammage,"W", 10/08/2025 12:00:00 PM,"(UTC-07:00) Arizona",,,5078077.5,5078077.5,5078077.5,
PNTM9M2jMkKm3GLHpLiq3J4gE,"","North Campus",Gammage,"W", 10/08/2025 12:10:00 PM,"(UTC-07:00) Arizona",,,4975085.5,4975085.5,4975085.5,
PNTM9M2jMkKm3GLHpLiq3J4gE,"","North Campus",Gammage,"W", 10/08/2025 12:20:00 PM,"(UTC-07:00) Arizona",,,4934108,4874710.5,4993505.5,
PNTM9M2jMkKm3GLHpLiq3J4gE,"","North Campus",Gammage,"W", 10/08/2025 12:30:00 PM,"(UTC-07:00) Arizona",,,5075173,5075173,5075173,
PNTM9M2jMkKm3GLHpLiq3J4gE,"","North Campus",Gammage,"W", 10/08/2025 12:40:00 PM,"(UTC-07:00) Arizona",,,5029829.25,4967523.5,5092135,
PNTM9M2jMkKm3GLHpLiq3J4gE,"","North Campus",Gammage,"W", 10/08/2025 12:50:00 PM,"(UTC-07:00) Arizona",,,5012280,5012280,5012280,
PNTM9M2jMkKm3GLHpLiq3J4gE,"","North Campus",Gammage,"W", 10/08/2025 01:00:00 PM,"(UTC-07:00) Arizona",,,5022877.75,4937644.5,5108111,
PNTM9M2jMkKm3GLHpLiq3J4gE,"","North Campus",Gammage,"W", 10/08/2025 01:10:00 PM,"(UTC-07:00) Arizona",,,5113047.5,5113047.5,5113047.5,
PNTM9M2jMkKm3GLHpLiq3J4gE,"","North Campus",Gammage,"W", 10/08/2025 01:20:00 PM,"(UTC-07:00) Arizona",,,5111133.75,5095450.5,5126817,
PNTM9M2jMkKm3GLHpLiq3J4gE,"","North Campus",Gammage,"W", 10/08/2025 01:40:00 PM,"(UTC-07:00) Arizona",,,5053390.5,5042782.5,5063998.5,
PNTM9M2jMkKm3GLHpLiq3J4gE,"","North Campus",Gammage,"W", 10/08/2025 01:50:00 PM,"(UTC-07:00) Arizona",,,5119159,5119159,5119159,
PNTM9M2jMkKm3GLHpLiq3J4gE,"","North Campus",Gammage,"W", 10/08/2025 02:00:00 PM,"(UTC-07:00) Arizona",,,5079927.75,5076882.5,5082973,
PNTM9M2jMkKm3GLHpLiq3J4gE,"","North Campus",Gammage,"W", 10/08/2025 02:10:00 PM,"(UTC-07:00) Arizona",,,5083752,5083752,5083752,
PNTM9M2jMkKm3GLHpLiq3J4gE,"","North Campus",Gammage,"W", 10/08/2025 02:20:00 PM,"(UTC-07:00) Arizona",,,5110983.5,5088562,5133405,
PNTM9M2jMkKm3GLHpLiq3J4gE,"","North Campus",Gammage,"W", 10/08/2025 02:30:00 PM,"(UTC-07:00) Arizona",,,5153417.5,5153417.5,5153417.5,
PNTM9M2jMkKm3GLHpLiq3J4gE,"","North Campus",Gammage,"W", 10/08/2025 02:40:00 PM,"(UTC-07:00) Arizona",,,5259141,5259141,5259141,
PNTM9M2jMkKm3GLHpLiq3J4gE,"","North Campus",Gammage,"W", 10/08/2025 02:50:00 PM,"(UTC-07:00) Arizona",,,5282474,5264446,5300502,
PNTM9M2jMkKm3GLHpLiq3J4gE,"","North Campus",Gammage,"W", 10/08/2025 03:00:00 PM,"(UTC-07:00) Arizona",,,5323690.75,5320370,5327011.5,
PNTM9M2jMkKm3GLHpLiq3J4gE,"","North Campus",Gammage,"W", 10/08/2025 03:10:00 PM,"(UTC-07:00) Arizona",,,5228326,5228326,5228326,
PNTM9M2jMkKm3GLHpLiq3J4gE,"","North Campus",Gammage,"W", 10/08/2025 03:20:00 PM,"(UTC-07:00) Arizona",,,5352233.5,5352233.5,5352233.5,
PNTM9M2jMkKm3GLHpLiq3J4gE,"","North Campus",Gammage,"W", 10/08/2025 03:30:00 PM,"(UTC-07:00) Arizona",,,5277375,5262482.5,5292267.5,
PNTM9M2jMkKm3GLHpLiq3J4gE,"","North Campus",Gammage,"W", 10/08/2025 03:40:00 PM,"(UTC-07:00) Arizona",,,5126794.75,5087851,5165738.5,
PNTM9M2jMkKm3GLHpLiq3J4gE,"","North Campus",Gammage,"W", 10/08/2025 03:50:00 PM,"(UTC-07:00) Arizona",,,5086313,5086313,5086313,
PNTM9M2jMkKm3GLHpLiq3J4gE,"","North Campus",Gammage,"W", 10/08/2025 04:00:00 PM,"(UTC-07:00) Arizona",,,5147913.5,5147913.5,5147913.5,
PNTM9M2jMkKm3GLHpLiq3J4gE,"","North Campus",Gammage,"W", 10/08/2025 04:10:00 PM,"(UTC-07:00) Arizona",,,5139858.25,5084605.5,5195111,
PNTM9M2jMkKm3GLHpLiq3J4gE,"","North Campus",Gammage,"W", 10/08/2025 04:20:00 PM,"(UTC-07:00) Arizona",,,5274849,5274849,5274849,
PNTM9M2jMkKm3GLHpLiq3J4gE,"","North Campus",Gammage,"W", 10/08/2025 04:30:00 PM,"(UTC-07:00) Arizona",,,5275704.75,5267379,5284030.5,
PNTM9M2jMkKm3GLHpLiq3J4gE,"","North Campus",Gammage,"W", 10/08/2025 04:40:00 PM,"(UTC-07:00) Arizona",,,5268391,5268391,5268391,
PNTM9M2jMkKm3GLHpLiq3J4gE,"","North Campus",Gammage,"W", 10/08/2025 04:50:00 PM,"(UTC-07:00) Arizona",,,5208172.5,5208172.5,5208172.5,
PNTM9M2jMkKm3GLHpLiq3J4gE,"","North Campus",Gammage,"W", 10/08/2025 05:00:00 PM,"(UTC-07:00) Arizona",,,5137866,5124636,5151096,
PNTM9M2jMkKm3GLHpLiq3J4gE,"","North Campus",Gammage,"W", 10/08/2025 05:10:00 PM,"(UTC-07:00) Arizona",,,5200598,5200598,5200598,
PNTM9M2jMkKm3GLHpLiq3J4gE,"","North Campus",Gammage,"W", 10/08/2025 05:20:00 PM,"(UTC-07:00) Arizona",,,5186259.25,5146461,5226057.5,
PNTM9M2jMkKm3GLHpLiq3J4gE,"","North Campus",Gammage,"W", 10/08/2025 05:30:00 PM,"(UTC-07:00) Arizona",,,5143670.5,5114568.5,5172772.5,
PNTM9M2jMkKm3GLHpLiq3J4gE,"","North Campus",Gammage,"W", 10/08/2025 05:40:00 PM,"(UTC-07:00) Arizona",,,5238985.5,5179396,5298575,
PNTM9M2jMkKm3GLHpLiq3J4gE,"","North Campus",Gammage,"W", 10/08/2025 05:50:00 PM,"(UTC-07:00) Arizona",,,5212513.5,5175486.5,5249540.5,
PNTM9M2jMkKm3GLHpLiq3J4gE,"","North Campus",Gammage,"W", 10/08/2025 06:00:00 PM,"(UTC-07:00) Arizona",,,5101464.5,5101464.5,5101464.5,
PNTM9M2jMkKm3GLHpLiq3J4gE,"","North Campus",Gammage,"W", 10/08/2025 06:10:00 PM,"(UTC-07:00) Arizona",,,5014276.5,5014276.5,5014276.5,
PNTM9M2jMkKm3GLHpLiq3J4gE,"","North Campus",Gammage,"W", 10/08/2025 06:20:00 PM,"(UTC-07:00) Arizona",,,4990508,4972447,5008569,
PNTM9M2jMkKm3GLHpLiq3J4gE,"","North Campus",Gammage,"W", 10/08/2025 06:30:00 PM,"(UTC-07:00) Arizona",,,4938181.5,4938181.5,4938181.5,
PNTM9M2jMkKm3GLHpLiq3J4gE,"","North Campus",Gammage,"W", 10/08/2025 06:40:00 PM,"(UTC-07:00) Arizona",,,4930745.75,4899711,4961780.5,
PNTM9M2jMkKm3GLHpLiq3J4gE,"","North Campus",Gammage,"W", 10/08/2025 06:50:00 PM,"(UTC-07:00) Arizona",,,4901510,4901510,4901510,
PNTM9M2jMkKm3GLHpLiq3J4gE,"","North Campus",Gammage,"W", 10/08/2025 07:00:00 PM,"(UTC-07:00) Arizona",,,4747183.25,4704314,4790052.5,
PNTM9M2jMkKm3GLHpLiq3J4gE,"","North Campus",Gammage,"W", 10/08/2025 07:10:00 PM,"(UTC-07:00) Arizona",,,4681646.25,4619161,4744131.5,
PNTM9M2jMkKm3GLHpLiq3J4gE,"","North Campus",Gammage,"W", 10/08/2025 07:20:00 PM,"(UTC-07:00) Arizona",,,4660452.25,4652526.5,4668378,
PNTM9M2jMkKm3GLHpLiq3J4gE,"","North Campus",Gammage,"W", 10/08/2025 07:30:00 PM,"(UTC-07:00) Arizona",,,4627831.5,4627831.5,4627831.5,
PNTM9M2jMkKm3GLHpLiq3J4gE,"","North Campus",Gammage,"W", 10/08/2025 07:50:00 PM,"(UTC-07:00) Arizona",,,4469844.5,4457228.5,4482460.5,
PNTM9M2jMkKm3GLHpLiq3J4gE,"","North Campus",Gammage,"W", 10/08/2025 08:00:00 PM,"(UTC-07:00) Arizona",,,4436458,4436458,4436458,
PNTM9M2jMkKm3GLHpLiq3J4gE,"","North Campus",Gammage,"W", 10/08/2025 08:10:00 PM,"(UTC-07:00) Arizona",,,4433736.25,4388464.5,4479008,
PNTM9M2jMkKm3GLHpLiq3J4gE,"","North Campus",Gammage,"W", 10/08/2025 08:20:00 PM,"(UTC-07:00) Arizona",,,4455960.5,4372829.5,4539091.5,
PNTM9M2jMkKm3GLHpLiq3J4gE,"","North Campus",Gammage,"W", 10/08/2025 08:30:00 PM,"(UTC-07:00) Arizona",,,4387610.5,4387610.5,4387610.5,
PNTM9M2jMkKm3GLHpLiq3J4gE,"","North Campus",Gammage,"W", 10/08/2025 08:40:00 PM,"(UTC-07:00) Arizona",,,4344931.75,4289849.5,4400014,
PNTM9M2jMkKm3GLHpLiq3J4gE,"","North Campus",Gammage,"W", 10/08/2025 08:50:00 PM,"(UTC-07:00) Arizona",,,4372225.5,4372225.5,4372225.5,
PNTM9M2jMkKm3GLHpLiq3J4gE,"","North Campus",Gammage,"W", 10/08/2025 09:00:00 PM,"(UTC-07:00) Arizona",,,4368856,4368856,4368856,
PNTM9M2jMkKm3GLHpLiq3J4gE,"","North Campus",Gammage,"W", 10/08/2025 09:10:00 PM,"(UTC-07:00) Arizona",,,4297681,4297681,4297681,
PNTM9M2jMkKm3GLHpLiq3J4gE,"","North Campus",Gammage,"W", 10/08/2025 09:20:00 PM,"(UTC-07:00) Arizona",,,4224526.833333333,4216228,4233786,
PNTM9M2jMkKm3GLHpLiq3J4gE,"","North Campus",Gammage,"W", 10/08/2025 09:30:00 PM,"(UTC-07:00) Arizona",,,4152797,4152797,4152797,
PNTM9M2jMkKm3GLHpLiq3J4gE,"","North Campus",Gammage,"W", 10/08/2025 09:40:00 PM,"(UTC-07:00) Arizona",,,4150844.5,4150844.5,4150844.5,
PNTM9M2jMkKm3GLHpLiq3J4gE,"","North Campus",Gammage,"W", 10/08/2025 09:50:00 PM,"(UTC-07:00) Arizona",,,4136867,4136867,4136867,
PNTM9M2jMkKm3GLHpLiq3J4gE,"","North Campus",Gammage,"W", 10/08/2025 10:00:00 PM,"(UTC-07:00) Arizona",,,3993200.5,3993200.5,3993200.5,
PNTM9M2jMkKm3GLHpLiq3J4gE,"","North Campus",Gammage,"W", 10/08/2025 10:10:00 PM,"(UTC-07:00) Arizona",,,3947022.9,3936168,3957877.8,
PNTM9M2jMkKm3GLHpLiq3J4gE,"","North Campus",Gammage,"W", 10/08/2025 10:20:00 PM,"(UTC-07:00) Arizona",,,3962615.8,3962615.8,3962615.8,
PNTM9M2jMkKm3GLHpLiq3J4gE,"","North Campus",Gammage,"W", 10/08/2025 10:30:00 PM,"(UTC-07:00) Arizona",,,3975282.65,3968221.8,3982343.5,
PNTM9M2jMkKm3GLHpLiq3J4gE,"","North Campus",Gammage,"W", 10/08/2025 10:40:00 PM,"(UTC-07:00) Arizona",,,3923182.65,3899153.5,3947211.8,
PNTM9M2jMkKm3GLHpLiq3J4gE,"","North Campus",Gammage,"W", 10/08/2025 10:50:00 PM,"(UTC-07:00) Arizona",,,3898900.2,3898900.2,3898900.2,
PNTM9M2jMkKm3GLHpLiq3J4gE,"","North Campus",Gammage,"W", 10/08/2025 11:00:00 PM,"(UTC-07:00) Arizona",,,3714902.0666666664,3705136.2,3723626.5,
PNTM9M2jMkKm3GLHpLiq3J4gE,"","North Campus",Gammage,"W", 10/08/2025 11:10:00 PM,"(UTC-07:00) Arizona",,,3686625.2,3686625.2,3686625.2,
PNTM9M2jMkKm3GLHpLiq3J4gE,"","North Campus",Gammage,"W", 10/08/2025 11:20:00 PM,"(UTC-07:00) Arizona",,,3665124,3665124,3665124,
PNTM9M2jMkKm3GLHpLiq3J4gE,"","North Campus",Gammage,"W", 10/08/2025 11:30:00 PM,"(UTC-07:00) Arizona",,,3700475,3683728.2,3717221.8,
PNTM9M2jMkKm3GLHpLiq3J4gE,"","North Campus",Gammage,"W", 10/08/2025 11:40:00 PM,"(UTC-07:00) Arizona",,,3621619.5,3621619.5,3621619.5,
PNTM9M2jMkKm3GLHpLiq3J4gE,"","North Campus",Gammage,"W", 10/08/2025 11:50:00 PM,"(UTC-07:00) Arizona",,,3674506,3674506,3674506,
PNTM9M2jMkKm3GLHpLiq3J4gE,"","North Campus",Gammage,"W", 10/09/2025 12:00:00 AM,"(UTC-07:00) Arizona",,,3581748,3563456.5,3600039.5,
PNTM9M2jMkKm3GLHpLiq3J4gE,"","North Campus",Gammage,"W", 10/09/2025 12:10:00 AM,"(UTC-07:00) Arizona",,,3587761.8,3587761.8,3587761.8,
PNTM9M2jMkKm3GLHpLiq3J4gE,"","North Campus",Gammage,"W", 10/09/2025 12:20:00 AM,"(UTC-07:00) Arizona",,,3542532.8,3542532.8,3542532.8,
PNTM9M2jMkKm3GLHpLiq3J4gE,"","North Campus",Gammage,"W", 10/09/2025 12:30:00 AM,"(UTC-07:00) Arizona",,,3554324,3554324,3554324,
PNTM9M2jMkKm3GLHpLiq3J4gE,"","North Campus",Gammage,"W", 10/09/2025 12:40:00 AM,"(UTC-07:00) Arizona",,,3531686,3531686,3531686,
PNTM9M2jMkKm3GLHpLiq3J4gE,"","North Campus",Gammage,"W", 10/09/2025 12:50:00 AM,"(UTC-07:00) Arizona",,,3459092,3459092,3459092,
PNTM9M2jMkKm3GLHpLiq3J4gE,"","North Campus",Gammage,"W", 10/09/2025 01:00:00 AM,"(UTC-07:00) Arizona",,,3477903,3477903,3477903,
PNTM9M2jMkKm3GLHpLiq3J4gE,"","North Campus",Gammage,"W", 10/09/2025 01:20:00 AM,"(UTC-07:00) Arizona",,,3435174.8,3435174.8,3435174.8,
PNTM9M2jMkKm3GLHpLiq3J4gE,"","North Campus",Gammage,"W", 10/09/2025 01:40:00 AM,"(UTC-07:00) Arizona",,,3458212.6,3397480.2,3518945,
PNTM9M2jMkKm3GLHpLiq3J4gE,"","North Campus",Gammage,"W", 10/09/2025 01:50:00 AM,"(UTC-07:00) Arizona",,,3398540.2,3398540.2,3398540.2,
PNTM9M2jMkKm3GLHpLiq3J4gE,"","North Campus",Gammage,"W", 10/09/2025 02:00:00 AM,"(UTC-07:00) Arizona",,,3339594.8,3339594.8,3339594.8,
PNTM9M2jMkKm3GLHpLiq3J4gE,"","North Campus",Gammage,"W", 10/09/2025 02:10:00 AM,"(UTC-07:00) Arizona",,,3376076.5,3376076.5,3376076.5,
PNTM9M2jMkKm3GLHpLiq3J4gE,"","North Campus",Gammage,"W", 10/09/2025 02:20:00 AM,"(UTC-07:00) Arizona",,,3361205.3666666667,3354832.5,3367523.8,
PNTM9M2jMkKm3GLHpLiq3J4gE,"","North Campus",Gammage,"W", 10/09/2025 02:30:00 AM,"(UTC-07:00) Arizona",,,3330743,3330743,3330743,
PNTM9M2jMkKm3GLHpLiq3J4gE,"","North Campus",Gammage,"W", 10/09/2025 02:40:00 AM,"(UTC-07:00) Arizona",,,3301216.8,3301216.8,3301216.8,
PNTM9M2jMkKm3GLHpLiq3J4gE,"","North Campus",Gammage,"W", 10/09/2025 02:50:00 AM,"(UTC-07:00) Arizona",,,3305705.5,3305705.5,3305705.5,
PNTM9M2jMkKm3GLHpLiq3J4gE,"","North Campus",Gammage,"W", 10/09/2025 03:00:00 AM,"(UTC-07:00) Arizona",,,3317159.2,3317159.2,3317159.2,
PNTM9M2jMkKm3GLHpLiq3J4gE,"","North Campus",Gammage,"W", 10/09/2025 03:10:00 AM,"(UTC-07:00) Arizona",,,3313560.15,3306896.5,3320223.8,
PNTM9M2jMkKm3GLHpLiq3J4gE,"","North Campus",Gammage,"W", 10/09/2025 03:20:00 AM,"(UTC-07:00) Arizona",,,3331537.5,3331537.5,3331537.5,
PNTM9M2jMkKm3GLHpLiq3J4gE,"","North Campus",Gammage,"W", 10/09/2025 03:30:00 AM,"(UTC-07:00) Arizona",,,3320638,3320638,3320638,
PNTM9M2jMkKm3GLHpLiq3J4gE,"","North Campus",Gammage,"W", 10/09/2025 03:40:00 AM,"(UTC-07:00) Arizona",,,3365963.8,3365963.8,3365963.8,
PNTM9M2jMkKm3GLHpLiq3J4gE,"","North Campus",Gammage,"W", 10/09/2025 03:50:00 AM,"(UTC-07:00) Arizona",,,3369250.25,3343199.5,3395301,
PNTM9M2jMkKm3GLHpLiq3J4gE,"","North Campus",Gammage,"W", 10/09/2025 04:00:00 AM,"(UTC-07:00) Arizona",,,3352187.8,3352187.8,3352187.8,
PNTM9M2jMkKm3GLHpLiq3J4gE,"","North Campus",Gammage,"W", 10/09/2025 04:10:00 AM,"(UTC-07:00) Arizona",,,3392734,3392734,3392734,
PNTM9M2jMkKm3GLHpLiq3J4gE,"","North Campus",Gammage,"W", 10/09/2025 04:20:00 AM,"(UTC-07:00) Arizona",,,3473190.5,3473190.5,3473190.5,
PNTM9M2jMkKm3GLHpLiq3J4gE,"","North Campus",Gammage,"W", 10/09/2025 04:30:00 AM,"(UTC-07:00) Arizona",,,3451379.5,3451379.5,3451379.5,
PNTM9M2jMkKm3GLHpLiq3J4gE,"","North Campus",Gammage,"W", 10/09/2025 04:40:00 AM,"(UTC-07:00) Arizona",,,3479349.2,3479349.2,3479349.2,
PNTM9M2jMkKm3GLHpLiq3J4gE,"","North Campus",Gammage,"W", 10/09/2025 04:50:00 AM,"(UTC-07:00) Arizona",,,3465513.2,3465513.2,3465513.2,
PNTM9M2jMkKm3GLHpLiq3J4gE,"","North Campus",Gammage,"W", 10/09/2025 05:00:00 AM,"(UTC-07:00) Arizona",,,3516356.2,3516356.2,3516356.2,
PNTM9M2jMkKm3GLHpLiq3J4gE,"","North Campus",Gammage,"W", 10/09/2025 05:10:00 AM,"(UTC-07:00) Arizona",,,3572955.2,3572955.2,3572955.2,
PNTM9M2jMkKm3GLHpLiq3J4gE,"","North Campus",Gammage,"W", 10/09/2025 05:20:00 AM,"(UTC-07:00) Arizona",,,3549476.2,3549476.2,3549476.2,
PNTM9M2jMkKm3GLHpLiq3J4gE,"","North Campus",Gammage,"W", 10/09/2025 05:30:00 AM,"(UTC-07:00) Arizona",,,3599658.5,3599658.5,3599658.5,
PNTM9M2jMkKm3GLHpLiq3J4gE,"","North Campus",Gammage,"W", 10/09/2025 05:40:00 AM,"(UTC-07:00) Arizona",,,3625110,3625110,3625110,
PNTM9M2jMkKm3GLHpLiq3J4gE,"","North Campus",Gammage,"W", 10/09/2025 05:50:00 AM,"(UTC-07:00) Arizona",,,3579337.5,3579337.5,3579337.5,
PNTM9M2jMkKm3GLHpLiq3J4gE,"","North Campus",Gammage,"W", 10/09/2025 06:00:00 AM,"(UTC-07:00) Arizona",,,3670727.8,3670727.8,3670727.8,
PNTM9M2jMkKm3GLHpLiq3J4gE,"","North Campus",Gammage,"W", 10/09/2025 06:10:00 AM,"(UTC-07:00) Arizona",,,3823803,3823803,3823803,
PNTM9M2jMkKm3GLHpLiq3J4gE,"","North Campus",Gammage,"W", 10/09/2025 06:20:00 AM,"(UTC-07:00) Arizona",,,3830339.5,3830339.5,3830339.5,
PNTM9M2jMkKm3GLHpLiq3J4gE,"","North Campus",Gammage,"W", 10/09/2025 06:30:00 AM,"(UTC-07:00) Arizona",,,3799715,3799715,3799715,
PNTM9M2jMkKm3GLHpLiq3J4gE,"","North Campus",Gammage,"W", 10/09/2025 06:40:00 AM,"(UTC-07:00) Arizona",,,3830270.5,3830270.5,3830270.5,
PNTM9M2jMkKm3GLHpLiq3J4gE,"","North Campus",Gammage,"W", 10/09/2025 06:50:00 AM,"(UTC-07:00) Arizona",,,3814508.8,3814508.8,3814508.8,
PNTM9M2jMkKm3GLHpLiq3J4gE,"","North Campus",Gammage,"W", 10/09/2025 07:00:00 AM,"(UTC-07:00) Arizona",,,3992061.5,3981996,4002127,
PNTM9M2jMkKm3GLHpLiq3J4gE,"","North Campus",Gammage,"W", 10/09/2025 07:10:00 AM,"(UTC-07:00) Arizona",,,4041416.8,4041416.8,4041416.8,
PNTM9M2jMkKm3GLHpLiq3J4gE,"","North Campus",Gammage,"W", 10/09/2025 07:20:00 AM,"(UTC-07:00) Arizona",,,4050320.4,4024403,4076237.8,
PNTM9M2jMkKm3GLHpLiq3J4gE,"","North Campus",Gammage,"W", 10/09/2025 07:30:00 AM,"(UTC-07:00) Arizona",,,4118094.8,4118094.8,4118094.8,
PNTM9M2jMkKm3GLHpLiq3J4gE,"","North Campus",Gammage,"W", 10/09/2025 07:40:00 AM,"(UTC-07:00) Arizona",,,4126201.8,4126201.8,4126201.8,
PNTM9M2jMkKm3GLHpLiq3J4gE,"","North Campus",Gammage,"W", 10/09/2025 07:50:00 AM,"(UTC-07:00) Arizona",,,4214370.5,4214370.5,4214370.5,
PNTM9M2jMkKm3GLHpLiq3J4gE,"","North Campus",Gammage,"W", 10/09/2025 08:00:00 AM,"(UTC-07:00) Arizona",,,4315016.1,4146801.2,4483231,
PNTM9M2jMkKm3GLHpLiq3J4gE,"","North Campus",Gammage,"W", 10/09/2025 08:20:00 AM,"(UTC-07:00) Arizona",,,4553875.25,4508401,4599349.5,
PNTM9M2jMkKm3GLHpLiq3J4gE,"","North Campus",Gammage,"W", 10/09/2025 08:30:00 AM,"(UTC-07:00) Arizona",,,4635237,4635237,4635237,
PNTM9M2jMkKm3GLHpLiq3J4gE,"","North Campus",Gammage,"W", 10/09/2025 08:40:00 AM,"(UTC-07:00) Arizona",,,4705916,4705916,4705916,
PNTM9M2jMkKm3GLHpLiq3J4gE,"","North Campus",Gammage,"W", 10/09/2025 08:50:00 AM,"(UTC-07:00) Arizona",,,4604552.5,4583937,4625168,
PNTM9M2jMkKm3GLHpLiq3J4gE,"","North Campus",Gammage,"W", 10/09/2025 09:00:00 AM,"(UTC-07:00) Arizona",,,4684192.5,4684192.5,4684192.5,
PNTM9M2jMkKm3GLHpLiq3J4gE,"","North Campus",Gammage,"W", 10/09/2025 09:10:00 AM,"(UTC-07:00) Arizona",,,4682223,4682223,4682223,
PNTM9M2jMkKm3GLHpLiq3J4gE,"","North Campus",Gammage,"W", 10/09/2025 09:20:00 AM,"(UTC-07:00) Arizona",,,4711652,4711652,4711652,
PNTM9M2jMkKm3GLHpLiq3J4gE,"","North Campus",Gammage,"W", 10/09/2025 09:30:00 AM,"(UTC-07:00) Arizona",,,4631315,4631315,4631315,
PNTM9M2jMkKm3GLHpLiq3J4gE,"","North Campus",Gammage,"W", 10/09/2025 09:40:00 AM,"(UTC-07:00) Arizona",,,4643212,4643212,4643212,
PNTM9M2jMkKm3GLHpLiq3J4gE,"","North Campus",Gammage,"W", 10/09/2025 09:50:00 AM,"(UTC-07:00) Arizona",,,4720965.25,4676037.5,4765893,
PNTM9M2jMkKm3GLHpLiq3J4gE,"","North Campus",Gammage,"W", 10/09/2025 10:00:00 AM,"(UTC-07:00) Arizona",,,4653319,4653319,4653319,
PNTM9M2jMkKm3GLHpLiq3J4gE,"","North Campus",Gammage,"W", 10/09/2025 10:10:00 AM,"(UTC-07:00) Arizona",,,4740340,4740340,4740340,
PNTM9M2jMkKm3GLHpLiq3J4gE,"","North Campus",Gammage,"W", 10/09/2025 10:20:00 AM,"(UTC-07:00) Arizona",,,4864596.5,4732798,4996395,
PNTM9M2jMkKm3GLHpLiq3J4gE,"","North Campus",Gammage,"W", 10/09/2025 10:30:00 AM,"(UTC-07:00) Arizona",,,5153985,5153985,5153985,
PNTM9M2jMkKm3GLHpLiq3J4gE,"","North Campus",Gammage,"W", 10/09/2025 10:40:00 AM,"(UTC-07:00) Arizona",,,4794351,4794351,4794351,
PNTM9M2jMkKm3GLHpLiq3J4gE,"","North Campus",Gammage,"W", 10/09/2025 10:50:00 AM,"(UTC-07:00) Arizona",,,5050788,5050788,5050788,
PNTM9M2jMkKm3GLHpLiq3J4gE,"","North Campus",Gammage,"W", 10/09/2025 11:00:00 AM,"(UTC-07:00) Arizona",,,4987440,4987440,4987440,
PNTM9M2jMkKm3GLHpLiq3J4gE,"","North Campus",Gammage,"W", 10/09/2025 11:10:00 AM,"(UTC-07:00) Arizona",,,5240402.5,5240402.5,5240402.5,
PNTM9M2jMkKm3GLHpLiq3J4gE,"","North Campus",Gammage,"W", 10/09/2025 11:20:00 AM,"(UTC-07:00) Arizona",,,4928714,4928714,4928714,
PNTM9M2jMkKm3GLHpLiq3J4gE,"","North Campus",Gammage,"W", 10/09/2025 11:30:00 AM,"(UTC-07:00) Arizona",,,5229415,5229415,5229415,
PNTM9M2jMkKm3GLHpLiq3J4gE,"","North Campus",Gammage,"W", 10/09/2025 11:40:00 AM,"(UTC-07:00) Arizona",,,5312498.5,5312498.5,5312498.5,
PNTM9M2jMkKm3GLHpLiq3J4gE,"","North Campus",Gammage,"W", 10/09/2025 11:50:00 AM,"(UTC-07:00) Arizona",,,4842600.5,4842600.5,4842600.5,
PNTM9M2jMkKm3GLHpLiq3J4gE,"","North Campus",Gammage,"W", 10/09/2025 12:00:00 PM,"(UTC-07:00) Arizona",,,5182833.5,5173859,5191808,
PNTM9M2jMkKm3GLHpLiq3J4gE,"","North Campus",Gammage,"W", 10/09/2025 12:10:00 PM,"(UTC-07:00) Arizona",,,4856374.5,4856374.5,4856374.5,
PNTM9M2jMkKm3GLHpLiq3J4gE,"","North Campus",Gammage,"W", 10/09/2025 12:20:00 PM,"(UTC-07:00) Arizona",,,4673659.5,4673659.5,4673659.5,
PNTM9M2jMkKm3GLHpLiq3J4gE,"","North Campus",Gammage,"W", 10/09/2025 12:30:00 PM,"(UTC-07:00) Arizona",,,5047862,5047862,5047862,
PNTM9M2jMkKm3GLHpLiq3J4gE,"","North Campus",Gammage,"W", 10/09/2025 12:40:00 PM,"(UTC-07:00) Arizona",,,5152474.5,5152474.5,5152474.5,
PNTM9M2jMkKm3GLHpLiq3J4gE,"","North Campus",Gammage,"W", 10/09/2025 12:50:00 PM,"(UTC-07:00) Arizona",,,5228622,5228622,5228622,
PNTM9M2jMkKm3GLHpLiq3J4gE,"","North Campus",Gammage,"W", 10/09/2025 01:00:00 PM,"(UTC-07:00) Arizona",,,5271833,5271833,5271833,
PNTM9M2jMkKm3GLHpLiq3J4gE,"","North Campus",Gammage,"W", 10/09/2025 01:10:00 PM,"(UTC-07:00) Arizona",,,5264434.5,5244045.5,5284823.5,
PNTM9M2jMkKm3GLHpLiq3J4gE,"","North Campus",Gammage,"W", 10/09/2025 01:20:00 PM,"(UTC-07:00) Arizona",,,5296086,5168975,5423197,
PNTM9M2jMkKm3GLHpLiq3J4gE,"","North Campus",Gammage,"W", 10/09/2025 01:30:00 PM,"(UTC-07:00) Arizona",,,5204071,5204071,5204071,
PNTM9M2jMkKm3GLHpLiq3J4gE,"","North Campus",Gammage,"W", 10/09/2025 01:40:00 PM,"(UTC-07:00) Arizona",,,5362828,5308868,5416788,
PNTM9M2jMkKm3GLHpLiq3J4gE,"","North Campus",Gammage,"W", 10/09/2025 01:50:00 PM,"(UTC-07:00) Arizona",,,5431194.5,5431194.5,5431194.5,
PNTM9M2jMkKm3GLHpLiq3J4gE,"","North Campus",Gammage,"W", 10/09/2025 02:00:00 PM,"(UTC-07:00) Arizona",,,5447951.5,5447951.5,5447951.5,
PNTM9M2jMkKm3GLHpLiq3J4gE,"","North Campus",Gammage,"W", 10/09/2025 02:10:00 PM,"(UTC-07:00) Arizona",,,5352267.5,5352267.5,5352267.5,
PNTM9M2jMkKm3GLHpLiq3J4gE,"","North Campus",Gammage,"W", 10/09/2025 02:20:00 PM,"(UTC-07:00) Arizona",,,5394902,5394902,5394902,
PNTM9M2jMkKm3GLHpLiq3J4gE,"","North Campus",Gammage,"W", 10/09/2025 02:30:00 PM,"(UTC-07:00) Arizona",,,5283435,5283435,5283435,
PNTM9M2jMkKm3GLHpLiq3J4gE,"","North Campus",Gammage,"W", 10/09/2025 02:40:00 PM,"(UTC-07:00) Arizona",,,5343510.5,5343510.5,5343510.5,
PNTM9M2jMkKm3GLHpLiq3J4gE,"","North Campus",Gammage,"W", 10/09/2025 02:50:00 PM,"(UTC-07:00) Arizona",,,5410424.5,5386586.5,5434262.5,
PNTM9M2jMkKm3GLHpLiq3J4gE,"","North Campus",Gammage,"W", 10/09/2025 03:00:00 PM,"(UTC-07:00) Arizona",,,5439419,5439419,5439419,
PNTM9M2jMkKm3GLHpLiq3J4gE,"","North Campus",Gammage,"W", 10/09/2025 03:10:00 PM,"(UTC-07:00) Arizona",,,5418170,5418170,5418170,
PNTM9M2jMkKm3GLHpLiq3J4gE,"","North Campus",Gammage,"W", 10/09/2025 03:20:00 PM,"(UTC-07:00) Arizona",,,5229308,5229308,5229308,
PNTM9M2jMkKm3GLHpLiq3J4gE,"","North Campus",Gammage,"W", 10/09/2025 03:30:00 PM,"(UTC-07:00) Arizona",,,5320965,5320965,5320965,
PNTM9M2jMkKm3GLHpLiq3J4gE,"","North Campus",Gammage,"W", 10/09/2025 03:40:00 PM,"(UTC-07:00) Arizona",,,5266109.75,5251419,5280800.5,
PNTM9M2jMkKm3GLHpLiq3J4gE,"","North Campus",Gammage,"W", 10/09/2025 03:50:00 PM,"(UTC-07:00) Arizona",,,5317414,5317414,5317414,
PNTM9M2jMkKm3GLHpLiq3J4gE,"","North Campus",Gammage,"W", 10/09/2025 04:00:00 PM,"(UTC-07:00) Arizona",,,5280977.75,5260610,5301345.5,
PNTM9M2jMkKm3GLHpLiq3J4gE,"","North Campus",Gammage,"W", 10/09/2025 04:10:00 PM,"(UTC-07:00) Arizona",,,5295838,5295838,5295838,
PNTM9M2jMkKm3GLHpLiq3J4gE,"","North Campus",Gammage,"W", 10/09/2025 04:20:00 PM,"(UTC-07:00) Arizona",,,5253821.5,5253821.5,5253821.5,
PNTM9M2jMkKm3GLHpLiq3J4gE,"","North Campus",Gammage,"W", 10/09/2025 04:30:00 PM,"(UTC-07:00) Arizona",,,5192675,5192675,5192675,
PNTM9M2jMkKm3GLHpLiq3J4gE,"","North Campus",Gammage,"W", 10/09/2025 04:40:00 PM,"(UTC-07:00) Arizona",,,5271271,5271271,5271271,
PNTM9M2jMkKm3GLHpLiq3J4gE,"","North Campus",Gammage,"W", 10/09/2025 04:50:00 PM,"(UTC-07:00) Arizona",,,5253157,5253157,5253157,
PNTM9M2jMkKm3GLHpLiq3J4gE,"","North Campus",Gammage,"W", 10/09/2025 05:00:00 PM,"(UTC-07:00) Arizona",,,5215722.5,5215722.5,5215722.5,
PNTM9M2jMkKm3GLHpLiq3J4gE,"","North Campus",Gammage,"W", 10/09/2025 05:10:00 PM,"(UTC-07:00) Arizona",,,5065662,5065662,5065662,
PNTM9M2jMkKm3GLHpLiq3J4gE,"","North Campus",Gammage,"W", 10/09/2025 05:20:00 PM,"(UTC-07:00) Arizona",,,5090825,5090825,5090825,
PNTM9M2jMkKm3GLHpLiq3J4gE,"","North Campus",Gammage,"W", 10/09/2025 05:30:00 PM,"(UTC-07:00) Arizona",,,5040250,5040250,5040250,
PNTM9M2jMkKm3GLHpLiq3J4gE,"","North Campus",Gammage,"W", 10/09/2025 05:40:00 PM,"(UTC-07:00) Arizona",,,5189397.5,5189397.5,5189397.5,
PNTM9M2jMkKm3GLHpLiq3J4gE,"","North Campus",Gammage,"W", 10/09/2025 05:50:00 PM,"(UTC-07:00) Arizona",,,5059184,5059184,5059184,
PNTM9M2jMkKm3GLHpLiq3J4gE,"","North Campus",Gammage,"W", 10/09/2025 06:00:00 PM,"(UTC-07:00) Arizona",,,4934309,4918297.5,4950320.5,
PNTM9M2jMkKm3GLHpLiq3J4gE,"","North Campus",Gammage,"W", 10/09/2025 06:10:00 PM,"(UTC-07:00) Arizona",,,4982248,4982248,4982248,
PNTM9M2jMkKm3GLHpLiq3J4gE,"","North Campus",Gammage,"W", 10/09/2025 06:20:00 PM,"(UTC-07:00) Arizona",,,4896228,4896228,4896228,
PNTM9M2jMkKm3GLHpLiq3J4gE,"","North Campus",Gammage,"W", 10/09/2025 06:30:00 PM,"(UTC-07:00) Arizona",,,4848236.25,4819247,4877225.5,
PNTM9M2jMkKm3GLHpLiq3J4gE,"","North Campus",Gammage,"W", 10/09/2025 06:40:00 PM,"(UTC-07:00) Arizona",,,4916019.5,4916019.5,4916019.5,
PNTM9M2jMkKm3GLHpLiq3J4gE,"","North Campus",Gammage,"W", 10/09/2025 06:50:00 PM,"(UTC-07:00) Arizona",,,4884745.5,4884745.5,4884745.5,
PNTM9M2jMkKm3GLHpLiq3J4gE,"","North Campus",Gammage,"W", 10/09/2025 07:00:00 PM,"(UTC-07:00) Arizona",,,4655438.5,4655438.5,4655438.5,
PNTM9M2jMkKm3GLHpLiq3J4gE,"","North Campus",Gammage,"W", 10/09/2025 07:10:00 PM,"(UTC-07:00) Arizona",,,4710948.75,4705531,4716366.5,
PNTM9M2jMkKm3GLHpLiq3J4gE,"","North Campus",Gammage,"W", 10/09/2025 07:20:00 PM,"(UTC-07:00) Arizona",,,4619306,4619306,4619306,
PNTM9M2jMkKm3GLHpLiq3J4gE,"","North Campus",Gammage,"W", 10/09/2025 07:30:00 PM,"(UTC-07:00) Arizona",,,4572362.5,4572362.5,4572362.5,
PNTM9M2jMkKm3GLHpLiq3J4gE,"","North Campus",Gammage,"W", 10/09/2025 07:40:00 PM,"(UTC-07:00) Arizona",,,4615184,4615184,4615184,
PNTM9M2jMkKm3GLHpLiq3J4gE,"","North Campus",Gammage,"W", 10/09/2025 07:50:00 PM,"(UTC-07:00) Arizona",,,4606664.75,4598351.5,4614978,
PNTM9M2jMkKm3GLHpLiq3J4gE,"","North Campus",Gammage,"W", 10/09/2025 08:00:00 PM,"(UTC-07:00) Arizona",,,4437498.25,4405807,4469189.5,
PNTM9M2jMkKm3GLHpLiq3J4gE,"","North Campus",Gammage,"W", 10/09/2025 08:10:00 PM,"(UTC-07:00) Arizona",,,4549329.5,4549329.5,4549329.5,
PNTM9M2jMkKm3GLHpLiq3J4gE,"","North Campus",Gammage,"W", 10/09/2025 08:20:00 PM,"(UTC-07:00) Arizona",,,4352251,4352251,4352251,
PNTM9M2jMkKm3GLHpLiq3J4gE,"","North Campus",Gammage,"W", 10/09/2025 08:30:00 PM,"(UTC-07:00) Arizona",,,4388254.5,4369357,4407152,
PNTM9M2jMkKm3GLHpLiq3J4gE,"","North Campus",Gammage,"W", 10/09/2025 08:40:00 PM,"(UTC-07:00) Arizona",,,4475272,4475272,4475272,
PNTM9M2jMkKm3GLHpLiq3J4gE,"","North Campus",Gammage,"W", 10/09/2025 08:50:00 PM,"(UTC-07:00) Arizona",,,4376555,4376555,4376555,
PNTM9M2jMkKm3GLHpLiq3J4gE,"","North Campus",Gammage,"W", 10/09/2025 09:00:00 PM,"(UTC-07:00) Arizona",,,4313625.75,4307287.5,4319964,
PNTM9M2jMkKm3GLHpLiq3J4gE,"","North Campus",Gammage,"W", 10/09/2025 09:10:00 PM,"(UTC-07:00) Arizona",,,4272508.5,4272508.5,4272508.5,
PNTM9M2jMkKm3GLHpLiq3J4gE,"","North Campus",Gammage,"W", 10/09/2025 09:20:00 PM,"(UTC-07:00) Arizona",,,4247209.35,4178404.2,4316014.5,
PNTM9M2jMkKm3GLHpLiq3J4gE,"","North Campus",Gammage,"W", 10/09/2025 09:30:00 PM,"(UTC-07:00) Arizona",,,4140681.8,4140681.8,4140681.8,
PNTM9M2jMkKm3GLHpLiq3J4gE,"","North Campus",Gammage,"W", 10/09/2025 09:40:00 PM,"(UTC-07:00) Arizona",,,4145764,4145764,4145764,
PNTM9M2jMkKm3GLHpLiq3J4gE,"","North Campus",Gammage,"W", 10/09/2025 09:50:00 PM,"(UTC-07:00) Arizona",,,4125187,4125187,4125187,
PNTM9M2jMkKm3GLHpLiq3J4gE,"","North Campus",Gammage,"W", 10/09/2025 10:00:00 PM,"(UTC-07:00) Arizona",,,4092432.2,4092432.2,4092432.2,
PNTM9M2jMkKm3GLHpLiq3J4gE,"","North Campus",Gammage,"W", 10/09/2025 10:10:00 PM,"(UTC-07:00) Arizona",,,4048649.9,4030055,4067244.8,
PNTM9M2jMkKm3GLHpLiq3J4gE,"","North Campus",Gammage,"W", 10/09/2025 10:20:00 PM,"(UTC-07:00) Arizona",,,4000441.2,4000441.2,4000441.2,
PNTM9M2jMkKm3GLHpLiq3J4gE,"","North Campus",Gammage,"W", 10/09/2025 10:30:00 PM,"(UTC-07:00) Arizona",,,3977364.9,3965290,3989439.8,
PNTM9M2jMkKm3GLHpLiq3J4gE,"","North Campus",Gammage,"W", 10/09/2025 10:50:00 PM,"(UTC-07:00) Arizona",,,3892818.65,3867139.8,3918497.5,
PNTM9M2jMkKm3GLHpLiq3J4gE,"","North Campus",Gammage,"W", 10/09/2025 11:00:00 PM,"(UTC-07:00) Arizona",,,3735077.2,3735077.2,3735077.2,
PNTM9M2jMkKm3GLHpLiq3J4gE,"","North Campus",Gammage,"W", 10/09/2025 11:10:00 PM,"(UTC-07:00) Arizona",,,3695599.65,3689862.5,3701336.8,
PNTM9M2jMkKm3GLHpLiq3J4gE,"","North Campus",Gammage,"W", 10/09/2025 11:20:00 PM,"(UTC-07:00) Arizona",,,3696775.8,3696775.8,3696775.8,
PNTM9M2jMkKm3GLHpLiq3J4gE,"","North Campus",Gammage,"W", 10/09/2025 11:30:00 PM,"(UTC-07:00) Arizona",,,3751194.2,3751194.2,3751194.2,
PNTM9M2jMkKm3GLHpLiq3J4gE,"","North Campus",Gammage,"W", 10/09/2025 11:40:00 PM,"(UTC-07:00) Arizona",,,3675499.2,3675499.2,3675499.2,
PNTM9M2jMkKm3GLHpLiq3J4gE,"","North Campus",Gammage,"W", 10/09/2025 11:50:00 PM,"(UTC-07:00) Arizona",,,3703974.5,3703974.5,3703974.5,
PNTM9M2jMkKm3GLHpLiq3J4gE,"","North Campus",Gammage,"W", 10/10/2025 12:00:00 AM,"(UTC-07:00) Arizona",,,3675797.8,3675797.8,3675797.8,
PNTM9M2jMkKm3GLHpLiq3J4gE,"","North Campus",Gammage,"W", 10/10/2025 12:10:00 AM,"(UTC-07:00) Arizona",,,3638141.25,3632802,3643480.5,
PNTM9M2jMkKm3GLHpLiq3J4gE,"","North Campus",Gammage,"W", 10/10/2025 12:20:00 AM,"(UTC-07:00) Arizona",,,3618273,3618273,3618273,
PNTM9M2jMkKm3GLHpLiq3J4gE,"","North Campus",Gammage,"W", 10/10/2025 12:30:00 AM,"(UTC-07:00) Arizona",,,3557867.2,3557867.2,3557867.2,
PNTM9M2jMkKm3GLHpLiq3J4gE,"","North Campus",Gammage,"W", 10/10/2025 12:40:00 AM,"(UTC-07:00) Arizona",,,3578200.65,3576418.8,3579982.5,
PNTM9M2jMkKm3GLHpLiq3J4gE,"","North Campus",Gammage,"W", 10/10/2025 12:50:00 AM,"(UTC-07:00) Arizona",,,3581147.8,3581147.8,3581147.8,
PNTM9M2jMkKm3GLHpLiq3J4gE,"","North Campus",Gammage,"W", 10/10/2025 01:00:00 AM,"(UTC-07:00) Arizona",,,3526365.5,3523737.8,3528993.2,
PNTM9M2jMkKm3GLHpLiq3J4gE,"","North Campus",Gammage,"W", 10/10/2025 01:10:00 AM,"(UTC-07:00) Arizona",,,3567675.8,3567675.8,3567675.8,
PNTM9M2jMkKm3GLHpLiq3J4gE,"","North Campus",Gammage,"W", 10/10/2025 01:20:00 AM,"(UTC-07:00) Arizona",,,3488684.5,3488684.5,3488684.5,
PNTM9M2jMkKm3GLHpLiq3J4gE,"","North Campus",Gammage,"W", 10/10/2025 01:30:00 AM,"(UTC-07:00) Arizona",,,3476408,3476408,3476408,
PNTM9M2jMkKm3GLHpLiq3J4gE,"","North Campus",Gammage,"W", 10/10/2025 01:40:00 AM,"(UTC-07:00) Arizona",,,3463933.8,3463933.8,3463933.8,
PNTM9M2jMkKm3GLHpLiq3J4gE,"","North Campus",Gammage,"W", 10/10/2025 01:50:00 AM,"(UTC-07:00) Arizona",,,3476705.8,3476705.8,3476705.8,
PNTM9M2jMkKm3GLHpLiq3J4gE,"","North Campus",Gammage,"W", 10/10/2025 02:00:00 AM,"(UTC-07:00) Arizona",,,3412612.1,3371441,3453783.2,
PNTM9M2jMkKm3GLHpLiq3J4gE,"","North Campus",Gammage,"W", 10/10/2025 02:10:00 AM,"(UTC-07:00) Arizona",,,3386183,3386183,3386183,
PNTM9M2jMkKm3GLHpLiq3J4gE,"","North Campus",Gammage,"W", 10/10/2025 02:20:00 AM,"(UTC-07:00) Arizona",,,3387529.5,3387529.5,3387529.5,
PNTM9M2jMkKm3GLHpLiq3J4gE,"","North Campus",Gammage,"W", 10/10/2025 02:30:00 AM,"(UTC-07:00) Arizona",,,3385477,3385477,3385477,
PNTM9M2jMkKm3GLHpLiq3J4gE,"","North Campus",Gammage,"W", 10/10/2025 02:40:00 AM,"(UTC-07:00) Arizona",,,3389560.15,3351505.5,3427614.8,
PNTM9M2jMkKm3GLHpLiq3J4gE,"","North Campus",Gammage,"W", 10/10/2025 02:50:00 AM,"(UTC-07:00) Arizona",,,3356568.2,3356568.2,3356568.2,
PNTM9M2jMkKm3GLHpLiq3J4gE,"","North Campus",Gammage,"W", 10/10/2025 03:00:00 AM,"(UTC-07:00) Arizona",,,3392017.2,3392017.2,3392017.2,
PNTM9M2jMkKm3GLHpLiq3J4gE,"","North Campus",Gammage,"W", 10/10/2025 03:10:00 AM,"(UTC-07:00) Arizona",,,3378999.8,3368098.8,3389900.8,
PNTM9M2jMkKm3GLHpLiq3J4gE,"","North Campus",Gammage,"W", 10/10/2025 03:20:00 AM,"(UTC-07:00) Arizona",,,3383373.2,3383373.2,3383373.2,
PNTM9M2jMkKm3GLHpLiq3J4gE,"","North Campus",Gammage,"W", 10/10/2025 03:30:00 AM,"(UTC-07:00) Arizona",,,3395958.2,3395958.2,3395958.2,
PNTM9M2jMkKm3GLHpLiq3J4gE,"","North Campus",Gammage,"W", 10/10/2025 03:40:00 AM,"(UTC-07:00) Arizona",,,3398848.2,3391278.2,3406418.2,
PNTM9M2jMkKm3GLHpLiq3J4gE,"","North Campus",Gammage,"W", 10/10/2025 03:50:00 AM,"(UTC-07:00) Arizona",,,3417350.6,3400655,3434046.2,
PNTM9M2jMkKm3GLHpLiq3J4gE,"","North Campus",Gammage,"W", 10/10/2025 04:00:00 AM,"(UTC-07:00) Arizona",,,3404003.3,3400926.8,3407079.8,
PNTM9M2jMkKm3GLHpLiq3J4gE,"","North Campus",Gammage,"W", 10/10/2025 04:10:00 AM,"(UTC-07:00) Arizona",,,3410697,3410697,3410697,
PNTM9M2jMkKm3GLHpLiq3J4gE,"","North Campus",Gammage,"W", 10/10/2025 04:20:00 AM,"(UTC-07:00) Arizona",,,3469576.5,3469576.5,3469576.5,
PNTM9M2jMkKm3GLHpLiq3J4gE,"","North Campus",Gammage,"W", 10/10/2025 04:30:00 AM,"(UTC-07:00) Arizona",,,3518752.5,3486048.5,3551456.5,
PNTM9M2jMkKm3GLHpLiq3J4gE,"","North Campus",Gammage,"W", 10/10/2025 04:40:00 AM,"(UTC-07:00) Arizona",,,3575819.7,3574713.2,3576926.2,
PNTM9M2jMkKm3GLHpLiq3J4gE,"","North Campus",Gammage,"W", 10/10/2025 04:50:00 AM,"(UTC-07:00) Arizona",,,3582655.15,3559022.8,3606287.5,
PNTM9M2jMkKm3GLHpLiq3J4gE,"","North Campus",Gammage,"W", 10/10/2025 05:00:00 AM,"(UTC-07:00) Arizona",,,3630597.2,3630597.2,3630597.2,
PNTM9M2jMkKm3GLHpLiq3J4gE,"","North Campus",Gammage,"W", 10/10/2025 05:10:00 AM,"(UTC-07:00) Arizona",,,3555813.2,3555813.2,3555813.2,
PNTM9M2jMkKm3GLHpLiq3J4gE,"","North Campus",Gammage,"W", 10/10/2025 05:20:00 AM,"(UTC-07:00) Arizona",,,3584276.2,3574067.2,3594485.2,
PNTM9M2jMkKm3GLHpLiq3J4gE,"","North Campus",Gammage,"W", 10/10/2025 05:30:00 AM,"(UTC-07:00) Arizona",,,3600825,3600825,3600825,
PNTM9M2jMkKm3GLHpLiq3J4gE,"","North Campus",Gammage,"W", 10/10/2025 05:40:00 AM,"(UTC-07:00) Arizona",,,3588985.5,3588985.5,3588985.5,
PNTM9M2jMkKm3GLHpLiq3J4gE,"","North Campus",Gammage,"W", 10/10/2025 05:50:00 AM,"(UTC-07:00) Arizona",,,3594463.8,3594463.8,3594463.8,
PNTM9M2jMkKm3GLHpLiq3J4gE,"","North Campus",Gammage,"W", 10/10/2025 06:00:00 AM,"(UTC-07:00) Arizona",,,3768983.9,3738668,3799299.8,
PNTM9M2jMkKm3GLHpLiq3J4gE,"","North Campus",Gammage,"W", 10/10/2025 06:10:00 AM,"(UTC-07:00) Arizona",,,3816135,3816135,3816135,
PNTM9M2jMkKm3GLHpLiq3J4gE,"","North Campus",Gammage,"W", 10/10/2025 06:20:00 AM,"(UTC-07:00) Arizona",,,3798892.5,3798892.5,3798892.5,
PNTM9M2jMkKm3GLHpLiq3J4gE,"","North Campus",Gammage,"W", 10/10/2025 06:30:00 AM,"(UTC-07:00) Arizona",,,3824483.5,3820701.2,3828265.8,
PNTM9M2jMkKm3GLHpLiq3J4gE,"","North Campus",Gammage,"W", 10/10/2025 06:40:00 AM,"(UTC-07:00) Arizona",,,3831338,3825167.5,3837508.5,
PNTM9M2jMkKm3GLHpLiq3J4gE,"","North Campus",Gammage,"W", 10/10/2025 06:50:00 AM,"(UTC-07:00) Arizona",,,3801572.8,3801572.8,3801572.8,
PNTM9M2jMkKm3GLHpLiq3J4gE,"","North Campus",Gammage,"W", 10/10/2025 07:00:00 AM,"(UTC-07:00) Arizona",,,4046357.5,4046357.5,4046357.5,
PNTM9M2jMkKm3GLHpLiq3J4gE,"","North Campus",Gammage,"W", 10/10/2025 07:10:00 AM,"(UTC-07:00) Arizona",,,4007064.25,3988879,4025249.5,
PNTM9M2jMkKm3GLHpLiq3J4gE,"","North Campus",Gammage,"W", 10/10/2025 07:20:00 AM,"(UTC-07:00) Arizona",,,3997839.2,3997839.2,3997839.2,
PNTM9M2jMkKm3GLHpLiq3J4gE,"","North Campus",Gammage,"W", 10/10/2025 07:30:00 AM,"(UTC-07:00) Arizona",,,4077484.8,4077484.8,4077484.8,
PNTM9M2jMkKm3GLHpLiq3J4gE,"","North Campus",Gammage,"W", 10/10/2025 07:40:00 AM,"(UTC-07:00) Arizona",,,4193363.8,4193363.8,4193363.8,
PNTM9M2jMkKm3GLHpLiq3J4gE,"","North Campus",Gammage,"W", 10/10/2025 07:50:00 AM,"(UTC-07:00) Arizona",,,4127439.5,4127439.5,4127439.5,
PNTM9M2jMkKm3GLHpLiq3J4gE,"","North Campus",Gammage,"W", 10/10/2025 08:00:00 AM,"(UTC-07:00) Arizona",,,4309111,4261036.5,4357185.5,
PNTM9M2jMkKm3GLHpLiq3J4gE,"","North Campus",Gammage,"W", 10/10/2025 08:10:00 AM,"(UTC-07:00) Arizona",,,4374811.5,4374811.5,4374811.5,
PNTM9M2jMkKm3GLHpLiq3J4gE,"","North Campus",Gammage,"W", 10/10/2025 08:20:00 AM,"(UTC-07:00) Arizona",,,4539035,4539035,4539035,
PNTM9M2jMkKm3GLHpLiq3J4gE,"","North Campus",Gammage,"W", 10/10/2025 08:30:00 AM,"(UTC-07:00) Arizona",,,4515650,4515650,4515650,
PNTM9M2jMkKm3GLHpLiq3J4gE,"","North Campus",Gammage,"W", 10/10/2025 08:40:00 AM,"(UTC-07:00) Arizona",,,4514764,4514764,4514764,
PNTM9M2jMkKm3GLHpLiq3J4gE,"","North Campus",Gammage,"W", 10/10/2025 08:50:00 AM,"(UTC-07:00) Arizona",,,4591188.166666667,4555823,4646055,
PNTM9M2jMkKm3GLHpLiq3J4gE,"","North Campus",Gammage,"W", 10/10/2025 09:00:00 AM,"(UTC-07:00) Arizona",,,4655019.5,4655019.5,4655019.5,
PNTM9M2jMkKm3GLHpLiq3J4gE,"","North Campus",Gammage,"W", 10/10/2025 09:10:00 AM,"(UTC-07:00) Arizona",,,4611812,4611812,4611812,
PNTM9M2jMkKm3GLHpLiq3J4gE,"","North Campus",Gammage,"W", 10/10/2025 09:20:00 AM,"(UTC-07:00) Arizona",,,4682379.25,4660771.5,4703987,
PNTM9M2jMkKm3GLHpLiq3J4gE,"","North Campus",Gammage,"W", 10/10/2025 09:30:00 AM,"(UTC-07:00) Arizona",,,4679879.5,4607240,4752519,
PNTM9M2jMkKm3GLHpLiq3J4gE,"","North Campus",Gammage,"W", 10/10/2025 09:40:00 AM,"(UTC-07:00) Arizona",,,4852965,4852965,4852965,
PNTM9M2jMkKm3GLHpLiq3J4gE,"","North Campus",Gammage,"W", 10/10/2025 09:50:00 AM,"(UTC-07:00) Arizona",,,4741966,4741966,4741966,
PNTM9M2jMkKm3GLHpLiq3J4gE,"","North Campus",Gammage,"W", 10/10/2025 10:00:00 AM,"(UTC-07:00) Arizona",,,4841514.5,4825245,4857784,
PNTM9M2jMkKm3GLHpLiq3J4gE,"","North Campus",Gammage,"W", 10/10/2025 10:10:00 AM,"(UTC-07:00) Arizona",,,4846663.5,4846663.5,4846663.5,
PNTM9M2jMkKm3GLHpLiq3J4gE,"","North Campus",Gammage,"W", 10/10/2025 10:20:00 AM,"(UTC-07:00) Arizona",,,4898727,4898727,4898727,
PNTM9M2jMkKm3GLHpLiq3J4gE,"","North Campus",Gammage,"W", 10/10/2025 10:30:00 AM,"(UTC-07:00) Arizona",,,4857447,4857447,4857447,
PNTM9M2jMkKm3GLHpLiq3J4gE,"","North Campus",Gammage,"W", 10/10/2025 10:40:00 AM,"(UTC-07:00) Arizona",,,4933453,4900811.5,4966094.5,
PNTM9M2jMkKm3GLHpLiq3J4gE,"","North Campus",Gammage,"W", 10/10/2025 10:50:00 AM,"(UTC-07:00) Arizona",,,4979032.75,4975424,4982641.5,
PNTM9M2jMkKm3GLHpLiq3J4gE,"","North Campus",Gammage,"W", 10/10/2025 11:00:00 AM,"(UTC-07:00) Arizona",,,5011246,5011246,5011246,
PNTM9M2jMkKm3GLHpLiq3J4gE,"","North Campus",Gammage,"W", 10/10/2025 11:10:00 AM,"(UTC-07:00) Arizona",,,5044592,5040598,5048586,
PNTM9M2jMkKm3GLHpLiq3J4gE,"","North Campus",Gammage,"W", 10/10/2025 11:20:00 AM,"(UTC-07:00) Arizona",,,5059109.5,5059109.5,5059109.5,
PNTM9M2jMkKm3GLHpLiq3J4gE,"","North Campus",Gammage,"W", 10/10/2025 11:30:00 AM,"(UTC-07:00) Arizona",,,5046465.5,5046465.5,5046465.5,
PNTM9M2jMkKm3GLHpLiq3J4gE,"","North Campus",Gammage,"W", 10/10/2025 11:40:00 AM,"(UTC-07:00) Arizona",,,5098408.5,5098408.5,5098408.5,
PNTM9M2jMkKm3GLHpLiq3J4gE,"","North Campus",Gammage,"W", 10/10/2025 11:50:00 AM,"(UTC-07:00) Arizona",,,5061163.5,5051905.5,5070421.5,
PNTM9M2jMkKm3GLHpLiq3J4gE,"","North Campus",Gammage,"W", 10/10/2025 12:00:00 PM,"(UTC-07:00) Arizona",,,5101050.5,5101050.5,5101050.5,
PNTM9M2jMkKm3GLHpLiq3J4gE,"","North Campus",Gammage,"W", 10/10/2025 12:10:00 PM,"(UTC-07:00) Arizona",,,5115843.5,5115843.5,5115843.5,
PNTM9M2jMkKm3GLHpLiq3J4gE,"","North Campus",Gammage,"W", 10/10/2025 12:20:00 PM,"(UTC-07:00) Arizona",,,5139617.5,5139617.5,5139617.5,
PNTM9M2jMkKm3GLHpLiq3J4gE,"","North Campus",Gammage,"W", 10/10/2025 12:30:00 PM,"(UTC-07:00) Arizona",,,5077008.5,5077008.5,5077008.5,
PNTM9M2jMkKm3GLHpLiq3J4gE,"","North Campus",Gammage,"W", 10/10/2025 12:40:00 PM,"(UTC-07:00) Arizona",,,4991222,4991222,4991222,
PNTM9M2jMkKm3GLHpLiq3J4gE,"","North Campus",Gammage,"W", 10/10/2025 12:50:00 PM,"(UTC-07:00) Arizona",,,5121992.75,5103435.5,5140550,
PNTM9M2jMkKm3GLHpLiq3J4gE,"","North Campus",Gammage,"W", 10/10/2025 01:00:00 PM,"(UTC-07:00) Arizona",,,4993146,4993146,4993146,
PNTM9M2jMkKm3GLHpLiq3J4gE,"","North Campus",Gammage,"W", 10/10/2025 01:10:00 PM,"(UTC-07:00) Arizona",,,4939583,4939583,4939583,
PNTM9M2jMkKm3GLHpLiq3J4gE,"","North Campus",Gammage,"W", 10/10/2025 01:20:00 PM,"(UTC-07:00) Arizona",,,4925584.5,4925584.5,4925584.5,
PNTM9M2jMkKm3GLHpLiq3J4gE,"","North Campus",Gammage,"W", 10/10/2025 01:30:00 PM,"(UTC-07:00) Arizona",,,4880571,4880571,4880571,
PNTM9M2jMkKm3GLHpLiq3J4gE,"","North Campus",Gammage,"W", 10/10/2025 01:40:00 PM,"(UTC-07:00) Arizona",,,4970837.25,4957525.5,4984149,
PNTM9M2jMkKm3GLHpLiq3J4gE,"","North Campus",Gammage,"W", 10/10/2025 01:50:00 PM,"(UTC-07:00) Arizona",,,4995639,4995639,4995639,
PNTM9M2jMkKm3GLHpLiq3J4gE,"","North Campus",Gammage,"W", 10/10/2025 02:00:00 PM,"(UTC-07:00) Arizona",,,5013527.5,5013527.5,5013527.5,
PNTM9M2jMkKm3GLHpLiq3J4gE,"","North Campus",Gammage,"W", 10/10/2025 02:20:00 PM,"(UTC-07:00) Arizona",,,4964734.5,4964734.5,4964734.5,
PNTM9M2jMkKm3GLHpLiq3J4gE,"","North Campus",Gammage,"W", 10/10/2025 02:30:00 PM,"(UTC-07:00) Arizona",,,5000857.25,4924459,5077255.5,
PNTM9M2jMkKm3GLHpLiq3J4gE,"","North Campus",Gammage,"W", 10/10/2025 02:40:00 PM,"(UTC-07:00) Arizona",,,4891841.5,4891841.5,4891841.5,
PNTM9M2jMkKm3GLHpLiq3J4gE,"","North Campus",Gammage,"W", 10/10/2025 02:50:00 PM,"(UTC-07:00) Arizona",,,4903894.5,4903894.5,4903894.5,
PNTM9M2jMkKm3GLHpLiq3J4gE,"","North Campus",Gammage,"W", 10/10/2025 03:00:00 PM,"(UTC-07:00) Arizona",,,4737217.5,4737217.5,4737217.5,
PNTM9M2jMkKm3GLHpLiq3J4gE,"","North Campus",Gammage,"W", 10/10/2025 03:10:00 PM,"(UTC-07:00) Arizona",,,4758994,4758994,4758994,
PNTM9M2jMkKm3GLHpLiq3J4gE,"","North Campus",Gammage,"W", 10/10/2025 03:20:00 PM,"(UTC-07:00) Arizona",,,4944446,4944446,4944446,
PNTM9M2jMkKm3GLHpLiq3J4gE,"","North Campus",Gammage,"W", 10/10/2025 03:30:00 PM,"(UTC-07:00) Arizona",,,4870151.5,4870151.5,4870151.5,
PNTM9M2jMkKm3GLHpLiq3J4gE,"","North Campus",Gammage,"W", 10/10/2025 03:40:00 PM,"(UTC-07:00) Arizona",,,4821286,4821286,4821286,
PNTM9M2jMkKm3GLHpLiq3J4gE,"","North Campus",Gammage,"W", 10/10/2025 03:50:00 PM,"(UTC-07:00) Arizona",,,4818946.5,4818946.5,4818946.5,
PNTM9M2jMkKm3GLHpLiq3J4gE,"","North Campus",Gammage,"W", 10/10/2025 04:00:00 PM,"(UTC-07:00) Arizona",,,4823407,4823407,4823407,
PNTM9M2jMkKm3GLHpLiq3J4gE,"","North Campus",Gammage,"W", 10/10/2025 04:20:00 PM,"(UTC-07:00) Arizona",,,4793459.5,4793459.5,4793459.5,
PNTM9M2jMkKm3GLHpLiq3J4gE,"","North Campus",Gammage,"W", 10/10/2025 04:30:00 PM,"(UTC-07:00) Arizona",,,4776223,4776223,4776223,
PNTM9M2jMkKm3GLHpLiq3J4gE,"","North Campus",Gammage,"W", 10/10/2025 04:40:00 PM,"(UTC-07:00) Arizona",,,4780275,4780275,4780275,
PNTM9M2jMkKm3GLHpLiq3J4gE,"","North Campus",Gammage,"W", 10/10/2025 04:50:00 PM,"(UTC-07:00) Arizona",,,4654533.25,4584715.5,4724351,
PNTM9M2jMkKm3GLHpLiq3J4gE,"","North Campus",Gammage,"W", 10/10/2025 05:00:00 PM,"(UTC-07:00) Arizona",,,4532607.5,4532607.5,4532607.5,
PNTM9M2jMkKm3GLHpLiq3J4gE,"","North Campus",Gammage,"W", 10/10/2025 05:10:00 PM,"(UTC-07:00) Arizona",,,4544990,4544990,4544990,
PNTM9M2jMkKm3GLHpLiq3J4gE,"","North Campus",Gammage,"W", 10/10/2025 05:20:00 PM,"(UTC-07:00) Arizona",,,4527537.75,4526785.5,4528290,
PNTM9M2jMkKm3GLHpLiq3J4gE,"","North Campus",Gammage,"W", 10/10/2025 05:30:00 PM,"(UTC-07:00) Arizona",,,4532949.25,4508380,4557518.5,
PNTM9M2jMkKm3GLHpLiq3J4gE,"","North Campus",Gammage,"W", 10/10/2025 05:40:00 PM,"(UTC-07:00) Arizona",,,4554486.5,4505373,4603600,
PNTM9M2jMkKm3GLHpLiq3J4gE,"","North Campus",Gammage,"W", 10/10/2025 05:50:00 PM,"(UTC-07:00) Arizona",,,4540762,4540762,4540762,
PNTM9M2jMkKm3GLHpLiq3J4gE,"","North Campus",Gammage,"W", 10/10/2025 06:00:00 PM,"(UTC-07:00) Arizona",,,4505321.5,4505321.5,4505321.5,
PNTM9M2jMkKm3GLHpLiq3J4gE,"","North Campus",Gammage,"W", 10/10/2025 06:10:00 PM,"(UTC-07:00) Arizona",,,4484471.5,4484471.5,4484471.5,
PNTM9M2jMkKm3GLHpLiq3J4gE,"","North Campus",Gammage,"W", 10/10/2025 06:20:00 PM,"(UTC-07:00) Arizona",,,4437429.5,4437429.5,4437429.5,
PNTM9M2jMkKm3GLHpLiq3J4gE,"","North Campus",Gammage,"W", 10/10/2025 06:30:00 PM,"(UTC-07:00) Arizona",,,4400903.5,4400903.5,4400903.5,
PNTM9M2jMkKm3GLHpLiq3J4gE,"","North Campus",Gammage,"W", 10/10/2025 06:40:00 PM,"(UTC-07:00) Arizona",,,4440182.5,4440182.5,4440182.5,
PNTM9M2jMkKm3GLHpLiq3J4gE,"","North Campus",Gammage,"W", 10/10/2025 06:50:00 PM,"(UTC-07:00) Arizona",,,4388167,4388167,4388167,
PNTM9M2jMkKm3GLHpLiq3J4gE,"","North Campus",Gammage,"W", 10/10/2025 07:00:00 PM,"(UTC-07:00) Arizona",,,4376024.75,4373402,4378647.5,
PNTM9M2jMkKm3GLHpLiq3J4gE,"","North Campus",Gammage,"W", 10/10/2025 07:10:00 PM,"(UTC-07:00) Arizona",,,4381854.5,4381854.5,4381854.5,
PNTM9M2jMkKm3GLHpLiq3J4gE,"","North Campus",Gammage,"W", 10/10/2025 07:20:00 PM,"(UTC-07:00) Arizona",,,4308336.5,4308336.5,4308336.5,
PNTM9M2jMkKm3GLHpLiq3J4gE,"","North Campus",Gammage,"W", 10/10/2025 07:30:00 PM,"(UTC-07:00) Arizona",,,4276963.5,4276963.5,4276963.5,
PNTM9M2jMkKm3GLHpLiq3J4gE,"","North Campus",Gammage,"W", 10/10/2025 07:40:00 PM,"(UTC-07:00) Arizona",,,4320264.5,4320264.5,4320264.5,
PNTM9M2jMkKm3GLHpLiq3J4gE,"","North Campus",Gammage,"W", 10/10/2025 07:50:00 PM,"(UTC-07:00) Arizona",,,4146295,4146295,4146295,
PNTM9M2jMkKm3GLHpLiq3J4gE,"","North Campus",Gammage,"W", 10/10/2025 08:10:00 PM,"(UTC-07:00) Arizona",,,4248526.5,4248526.5,4248526.5,
PNTM9M2jMkKm3GLHpLiq3J4gE,"","North Campus",Gammage,"W", 10/10/2025 08:20:00 PM,"(UTC-07:00) Arizona",,,4179168.2,4179168.2,4179168.2,
PNTM9M2jMkKm3GLHpLiq3J4gE,"","North Campus",Gammage,"W", 10/10/2025 08:30:00 PM,"(UTC-07:00) Arizona",,,4191291.2,4191291.2,4191291.2,
PNTM9M2jMkKm3GLHpLiq3J4gE,"","North Campus",Gammage,"W", 10/10/2025 08:40:00 PM,"(UTC-07:00) Arizona",,,4128017.2,4128017.2,4128017.2,
PNTM9M2jMkKm3GLHpLiq3J4gE,"","North Campus",Gammage,"W", 10/10/2025 08:50:00 PM,"(UTC-07:00) Arizona",,,4153056.8,4117187.8,4188925.8,
PNTM9M2jMkKm3GLHpLiq3J4gE,"","North Campus",Gammage,"W", 10/10/2025 09:00:00 PM,"(UTC-07:00) Arizona",,,3993212.2,3993212.2,3993212.2,
PNTM9M2jMkKm3GLHpLiq3J4gE,"","North Campus",Gammage,"W", 10/10/2025 09:10:00 PM,"(UTC-07:00) Arizona",,,3771173.5,3771173.5,3771173.5,
PNTM9M2jMkKm3GLHpLiq3J4gE,"","North Campus",Gammage,"W", 10/10/2025 09:20:00 PM,"(UTC-07:00) Arizona",,,3777039.8,3777039.8,3777039.8,
PNTM9M2jMkKm3GLHpLiq3J4gE,"","North Campus",Gammage,"W", 10/10/2025 09:30:00 PM,"(UTC-07:00) Arizona",,,3751098.35,3732906.2,3769290.5,
PNTM9M2jMkKm3GLHpLiq3J4gE,"","North Campus",Gammage,"W", 10/10/2025 09:40:00 PM,"(UTC-07:00) Arizona",,,3763028.2,3763028.2,3763028.2,
PNTM9M2jMkKm3GLHpLiq3J4gE,"","North Campus",Gammage,"W", 10/10/2025 09:50:00 PM,"(UTC-07:00) Arizona",,,3755160.8,3755160.8,3755160.8,
PNTM9M2jMkKm3GLHpLiq3J4gE,"","North Campus",Gammage,"W", 10/10/2025 10:00:00 PM,"(UTC-07:00) Arizona",,,3704075.25,3691690,3716460.5,
PNTM9M2jMkKm3GLHpLiq3J4gE,"","North Campus",Gammage,"W", 10/10/2025 10:10:00 PM,"(UTC-07:00) Arizona",,,3675427,3675427,3675427,
PNTM9M2jMkKm3GLHpLiq3J4gE,"","North Campus",Gammage,"W", 10/10/2025 10:20:00 PM,"(UTC-07:00) Arizona",,,3645481.35,3626908.2,3664054.5,
PNTM9M2jMkKm3GLHpLiq3J4gE,"","North Campus",Gammage,"W", 10/10/2025 10:30:00 PM,"(UTC-07:00) Arizona",,,3681792,3681792,3681792,
PNTM9M2jMkKm3GLHpLiq3J4gE,"","North Campus",Gammage,"W", 10/10/2025 10:40:00 PM,"(UTC-07:00) Arizona",,,3631715.2,3631715.2,3631715.2,
PNTM9M2jMkKm3GLHpLiq3J4gE,"","North Campus",Gammage,"W", 10/10/2025 10:50:00 PM,"(UTC-07:00) Arizona",,,3610114.25,3561983.5,3658245,
PNTM9M2jMkKm3GLHpLiq3J4gE,"","North Campus",Gammage,"W", 10/10/2025 11:00:00 PM,"(UTC-07:00) Arizona",,,3594717.2,3594717.2,3594717.2,
PNTM9M2jMkKm3GLHpLiq3J4gE,"","North Campus",Gammage,"W", 10/10/2025 11:10:00 PM,"(UTC-07:00) Arizona",,,3575319.8,3575319.8,3575319.8,
PNTM9M2jMkKm3GLHpLiq3J4gE,"","North Campus",Gammage,"W", 10/10/2025 11:20:00 PM,"(UTC-07:00) Arizona",,,3557292.2,3557292.2,3557292.2,
PNTM9M2jMkKm3GLHpLiq3J4gE,"","North Campus",Gammage,"W", 10/10/2025 11:30:00 PM,"(UTC-07:00) Arizona",,,3554693.2,3554693.2,3554693.2,
PNTM9M2jMkKm3GLHpLiq3J4gE,"","North Campus",Gammage,"W", 10/10/2025 11:40:00 PM,"(UTC-07:00) Arizona",,,3562466.8,3562466.8,3562466.8,
PNTM9M2jMkKm3GLHpLiq3J4gE,"","North Campus",Gammage,"W", 10/10/2025 11:50:00 PM,"(UTC-07:00) Arizona",,,3518506.7,3494527.2,3542486.2,
PNTM9M2jMkKm3GLHpLiq3J4gE,"","North Campus",Gammage,"W", 10/11/2025 12:00:00 AM,"(UTC-07:00) Arizona",,,3492473.75,3463807.5,3521140,
PNTM9M2jMkKm3GLHpLiq3J4gE,"","North Campus",Gammage,"W", 10/11/2025 12:10:00 AM,"(UTC-07:00) Arizona",,,3475933.8,3475933.8,3475933.8,
PNTM9M2jMkKm3GLHpLiq3J4gE,"","North Campus",Gammage,"W", 10/11/2025 12:20:00 AM,"(UTC-07:00) Arizona",,,3470474,3470474,3470474,
PNTM9M2jMkKm3GLHpLiq3J4gE,"","North Campus",Gammage,"W", 10/11/2025 12:30:00 AM,"(UTC-07:00) Arizona",,,3435886,3435886,3435886,
PNTM9M2jMkKm3GLHpLiq3J4gE,"","North Campus",Gammage,"W", 10/11/2025 12:40:00 AM,"(UTC-07:00) Arizona",,,3487346,3487346,3487346,
PNTM9M2jMkKm3GLHpLiq3J4gE,"","North Campus",Gammage,"W", 10/11/2025 12:50:00 AM,"(UTC-07:00) Arizona",,,3424212.2,3424212.2,3424212.2,
PNTM9M2jMkKm3GLHpLiq3J4gE,"","North Campus",Gammage,"W", 10/11/2025 01:00:00 AM,"(UTC-07:00) Arizona",,,3428816,3428816,3428816,
PNTM9M2jMkKm3GLHpLiq3J4gE,"","North Campus",Gammage,"W", 10/11/2025 01:10:00 AM,"(UTC-07:00) Arizona",,,3381087.2,3381087.2,3381087.2,
PNTM9M2jMkKm3GLHpLiq3J4gE,"","North Campus",Gammage,"W", 10/11/2025 01:20:00 AM,"(UTC-07:00) Arizona",,,3378474.8,3378474.8,3378474.8,
PNTM9M2jMkKm3GLHpLiq3J4gE,"","North Campus",Gammage,"W", 10/11/2025 01:30:00 AM,"(UTC-07:00) Arizona",,,3375972.8,3375972.8,3375972.8,
PNTM9M2jMkKm3GLHpLiq3J4gE,"","North Campus",Gammage,"W", 10/11/2025 01:40:00 AM,"(UTC-07:00) Arizona",,,3396009.5,3396009.5,3396009.5,
PNTM9M2jMkKm3GLHpLiq3J4gE,"","North Campus",Gammage,"W", 10/11/2025 01:50:00 AM,"(UTC-07:00) Arizona",,,3345534.5,3345534.5,3345534.5,
PNTM9M2jMkKm3GLHpLiq3J4gE,"","North Campus",Gammage,"W", 10/11/2025 02:00:00 AM,"(UTC-07:00) Arizona",,,3365200.2,3365200.2,3365200.2,
PNTM9M2jMkKm3GLHpLiq3J4gE,"","North Campus",Gammage,"W", 10/11/2025 02:10:00 AM,"(UTC-07:00) Arizona",,,3351917.8,3351917.8,3351917.8,
PNTM9M2jMkKm3GLHpLiq3J4gE,"","North Campus",Gammage,"W", 10/11/2025 02:20:00 AM,"(UTC-07:00) Arizona",,,3348648.8,3348648.8,3348648.8,
PNTM9M2jMkKm3GLHpLiq3J4gE,"","North Campus",Gammage,"W", 10/11/2025 02:30:00 AM,"(UTC-07:00) Arizona",,,3371090,3361461.5,3380718.5,
PNTM9M2jMkKm3GLHpLiq3J4gE,"","North Campus",Gammage,"W", 10/11/2025 02:40:00 AM,"(UTC-07:00) Arizona",,,3336743.85,3302739.2,3370748.5,
PNTM9M2jMkKm3GLHpLiq3J4gE,"","North Campus",Gammage,"W", 10/11/2025 02:50:00 AM,"(UTC-07:00) Arizona",,,3312205,3312205,3312205,
PNTM9M2jMkKm3GLHpLiq3J4gE,"","North Campus",Gammage,"W", 10/11/2025 03:00:00 AM,"(UTC-07:00) Arizona",,,3337693.8,3337693.8,3337693.8,
PNTM9M2jMkKm3GLHpLiq3J4gE,"","North Campus",Gammage,"W", 10/11/2025 03:10:00 AM,"(UTC-07:00) Arizona",,,3341897,3341897,3341897,
PNTM9M2jMkKm3GLHpLiq3J4gE,"","North Campus",Gammage,"W", 10/11/2025 03:20:00 AM,"(UTC-07:00) Arizona",,,3343026,3333565.2,3352486.8,
PNTM9M2jMkKm3GLHpLiq3J4gE,"","North Campus",Gammage,"W", 10/11/2025 03:30:00 AM,"(UTC-07:00) Arizona",,,3325749,3325749,3325749,
PNTM9M2jMkKm3GLHpLiq3J4gE,"","North Campus",Gammage,"W", 10/11/2025 03:40:00 AM,"(UTC-07:00) Arizona",,,3325805.5,3325805.5,3325805.5,
PNTM9M2jMkKm3GLHpLiq3J4gE,"","North Campus",Gammage,"W", 10/11/2025 03:50:00 AM,"(UTC-07:00) Arizona",,,3339628,3339628,3339628,
PNTM9M2jMkKm3GLHpLiq3J4gE,"","North Campus",Gammage,"W", 10/11/2025 04:00:00 AM,"(UTC-07:00) Arizona",,,3327139.2,3327139.2,3327139.2,
PNTM9M2jMkKm3GLHpLiq3J4gE,"","North Campus",Gammage,"W", 10/11/2025 04:10:00 AM,"(UTC-07:00) Arizona",,,3320312.2,3320312.2,3320312.2,
PNTM9M2jMkKm3GLHpLiq3J4gE,"","North Campus",Gammage,"W", 10/11/2025 04:20:00 AM,"(UTC-07:00) Arizona",,,3301151.25,3280550.5,3321752,
PNTM9M2jMkKm3GLHpLiq3J4gE,"","North Campus",Gammage,"W", 10/11/2025 04:30:00 AM,"(UTC-07:00) Arizona",,,3268110,3268110,3268110,
PNTM9M2jMkKm3GLHpLiq3J4gE,"","North Campus",Gammage,"W", 10/11/2025 04:40:00 AM,"(UTC-07:00) Arizona",,,3295409,3295409,3295409,
PNTM9M2jMkKm3GLHpLiq3J4gE,"","North Campus",Gammage,"W", 10/11/2025 04:50:00 AM,"(UTC-07:00) Arizona",,,3320570.8,3320570.8,3320570.8,
PNTM9M2jMkKm3GLHpLiq3J4gE,"","North Campus",Gammage,"W", 10/11/2025 05:00:00 AM,"(UTC-07:00) Arizona",,,3333530.2,3333530.2,3333530.2,
PNTM9M2jMkKm3GLHpLiq3J4gE,"","North Campus",Gammage,"W", 10/11/2025 05:10:00 AM,"(UTC-07:00) Arizona",,,3339937.5,3339937.5,3339937.5,
PNTM9M2jMkKm3GLHpLiq3J4gE,"","North Campus",Gammage,"W", 10/11/2025 05:20:00 AM,"(UTC-07:00) Arizona",,,3356080.25,3342892.5,3369268,
PNTM9M2jMkKm3GLHpLiq3J4gE,"","North Campus",Gammage,"W", 10/11/2025 05:30:00 AM,"(UTC-07:00) Arizona",,,3349029.5,3349029.5,3349029.5,
PNTM9M2jMkKm3GLHpLiq3J4gE,"","North Campus",Gammage,"W", 10/11/2025 05:40:00 AM,"(UTC-07:00) Arizona",,,3351189.35,3344699.2,3357679.5,
PNTM9M2jMkKm3GLHpLiq3J4gE,"","North Campus",Gammage,"W", 10/11/2025 05:50:00 AM,"(UTC-07:00) Arizona",,,3395840,3395840,3395840,
PNTM9M2jMkKm3GLHpLiq3J4gE,"","North Campus",Gammage,"W", 10/11/2025 06:00:00 AM,"(UTC-07:00) Arizona",,,3486519,3486519,3486519,
PNTM9M2jMkKm3GLHpLiq3J4gE,"","North Campus",Gammage,"W", 10/11/2025 06:10:00 AM,"(UTC-07:00) Arizona",,,3479995.9,3468780,3491211.8,
PNTM9M2jMkKm3GLHpLiq3J4gE,"","North Campus",Gammage,"W", 10/11/2025 06:20:00 AM,"(UTC-07:00) Arizona",,,3559343.2,3559343.2,3559343.2,
PNTM9M2jMkKm3GLHpLiq3J4gE,"","North Campus",Gammage,"W", 10/11/2025 06:30:00 AM,"(UTC-07:00) Arizona",,,3520558.2,3520558.2,3520558.2,
PNTM9M2jMkKm3GLHpLiq3J4gE,"","North Campus",Gammage,"W", 10/11/2025 06:40:00 AM,"(UTC-07:00) Arizona",,,3524150.2,3524150.2,3524150.2,
PNTM9M2jMkKm3GLHpLiq3J4gE,"","North Campus",Gammage,"W", 10/11/2025 06:50:00 AM,"(UTC-07:00) Arizona",,,3560656.2,3560656.2,3560656.2,
PNTM9M2jMkKm3GLHpLiq3J4gE,"","North Campus",Gammage,"W", 10/11/2025 07:00:00 AM,"(UTC-07:00) Arizona",,,3595677.5,3595677.5,3595677.5,
PNTM9M2jMkKm3GLHpLiq3J4gE,"","North Campus",Gammage,"W", 10/11/2025 07:10:00 AM,"(UTC-07:00) Arizona",,,3599674.2,3599674.2,3599674.2,
PNTM9M2jMkKm3GLHpLiq3J4gE,"","North Campus",Gammage,"W", 10/11/2025 07:20:00 AM,"(UTC-07:00) Arizona",,,3633256,3629551.5,3636960.5,
PNTM9M2jMkKm3GLHpLiq3J4gE,"","North Campus",Gammage,"W", 10/11/2025 07:30:00 AM,"(UTC-07:00) Arizona",,,3633358.8,3633358.8,3633358.8,
PNTM9M2jMkKm3GLHpLiq3J4gE,"","North Campus",Gammage,"W", 10/11/2025 07:50:00 AM,"(UTC-07:00) Arizona",,,3683242.8,3667833.8,3698651.8,
PNTM9M2jMkKm3GLHpLiq3J4gE,"","North Campus",Gammage,"W", 10/11/2025 08:00:00 AM,"(UTC-07:00) Arizona",,,3649797.2,3649797.2,3649797.2,
PNTM9M2jMkKm3GLHpLiq3J4gE,"","North Campus",Gammage,"W", 10/11/2025 08:10:00 AM,"(UTC-07:00) Arizona",,,3702496.6,3669204.2,3735789,
PNTM9M2jMkKm3GLHpLiq3J4gE,"","North Campus",Gammage,"W", 10/11/2025 08:20:00 AM,"(UTC-07:00) Arizona",,,3765209.5,3765209.5,3765209.5,
PNTM9M2jMkKm3GLHpLiq3J4gE,"","North Campus",Gammage,"W", 10/11/2025 08:30:00 AM,"(UTC-07:00) Arizona",,,3792947,3792947,3792947,
PNTM9M2jMkKm3GLHpLiq3J4gE,"","North Campus",Gammage,"W", 10/11/2025 08:40:00 AM,"(UTC-07:00) Arizona",,,3793817.65,3774214.8,3813420.5,
PNTM9M2jMkKm3GLHpLiq3J4gE,"","North Campus",Gammage,"W", 10/11/2025 08:50:00 AM,"(UTC-07:00) Arizona",,,3841966.5,3841966.5,3841966.5,
PNTM9M2jMkKm3GLHpLiq3J4gE,"","North Campus",Gammage,"W", 10/11/2025 09:00:00 AM,"(UTC-07:00) Arizona",,,3814651,3811652,3817650,
PNTM9M2jMkKm3GLHpLiq3J4gE,"","North Campus",Gammage,"W", 10/11/2025 09:20:00 AM,"(UTC-07:00) Arizona",,,3827716.75,3796370,3859063.5,
PNTM9M2jMkKm3GLHpLiq3J4gE,"","North Campus",Gammage,"W", 10/11/2025 09:30:00 AM,"(UTC-07:00) Arizona",,,3832133,3832133,3832133,
PNTM9M2jMkKm3GLHpLiq3J4gE,"","North Campus",Gammage,"W", 10/11/2025 09:40:00 AM,"(UTC-07:00) Arizona",,,3817870.2,3817870.2,3817870.2,
PNTM9M2jMkKm3GLHpLiq3J4gE,"","North Campus",Gammage,"W", 10/11/2025 09:50:00 AM,"(UTC-07:00) Arizona",,,3830288,3830288,3830288,
PNTM9M2jMkKm3GLHpLiq3J4gE,"","North Campus",Gammage,"W", 10/11/2025 10:00:00 AM,"(UTC-07:00) Arizona",,,3951703.5,3951703.5,3951703.5,
PNTM9M2jMkKm3GLHpLiq3J4gE,"","North Campus",Gammage,"W", 10/11/2025 10:10:00 AM,"(UTC-07:00) Arizona",,,3942724.5,3942724.5,3942724.5,
PNTM9M2jMkKm3GLHpLiq3J4gE,"","North Campus",Gammage,"W", 10/11/2025 10:20:00 AM,"(UTC-07:00) Arizona",,,3940403.8,3940403.8,3940403.8,
PNTM9M2jMkKm3GLHpLiq3J4gE,"","North Campus",Gammage,"W", 10/11/2025 10:30:00 AM,"(UTC-07:00) Arizona",,,3911281,3910063.8,3912498.2,
PNTM9M2jMkKm3GLHpLiq3J4gE,"","North Campus",Gammage,"W", 10/11/2025 10:50:00 AM,"(UTC-07:00) Arizona",,,3933931.5,3921373,3946490,
PNTM9M2jMkKm3GLHpLiq3J4gE,"","North Campus",Gammage,"W", 10/11/2025 11:00:00 AM,"(UTC-07:00) Arizona",,,3943217.2,3943217.2,3943217.2,
PNTM9M2jMkKm3GLHpLiq3J4gE,"","North Campus",Gammage,"W", 10/11/2025 11:10:00 AM,"(UTC-07:00) Arizona",,,4007717.5,4007717.5,4007717.5,
PNTM9M2jMkKm3GLHpLiq3J4gE,"","North Campus",Gammage,"W", 10/11/2025 11:20:00 AM,"(UTC-07:00) Arizona",,,3858828.75,3839712,3877945.5,
PNTM9M2jMkKm3GLHpLiq3J4gE,"","North Campus",Gammage,"W", 10/11/2025 11:30:00 AM,"(UTC-07:00) Arizona",,,3980929.8,3980929.8,3980929.8,
PNTM9M2jMkKm3GLHpLiq3J4gE,"","North Campus",Gammage,"W", 10/11/2025 11:40:00 AM,"(UTC-07:00) Arizona",,,3902056,3883782.2,3920329.8,
PNTM9M2jMkKm3GLHpLiq3J4gE,"","North Campus",Gammage,"W", 10/11/2025 11:50:00 AM,"(UTC-07:00) Arizona",,,3962385,3932354,3992416,
PNTM9M2jMkKm3GLHpLiq3J4gE,"","North Campus",Gammage,"W", 10/11/2025 12:00:00 PM,"(UTC-07:00) Arizona",,,3807995,3807995,3807995,
PNTM9M2jMkKm3GLHpLiq3J4gE,"","North Campus",Gammage,"W", 10/11/2025 12:10:00 PM,"(UTC-07:00) Arizona",,,4067913,4067913,4067913,
PNTM9M2jMkKm3GLHpLiq3J4gE,"","North Campus",Gammage,"W", 10/11/2025 12:20:00 PM,"(UTC-07:00) Arizona",,,4001309.5,4001309.5,4001309.5,
PNTM9M2jMkKm3GLHpLiq3J4gE,"","North Campus",Gammage,"W", 10/11/2025 12:30:00 PM,"(UTC-07:00) Arizona",,,4013564.85,3968888.2,4058241.5,
PNTM9M2jMkKm3GLHpLiq3J4gE,"","North Campus",Gammage,"W", 10/11/2025 12:40:00 PM,"(UTC-07:00) Arizona",,,4012017.8,4012017.8,4012017.8,
PNTM9M2jMkKm3GLHpLiq3J4gE,"","North Campus",Gammage,"W", 10/11/2025 12:50:00 PM,"(UTC-07:00) Arizona",,,4073672.8,4073672.8,4073672.8,
PNTM9M2jMkKm3GLHpLiq3J4gE,"","North Campus",Gammage,"W", 10/11/2025 01:00:00 PM,"(UTC-07:00) Arizona",,,4170328,4170328,4170328,
PNTM9M2jMkKm3GLHpLiq3J4gE,"","North Campus",Gammage,"W", 10/11/2025 01:10:00 PM,"(UTC-07:00) Arizona",,,4031650.2,4031650.2,4031650.2,
PNTM9M2jMkKm3GLHpLiq3J4gE,"","North Campus",Gammage,"W", 10/11/2025 01:20:00 PM,"(UTC-07:00) Arizona",,,4041422.5,3942627.5,4140217.5,
PNTM9M2jMkKm3GLHpLiq3J4gE,"","North Campus",Gammage,"W", 10/11/2025 01:30:00 PM,"(UTC-07:00) Arizona",,,4155253.2,4146319.2,4164187.2,
PNTM9M2jMkKm3GLHpLiq3J4gE,"","North Campus",Gammage,"W", 10/11/2025 01:50:00 PM,"(UTC-07:00) Arizona",,,4219676,4219676,4219676,
PNTM9M2jMkKm3GLHpLiq3J4gE,"","North Campus",Gammage,"W", 10/11/2025 02:00:00 PM,"(UTC-07:00) Arizona",,,4098160.8,4098160.8,4098160.8,
PNTM9M2jMkKm3GLHpLiq3J4gE,"","North Campus",Gammage,"W", 10/11/2025 02:10:00 PM,"(UTC-07:00) Arizona",,,3972498.1,3899145.2,4045851,
PNTM9M2jMkKm3GLHpLiq3J4gE,"","North Campus",Gammage,"W", 10/11/2025 02:20:00 PM,"(UTC-07:00) Arizona",,,3900484.5,3900484.5,3900484.5,
PNTM9M2jMkKm3GLHpLiq3J4gE,"","North Campus",Gammage,"W", 10/11/2025 02:30:00 PM,"(UTC-07:00) Arizona",,,4129535.5,4129535.5,4129535.5,
PNTM9M2jMkKm3GLHpLiq3J4gE,"","North Campus",Gammage,"W", 10/11/2025 02:40:00 PM,"(UTC-07:00) Arizona",,,4089745,4089745,4089745,
PNTM9M2jMkKm3GLHpLiq3J4gE,"","North Campus",Gammage,"W", 10/11/2025 02:50:00 PM,"(UTC-07:00) Arizona",,,4161238.2,4161238.2,4161238.2,
PNTM9M2jMkKm3GLHpLiq3J4gE,"","North Campus",Gammage,"W", 10/11/2025 03:10:00 PM,"(UTC-07:00) Arizona",,,4136484.5,4136484.5,4136484.5,
PNTM9M2jMkKm3GLHpLiq3J4gE,"","North Campus",Gammage,"W", 10/11/2025 03:20:00 PM,"(UTC-07:00) Arizona",,,4186923.2,4186923.2,4186923.2,
PNTM9M2jMkKm3GLHpLiq3J4gE,"","North Campus",Gammage,"W", 10/11/2025 03:30:00 PM,"(UTC-07:00) Arizona",,,4090488.25,3985233.5,4195743,
PNTM9M2jMkKm3GLHpLiq3J4gE,"","North Campus",Gammage,"W", 10/11/2025 03:40:00 PM,"(UTC-07:00) Arizona",,,4033636,4033636,4033636,
PNTM9M2jMkKm3GLHpLiq3J4gE,"","North Campus",Gammage,"W", 10/11/2025 03:50:00 PM,"(UTC-07:00) Arizona",,,4029155,4029155,4029155,
PNTM9M2jMkKm3GLHpLiq3J4gE,"","North Campus",Gammage,"W", 10/11/2025 04:00:00 PM,"(UTC-07:00) Arizona",,,4038541.2,4038541.2,4038541.2,
PNTM9M2jMkKm3GLHpLiq3J4gE,"","North Campus",Gammage,"W", 10/11/2025 04:10:00 PM,"(UTC-07:00) Arizona",,,4226323.5,4226323.5,4226323.5,
PNTM9M2jMkKm3GLHpLiq3J4gE,"","North Campus",Gammage,"W", 10/11/2025 04:20:00 PM,"(UTC-07:00) Arizona",,,4174868,4174868,4174868,
PNTM9M2jMkKm3GLHpLiq3J4gE,"","North Campus",Gammage,"W", 10/11/2025 04:30:00 PM,"(UTC-07:00) Arizona",,,4151479.5,4151479.5,4151479.5,
PNTM9M2jMkKm3GLHpLiq3J4gE,"","North Campus",Gammage,"W", 10/11/2025 04:40:00 PM,"(UTC-07:00) Arizona",,,4227889.5,4227889.5,4227889.5,
PNTM9M2jMkKm3GLHpLiq3J4gE,"","North Campus",Gammage,"W", 10/11/2025 04:50:00 PM,"(UTC-07:00) Arizona",,,4219207,4219207,4219207,
PNTM9M2jMkKm3GLHpLiq3J4gE,"","North Campus",Gammage,"W", 10/11/2025 05:00:00 PM,"(UTC-07:00) Arizona",,,4178408.6,4152108.2,4204709,
PNTM9M2jMkKm3GLHpLiq3J4gE,"","North Campus",Gammage,"W", 10/11/2025 05:10:00 PM,"(UTC-07:00) Arizona",,,4162079,4162079,4162079,
PNTM9M2jMkKm3GLHpLiq3J4gE,"","North Campus",Gammage,"W", 10/11/2025 05:20:00 PM,"(UTC-07:00) Arizona",,,4150134.5,4150134.5,4150134.5,
PNTM9M2jMkKm3GLHpLiq3J4gE,"","North Campus",Gammage,"W", 10/11/2025 05:30:00 PM,"(UTC-07:00) Arizona",,,4224388,4188926,4256870,
PNTM9M2jMkKm3GLHpLiq3J4gE,"","North Campus",Gammage,"W", 10/11/2025 05:40:00 PM,"(UTC-07:00) Arizona",,,4212842,4212842,4212842,
PNTM9M2jMkKm3GLHpLiq3J4gE,"","North Campus",Gammage,"W", 10/11/2025 05:50:00 PM,"(UTC-07:00) Arizona",,,4275562,4275562,4275562,
PNTM9M2jMkKm3GLHpLiq3J4gE,"","North Campus",Gammage,"W", 10/11/2025 06:00:00 PM,"(UTC-07:00) Arizona",,,4203595.5,4203595.5,4203595.5,
PNTM9M2jMkKm3GLHpLiq3J4gE,"","North Campus",Gammage,"W", 10/11/2025 06:10:00 PM,"(UTC-07:00) Arizona",,,4209769,4209769,4209769,
PNTM9M2jMkKm3GLHpLiq3J4gE,"","North Campus",Gammage,"W", 10/11/2025 06:20:00 PM,"(UTC-07:00) Arizona",,,4256400,4256400,4256400,
PNTM9M2jMkKm3GLHpLiq3J4gE,"","North Campus",Gammage,"W", 10/11/2025 06:30:00 PM,"(UTC-07:00) Arizona",,,4255923,4255923,4255923,
PNTM9M2jMkKm3GLHpLiq3J4gE,"","North Campus",Gammage,"W", 10/11/2025 06:40:00 PM,"(UTC-07:00) Arizona",,,4219035.1,4193678.2,4244392,
PNTM9M2jMkKm3GLHpLiq3J4gE,"","North Campus",Gammage,"W", 10/11/2025 06:50:00 PM,"(UTC-07:00) Arizona",,,4135841.5,4135841.5,4135841.5,
PNTM9M2jMkKm3GLHpLiq3J4gE,"","North Campus",Gammage,"W", 10/11/2025 07:00:00 PM,"(UTC-07:00) Arizona",,,4084596.2,4084596.2,4084596.2,
PNTM9M2jMkKm3GLHpLiq3J4gE,"","North Campus",Gammage,"W", 10/11/2025 07:10:00 PM,"(UTC-07:00) Arizona",,,4050345.8,4049679.8,4051011.8,
PNTM9M2jMkKm3GLHpLiq3J4gE,"","North Campus",Gammage,"W", 10/11/2025 07:20:00 PM,"(UTC-07:00) Arizona",,,4032273.5,4001726.8,4062820.2,
PNTM9M2jMkKm3GLHpLiq3J4gE,"","North Campus",Gammage,"W", 10/11/2025 07:30:00 PM,"(UTC-07:00) Arizona",,,4030000.5,4030000.5,4030000.5,
PNTM9M2jMkKm3GLHpLiq3J4gE,"","North Campus",Gammage,"W", 10/11/2025 07:40:00 PM,"(UTC-07:00) Arizona",,,4103884,4103884,4103884,
PNTM9M2jMkKm3GLHpLiq3J4gE,"","North Campus",Gammage,"W", 10/11/2025 07:50:00 PM,"(UTC-07:00) Arizona",,,4005858.25,3978506,4033210.5,
PNTM9M2jMkKm3GLHpLiq3J4gE,"","North Campus",Gammage,"W", 10/11/2025 08:00:00 PM,"(UTC-07:00) Arizona",,,3892760.8,3892760.8,3892760.8,
PNTM9M2jMkKm3GLHpLiq3J4gE,"","North Campus",Gammage,"W", 10/11/2025 08:10:00 PM,"(UTC-07:00) Arizona",,,3941315.8,3941315.8,3941315.8,
PNTM9M2jMkKm3GLHpLiq3J4gE,"","North Campus",Gammage,"W", 10/11/2025 08:30:00 PM,"(UTC-07:00) Arizona",,,3921504.8,3921504.8,3921504.8,
PNTM9M2jMkKm3GLHpLiq3J4gE,"","North Campus",Gammage,"W", 10/11/2025 08:40:00 PM,"(UTC-07:00) Arizona",,,3833541.5,3833541.5,3833541.5,
PNTM9M2jMkKm3GLHpLiq3J4gE,"","North Campus",Gammage,"W", 10/11/2025 08:50:00 PM,"(UTC-07:00) Arizona",,,3830616,3830616,3830616,
PNTM9M2jMkKm3GLHpLiq3J4gE,"","North Campus",Gammage,"W", 10/11/2025 09:00:00 PM,"(UTC-07:00) Arizona",,,3785822.2,3785822.2,3785822.2,
PNTM9M2jMkKm3GLHpLiq3J4gE,"","North Campus",Gammage,"W", 10/11/2025 09:10:00 PM,"(UTC-07:00) Arizona",,,3793251,3793251,3793251,
PNTM9M2jMkKm3GLHpLiq3J4gE,"","North Campus",Gammage,"W", 10/11/2025 09:20:00 PM,"(UTC-07:00) Arizona",,,3784687,3784687,3784687,
PNTM9M2jMkKm3GLHpLiq3J4gE,"","North Campus",Gammage,"W", 10/11/2025 09:30:00 PM,"(UTC-07:00) Arizona",,,3800177.9,3785999.8,3814356,
PNTM9M2jMkKm3GLHpLiq3J4gE,"","North Campus",Gammage,"W", 10/11/2025 09:40:00 PM,"(UTC-07:00) Arizona",,,3807913.2,3807913.2,3807913.2,
PNTM9M2jMkKm3GLHpLiq3J4gE,"","North Campus",Gammage,"W", 10/11/2025 09:50:00 PM,"(UTC-07:00) Arizona",,,3767698.5,3767698.5,3767698.5,
PNTM9M2jMkKm3GLHpLiq3J4gE,"","North Campus",Gammage,"W", 10/11/2025 10:00:00 PM,"(UTC-07:00) Arizona",,,3704904.5,3704904.5,3704904.5,
PNTM9M2jMkKm3GLHpLiq3J4gE,"","North Campus",Gammage,"W", 10/11/2025 10:10:00 PM,"(UTC-07:00) Arizona",,,3701878.2,3701878.2,3701878.2,
PNTM9M2jMkKm3GLHpLiq3J4gE,"","North Campus",Gammage,"W", 10/11/2025 10:20:00 PM,"(UTC-07:00) Arizona",,,3649580.1,3621455.2,3677705,
PNTM9M2jMkKm3GLHpLiq3J4gE,"","North Campus",Gammage,"W", 10/11/2025 10:30:00 PM,"(UTC-07:00) Arizona",,,3683738.2,3683738.2,3683738.2,
PNTM9M2jMkKm3GLHpLiq3J4gE,"","North Campus",Gammage,"W", 10/11/2025 10:40:00 PM,"(UTC-07:00) Arizona",,,3605036.8,3605036.8,3605036.8,
PNTM9M2jMkKm3GLHpLiq3J4gE,"","North Campus",Gammage,"W", 10/11/2025 10:50:00 PM,"(UTC-07:00) Arizona",,,3600119,3600119,3600119,
PNTM9M2jMkKm3GLHpLiq3J4gE,"","North Campus",Gammage,"W", 10/11/2025 11:00:00 PM,"(UTC-07:00) Arizona",,,3589729.5,3589729.5,3589729.5,
PNTM9M2jMkKm3GLHpLiq3J4gE,"","North Campus",Gammage,"W", 10/11/2025 11:10:00 PM,"(UTC-07:00) Arizona",,,3569555,3569555,3569555,
PNTM9M2jMkKm3GLHpLiq3J4gE,"","North Campus",Gammage,"W", 10/11/2025 11:20:00 PM,"(UTC-07:00) Arizona",,,3551208.4,3533832.8,3568584,
PNTM9M2jMkKm3GLHpLiq3J4gE,"","North Campus",Gammage,"W", 10/11/2025 11:30:00 PM,"(UTC-07:00) Arizona",,,3521678.5,3521678.5,3521678.5,
PNTM9M2jMkKm3GLHpLiq3J4gE,"","North Campus",Gammage,"W", 10/11/2025 11:40:00 PM,"(UTC-07:00) Arizona",,,3561515.85,3546331.2,3576700.5,
PNTM9M2jMkKm3GLHpLiq3J4gE,"","North Campus",Gammage,"W", 10/11/2025 11:50:00 PM,"(UTC-07:00) Arizona",,,3584935.4,3573413.8,3596457,
PNTM9M2jMkKm3GLHpLiq3J4gE,"","North Campus",Gammage,"W", 10/12/2025 12:00:00 AM,"(UTC-07:00) Arizona",,,3515215,3515215,3515215,
PNTM9M2jMkKm3GLHpLiq3J4gE,"","North Campus",Gammage,"W", 10/12/2025 12:10:00 AM,"(UTC-07:00) Arizona",,,3469965.5,3469965.5,3469965.5,
PNTM9M2jMkKm3GLHpLiq3J4gE,"","North Campus",Gammage,"W", 10/12/2025 12:20:00 AM,"(UTC-07:00) Arizona",,,3467049,3467049,3467049,
PNTM9M2jMkKm3GLHpLiq3J4gE,"","North Campus",Gammage,"W", 10/12/2025 12:30:00 AM,"(UTC-07:00) Arizona",,,3509497.2,3509497.2,3509497.2,
PNTM9M2jMkKm3GLHpLiq3J4gE,"","North Campus",Gammage,"W", 10/12/2025 12:50:00 AM,"(UTC-07:00) Arizona",,,3457181.1,3431409.2,3482953,
PNTM9M2jMkKm3GLHpLiq3J4gE,"","North Campus",Gammage,"W", 10/12/2025 01:00:00 AM,"(UTC-07:00) Arizona",,,3434429.5,3404848.2,3464010.8,
PNTM9M2jMkKm3GLHpLiq3J4gE,"","North Campus",Gammage,"W", 10/12/2025 01:10:00 AM,"(UTC-07:00) Arizona",,,3473781.8,3473781.8,3473781.8,
PNTM9M2jMkKm3GLHpLiq3J4gE,"","North Campus",Gammage,"W", 10/12/2025 01:20:00 AM,"(UTC-07:00) Arizona",,,3425472.5,3425472.5,3425472.5,
PNTM9M2jMkKm3GLHpLiq3J4gE,"","North Campus",Gammage,"W", 10/12/2025 01:30:00 AM,"(UTC-07:00) Arizona",,,3383550.3,3372334.8,3394765.8,
PNTM9M2jMkKm3GLHpLiq3J4gE,"","North Campus",Gammage,"W", 10/12/2025 01:40:00 AM,"(UTC-07:00) Arizona",,,3356914.8,3356914.8,3356914.8,
PNTM9M2jMkKm3GLHpLiq3J4gE,"","North Campus",Gammage,"W", 10/12/2025 01:50:00 AM,"(UTC-07:00) Arizona",,,3369423.8,3369423.8,3369423.8,
PNTM9M2jMkKm3GLHpLiq3J4gE,"","North Campus",Gammage,"W", 10/12/2025 02:00:00 AM,"(UTC-07:00) Arizona",,,3343195.75,3332378,3354013.5,
PNTM9M2jMkKm3GLHpLiq3J4gE,"","North Campus",Gammage,"W", 10/12/2025 02:10:00 AM,"(UTC-07:00) Arizona",,,3349450,3349450,3349450,
PNTM9M2jMkKm3GLHpLiq3J4gE,"","North Campus",Gammage,"W", 10/12/2025 02:20:00 AM,"(UTC-07:00) Arizona",,,3321541,3316043.2,3327038.8,
PNTM9M2jMkKm3GLHpLiq3J4gE,"","North Campus",Gammage,"W", 10/12/2025 02:30:00 AM,"(UTC-07:00) Arizona",,,3315791,3315791,3315791,
PNTM9M2jMkKm3GLHpLiq3J4gE,"","North Campus",Gammage,"W", 10/12/2025 02:40:00 AM,"(UTC-07:00) Arizona",,,3338899.8,3338899.8,3338899.8,
PNTM9M2jMkKm3GLHpLiq3J4gE,"","North Campus",Gammage,"W", 10/12/2025 02:50:00 AM,"(UTC-07:00) Arizona",,,3307447,3307447,3307447,
PNTM9M2jMkKm3GLHpLiq3J4gE,"","North Campus",Gammage,"W", 10/12/2025 03:00:00 AM,"(UTC-07:00) Arizona",,,3353543.2,3353543.2,3353543.2,
PNTM9M2jMkKm3GLHpLiq3J4gE,"","North Campus",Gammage,"W", 10/12/2025 03:10:00 AM,"(UTC-07:00) Arizona",,,3309798.8,3309798.8,3309798.8,
PNTM9M2jMkKm3GLHpLiq3J4gE,"","North Campus",Gammage,"W", 10/12/2025 03:20:00 AM,"(UTC-07:00) Arizona",,,3294762.9,3282293.8,3307232,
PNTM9M2jMkKm3GLHpLiq3J4gE,"","North Campus",Gammage,"W", 10/12/2025 03:30:00 AM,"(UTC-07:00) Arizona",,,3277391.15,3256324.5,3298457.8,
PNTM9M2jMkKm3GLHpLiq3J4gE,"","North Campus",Gammage,"W", 10/12/2025 03:40:00 AM,"(UTC-07:00) Arizona",,,3306407.7,3292816.2,3319999.2,
PNTM9M2jMkKm3GLHpLiq3J4gE,"","North Campus",Gammage,"W", 10/12/2025 03:50:00 AM,"(UTC-07:00) Arizona",,,3299289.25,3294140.5,3304438,
PNTM9M2jMkKm3GLHpLiq3J4gE,"","North Campus",Gammage,"W", 10/12/2025 04:00:00 AM,"(UTC-07:00) Arizona",,,3317178.5,3317178.5,3317178.5,
PNTM9M2jMkKm3GLHpLiq3J4gE,"","North Campus",Gammage,"W", 10/12/2025 04:10:00 AM,"(UTC-07:00) Arizona",,,3307954.5,3307954.5,3307954.5,
PNTM9M2jMkKm3GLHpLiq3J4gE,"","North Campus",Gammage,"W", 10/12/2025 04:20:00 AM,"(UTC-07:00) Arizona",,,3274173.65,3242605.8,3305741.5,
PNTM9M2jMkKm3GLHpLiq3J4gE,"","North Campus",Gammage,"W", 10/12/2025 04:30:00 AM,"(UTC-07:00) Arizona",,,3215892.8,3215892.8,3215892.8,
PNTM9M2jMkKm3GLHpLiq3J4gE,"","North Campus",Gammage,"W", 10/12/2025 04:40:00 AM,"(UTC-07:00) Arizona",,,3304128.1,3281242.2,3327014,
PNTM9M2jMkKm3GLHpLiq3J4gE,"","North Campus",Gammage,"W", 10/12/2025 04:50:00 AM,"(UTC-07:00) Arizona",,,3287271.15,3284866.8,3289675.5,
PNTM9M2jMkKm3GLHpLiq3J4gE,"","North Campus",Gammage,"W", 10/12/2025 05:00:00 AM,"(UTC-07:00) Arizona",,,3287658,3287658,3287658,
PNTM9M2jMkKm3GLHpLiq3J4gE,"","North Campus",Gammage,"W", 10/12/2025 05:10:00 AM,"(UTC-07:00) Arizona",,,3388775.15,3376787.5,3400762.8,
PNTM9M2jMkKm3GLHpLiq3J4gE,"","North Campus",Gammage,"W", 10/12/2025 05:20:00 AM,"(UTC-07:00) Arizona",,,3327829,3327829,3327829,
PNTM9M2jMkKm3GLHpLiq3J4gE,"","North Campus",Gammage,"W", 10/12/2025 05:30:00 AM,"(UTC-07:00) Arizona",,,3303690.2,3303690.2,3303690.2,
PNTM9M2jMkKm3GLHpLiq3J4gE,"","North Campus",Gammage,"W", 10/12/2025 05:40:00 AM,"(UTC-07:00) Arizona",,,3309159.3,3297121.8,3321196.8,
PNTM9M2jMkKm3GLHpLiq3J4gE,"","North Campus",Gammage,"W", 10/12/2025 05:50:00 AM,"(UTC-07:00) Arizona",,,3348616.2,3348616.2,3348616.2,
PNTM9M2jMkKm3GLHpLiq3J4gE,"","North Campus",Gammage,"W", 10/12/2025 06:00:00 AM,"(UTC-07:00) Arizona",,,3407684.8,3407684.8,3407684.8,
PNTM9M2jMkKm3GLHpLiq3J4gE,"","North Campus",Gammage,"W", 10/12/2025 06:10:00 AM,"(UTC-07:00) Arizona",,,3409350.85,3382190.2,3436511.5,
PNTM9M2jMkKm3GLHpLiq3J4gE,"","North Campus",Gammage,"W", 10/12/2025 06:20:00 AM,"(UTC-07:00) Arizona",,,3396993.2,3396993.2,3396993.2,
PNTM9M2jMkKm3GLHpLiq3J4gE,"","North Campus",Gammage,"W", 10/12/2025 06:30:00 AM,"(UTC-07:00) Arizona",,,3423331.8,3423331.8,3423331.8,
PNTM9M2jMkKm3GLHpLiq3J4gE,"","North Campus",Gammage,"W", 10/12/2025 06:40:00 AM,"(UTC-07:00) Arizona",,,3406116.2,3406116.2,3406116.2,
PNTM9M2jMkKm3GLHpLiq3J4gE,"","North Campus",Gammage,"W", 10/12/2025 06:50:00 AM,"(UTC-07:00) Arizona",,,3419792.6,3402915.2,3436670,
PNTM9M2jMkKm3GLHpLiq3J4gE,"","North Campus",Gammage,"W", 10/12/2025 07:00:00 AM,"(UTC-07:00) Arizona",,,3424084.2,3424084.2,3424084.2,
PNTM9M2jMkKm3GLHpLiq3J4gE,"","North Campus",Gammage,"W", 10/12/2025 07:10:00 AM,"(UTC-07:00) Arizona",,,3387381.2,3387381.2,3387381.2,
PNTM9M2jMkKm3GLHpLiq3J4gE,"","North Campus",Gammage,"W", 10/12/2025 07:20:00 AM,"(UTC-07:00) Arizona",,,3373485,3373485,3373485,
PNTM9M2jMkKm3GLHpLiq3J4gE,"","North Campus",Gammage,"W", 10/12/2025 07:30:00 AM,"(UTC-07:00) Arizona",,,3370557,3370557,3370557,
PNTM9M2jMkKm3GLHpLiq3J4gE,"","North Campus",Gammage,"W", 10/12/2025 07:40:00 AM,"(UTC-07:00) Arizona",,,3329373.5,3329373.5,3329373.5,
PNTM9M2jMkKm3GLHpLiq3J4gE,"","North Campus",Gammage,"W", 10/12/2025 07:50:00 AM,"(UTC-07:00) Arizona",,,3334959.2,3334959.2,3334959.2,
PNTM9M2jMkKm3GLHpLiq3J4gE,"","North Campus",Gammage,"W", 10/12/2025 08:00:00 AM,"(UTC-07:00) Arizona",,,3372634.5,3372634.5,3372634.5,
PNTM9M2jMkKm3GLHpLiq3J4gE,"","North Campus",Gammage,"W", 10/12/2025 08:10:00 AM,"(UTC-07:00) Arizona",,,3404548.2,3404548.2,3404548.2,
PNTM9M2jMkKm3GLHpLiq3J4gE,"","North Campus",Gammage,"W", 10/12/2025 08:20:00 AM,"(UTC-07:00) Arizona",,,3422171,3422171,3422171,
PNTM9M2jMkKm3GLHpLiq3J4gE,"","North Campus",Gammage,"W", 10/12/2025 08:30:00 AM,"(UTC-07:00) Arizona",,,3399508.6,3385588,3413429.2,
PNTM9M2jMkKm3GLHpLiq3J4gE,"","North Campus",Gammage,"W", 10/12/2025 08:40:00 AM,"(UTC-07:00) Arizona",,,3427302.5,3427302.5,3427302.5,
PNTM9M2jMkKm3GLHpLiq3J4gE,"","North Campus",Gammage,"W", 10/12/2025 08:50:00 AM,"(UTC-07:00) Arizona",,,3441396.5,3441396.5,3441396.5,
PNTM9M2jMkKm3GLHpLiq3J4gE,"","North Campus",Gammage,"W", 10/12/2025 09:00:00 AM,"(UTC-07:00) Arizona",,,3499207.2,3499207.2,3499207.2,
PNTM9M2jMkKm3GLHpLiq3J4gE,"","North Campus",Gammage,"W", 10/12/2025 09:10:00 AM,"(UTC-07:00) Arizona",,,3423123.2,3423123.2,3423123.2,
PNTM9M2jMkKm3GLHpLiq3J4gE,"","North Campus",Gammage,"W", 10/12/2025 09:20:00 AM,"(UTC-07:00) Arizona",,,3405763.8,3405763.8,3405763.8,
PNTM9M2jMkKm3GLHpLiq3J4gE,"","North Campus",Gammage,"W", 10/12/2025 09:30:00 AM,"(UTC-07:00) Arizona",,,3394459.2,3394459.2,3394459.2,
PNTM9M2jMkKm3GLHpLiq3J4gE,"","North Campus",Gammage,"W", 10/12/2025 09:40:00 AM,"(UTC-07:00) Arizona",,,3508323.35,3482820.2,3533826.5,
PNTM9M2jMkKm3GLHpLiq3J4gE,"","North Campus",Gammage,"W", 10/12/2025 09:50:00 AM,"(UTC-07:00) Arizona",,,3453529.8,3453529.8,3453529.8,
PNTM9M2jMkKm3GLHpLiq3J4gE,"","North Campus",Gammage,"W", 10/12/2025 10:00:00 AM,"(UTC-07:00) Arizona",,,3488839.8,3488839.8,3488839.8,
PNTM9M2jMkKm3GLHpLiq3J4gE,"","North Campus",Gammage,"W", 10/12/2025 10:10:00 AM,"(UTC-07:00) Arizona",,,3487037.5,3487037.5,3487037.5,
PNTM9M2jMkKm3GLHpLiq3J4gE,"","North Campus",Gammage,"W", 10/12/2025 10:20:00 AM,"(UTC-07:00) Arizona",,,3500146,3493680.2,3506611.8,
PNTM9M2jMkKm3GLHpLiq3J4gE,"","North Campus",Gammage,"W", 10/12/2025 10:30:00 AM,"(UTC-07:00) Arizona",,,3513039.8,3513039.8,3513039.8,
PNTM9M2jMkKm3GLHpLiq3J4gE,"","North Campus",Gammage,"W", 10/12/2025 10:40:00 AM,"(UTC-07:00) Arizona",,,3507290,3507290,3507290,
PNTM9M2jMkKm3GLHpLiq3J4gE,"","North Campus",Gammage,"W", 10/12/2025 10:50:00 AM,"(UTC-07:00) Arizona",,,3545172,3528206.5,3562137.5,
PNTM9M2jMkKm3GLHpLiq3J4gE,"","North Campus",Gammage,"W", 10/12/2025 11:00:00 AM,"(UTC-07:00) Arizona",,,3608076.8,3608076.8,3608076.8,
PNTM9M2jMkKm3GLHpLiq3J4gE,"","North Campus",Gammage,"W", 10/12/2025 11:10:00 AM,"(UTC-07:00) Arizona",,,3612212,3612212,3612212,
PNTM9M2jMkKm3GLHpLiq3J4gE,"","North Campus",Gammage,"W", 10/12/2025 11:30:00 AM,"(UTC-07:00) Arizona",,,3574249.5,3574249.5,3574249.5,
PNTM9M2jMkKm3GLHpLiq3J4gE,"","North Campus",Gammage,"W", 10/12/2025 11:40:00 AM,"(UTC-07:00) Arizona",,,3588997.5,3588997.5,3588997.5,
PNTM9M2jMkKm3GLHpLiq3J4gE,"","North Campus",Gammage,"W", 10/12/2025 11:50:00 AM,"(UTC-07:00) Arizona",,,3632213.5,3632213.5,3632213.5,
PNTM9M2jMkKm3GLHpLiq3J4gE,"","North Campus",Gammage,"W", 10/12/2025 12:00:00 PM,"(UTC-07:00) Arizona",,,3564166.5,3564166.5,3564166.5,
PNTM9M2jMkKm3GLHpLiq3J4gE,"","North Campus",Gammage,"W", 10/12/2025 12:10:00 PM,"(UTC-07:00) Arizona",,,3913009.5,3913009.5,3913009.5,
PNTM9M2jMkKm3GLHpLiq3J4gE,"","North Campus",Gammage,"W", 10/12/2025 12:20:00 PM,"(UTC-07:00) Arizona",,,3595351.8,3595351.8,3595351.8,
PNTM9M2jMkKm3GLHpLiq3J4gE,"","North Campus",Gammage,"W", 10/12/2025 12:30:00 PM,"(UTC-07:00) Arizona",,,3653024.9,3622417,3683632.8,
PNTM9M2jMkKm3GLHpLiq3J4gE,"","North Campus",Gammage,"W", 10/12/2025 12:40:00 PM,"(UTC-07:00) Arizona",,,3664479.2,3664479.2,3664479.2,
PNTM9M2jMkKm3GLHpLiq3J4gE,"","North Campus",Gammage,"W", 10/12/2025 12:50:00 PM,"(UTC-07:00) Arizona",,,3721465,3721465,3721465,
PNTM9M2jMkKm3GLHpLiq3J4gE,"","North Campus",Gammage,"W", 10/12/2025 01:00:00 PM,"(UTC-07:00) Arizona",,,3701279,3701279,3701279,
PNTM9M2jMkKm3GLHpLiq3J4gE,"","North Campus",Gammage,"W", 10/12/2025 01:10:00 PM,"(UTC-07:00) Arizona",,,3770201,3742689.2,3797712.8,
PNTM9M2jMkKm3GLHpLiq3J4gE,"","North Campus",Gammage,"W", 10/12/2025 01:20:00 PM,"(UTC-07:00) Arizona",,,3714116.2,3714116.2,3714116.2,
PNTM9M2jMkKm3GLHpLiq3J4gE,"","North Campus",Gammage,"W", 10/12/2025 01:30:00 PM,"(UTC-07:00) Arizona",,,3819923.2,3819923.2,3819923.2,
PNTM9M2jMkKm3GLHpLiq3J4gE,"","North Campus",Gammage,"W", 10/12/2025 01:50:00 PM,"(UTC-07:00) Arizona",,,3786391,3786391,3786391,
PNTM9M2jMkKm3GLHpLiq3J4gE,"","North Campus",Gammage,"W", 10/12/2025 02:00:00 PM,"(UTC-07:00) Arizona",,,3744005,3744005,3744005,
PNTM9M2jMkKm3GLHpLiq3J4gE,"","North Campus",Gammage,"W", 10/12/2025 02:10:00 PM,"(UTC-07:00) Arizona",,,3773297.8,3773297.8,3773297.8,
PNTM9M2jMkKm3GLHpLiq3J4gE,"","North Campus",Gammage,"W", 10/12/2025 02:20:00 PM,"(UTC-07:00) Arizona",,,3835836.8,3835836.8,3835836.8,
PNTM9M2jMkKm3GLHpLiq3J4gE,"","North Campus",Gammage,"W", 10/12/2025 02:30:00 PM,"(UTC-07:00) Arizona",,,3915170.8,3915170.8,3915170.8,
PNTM9M2jMkKm3GLHpLiq3J4gE,"","North Campus",Gammage,"W", 10/12/2025 02:40:00 PM,"(UTC-07:00) Arizona",,,3962056.2,3962056.2,3962056.2,
PNTM9M2jMkKm3GLHpLiq3J4gE,"","North Campus",Gammage,"W", 10/12/2025 02:50:00 PM,"(UTC-07:00) Arizona",,,3979332.9,3963656,3995009.8,
PNTM9M2jMkKm3GLHpLiq3J4gE,"","North Campus",Gammage,"W", 10/12/2025 03:10:00 PM,"(UTC-07:00) Arizona",,,3915262.8,3915262.8,3915262.8,
PNTM9M2jMkKm3GLHpLiq3J4gE,"","North Campus",Gammage,"W", 10/12/2025 03:20:00 PM,"(UTC-07:00) Arizona",,,3967753.15,3946810.8,3988695.5,
PNTM9M2jMkKm3GLHpLiq3J4gE,"","North Campus",Gammage,"W", 10/12/2025 03:30:00 PM,"(UTC-07:00) Arizona",,,4083102.2,4083102.2,4083102.2,
PNTM9M2jMkKm3GLHpLiq3J4gE,"","North Campus",Gammage,"W", 10/12/2025 03:40:00 PM,"(UTC-07:00) Arizona",,,4084185.5,4084185.5,4084185.5,
PNTM9M2jMkKm3GLHpLiq3J4gE,"","North Campus",Gammage,"W", 10/12/2025 03:50:00 PM,"(UTC-07:00) Arizona",,,4093277.2,4093277.2,4093277.2,
PNTM9M2jMkKm3GLHpLiq3J4gE,"","North Campus",Gammage,"W", 10/12/2025 04:00:00 PM,"(UTC-07:00) Arizona",,,3974923.5,3974923.5,3974923.5,
PNTM9M2jMkKm3GLHpLiq3J4gE,"","North Campus",Gammage,"W", 10/12/2025 04:10:00 PM,"(UTC-07:00) Arizona",,,4147508.8,4147508.8,4147508.8,
PNTM9M2jMkKm3GLHpLiq3J4gE,"","North Campus",Gammage,"W", 10/12/2025 04:20:00 PM,"(UTC-07:00) Arizona",,,4079318.5,4079318.5,4079318.5,
PNTM9M2jMkKm3GLHpLiq3J4gE,"","North Campus",Gammage,"W", 10/12/2025 04:30:00 PM,"(UTC-07:00) Arizona",,,4054292.8,4054292.8,4054292.8,
PNTM9M2jMkKm3GLHpLiq3J4gE,"","North Campus",Gammage,"W", 10/12/2025 04:40:00 PM,"(UTC-07:00) Arizona",,,4103121.8,4103121.8,4103121.8,
PNTM9M2jMkKm3GLHpLiq3J4gE,"","North Campus",Gammage,"W", 10/12/2025 04:50:00 PM,"(UTC-07:00) Arizona",,,4121500.8,4121500.8,4121500.8,
PNTM9M2jMkKm3GLHpLiq3J4gE,"","North Campus",Gammage,"W", 10/12/2025 05:00:00 PM,"(UTC-07:00) Arizona",,,4128085,4128085,4128085,
PNTM9M2jMkKm3GLHpLiq3J4gE,"","North Campus",Gammage,"W", 10/12/2025 05:10:00 PM,"(UTC-07:00) Arizona",,,4135347,4135347,4135347,
PNTM9M2jMkKm3GLHpLiq3J4gE,"","North Campus",Gammage,"W", 10/12/2025 05:20:00 PM,"(UTC-07:00) Arizona",,,4129377.5,4129377.5,4129377.5,
PNTM9M2jMkKm3GLHpLiq3J4gE,"","North Campus",Gammage,"W", 10/12/2025 05:30:00 PM,"(UTC-07:00) Arizona",,,4104710.5,4104710.5,4104710.5,
PNTM9M2jMkKm3GLHpLiq3J4gE,"","North Campus",Gammage,"W", 10/12/2025 05:40:00 PM,"(UTC-07:00) Arizona",,,4163284.5,4163284.5,4163284.5,
PNTM9M2jMkKm3GLHpLiq3J4gE,"","North Campus",Gammage,"W", 10/12/2025 05:50:00 PM,"(UTC-07:00) Arizona",,,4188867.8,4188867.8,4188867.8,
PNTM9M2jMkKm3GLHpLiq3J4gE,"","North Campus",Gammage,"W", 10/12/2025 06:00:00 PM,"(UTC-07:00) Arizona",,,4191684.5,4158608.5,4224760.5,
PNTM9M2jMkKm3GLHpLiq3J4gE,"","North Campus",Gammage,"W", 10/12/2025 06:20:00 PM,"(UTC-07:00) Arizona",,,4232692.5,4232692.5,4232692.5,
PNTM9M2jMkKm3GLHpLiq3J4gE,"","North Campus",Gammage,"W", 10/12/2025 06:40:00 PM,"(UTC-07:00) Arizona",,,4218018.25,4210733,4225303.5,
PNTM9M2jMkKm3GLHpLiq3J4gE,"","North Campus",Gammage,"W", 10/12/2025 06:50:00 PM,"(UTC-07:00) Arizona",,,4203020,4203020,4203020,
PNTM9M2jMkKm3GLHpLiq3J4gE,"","North Campus",Gammage,"W", 10/12/2025 07:00:00 PM,"(UTC-07:00) Arizona",,,4144237.2,4144237.2,4144237.2,
PNTM9M2jMkKm3GLHpLiq3J4gE,"","North Campus",Gammage,"W", 10/12/2025 07:10:00 PM,"(UTC-07:00) Arizona",,,4094536.8,4094536.8,4094536.8,
PNTM9M2jMkKm3GLHpLiq3J4gE,"","North Campus",Gammage,"W", 10/12/2025 07:20:00 PM,"(UTC-07:00) Arizona",,,4070553.25,4055832,4085274.5,
PNTM9M2jMkKm3GLHpLiq3J4gE,"","North Campus",Gammage,"W", 10/12/2025 07:30:00 PM,"(UTC-07:00) Arizona",,,4053698.5,4053698.5,4053698.5,
PNTM9M2jMkKm3GLHpLiq3J4gE,"","North Campus",Gammage,"W", 10/12/2025 07:40:00 PM,"(UTC-07:00) Arizona",,,3997416.8,3997416.8,3997416.8,
PNTM9M2jMkKm3GLHpLiq3J4gE,"","North Campus",Gammage,"W", 10/12/2025 07:50:00 PM,"(UTC-07:00) Arizona",,,3969640,3969640,3969640,
PNTM9M2jMkKm3GLHpLiq3J4gE,"","North Campus",Gammage,"W", 10/12/2025 08:00:00 PM,"(UTC-07:00) Arizona",,,4000975,4000975,4000975,
PNTM9M2jMkKm3GLHpLiq3J4gE,"","North Campus",Gammage,"W", 10/12/2025 08:10:00 PM,"(UTC-07:00) Arizona",,,3932899.2,3932899.2,3932899.2,
PNTM9M2jMkKm3GLHpLiq3J4gE,"","North Campus",Gammage,"W", 10/12/2025 08:20:00 PM,"(UTC-07:00) Arizona",,,3887215.2,3887215.2,3887215.2,
PNTM9M2jMkKm3GLHpLiq3J4gE,"","North Campus",Gammage,"W", 10/12/2025 08:30:00 PM,"(UTC-07:00) Arizona",,,3920119.2,3920119.2,3920119.2,
PNTM9M2jMkKm3GLHpLiq3J4gE,"","North Campus",Gammage,"W", 10/12/2025 08:50:00 PM,"(UTC-07:00) Arizona",,,3980548.2,3980548.2,3980548.2,
PNTM9M2jMkKm3GLHpLiq3J4gE,"","North Campus",Gammage,"W", 10/12/2025 09:00:00 PM,"(UTC-07:00) Arizona",,,3900200.35,3874900.2,3925500.5,
PNTM9M2jMkKm3GLHpLiq3J4gE,"","North Campus",Gammage,"W", 10/12/2025 09:10:00 PM,"(UTC-07:00) Arizona",,,3803855.2,3803855.2,3803855.2,
PNTM9M2jMkKm3GLHpLiq3J4gE,"","North Campus",Gammage,"W", 10/12/2025 09:20:00 PM,"(UTC-07:00) Arizona",,,3823521.5,3823521.5,3823521.5,
PNTM9M2jMkKm3GLHpLiq3J4gE,"","North Campus",Gammage,"W", 10/12/2025 09:30:00 PM,"(UTC-07:00) Arizona",,,3824538.65,3819519.8,3829557.5,
PNTM9M2jMkKm3GLHpLiq3J4gE,"","North Campus",Gammage,"W", 10/12/2025 09:40:00 PM,"(UTC-07:00) Arizona",,,3792512.8,3775194.8,3809830.8,
PNTM9M2jMkKm3GLHpLiq3J4gE,"","North Campus",Gammage,"W", 10/12/2025 09:50:00 PM,"(UTC-07:00) Arizona",,,3792705,3792705,3792705,
PNTM9M2jMkKm3GLHpLiq3J4gE,"","North Campus",Gammage,"W", 10/12/2025 10:00:00 PM,"(UTC-07:00) Arizona",,,3752113.2,3730716.2,3773510.2,
PNTM9M2jMkKm3GLHpLiq3J4gE,"","North Campus",Gammage,"W", 10/12/2025 10:10:00 PM,"(UTC-07:00) Arizona",,,3832752.8,3832752.8,3832752.8,
PNTM9M2jMkKm3GLHpLiq3J4gE,"","North Campus",Gammage,"W", 10/12/2025 10:20:00 PM,"(UTC-07:00) Arizona",,,3716810.8,3716810.8,3716810.8,
PNTM9M2jMkKm3GLHpLiq3J4gE,"","North Campus",Gammage,"W", 10/12/2025 10:30:00 PM,"(UTC-07:00) Arizona",,,3700877.5,3700877.5,3700877.5,
PNTM9M2jMkKm3GLHpLiq3J4gE,"","North Campus",Gammage,"W", 10/12/2025 10:40:00 PM,"(UTC-07:00) Arizona",,,3678095.5,3667677,3688514,
PNTM9M2jMkKm3GLHpLiq3J4gE,"","North Campus",Gammage,"W", 10/12/2025 10:50:00 PM,"(UTC-07:00) Arizona",,,3677856.8,3677856.8,3677856.8,
PNTM9M2jMkKm3GLHpLiq3J4gE,"","North Campus",Gammage,"W", 10/12/2025 11:00:00 PM,"(UTC-07:00) Arizona",,,3632957.9,3625465,3640450.8,
PNTM9M2jMkKm3GLHpLiq3J4gE,"","North Campus",Gammage,"W", 10/12/2025 11:10:00 PM,"(UTC-07:00) Arizona",,,3649592.5,3649592.5,3649592.5,
PNTM9M2jMkKm3GLHpLiq3J4gE,"","North Campus",Gammage,"W", 10/12/2025 11:20:00 PM,"(UTC-07:00) Arizona",,,3660678.5,3660678.5,3660678.5,
PNTM9M2jMkKm3GLHpLiq3J4gE,"","North Campus",Gammage,"W", 10/12/2025 11:30:00 PM,"(UTC-07:00) Arizona",,,3670657.5,3670657.5,3670657.5,
PNTM9M2jMkKm3GLHpLiq3J4gE,"","North Campus",Gammage,"W", 10/12/2025 11:40:00 PM,"(UTC-07:00) Arizona",,,3590103.65,3580742.5,3599464.8,
PNTM9M2jMkKm3GLHpLiq3J4gE,"","North Campus",Gammage,"W", 10/12/2025 11:50:00 PM,"(UTC-07:00) Arizona",,,3601374.5,3596167.2,3606581.8,
