ExternalPointID,Tags,Parent Equipment Name,Site Name,FrequencyUnit,Time,Timezone,OnCount,OffCount,Average,Minimum,Maximum,Sum,State
PNTM9M2jMkKm3GLHpLiq3J4gE,"","North Campus",Gammage,"W", 10/27/2025 01:40:00 AM,"(UTC-07:00) Arizona",,,3312753.8,3312753.8,3312753.8,
PNTM9M2jMkKm3GLHpLiq3J4gE,"","North Campus",Gammage,"W", 10/27/2025 01:50:00 AM,"(UTC-07:00) Arizona",,,3311636.35,3285983.2,3337289.5,
PNTM9M2jMkKm3GLHpLiq3J4gE,"","North Campus",Gammage,"W", 10/27/2025 02:00:00 AM,"(UTC-07:00) Arizona",,,3308277,3308277,3308277,
PNTM9M2jMkKm3GLHpLiq3J4gE,"","North Campus",Gammage,"W", 10/27/2025 02:10:00 AM,"(UTC-07:00) Arizona",,,3319589.6,3279157.5,3368646.8,
PNTM9M2jMkKm3GLHpLiq3J4gE,"","North Campus",Gammage,"W", 10/27/2025 02:20:00 AM,"(UTC-07:00) Arizona",,,3290695.4,3288000,3293390.8,
PNTM9M2jMkKm3GLHpLiq3J4gE,"","North Campus",Gammage,"W", 10/27/2025 02:30:00 AM,"(UTC-07:00) Arizona",,,3348800.8,3348800.8,3348800.8,
PNTM9M2jMkKm3GLHpLiq3J4gE,"","North Campus",Gammage,"W", 10/27/2025 02:40:00 AM,"(UTC-07:00) Arizona",,,3286716.2,3286716.2,3286716.2,
PNTM9M2jMkKm3GLHpLiq3J4gE,"","North Campus",Gammage,"W", 10/27/2025 02:50:00 AM,"(UTC-07:00) Arizona",,,3335691.6,3304147.2,3367236,
PNTM9M2jMkKm3GLHpLiq3J4gE,"","North Campus",Gammage,"W", 10/27/2025 03:00:00 AM,"(UTC-07:00) Arizona",,,3280517.6,3264925,3296110.2,
PNTM9M2jMkKm3GLHpLiq3J4gE,"","North Campus",Gammage,"W", 10/27/2025 03:20:00 AM,"(UTC-07:00) Arizona",,,3263763.2,3263763.2,3263763.2,
PNTM9M2jMkKm3GLHpLiq3J4gE,"","North Campus",Gammage,"W", 10/27/2025 03:30:00 AM,"(UTC-07:00) Arizona",,,3253693.8,3244227.8,3263159.8,
PNTM9M2jMkKm3GLHpLiq3J4gE,"","North Campus",Gammage,"W", 10/27/2025 03:40:00 AM,"(UTC-07:00) Arizona",,,3280093,3280093,3280093,
PNTM9M2jMkKm3GLHpLiq3J4gE,"","North Campus",Gammage,"W", 10/27/2025 03:50:00 AM,"(UTC-07:00) Arizona",,,3274079,3262322.2,3285835.8,
PNTM9M2jMkKm3GLHpLiq3J4gE,"","North Campus",Gammage,"W", 10/27/2025 04:00:00 AM,"(UTC-07:00) Arizona",,,3332810.6,3300162,3365459.2,
PNTM9M2jMkKm3GLHpLiq3J4gE,"","North Campus",Gammage,"W", 10/27/2025 04:10:00 AM,"(UTC-07:00) Arizona",,,3357867.6666666665,3330790.8,3380467.2,
PNTM9M2jMkKm3GLHpLiq3J4gE,"","North Campus",Gammage,"W", 10/27/2025 04:20:00 AM,"(UTC-07:00) Arizona",,,3394261.2,3394261.2,3394261.2,
PNTM9M2jMkKm3GLHpLiq3J4gE,"","North Campus",Gammage,"W", 10/27/2025 04:30:00 AM,"(UTC-07:00) Arizona",,,3361842,3361842,3361842,
PNTM9M2jMkKm3GLHpLiq3J4gE,"","North Campus",Gammage,"W", 10/27/2025 04:40:00 AM,"(UTC-07:00) Arizona",,,3410504.35,3410141.2,3410867.5,
PNTM9M2jMkKm3GLHpLiq3J4gE,"","North Campus",Gammage,"W", 10/27/2025 04:50:00 AM,"(UTC-07:00) Arizona",,,3449297.2,3449297.2,3449297.2,
PNTM9M2jMkKm3GLHpLiq3J4gE,"","North Campus",Gammage,"W", 10/27/2025 05:00:00 AM,"(UTC-07:00) Arizona",,,3452790.2,3452790.2,3452790.2,
PNTM9M2jMkKm3GLHpLiq3J4gE,"","North Campus",Gammage,"W", 10/27/2025 05:10:00 AM,"(UTC-07:00) Arizona",,,3499941.033333333,3479891.8,3525012.5,
PNTM9M2jMkKm3GLHpLiq3J4gE,"","North Campus",Gammage,"W", 10/27/2025 05:20:00 AM,"(UTC-07:00) Arizona",,,3464120.35,3462587.5,3465653.2,
PNTM9M2jMkKm3GLHpLiq3J4gE,"","North Campus",Gammage,"W", 10/27/2025 05:30:00 AM,"(UTC-07:00) Arizona",,,3526213.5,3526213.5,3526213.5,
PNTM9M2jMkKm3GLHpLiq3J4gE,"","North Campus",Gammage,"W", 10/27/2025 05:40:00 AM,"(UTC-07:00) Arizona",,,3557679.8,3557679.8,3557679.8,
PNTM9M2jMkKm3GLHpLiq3J4gE,"","North Campus",Gammage,"W", 10/27/2025 05:50:00 AM,"(UTC-07:00) Arizona",,,3617744.1,3600746,3634742.2,
PNTM9M2jMkKm3GLHpLiq3J4gE,"","North Campus",Gammage,"W", 10/27/2025 06:00:00 AM,"(UTC-07:00) Arizona",,,3772996,3772996,3772996,
PNTM9M2jMkKm3GLHpLiq3J4gE,"","North Campus",Gammage,"W", 10/27/2025 06:10:00 AM,"(UTC-07:00) Arizona",,,3711614.6,3706978.2,3716251,
PNTM9M2jMkKm3GLHpLiq3J4gE,"","North Campus",Gammage,"W", 10/27/2025 06:20:00 AM,"(UTC-07:00) Arizona",,,3796547.4,3777047,3816047.8,
PNTM9M2jMkKm3GLHpLiq3J4gE,"","North Campus",Gammage,"W", 10/27/2025 06:30:00 AM,"(UTC-07:00) Arizona",,,3862216.2,3862216.2,3862216.2,
PNTM9M2jMkKm3GLHpLiq3J4gE,"","North Campus",Gammage,"W", 10/27/2025 06:40:00 AM,"(UTC-07:00) Arizona",,,3828015.2,3821400.2,3834630.2,
PNTM9M2jMkKm3GLHpLiq3J4gE,"","North Campus",Gammage,"W", 10/27/2025 06:50:00 AM,"(UTC-07:00) Arizona",,,3898926.133333333,3852827.8,3980148.8,
PNTM9M2jMkKm3GLHpLiq3J4gE,"","North Campus",Gammage,"W", 10/27/2025 07:00:00 AM,"(UTC-07:00) Arizona",,,3942968.25,3893934.5,3992002,
PNTM9M2jMkKm3GLHpLiq3J4gE,"","North Campus",Gammage,"W", 10/27/2025 07:10:00 AM,"(UTC-07:00) Arizona",,,4033698.5,4033698.5,4033698.5,
PNTM9M2jMkKm3GLHpLiq3J4gE,"","North Campus",Gammage,"W", 10/27/2025 07:20:00 AM,"(UTC-07:00) Arizona",,,4071401.8,4071401.8,4071401.8,
PNTM9M2jMkKm3GLHpLiq3J4gE,"","North Campus",Gammage,"W", 10/27/2025 07:30:00 AM,"(UTC-07:00) Arizona",,,4110817,4110817,4110817,
PNTM9M2jMkKm3GLHpLiq3J4gE,"","North Campus",Gammage,"W", 10/27/2025 07:40:00 AM,"(UTC-07:00) Arizona",,,4102150.5,4102150.5,4102150.5,
PNTM9M2jMkKm3GLHpLiq3J4gE,"","North Campus",Gammage,"W", 10/27/2025 07:50:00 AM,"(UTC-07:00) Arizona",,,4145256,4145256,4145256,
PNTM9M2jMkKm3GLHpLiq3J4gE,"","North Campus",Gammage,"W", 10/27/2025 08:00:00 AM,"(UTC-07:00) Arizona",,,4245942.5,4245942.5,4245942.5,
PNTM9M2jMkKm3GLHpLiq3J4gE,"","North Campus",Gammage,"W", 10/27/2025 08:10:00 AM,"(UTC-07:00) Arizona",,,4337511.5,4337511.5,4337511.5,
PNTM9M2jMkKm3GLHpLiq3J4gE,"","North Campus",Gammage,"W", 10/27/2025 08:20:00 AM,"(UTC-07:00) Arizona",,,4231517,4228150.5,4234883.5,
PNTM9M2jMkKm3GLHpLiq3J4gE,"","North Campus",Gammage,"W", 10/27/2025 08:30:00 AM,"(UTC-07:00) Arizona",,,4354462,4305321,4403603,
PNTM9M2jMkKm3GLHpLiq3J4gE,"","North Campus",Gammage,"W", 10/27/2025 08:40:00 AM,"(UTC-07:00) Arizona",,,4413001.5,4413001.5,4413001.5,
PNTM9M2jMkKm3GLHpLiq3J4gE,"","North Campus",Gammage,"W", 10/27/2025 08:50:00 AM,"(UTC-07:00) Arizona",,,4452480.25,4399594.5,4505366,
PNTM9M2jMkKm3GLHpLiq3J4gE,"","North Campus",Gammage,"W", 10/27/2025 09:00:00 AM,"(UTC-07:00) Arizona",,,4501909,4501909,4501909,
PNTM9M2jMkKm3GLHpLiq3J4gE,"","North Campus",Gammage,"W", 10/27/2025 09:10:00 AM,"(UTC-07:00) Arizona",,,4528077.5,4528077.5,4528077.5,
PNTM9M2jMkKm3GLHpLiq3J4gE,"","North Campus",Gammage,"W", 10/27/2025 09:20:00 AM,"(UTC-07:00) Arizona",,,4487428.25,4455852.5,4519004,
PNTM9M2jMkKm3GLHpLiq3J4gE,"","North Campus",Gammage,"W", 10/27/2025 09:30:00 AM,"(UTC-07:00) Arizona",,,4472668,4472668,4472668,
PNTM9M2jMkKm3GLHpLiq3J4gE,"","North Campus",Gammage,"W", 10/27/2025 09:40:00 AM,"(UTC-07:00) Arizona",,,4441821,4428552,4455090,
PNTM9M2jMkKm3GLHpLiq3J4gE,"","North Campus",Gammage,"W", 10/27/2025 09:50:00 AM,"(UTC-07:00) Arizona",,,4550590,4550590,4550590,
PNTM9M2jMkKm3GLHpLiq3J4gE,"","North Campus",Gammage,"W", 10/27/2025 10:00:00 AM,"(UTC-07:00) Arizona",,,4562197,4562197,4562197,
PNTM9M2jMkKm3GLHpLiq3J4gE,"","North Campus",Gammage,"W", 10/27/2025 10:10:00 AM,"(UTC-07:00) Arizona",,,4618401.25,4541760,4695042.5,
PNTM9M2jMkKm3GLHpLiq3J4gE,"","North Campus",Gammage,"W", 10/27/2025 10:20:00 AM,"(UTC-07:00) Arizona",,,4681877,4681877,4681877,
PNTM9M2jMkKm3GLHpLiq3J4gE,"","North Campus",Gammage,"W", 10/27/2025 10:30:00 AM,"(UTC-07:00) Arizona",,,4625991.25,4581040,4670942.5,
PNTM9M2jMkKm3GLHpLiq3J4gE,"","North Campus",Gammage,"W", 10/27/2025 10:40:00 AM,"(UTC-07:00) Arizona",,,4583713,4581322.5,4586103.5,
PNTM9M2jMkKm3GLHpLiq3J4gE,"","North Campus",Gammage,"W", 10/27/2025 10:50:00 AM,"(UTC-07:00) Arizona",,,4689738.5,4655312.5,4724164.5,
PNTM9M2jMkKm3GLHpLiq3J4gE,"","North Campus",Gammage,"W", 10/27/2025 11:00:00 AM,"(UTC-07:00) Arizona",,,4718561.75,4698560.5,4738563,
PNTM9M2jMkKm3GLHpLiq3J4gE,"","North Campus",Gammage,"W", 10/27/2025 11:10:00 AM,"(UTC-07:00) Arizona",,,4748083,4748083,4748083,
PNTM9M2jMkKm3GLHpLiq3J4gE,"","North Campus",Gammage,"W", 10/27/2025 11:20:00 AM,"(UTC-07:00) Arizona",,,4860955,4819129,4902781,
PNTM9M2jMkKm3GLHpLiq3J4gE,"","North Campus",Gammage,"W", 10/27/2025 11:30:00 AM,"(UTC-07:00) Arizona",,,4753471,4753471,4753471,
PNTM9M2jMkKm3GLHpLiq3J4gE,"","North Campus",Gammage,"W", 10/27/2025 11:40:00 AM,"(UTC-07:00) Arizona",,,4686477.5,4683962,4688993,
PNTM9M2jMkKm3GLHpLiq3J4gE,"","North Campus",Gammage,"W", 10/27/2025 11:50:00 AM,"(UTC-07:00) Arizona",,,4687913,4687913,4687913,
PNTM9M2jMkKm3GLHpLiq3J4gE,"","North Campus",Gammage,"W", 10/27/2025 12:00:00 PM,"(UTC-07:00) Arizona",,,4765735,4765735,4765735,
PNTM9M2jMkKm3GLHpLiq3J4gE,"","North Campus",Gammage,"W", 10/27/2025 12:10:00 PM,"(UTC-07:00) Arizona",,,4808288,4808288,4808288,
PNTM9M2jMkKm3GLHpLiq3J4gE,"","North Campus",Gammage,"W", 10/27/2025 12:20:00 PM,"(UTC-07:00) Arizona",,,4712387,4712387,4712387,
PNTM9M2jMkKm3GLHpLiq3J4gE,"","North Campus",Gammage,"W", 10/27/2025 12:30:00 PM,"(UTC-07:00) Arizona",,,4833487.75,4825896,4841079.5,
PNTM9M2jMkKm3GLHpLiq3J4gE,"","North Campus",Gammage,"W", 10/27/2025 12:40:00 PM,"(UTC-07:00) Arizona",,,4890324.75,4829253.5,4951396,
PNTM9M2jMkKm3GLHpLiq3J4gE,"","North Campus",Gammage,"W", 10/27/2025 12:50:00 PM,"(UTC-07:00) Arizona",,,4871301,4871301,4871301,
PNTM9M2jMkKm3GLHpLiq3J4gE,"","North Campus",Gammage,"W", 10/27/2025 01:00:00 PM,"(UTC-07:00) Arizona",,,4826850.5,4824025.5,4829675.5,
PNTM9M2jMkKm3GLHpLiq3J4gE,"","North Campus",Gammage,"W", 10/27/2025 01:10:00 PM,"(UTC-07:00) Arizona",,,4878366,4840564,4916168,
PNTM9M2jMkKm3GLHpLiq3J4gE,"","North Campus",Gammage,"W", 10/27/2025 01:30:00 PM,"(UTC-07:00) Arizona",,,4887449,4834834,4940064,
PNTM9M2jMkKm3GLHpLiq3J4gE,"","North Campus",Gammage,"W", 10/27/2025 01:40:00 PM,"(UTC-07:00) Arizona",,,4828971.75,4817688.5,4840255,
PNTM9M2jMkKm3GLHpLiq3J4gE,"","North Campus",Gammage,"W", 10/27/2025 01:50:00 PM,"(UTC-07:00) Arizona",,,4910303,4910303,4910303,
PNTM9M2jMkKm3GLHpLiq3J4gE,"","North Campus",Gammage,"W", 10/27/2025 02:00:00 PM,"(UTC-07:00) Arizona",,,4921340.5,4921340.5,4921340.5,
PNTM9M2jMkKm3GLHpLiq3J4gE,"","North Campus",Gammage,"W", 10/27/2025 02:10:00 PM,"(UTC-07:00) Arizona",,,5027624.5,5026745,5028504,
PNTM9M2jMkKm3GLHpLiq3J4gE,"","North Campus",Gammage,"W", 10/27/2025 02:20:00 PM,"(UTC-07:00) Arizona",,,5011639.5,5011639.5,5011639.5,
PNTM9M2jMkKm3GLHpLiq3J4gE,"","North Campus",Gammage,"W", 10/27/2025 02:30:00 PM,"(UTC-07:00) Arizona",,,4968747,4920703,5016791,
PNTM9M2jMkKm3GLHpLiq3J4gE,"","North Campus",Gammage,"W", 10/27/2025 02:40:00 PM,"(UTC-07:00) Arizona",,,5036132.5,5036132.5,5036132.5,
PNTM9M2jMkKm3GLHpLiq3J4gE,"","North Campus",Gammage,"W", 10/27/2025 02:50:00 PM,"(UTC-07:00) Arizona",,,5061436.5,5061436.5,5061436.5,
PNTM9M2jMkKm3GLHpLiq3J4gE,"","North Campus",Gammage,"W", 10/27/2025 03:00:00 PM,"(UTC-07:00) Arizona",,,5023389,5023389,5023389,
PNTM9M2jMkKm3GLHpLiq3J4gE,"","North Campus",Gammage,"W", 10/27/2025 03:10:00 PM,"(UTC-07:00) Arizona",,,5051757.25,5011537,5091977.5,
PNTM9M2jMkKm3GLHpLiq3J4gE,"","North Campus",Gammage,"W", 10/27/2025 03:20:00 PM,"(UTC-07:00) Arizona",,,5021944,5021944,5021944,
PNTM9M2jMkKm3GLHpLiq3J4gE,"","North Campus",Gammage,"W", 10/27/2025 03:30:00 PM,"(UTC-07:00) Arizona",,,5144309.5,5144309.5,5144309.5,
PNTM9M2jMkKm3GLHpLiq3J4gE,"","North Campus",Gammage,"W", 10/27/2025 03:40:00 PM,"(UTC-07:00) Arizona",,,5152682,5152682,5152682,
PNTM9M2jMkKm3GLHpLiq3J4gE,"","North Campus",Gammage,"W", 10/27/2025 03:50:00 PM,"(UTC-07:00) Arizona",,,5172051,5105067.5,5239034.5,
PNTM9M2jMkKm3GLHpLiq3J4gE,"","North Campus",Gammage,"W", 10/27/2025 04:00:00 PM,"(UTC-07:00) Arizona",,,5108128,5102814,5113442,
PNTM9M2jMkKm3GLHpLiq3J4gE,"","North Campus",Gammage,"W", 10/27/2025 04:10:00 PM,"(UTC-07:00) Arizona",,,5163008.5,5105824.5,5220192.5,
PNTM9M2jMkKm3GLHpLiq3J4gE,"","North Campus",Gammage,"W", 10/27/2025 04:20:00 PM,"(UTC-07:00) Arizona",,,5211995,5211995,5211995,
PNTM9M2jMkKm3GLHpLiq3J4gE,"","North Campus",Gammage,"W", 10/27/2025 04:30:00 PM,"(UTC-07:00) Arizona",,,5147913,5147913,5147913,
PNTM9M2jMkKm3GLHpLiq3J4gE,"","North Campus",Gammage,"W", 10/27/2025 04:40:00 PM,"(UTC-07:00) Arizona",,,5170835.5,5170835.5,5170835.5,
PNTM9M2jMkKm3GLHpLiq3J4gE,"","North Campus",Gammage,"W", 10/27/2025 04:50:00 PM,"(UTC-07:00) Arizona",,,5114511,5114511,5114511,
PNTM9M2jMkKm3GLHpLiq3J4gE,"","North Campus",Gammage,"W", 10/27/2025 05:00:00 PM,"(UTC-07:00) Arizona",,,5078871.5,5034893,5122850,
PNTM9M2jMkKm3GLHpLiq3J4gE,"","North Campus",Gammage,"W", 10/27/2025 05:10:00 PM,"(UTC-07:00) Arizona",,,4978571.5,4978571.5,4978571.5,
PNTM9M2jMkKm3GLHpLiq3J4gE,"","North Campus",Gammage,"W", 10/27/2025 05:20:00 PM,"(UTC-07:00) Arizona",,,4977573,4977428.5,4977717.5,
PNTM9M2jMkKm3GLHpLiq3J4gE,"","North Campus",Gammage,"W", 10/27/2025 05:30:00 PM,"(UTC-07:00) Arizona",,,5073011.5,5073011.5,5073011.5,
PNTM9M2jMkKm3GLHpLiq3J4gE,"","North Campus",Gammage,"W", 10/27/2025 05:40:00 PM,"(UTC-07:00) Arizona",,,5000362.25,4986666,5014058.5,
PNTM9M2jMkKm3GLHpLiq3J4gE,"","North Campus",Gammage,"W", 10/27/2025 06:00:00 PM,"(UTC-07:00) Arizona",,,4861071.5,4861071.5,4861071.5,
PNTM9M2jMkKm3GLHpLiq3J4gE,"","North Campus",Gammage,"W", 10/27/2025 06:10:00 PM,"(UTC-07:00) Arizona",,,4839052.75,4794194,4883911.5,
PNTM9M2jMkKm3GLHpLiq3J4gE,"","North Campus",Gammage,"W", 10/27/2025 06:20:00 PM,"(UTC-07:00) Arizona",,,4841024.75,4804799,4877250.5,
PNTM9M2jMkKm3GLHpLiq3J4gE,"","North Campus",Gammage,"W", 10/27/2025 06:30:00 PM,"(UTC-07:00) Arizona",,,4791178,4791178,4791178,
PNTM9M2jMkKm3GLHpLiq3J4gE,"","North Campus",Gammage,"W", 10/27/2025 06:40:00 PM,"(UTC-07:00) Arizona",,,4799887.5,4799887.5,4799887.5,
PNTM9M2jMkKm3GLHpLiq3J4gE,"","North Campus",Gammage,"W", 10/27/2025 06:50:00 PM,"(UTC-07:00) Arizona",,,4752950,4752950,4752950,
PNTM9M2jMkKm3GLHpLiq3J4gE,"","North Campus",Gammage,"W", 10/27/2025 07:00:00 PM,"(UTC-07:00) Arizona",,,4609688,4609688,4609688,
PNTM9M2jMkKm3GLHpLiq3J4gE,"","North Campus",Gammage,"W", 10/27/2025 07:10:00 PM,"(UTC-07:00) Arizona",,,4528859.833333333,4507305,4560887,
PNTM9M2jMkKm3GLHpLiq3J4gE,"","North Campus",Gammage,"W", 10/27/2025 07:20:00 PM,"(UTC-07:00) Arizona",,,4589636.5,4589636.5,4589636.5,
PNTM9M2jMkKm3GLHpLiq3J4gE,"","North Campus",Gammage,"W", 10/27/2025 07:30:00 PM,"(UTC-07:00) Arizona",,,4570620,4562006.5,4579233.5,
PNTM9M2jMkKm3GLHpLiq3J4gE,"","North Campus",Gammage,"W", 10/27/2025 07:40:00 PM,"(UTC-07:00) Arizona",,,4568346.5,4568346.5,4568346.5,
PNTM9M2jMkKm3GLHpLiq3J4gE,"","North Campus",Gammage,"W", 10/27/2025 07:50:00 PM,"(UTC-07:00) Arizona",,,4556359.25,4555764.5,4556954,
PNTM9M2jMkKm3GLHpLiq3J4gE,"","North Campus",Gammage,"W", 10/27/2025 08:00:00 PM,"(UTC-07:00) Arizona",,,4495013,4495013,4495013,
PNTM9M2jMkKm3GLHpLiq3J4gE,"","North Campus",Gammage,"W", 10/27/2025 08:10:00 PM,"(UTC-07:00) Arizona",,,4420749,4420749,4420749,
PNTM9M2jMkKm3GLHpLiq3J4gE,"","North Campus",Gammage,"W", 10/27/2025 08:20:00 PM,"(UTC-07:00) Arizona",,,4457350,4440799,4473901,
PNTM9M2jMkKm3GLHpLiq3J4gE,"","North Campus",Gammage,"W", 10/27/2025 08:30:00 PM,"(UTC-07:00) Arizona",,,4289415.5,4289415.5,4289415.5,
PNTM9M2jMkKm3GLHpLiq3J4gE,"","North Campus",Gammage,"W", 10/27/2025 08:40:00 PM,"(UTC-07:00) Arizona",,,4366283.5,4366283.5,4366283.5,
PNTM9M2jMkKm3GLHpLiq3J4gE,"","North Campus",Gammage,"W", 10/27/2025 08:50:00 PM,"(UTC-07:00) Arizona",,,4315638.75,4301065,4330212.5,
PNTM9M2jMkKm3GLHpLiq3J4gE,"","North Campus",Gammage,"W", 10/27/2025 09:00:00 PM,"(UTC-07:00) Arizona",,,4248942,4233978,4263906,
PNTM9M2jMkKm3GLHpLiq3J4gE,"","North Campus",Gammage,"W", 10/27/2025 09:10:00 PM,"(UTC-07:00) Arizona",,,4251668.5,4251668.5,4251668.5,
PNTM9M2jMkKm3GLHpLiq3J4gE,"","North Campus",Gammage,"W", 10/27/2025 09:20:00 PM,"(UTC-07:00) Arizona",,,4158488.65,4136575.8,4180401.5,
PNTM9M2jMkKm3GLHpLiq3J4gE,"","North Campus",Gammage,"W", 10/27/2025 09:30:00 PM,"(UTC-07:00) Arizona",,,4195945.75,4188784,4203107.5,
PNTM9M2jMkKm3GLHpLiq3J4gE,"","North Campus",Gammage,"W", 10/27/2025 09:40:00 PM,"(UTC-07:00) Arizona",,,4199423.5,4199423.5,4199423.5,
PNTM9M2jMkKm3GLHpLiq3J4gE,"","North Campus",Gammage,"W", 10/27/2025 09:50:00 PM,"(UTC-07:00) Arizona",,,3982961,3982961,3982961,
PNTM9M2jMkKm3GLHpLiq3J4gE,"","North Campus",Gammage,"W", 10/27/2025 10:00:00 PM,"(UTC-07:00) Arizona",,,3938526.5,3938526.5,3938526.5,
PNTM9M2jMkKm3GLHpLiq3J4gE,"","North Campus",Gammage,"W", 10/27/2025 10:10:00 PM,"(UTC-07:00) Arizona",,,3894810.8,3894810.8,3894810.8,
PNTM9M2jMkKm3GLHpLiq3J4gE,"","North Campus",Gammage,"W", 10/27/2025 10:20:00 PM,"(UTC-07:00) Arizona",,,3920930,3920930,3920930,
PNTM9M2jMkKm3GLHpLiq3J4gE,"","North Campus",Gammage,"W", 10/27/2025 10:30:00 PM,"(UTC-07:00) Arizona",,,3813526.8000000003,3801207.2,3826645,
PNTM9M2jMkKm3GLHpLiq3J4gE,"","North Campus",Gammage,"W", 10/27/2025 10:40:00 PM,"(UTC-07:00) Arizona",,,3794307.2,3794307.2,3794307.2,
PNTM9M2jMkKm3GLHpLiq3J4gE,"","North Campus",Gammage,"W", 10/27/2025 10:50:00 PM,"(UTC-07:00) Arizona",,,3682451.8,3682451.8,3682451.8,
PNTM9M2jMkKm3GLHpLiq3J4gE,"","North Campus",Gammage,"W", 10/27/2025 11:00:00 PM,"(UTC-07:00) Arizona",,,3610492.8,3610492.8,3610492.8,
PNTM9M2jMkKm3GLHpLiq3J4gE,"","North Campus",Gammage,"W", 10/27/2025 11:10:00 PM,"(UTC-07:00) Arizona",,,3625880.2,3625880.2,3625880.2,
PNTM9M2jMkKm3GLHpLiq3J4gE,"","North Campus",Gammage,"W", 10/27/2025 11:20:00 PM,"(UTC-07:00) Arizona",,,3599202.8,3598181.8,3600223.8,
PNTM9M2jMkKm3GLHpLiq3J4gE,"","North Campus",Gammage,"W", 10/27/2025 11:30:00 PM,"(UTC-07:00) Arizona",,,3607369.6,3573178,3641561.2,
PNTM9M2jMkKm3GLHpLiq3J4gE,"","North Campus",Gammage,"W", 10/27/2025 11:40:00 PM,"(UTC-07:00) Arizona",,,3558943.2,3558943.2,3558943.2,
PNTM9M2jMkKm3GLHpLiq3J4gE,"","North Campus",Gammage,"W", 10/28/2025 12:00:00 AM,"(UTC-07:00) Arizona",,,3513406.25,3502789.5,3524023,
PNTM9M2jMkKm3GLHpLiq3J4gE,"","North Campus",Gammage,"W", 10/28/2025 12:10:00 AM,"(UTC-07:00) Arizona",,,3465734.2,3465734.2,3465734.2,
PNTM9M2jMkKm3GLHpLiq3J4gE,"","North Campus",Gammage,"W", 10/28/2025 12:20:00 AM,"(UTC-07:00) Arizona",,,3511797.85,3500351.5,3523244.2,
PNTM9M2jMkKm3GLHpLiq3J4gE,"","North Campus",Gammage,"W", 10/28/2025 12:30:00 AM,"(UTC-07:00) Arizona",,,3459099.15,3435574.5,3482623.8,
PNTM9M2jMkKm3GLHpLiq3J4gE,"","North Campus",Gammage,"W", 10/28/2025 12:40:00 AM,"(UTC-07:00) Arizona",,,3448521.8,3448521.8,3448521.8,
PNTM9M2jMkKm3GLHpLiq3J4gE,"","North Campus",Gammage,"W", 10/28/2025 12:50:00 AM,"(UTC-07:00) Arizona",,,3462444.2,3462444.2,3462444.2,
PNTM9M2jMkKm3GLHpLiq3J4gE,"","North Campus",Gammage,"W", 10/28/2025 01:00:00 AM,"(UTC-07:00) Arizona",,,3465434.85,3464070.2,3466799.5,
PNTM9M2jMkKm3GLHpLiq3J4gE,"","North Campus",Gammage,"W", 10/28/2025 01:10:00 AM,"(UTC-07:00) Arizona",,,3409026.8,3409026.8,3409026.8,
PNTM9M2jMkKm3GLHpLiq3J4gE,"","North Campus",Gammage,"W", 10/28/2025 01:20:00 AM,"(UTC-07:00) Arizona",,,3419482.8,3385131.8,3453833.8,
PNTM9M2jMkKm3GLHpLiq3J4gE,"","North Campus",Gammage,"W", 10/28/2025 01:30:00 AM,"(UTC-07:00) Arizona",,,3369654.65,3344881.8,3394427.5,
PNTM9M2jMkKm3GLHpLiq3J4gE,"","North Campus",Gammage,"W", 10/28/2025 01:40:00 AM,"(UTC-07:00) Arizona",,,3347238.8,3347238.8,3347238.8,
PNTM9M2jMkKm3GLHpLiq3J4gE,"","North Campus",Gammage,"W", 10/28/2025 01:50:00 AM,"(UTC-07:00) Arizona",,,3391053,3391053,3391053,
PNTM9M2jMkKm3GLHpLiq3J4gE,"","North Campus",Gammage,"W", 10/28/2025 02:00:00 AM,"(UTC-07:00) Arizona",,,3356735.2,3333643.2,3379827.2,
PNTM9M2jMkKm3GLHpLiq3J4gE,"","North Campus",Gammage,"W", 10/28/2025 02:10:00 AM,"(UTC-07:00) Arizona",,,3335793.2,3335793.2,3335793.2,
PNTM9M2jMkKm3GLHpLiq3J4gE,"","North Campus",Gammage,"W", 10/28/2025 02:20:00 AM,"(UTC-07:00) Arizona",,,3318199.15,3312359.8,3324038.5,
PNTM9M2jMkKm3GLHpLiq3J4gE,"","North Campus",Gammage,"W", 10/28/2025 02:30:00 AM,"(UTC-07:00) Arizona",,,3305111.6,3300980,3309243.2,
PNTM9M2jMkKm3GLHpLiq3J4gE,"","North Campus",Gammage,"W", 10/28/2025 02:40:00 AM,"(UTC-07:00) Arizona",,,3324193,3324193,3324193,
PNTM9M2jMkKm3GLHpLiq3J4gE,"","North Campus",Gammage,"W", 10/28/2025 02:50:00 AM,"(UTC-07:00) Arizona",,,3309544.8,3309544.8,3309544.8,
PNTM9M2jMkKm3GLHpLiq3J4gE,"","North Campus",Gammage,"W", 10/28/2025 03:00:00 AM,"(UTC-07:00) Arizona",,,3344218,3331353.5,3355426,
PNTM9M2jMkKm3GLHpLiq3J4gE,"","North Campus",Gammage,"W", 10/28/2025 03:10:00 AM,"(UTC-07:00) Arizona",,,3327171.2,3327171.2,3327171.2,
PNTM9M2jMkKm3GLHpLiq3J4gE,"","North Campus",Gammage,"W", 10/28/2025 03:30:00 AM,"(UTC-07:00) Arizona",,,3270863,3270863,3270863,
PNTM9M2jMkKm3GLHpLiq3J4gE,"","North Campus",Gammage,"W", 10/28/2025 03:40:00 AM,"(UTC-07:00) Arizona",,,3311237.75,3304920,3317555.5,
PNTM9M2jMkKm3GLHpLiq3J4gE,"","North Campus",Gammage,"W", 10/28/2025 03:50:00 AM,"(UTC-07:00) Arizona",,,3328465,3295934.5,3360995.5,
PNTM9M2jMkKm3GLHpLiq3J4gE,"","North Campus",Gammage,"W", 10/28/2025 04:00:00 AM,"(UTC-07:00) Arizona",,,3431259.2,3431259.2,3431259.2,
PNTM9M2jMkKm3GLHpLiq3J4gE,"","North Campus",Gammage,"W", 10/28/2025 04:10:00 AM,"(UTC-07:00) Arizona",,,3449179.5,3449179.5,3449179.5,
PNTM9M2jMkKm3GLHpLiq3J4gE,"","North Campus",Gammage,"W", 10/28/2025 04:20:00 AM,"(UTC-07:00) Arizona",,,3416591.75,3404624,3428559.5,
PNTM9M2jMkKm3GLHpLiq3J4gE,"","North Campus",Gammage,"W", 10/28/2025 04:30:00 AM,"(UTC-07:00) Arizona",,,3463760.15,3460205.8,3467314.5,
PNTM9M2jMkKm3GLHpLiq3J4gE,"","North Campus",Gammage,"W", 10/28/2025 04:40:00 AM,"(UTC-07:00) Arizona",,,3458929.2,3458929.2,3458929.2,
PNTM9M2jMkKm3GLHpLiq3J4gE,"","North Campus",Gammage,"W", 10/28/2025 04:50:00 AM,"(UTC-07:00) Arizona",,,3511270.85,3504342.2,3518199.5,
PNTM9M2jMkKm3GLHpLiq3J4gE,"","North Campus",Gammage,"W", 10/28/2025 05:00:00 AM,"(UTC-07:00) Arizona",,,3546117,3546117,3546117,
PNTM9M2jMkKm3GLHpLiq3J4gE,"","North Campus",Gammage,"W", 10/28/2025 05:10:00 AM,"(UTC-07:00) Arizona",,,3579783.6,3547081.2,3612486,
PNTM9M2jMkKm3GLHpLiq3J4gE,"","North Campus",Gammage,"W", 10/28/2025 05:20:00 AM,"(UTC-07:00) Arizona",,,3634306.2,3634306.2,3634306.2,
PNTM9M2jMkKm3GLHpLiq3J4gE,"","North Campus",Gammage,"W", 10/28/2025 05:30:00 AM,"(UTC-07:00) Arizona",,,3557880.4,3551508.8,3564252,
PNTM9M2jMkKm3GLHpLiq3J4gE,"","North Campus",Gammage,"W", 10/28/2025 05:40:00 AM,"(UTC-07:00) Arizona",,,3614925.2,3614925.2,3614925.2,
PNTM9M2jMkKm3GLHpLiq3J4gE,"","North Campus",Gammage,"W", 10/28/2025 06:00:00 AM,"(UTC-07:00) Arizona",,,3755906.15,3735035.5,3776776.8,
PNTM9M2jMkKm3GLHpLiq3J4gE,"","North Campus",Gammage,"W", 10/28/2025 06:10:00 AM,"(UTC-07:00) Arizona",,,3860021.8,3831303.8,3888739.8,
PNTM9M2jMkKm3GLHpLiq3J4gE,"","North Campus",Gammage,"W", 10/28/2025 06:20:00 AM,"(UTC-07:00) Arizona",,,3791815.5,3791815.5,3791815.5,
PNTM9M2jMkKm3GLHpLiq3J4gE,"","North Campus",Gammage,"W", 10/28/2025 06:30:00 AM,"(UTC-07:00) Arizona",,,3809186.4,3798434.8,3819938,
PNTM9M2jMkKm3GLHpLiq3J4gE,"","North Campus",Gammage,"W", 10/28/2025 06:40:00 AM,"(UTC-07:00) Arizona",,,3876876.5,3876876.5,3876876.5,
PNTM9M2jMkKm3GLHpLiq3J4gE,"","North Campus",Gammage,"W", 10/28/2025 06:50:00 AM,"(UTC-07:00) Arizona",,,3970779.15,3879954.8,4061603.5,
PNTM9M2jMkKm3GLHpLiq3J4gE,"","North Campus",Gammage,"W", 10/28/2025 07:00:00 AM,"(UTC-07:00) Arizona",,,4053553,4053553,4053553,
PNTM9M2jMkKm3GLHpLiq3J4gE,"","North Campus",Gammage,"W", 10/28/2025 07:10:00 AM,"(UTC-07:00) Arizona",,,4032995.3,3985400.8,4080589.8,
PNTM9M2jMkKm3GLHpLiq3J4gE,"","North Campus",Gammage,"W", 10/28/2025 07:20:00 AM,"(UTC-07:00) Arizona",,,4085437.6,4041722,4129153.2,
PNTM9M2jMkKm3GLHpLiq3J4gE,"","North Campus",Gammage,"W", 10/28/2025 07:30:00 AM,"(UTC-07:00) Arizona",,,4172195,4172195,4172195,
PNTM9M2jMkKm3GLHpLiq3J4gE,"","North Campus",Gammage,"W", 10/28/2025 07:40:00 AM,"(UTC-07:00) Arizona",,,4233296.5,4194583.5,4272009.5,
PNTM9M2jMkKm3GLHpLiq3J4gE,"","North Campus",Gammage,"W", 10/28/2025 07:50:00 AM,"(UTC-07:00) Arizona",,,4215907,4215907,4215907,
PNTM9M2jMkKm3GLHpLiq3J4gE,"","North Campus",Gammage,"W", 10/28/2025 08:00:00 AM,"(UTC-07:00) Arizona",,,4275686.5,4275686.5,4275686.5,
PNTM9M2jMkKm3GLHpLiq3J4gE,"","North Campus",Gammage,"W", 10/28/2025 08:10:00 AM,"(UTC-07:00) Arizona",,,4304137,4279870.5,4328403.5,
PNTM9M2jMkKm3GLHpLiq3J4gE,"","North Campus",Gammage,"W", 10/28/2025 08:20:00 AM,"(UTC-07:00) Arizona",,,4282397.5,4282397.5,4282397.5,
PNTM9M2jMkKm3GLHpLiq3J4gE,"","North Campus",Gammage,"W", 10/28/2025 08:30:00 AM,"(UTC-07:00) Arizona",,,4385393.5,4385393.5,4385393.5,
PNTM9M2jMkKm3GLHpLiq3J4gE,"","North Campus",Gammage,"W", 10/28/2025 08:40:00 AM,"(UTC-07:00) Arizona",,,4345291.5,4345291.5,4345291.5,
PNTM9M2jMkKm3GLHpLiq3J4gE,"","North Campus",Gammage,"W", 10/28/2025 08:50:00 AM,"(UTC-07:00) Arizona",,,4445140.25,4428262.5,4462018,
PNTM9M2jMkKm3GLHpLiq3J4gE,"","North Campus",Gammage,"W", 10/28/2025 09:00:00 AM,"(UTC-07:00) Arizona",,,4528532,4528532,4528532,
PNTM9M2jMkKm3GLHpLiq3J4gE,"","North Campus",Gammage,"W", 10/28/2025 09:10:00 AM,"(UTC-07:00) Arizona",,,4571328.5,4571328.5,4571328.5,
PNTM9M2jMkKm3GLHpLiq3J4gE,"","North Campus",Gammage,"W", 10/28/2025 09:20:00 AM,"(UTC-07:00) Arizona",,,4473478.5,4473478.5,4473478.5,
PNTM9M2jMkKm3GLHpLiq3J4gE,"","North Campus",Gammage,"W", 10/28/2025 09:30:00 AM,"(UTC-07:00) Arizona",,,4498731.5,4440408.5,4557054.5,
PNTM9M2jMkKm3GLHpLiq3J4gE,"","North Campus",Gammage,"W", 10/28/2025 09:40:00 AM,"(UTC-07:00) Arizona",,,4485636,4485636,4485636,
PNTM9M2jMkKm3GLHpLiq3J4gE,"","North Campus",Gammage,"W", 10/28/2025 09:50:00 AM,"(UTC-07:00) Arizona",,,4542581.5,4542581.5,4542581.5,
PNTM9M2jMkKm3GLHpLiq3J4gE,"","North Campus",Gammage,"W", 10/28/2025 10:00:00 AM,"(UTC-07:00) Arizona",,,4649662,4590463.5,4708860.5,
PNTM9M2jMkKm3GLHpLiq3J4gE,"","North Campus",Gammage,"W", 10/28/2025 10:10:00 AM,"(UTC-07:00) Arizona",,,4625349,4625349,4625349,
PNTM9M2jMkKm3GLHpLiq3J4gE,"","North Campus",Gammage,"W", 10/28/2025 10:20:00 AM,"(UTC-07:00) Arizona",,,4560269.5,4560269.5,4560269.5,
PNTM9M2jMkKm3GLHpLiq3J4gE,"","North Campus",Gammage,"W", 10/28/2025 10:30:00 AM,"(UTC-07:00) Arizona",,,4612510,4577411.5,4647608.5,
PNTM9M2jMkKm3GLHpLiq3J4gE,"","North Campus",Gammage,"W", 10/28/2025 10:40:00 AM,"(UTC-07:00) Arizona",,,4553306.5,4553306.5,4553306.5,
PNTM9M2jMkKm3GLHpLiq3J4gE,"","North Campus",Gammage,"W", 10/28/2025 10:50:00 AM,"(UTC-07:00) Arizona",,,4640694,4621307,4660081,
PNTM9M2jMkKm3GLHpLiq3J4gE,"","North Campus",Gammage,"W", 10/28/2025 11:00:00 AM,"(UTC-07:00) Arizona",,,4735368,4735368,4735368,
PNTM9M2jMkKm3GLHpLiq3J4gE,"","North Campus",Gammage,"W", 10/28/2025 11:10:00 AM,"(UTC-07:00) Arizona",,,4671954,4671954,4671954,
PNTM9M2jMkKm3GLHpLiq3J4gE,"","North Campus",Gammage,"W", 10/28/2025 11:20:00 AM,"(UTC-07:00) Arizona",,,4622648,4608991,4636305,
PNTM9M2jMkKm3GLHpLiq3J4gE,"","North Campus",Gammage,"W", 10/28/2025 11:30:00 AM,"(UTC-07:00) Arizona",,,4626422,4626422,4626422,
PNTM9M2jMkKm3GLHpLiq3J4gE,"","North Campus",Gammage,"W", 10/28/2025 11:40:00 AM,"(UTC-07:00) Arizona",,,4594091.75,4590764.5,4597419,
PNTM9M2jMkKm3GLHpLiq3J4gE,"","North Campus",Gammage,"W", 10/28/2025 11:50:00 AM,"(UTC-07:00) Arizona",,,4662614.75,4652002,4673227.5,
PNTM9M2jMkKm3GLHpLiq3J4gE,"","North Campus",Gammage,"W", 10/28/2025 12:00:00 PM,"(UTC-07:00) Arizona",,,4741449.25,4706137,4776761.5,
PNTM9M2jMkKm3GLHpLiq3J4gE,"","North Campus",Gammage,"W", 10/28/2025 12:10:00 PM,"(UTC-07:00) Arizona",,,4709508,4690384,4728632,
PNTM9M2jMkKm3GLHpLiq3J4gE,"","North Campus",Gammage,"W", 10/28/2025 12:20:00 PM,"(UTC-07:00) Arizona",,,4760307.5,4754764,4765851,
PNTM9M2jMkKm3GLHpLiq3J4gE,"","North Campus",Gammage,"W", 10/28/2025 12:30:00 PM,"(UTC-07:00) Arizona",,,4775603,4775603,4775603,
PNTM9M2jMkKm3GLHpLiq3J4gE,"","North Campus",Gammage,"W", 10/28/2025 12:40:00 PM,"(UTC-07:00) Arizona",,,4789945.75,4766641.5,4813250,
PNTM9M2jMkKm3GLHpLiq3J4gE,"","North Campus",Gammage,"W", 10/28/2025 12:50:00 PM,"(UTC-07:00) Arizona",,,4730291.5,4730291.5,4730291.5,
PNTM9M2jMkKm3GLHpLiq3J4gE,"","North Campus",Gammage,"W", 10/28/2025 01:00:00 PM,"(UTC-07:00) Arizona",,,4896515,4896515,4896515,
PNTM9M2jMkKm3GLHpLiq3J4gE,"","North Campus",Gammage,"W", 10/28/2025 01:10:00 PM,"(UTC-07:00) Arizona",,,4851770.5,4778251.5,4925289.5,
PNTM9M2jMkKm3GLHpLiq3J4gE,"","North Campus",Gammage,"W", 10/28/2025 01:20:00 PM,"(UTC-07:00) Arizona",,,4901880.5,4901880.5,4901880.5,
PNTM9M2jMkKm3GLHpLiq3J4gE,"","North Campus",Gammage,"W", 10/28/2025 01:30:00 PM,"(UTC-07:00) Arizona",,,4786657.5,4786657.5,4786657.5,
PNTM9M2jMkKm3GLHpLiq3J4gE,"","North Campus",Gammage,"W", 10/28/2025 01:40:00 PM,"(UTC-07:00) Arizona",,,4838348.25,4825374.5,4851322,
PNTM9M2jMkKm3GLHpLiq3J4gE,"","North Campus",Gammage,"W", 10/28/2025 01:50:00 PM,"(UTC-07:00) Arizona",,,4953322.5,4944216,4962429,
PNTM9M2jMkKm3GLHpLiq3J4gE,"","North Campus",Gammage,"W", 10/28/2025 02:00:00 PM,"(UTC-07:00) Arizona",,,4931046.5,4931046.5,4931046.5,
PNTM9M2jMkKm3GLHpLiq3J4gE,"","North Campus",Gammage,"W", 10/28/2025 02:10:00 PM,"(UTC-07:00) Arizona",,,4909493.25,4894134,4924852.5,
PNTM9M2jMkKm3GLHpLiq3J4gE,"","North Campus",Gammage,"W", 10/28/2025 02:20:00 PM,"(UTC-07:00) Arizona",,,4952689.5,4952689.5,4952689.5,
PNTM9M2jMkKm3GLHpLiq3J4gE,"","North Campus",Gammage,"W", 10/28/2025 02:30:00 PM,"(UTC-07:00) Arizona",,,4816248,4816248,4816248,
PNTM9M2jMkKm3GLHpLiq3J4gE,"","North Campus",Gammage,"W", 10/28/2025 02:40:00 PM,"(UTC-07:00) Arizona",,,4839970.5,4834266,4845675,
PNTM9M2jMkKm3GLHpLiq3J4gE,"","North Campus",Gammage,"W", 10/28/2025 02:50:00 PM,"(UTC-07:00) Arizona",,,4868662.5,4837613.5,4899711.5,
PNTM9M2jMkKm3GLHpLiq3J4gE,"","North Campus",Gammage,"W", 10/28/2025 03:00:00 PM,"(UTC-07:00) Arizona",,,4972719.5,4972719.5,4972719.5,
PNTM9M2jMkKm3GLHpLiq3J4gE,"","North Campus",Gammage,"W", 10/28/2025 03:10:00 PM,"(UTC-07:00) Arizona",,,4958396,4958396,4958396,
PNTM9M2jMkKm3GLHpLiq3J4gE,"","North Campus",Gammage,"W", 10/28/2025 03:20:00 PM,"(UTC-07:00) Arizona",,,4941801,4900985,4982617,
PNTM9M2jMkKm3GLHpLiq3J4gE,"","North Campus",Gammage,"W", 10/28/2025 03:30:00 PM,"(UTC-07:00) Arizona",,,4952607,4952607,4952607,
PNTM9M2jMkKm3GLHpLiq3J4gE,"","North Campus",Gammage,"W", 10/28/2025 03:40:00 PM,"(UTC-07:00) Arizona",,,5027530.75,4983695,5071366.5,
PNTM9M2jMkKm3GLHpLiq3J4gE,"","North Campus",Gammage,"W", 10/28/2025 03:50:00 PM,"(UTC-07:00) Arizona",,,4982950.5,4944543,5021358,
PNTM9M2jMkKm3GLHpLiq3J4gE,"","North Campus",Gammage,"W", 10/28/2025 04:00:00 PM,"(UTC-07:00) Arizona",,,4923171.5,4903375,4942968,
PNTM9M2jMkKm3GLHpLiq3J4gE,"","North Campus",Gammage,"W", 10/28/2025 04:10:00 PM,"(UTC-07:00) Arizona",,,5000398,5000398,5000398,
PNTM9M2jMkKm3GLHpLiq3J4gE,"","North Campus",Gammage,"W", 10/28/2025 04:20:00 PM,"(UTC-07:00) Arizona",,,4965335.25,4947254.5,4983416,
PNTM9M2jMkKm3GLHpLiq3J4gE,"","North Campus",Gammage,"W", 10/28/2025 04:30:00 PM,"(UTC-07:00) Arizona",,,5005992,5005992,5005992,
PNTM9M2jMkKm3GLHpLiq3J4gE,"","North Campus",Gammage,"W", 10/28/2025 04:40:00 PM,"(UTC-07:00) Arizona",,,4888748,4888748,4888748,
PNTM9M2jMkKm3GLHpLiq3J4gE,"","North Campus",Gammage,"W", 10/28/2025 04:50:00 PM,"(UTC-07:00) Arizona",,,4988699.75,4918329.5,5059070,
PNTM9M2jMkKm3GLHpLiq3J4gE,"","North Campus",Gammage,"W", 10/28/2025 05:00:00 PM,"(UTC-07:00) Arizona",,,4943704,4943704,4943704,
PNTM9M2jMkKm3GLHpLiq3J4gE,"","North Campus",Gammage,"W", 10/28/2025 05:10:00 PM,"(UTC-07:00) Arizona",,,4875074.75,4857479.5,4892670,
PNTM9M2jMkKm3GLHpLiq3J4gE,"","North Campus",Gammage,"W", 10/28/2025 05:20:00 PM,"(UTC-07:00) Arizona",,,4845952.5,4845952.5,4845952.5,
PNTM9M2jMkKm3GLHpLiq3J4gE,"","North Campus",Gammage,"W", 10/28/2025 05:30:00 PM,"(UTC-07:00) Arizona",,,4900703,4870485.5,4930920.5,
PNTM9M2jMkKm3GLHpLiq3J4gE,"","North Campus",Gammage,"W", 10/28/2025 05:40:00 PM,"(UTC-07:00) Arizona",,,4940836,4940836,4940836,
PNTM9M2jMkKm3GLHpLiq3J4gE,"","North Campus",Gammage,"W", 10/28/2025 05:50:00 PM,"(UTC-07:00) Arizona",,,4927832,4927832,4927832,
PNTM9M2jMkKm3GLHpLiq3J4gE,"","North Campus",Gammage,"W", 10/28/2025 06:00:00 PM,"(UTC-07:00) Arizona",,,4881636,4881636,4881636,
PNTM9M2jMkKm3GLHpLiq3J4gE,"","North Campus",Gammage,"W", 10/28/2025 06:10:00 PM,"(UTC-07:00) Arizona",,,4826885,4826885,4826885,
PNTM9M2jMkKm3GLHpLiq3J4gE,"","North Campus",Gammage,"W", 10/28/2025 06:20:00 PM,"(UTC-07:00) Arizona",,,4795148.5,4795148.5,4795148.5,
PNTM9M2jMkKm3GLHpLiq3J4gE,"","North Campus",Gammage,"W", 10/28/2025 06:30:00 PM,"(UTC-07:00) Arizona",,,4733127.75,4682665,4783590.5,
PNTM9M2jMkKm3GLHpLiq3J4gE,"","North Campus",Gammage,"W", 10/28/2025 06:40:00 PM,"(UTC-07:00) Arizona",,,4696443.5,4696443.5,4696443.5,
PNTM9M2jMkKm3GLHpLiq3J4gE,"","North Campus",Gammage,"W", 10/28/2025 06:50:00 PM,"(UTC-07:00) Arizona",,,4721091.5,4721091.5,4721091.5,
PNTM9M2jMkKm3GLHpLiq3J4gE,"","North Campus",Gammage,"W", 10/28/2025 07:00:00 PM,"(UTC-07:00) Arizona",,,4625602.5,4619497,4631708,
PNTM9M2jMkKm3GLHpLiq3J4gE,"","North Campus",Gammage,"W", 10/28/2025 07:10:00 PM,"(UTC-07:00) Arizona",,,4592531,4592531,4592531,
PNTM9M2jMkKm3GLHpLiq3J4gE,"","North Campus",Gammage,"W", 10/28/2025 07:20:00 PM,"(UTC-07:00) Arizona",,,4567876.5,4567876.5,4567876.5,
PNTM9M2jMkKm3GLHpLiq3J4gE,"","North Campus",Gammage,"W", 10/28/2025 07:30:00 PM,"(UTC-07:00) Arizona",,,4571361.75,4553562.5,4589161,
PNTM9M2jMkKm3GLHpLiq3J4gE,"","North Campus",Gammage,"W", 10/28/2025 07:40:00 PM,"(UTC-07:00) Arizona",,,4546586.5,4539704.5,4553468.5,
PNTM9M2jMkKm3GLHpLiq3J4gE,"","North Campus",Gammage,"W", 10/28/2025 07:50:00 PM,"(UTC-07:00) Arizona",,,4535907,4535907,4535907,
PNTM9M2jMkKm3GLHpLiq3J4gE,"","North Campus",Gammage,"W", 10/28/2025 08:00:00 PM,"(UTC-07:00) Arizona",,,4379404,4379404,4379404,
PNTM9M2jMkKm3GLHpLiq3J4gE,"","North Campus",Gammage,"W", 10/28/2025 08:10:00 PM,"(UTC-07:00) Arizona",,,4383900,4360772,4407028,
PNTM9M2jMkKm3GLHpLiq3J4gE,"","North Campus",Gammage,"W", 10/28/2025 08:20:00 PM,"(UTC-07:00) Arizona",,,4311094.5,4311094.5,4311094.5,
PNTM9M2jMkKm3GLHpLiq3J4gE,"","North Campus",Gammage,"W", 10/28/2025 08:30:00 PM,"(UTC-07:00) Arizona",,,4280696.5,4255493,4305900,
PNTM9M2jMkKm3GLHpLiq3J4gE,"","North Campus",Gammage,"W", 10/28/2025 08:40:00 PM,"(UTC-07:00) Arizona",,,4210302.1,4193443.2,4227161,
PNTM9M2jMkKm3GLHpLiq3J4gE,"","North Campus",Gammage,"W", 10/28/2025 08:50:00 PM,"(UTC-07:00) Arizona",,,4183693.65,4159478.8,4207908.5,
PNTM9M2jMkKm3GLHpLiq3J4gE,"","North Campus",Gammage,"W", 10/28/2025 09:00:00 PM,"(UTC-07:00) Arizona",,,4216343,4216343,4216343,
PNTM9M2jMkKm3GLHpLiq3J4gE,"","North Campus",Gammage,"W", 10/28/2025 09:10:00 PM,"(UTC-07:00) Arizona",,,4148588,4148588,4148588,
PNTM9M2jMkKm3GLHpLiq3J4gE,"","North Campus",Gammage,"W", 10/28/2025 09:20:00 PM,"(UTC-07:00) Arizona",,,4143730.8,4143730.8,4143730.8,
PNTM9M2jMkKm3GLHpLiq3J4gE,"","North Campus",Gammage,"W", 10/28/2025 09:30:00 PM,"(UTC-07:00) Arizona",,,4160025.15,4138565.8,4181484.5,
PNTM9M2jMkKm3GLHpLiq3J4gE,"","North Campus",Gammage,"W", 10/28/2025 09:40:00 PM,"(UTC-07:00) Arizona",,,4144784,4144784,4144784,
PNTM9M2jMkKm3GLHpLiq3J4gE,"","North Campus",Gammage,"W", 10/28/2025 09:50:00 PM,"(UTC-07:00) Arizona",,,3977988.4,3866730.8,4089246,
PNTM9M2jMkKm3GLHpLiq3J4gE,"","North Campus",Gammage,"W", 10/28/2025 10:00:00 PM,"(UTC-07:00) Arizona",,,3906378,3906378,3906378,
PNTM9M2jMkKm3GLHpLiq3J4gE,"","North Campus",Gammage,"W", 10/28/2025 10:10:00 PM,"(UTC-07:00) Arizona",,,3875791,3862990.5,3888591.5,
PNTM9M2jMkKm3GLHpLiq3J4gE,"","North Campus",Gammage,"W", 10/28/2025 10:20:00 PM,"(UTC-07:00) Arizona",,,3892425.5,3892425.5,3892425.5,
PNTM9M2jMkKm3GLHpLiq3J4gE,"","North Campus",Gammage,"W", 10/28/2025 10:30:00 PM,"(UTC-07:00) Arizona",,,3887948.75,3857761,3918136.5,
PNTM9M2jMkKm3GLHpLiq3J4gE,"","North Campus",Gammage,"W", 10/28/2025 10:40:00 PM,"(UTC-07:00) Arizona",,,3799203,3799203,3799203,
PNTM9M2jMkKm3GLHpLiq3J4gE,"","North Campus",Gammage,"W", 10/28/2025 10:50:00 PM,"(UTC-07:00) Arizona",,,3812394,3812394,3812394,
PNTM9M2jMkKm3GLHpLiq3J4gE,"","North Campus",Gammage,"W", 10/28/2025 11:00:00 PM,"(UTC-07:00) Arizona",,,3663254,3663254,3663254,
PNTM9M2jMkKm3GLHpLiq3J4gE,"","North Campus",Gammage,"W", 10/28/2025 11:10:00 PM,"(UTC-07:00) Arizona",,,3630192.8,3615817.8,3644567.8,
PNTM9M2jMkKm3GLHpLiq3J4gE,"","North Campus",Gammage,"W", 10/28/2025 11:20:00 PM,"(UTC-07:00) Arizona",,,3652882.2,3652882.2,3652882.2,
PNTM9M2jMkKm3GLHpLiq3J4gE,"","North Campus",Gammage,"W", 10/28/2025 11:30:00 PM,"(UTC-07:00) Arizona",,,3599193.4,3585567,3612819.8,
PNTM9M2jMkKm3GLHpLiq3J4gE,"","North Campus",Gammage,"W", 10/28/2025 11:40:00 PM,"(UTC-07:00) Arizona",,,3584916,3584916,3584916,
PNTM9M2jMkKm3GLHpLiq3J4gE,"","North Campus",Gammage,"W", 10/28/2025 11:50:00 PM,"(UTC-07:00) Arizona",,,3575521.35,3570195.5,3580847.2,
PNTM9M2jMkKm3GLHpLiq3J4gE,"","North Campus",Gammage,"W", 10/29/2025 12:00:00 AM,"(UTC-07:00) Arizona",,,3582344.6,3560891.2,3603798,
PNTM9M2jMkKm3GLHpLiq3J4gE,"","North Campus",Gammage,"W", 10/29/2025 12:10:00 AM,"(UTC-07:00) Arizona",,,3522556.5,3515441,3529672,
PNTM9M2jMkKm3GLHpLiq3J4gE,"","North Campus",Gammage,"W", 10/29/2025 12:20:00 AM,"(UTC-07:00) Arizona",,,3494913.7,3464478.2,3525349.2,
PNTM9M2jMkKm3GLHpLiq3J4gE,"","North Campus",Gammage,"W", 10/29/2025 12:30:00 AM,"(UTC-07:00) Arizona",,,3498350.2,3469804.2,3526896.2,
PNTM9M2jMkKm3GLHpLiq3J4gE,"","North Campus",Gammage,"W", 10/29/2025 12:40:00 AM,"(UTC-07:00) Arizona",,,3433811.2,3430816.2,3436806.2,
PNTM9M2jMkKm3GLHpLiq3J4gE,"","North Campus",Gammage,"W", 10/29/2025 12:50:00 AM,"(UTC-07:00) Arizona",,,3411367.2,3411367.2,3411367.2,
PNTM9M2jMkKm3GLHpLiq3J4gE,"","North Campus",Gammage,"W", 10/29/2025 01:00:00 AM,"(UTC-07:00) Arizona",,,3409887.2,3386812.2,3432962.2,
PNTM9M2jMkKm3GLHpLiq3J4gE,"","North Campus",Gammage,"W", 10/29/2025 01:10:00 AM,"(UTC-07:00) Arizona",,,3432984.5,3432984.5,3432984.5,
PNTM9M2jMkKm3GLHpLiq3J4gE,"","North Campus",Gammage,"W", 10/29/2025 01:20:00 AM,"(UTC-07:00) Arizona",,,3398557.5,3398557.5,3398557.5,
PNTM9M2jMkKm3GLHpLiq3J4gE,"","North Campus",Gammage,"W", 10/29/2025 01:30:00 AM,"(UTC-07:00) Arizona",,,3347582.4,3338766,3356398.8,
PNTM9M2jMkKm3GLHpLiq3J4gE,"","North Campus",Gammage,"W", 10/29/2025 01:40:00 AM,"(UTC-07:00) Arizona",,,3334025.25,3326538,3341512.5,
PNTM9M2jMkKm3GLHpLiq3J4gE,"","North Campus",Gammage,"W", 10/29/2025 01:50:00 AM,"(UTC-07:00) Arizona",,,3338787.5,3338787.5,3338787.5,
PNTM9M2jMkKm3GLHpLiq3J4gE,"","North Campus",Gammage,"W", 10/29/2025 02:00:00 AM,"(UTC-07:00) Arizona",,,3330527.2,3330527.2,3330527.2,
PNTM9M2jMkKm3GLHpLiq3J4gE,"","North Campus",Gammage,"W", 10/29/2025 02:10:00 AM,"(UTC-07:00) Arizona",,,3306949.2,3306949.2,3306949.2,
PNTM9M2jMkKm3GLHpLiq3J4gE,"","North Campus",Gammage,"W", 10/29/2025 02:20:00 AM,"(UTC-07:00) Arizona",,,3337929.8,3337929.8,3337929.8,
PNTM9M2jMkKm3GLHpLiq3J4gE,"","North Campus",Gammage,"W", 10/29/2025 02:30:00 AM,"(UTC-07:00) Arizona",,,3352971.3,3350628.8,3355313.8,
PNTM9M2jMkKm3GLHpLiq3J4gE,"","North Campus",Gammage,"W", 10/29/2025 02:40:00 AM,"(UTC-07:00) Arizona",,,3328554,3328554,3328554,
PNTM9M2jMkKm3GLHpLiq3J4gE,"","North Campus",Gammage,"W", 10/29/2025 02:50:00 AM,"(UTC-07:00) Arizona",,,3298866.5,3298866.5,3298866.5,
PNTM9M2jMkKm3GLHpLiq3J4gE,"","North Campus",Gammage,"W", 10/29/2025 03:00:00 AM,"(UTC-07:00) Arizona",,,3340221.5,3340221.5,3340221.5,
PNTM9M2jMkKm3GLHpLiq3J4gE,"","North Campus",Gammage,"W", 10/29/2025 03:10:00 AM,"(UTC-07:00) Arizona",,,3337412.8,3337412.8,3337412.8,
PNTM9M2jMkKm3GLHpLiq3J4gE,"","North Campus",Gammage,"W", 10/29/2025 03:20:00 AM,"(UTC-07:00) Arizona",,,3340343.5,3340343.5,3340343.5,
PNTM9M2jMkKm3GLHpLiq3J4gE,"","North Campus",Gammage,"W", 10/29/2025 03:30:00 AM,"(UTC-07:00) Arizona",,,3358470.6,3348272.8,3364955.5,
PNTM9M2jMkKm3GLHpLiq3J4gE,"","North Campus",Gammage,"W", 10/29/2025 03:40:00 AM,"(UTC-07:00) Arizona",,,3397325,3397325,3397325,
PNTM9M2jMkKm3GLHpLiq3J4gE,"","North Campus",Gammage,"W", 10/29/2025 03:50:00 AM,"(UTC-07:00) Arizona",,,3328027.5,3328027.5,3328027.5,
PNTM9M2jMkKm3GLHpLiq3J4gE,"","North Campus",Gammage,"W", 10/29/2025 04:00:00 AM,"(UTC-07:00) Arizona",,,3336510.5,3336510.5,3336510.5,
PNTM9M2jMkKm3GLHpLiq3J4gE,"","North Campus",Gammage,"W", 10/29/2025 04:10:00 AM,"(UTC-07:00) Arizona",,,3443117,3443117,3443117,
PNTM9M2jMkKm3GLHpLiq3J4gE,"","North Campus",Gammage,"W", 10/29/2025 04:20:00 AM,"(UTC-07:00) Arizona",,,3473709.8,3473709.8,3473709.8,
PNTM9M2jMkKm3GLHpLiq3J4gE,"","North Campus",Gammage,"W", 10/29/2025 04:30:00 AM,"(UTC-07:00) Arizona",,,3457310.75,3452952.5,3461669,
PNTM9M2jMkKm3GLHpLiq3J4gE,"","North Campus",Gammage,"W", 10/29/2025 04:40:00 AM,"(UTC-07:00) Arizona",,,3510830,3510830,3510830,
PNTM9M2jMkKm3GLHpLiq3J4gE,"","North Campus",Gammage,"W", 10/29/2025 04:50:00 AM,"(UTC-07:00) Arizona",,,3506575.7,3489813.2,3523338.2,
PNTM9M2jMkKm3GLHpLiq3J4gE,"","North Campus",Gammage,"W", 10/29/2025 05:00:00 AM,"(UTC-07:00) Arizona",,,3544648.8,3544648.8,3544648.8,
PNTM9M2jMkKm3GLHpLiq3J4gE,"","North Campus",Gammage,"W", 10/29/2025 05:10:00 AM,"(UTC-07:00) Arizona",,,3520173.35,3507978.5,3532368.2,
PNTM9M2jMkKm3GLHpLiq3J4gE,"","North Campus",Gammage,"W", 10/29/2025 05:20:00 AM,"(UTC-07:00) Arizona",,,3519735.2,3519735.2,3519735.2,
PNTM9M2jMkKm3GLHpLiq3J4gE,"","North Campus",Gammage,"W", 10/29/2025 05:30:00 AM,"(UTC-07:00) Arizona",,,3545406,3545406,3545406,
PNTM9M2jMkKm3GLHpLiq3J4gE,"","North Campus",Gammage,"W", 10/29/2025 05:40:00 AM,"(UTC-07:00) Arizona",,,3537529.6,3523944.2,3551115,
PNTM9M2jMkKm3GLHpLiq3J4gE,"","North Campus",Gammage,"W", 10/29/2025 05:50:00 AM,"(UTC-07:00) Arizona",,,3727101.8,3727101.8,3727101.8,
PNTM9M2jMkKm3GLHpLiq3J4gE,"","North Campus",Gammage,"W", 10/29/2025 06:00:00 AM,"(UTC-07:00) Arizona",,,3742335.8,3742335.8,3742335.8,
PNTM9M2jMkKm3GLHpLiq3J4gE,"","North Campus",Gammage,"W", 10/29/2025 06:10:00 AM,"(UTC-07:00) Arizona",,,3764459.5,3732038.2,3796880.8,
PNTM9M2jMkKm3GLHpLiq3J4gE,"","North Campus",Gammage,"W", 10/29/2025 06:20:00 AM,"(UTC-07:00) Arizona",,,3715313.2,3715313.2,3715313.2,
PNTM9M2jMkKm3GLHpLiq3J4gE,"","North Campus",Gammage,"W", 10/29/2025 06:30:00 AM,"(UTC-07:00) Arizona",,,3789674.5,3789017.2,3790331.8,
PNTM9M2jMkKm3GLHpLiq3J4gE,"","North Campus",Gammage,"W", 10/29/2025 06:40:00 AM,"(UTC-07:00) Arizona",,,3800898.2,3800898.2,3800898.2,
PNTM9M2jMkKm3GLHpLiq3J4gE,"","North Campus",Gammage,"W", 10/29/2025 06:50:00 AM,"(UTC-07:00) Arizona",,,3980003.3,3968462.8,3991543.8,
PNTM9M2jMkKm3GLHpLiq3J4gE,"","North Campus",Gammage,"W", 10/29/2025 07:00:00 AM,"(UTC-07:00) Arizona",,,3989510.15,3983842.5,3995177.8,
PNTM9M2jMkKm3GLHpLiq3J4gE,"","North Campus",Gammage,"W", 10/29/2025 07:10:00 AM,"(UTC-07:00) Arizona",,,3946628.5,3946628.5,3946628.5,
PNTM9M2jMkKm3GLHpLiq3J4gE,"","North Campus",Gammage,"W", 10/29/2025 07:20:00 AM,"(UTC-07:00) Arizona",,,4040597.1,3991332,4089862.2,
PNTM9M2jMkKm3GLHpLiq3J4gE,"","North Campus",Gammage,"W", 10/29/2025 07:30:00 AM,"(UTC-07:00) Arizona",,,4047437.8,4047437.8,4047437.8,
PNTM9M2jMkKm3GLHpLiq3J4gE,"","North Campus",Gammage,"W", 10/29/2025 07:50:00 AM,"(UTC-07:00) Arizona",,,4185248.233333333,4146446.2,4239754,
PNTM9M2jMkKm3GLHpLiq3J4gE,"","North Campus",Gammage,"W", 10/29/2025 08:00:00 AM,"(UTC-07:00) Arizona",,,4363708.5,4363708.5,4363708.5,
PNTM9M2jMkKm3GLHpLiq3J4gE,"","North Campus",Gammage,"W", 10/29/2025 08:10:00 AM,"(UTC-07:00) Arizona",,,4341522,4341522,4341522,
PNTM9M2jMkKm3GLHpLiq3J4gE,"","North Campus",Gammage,"W", 10/29/2025 08:20:00 AM,"(UTC-07:00) Arizona",,,4454953,4454953,4454953,
PNTM9M2jMkKm3GLHpLiq3J4gE,"","North Campus",Gammage,"W", 10/29/2025 08:30:00 AM,"(UTC-07:00) Arizona",,,4410304.5,4398106.5,4422502.5,
PNTM9M2jMkKm3GLHpLiq3J4gE,"","North Campus",Gammage,"W", 10/29/2025 08:40:00 AM,"(UTC-07:00) Arizona",,,4561233.5,4561233.5,4561233.5,
PNTM9M2jMkKm3GLHpLiq3J4gE,"","North Campus",Gammage,"W", 10/29/2025 08:50:00 AM,"(UTC-07:00) Arizona",,,4552630.25,4508792.5,4596468,
PNTM9M2jMkKm3GLHpLiq3J4gE,"","North Campus",Gammage,"W", 10/29/2025 09:00:00 AM,"(UTC-07:00) Arizona",,,4667139,4667139,4667139,
PNTM9M2jMkKm3GLHpLiq3J4gE,"","North Campus",Gammage,"W", 10/29/2025 09:10:00 AM,"(UTC-07:00) Arizona",,,4470369.5,4470252.5,4470486.5,
PNTM9M2jMkKm3GLHpLiq3J4gE,"","North Campus",Gammage,"W", 10/29/2025 09:20:00 AM,"(UTC-07:00) Arizona",,,4504112.5,4489017.5,4519207.5,
PNTM9M2jMkKm3GLHpLiq3J4gE,"","North Campus",Gammage,"W", 10/29/2025 09:30:00 AM,"(UTC-07:00) Arizona",,,4531457.5,4531457.5,4531457.5,
PNTM9M2jMkKm3GLHpLiq3J4gE,"","North Campus",Gammage,"W", 10/29/2025 09:40:00 AM,"(UTC-07:00) Arizona",,,4561764.333333333,4445729.5,4752562,
PNTM9M2jMkKm3GLHpLiq3J4gE,"","North Campus",Gammage,"W", 10/29/2025 09:50:00 AM,"(UTC-07:00) Arizona",,,4605227.5,4605227.5,4605227.5,
PNTM9M2jMkKm3GLHpLiq3J4gE,"","North Campus",Gammage,"W", 10/29/2025 10:00:00 AM,"(UTC-07:00) Arizona",,,4629268.833333333,4592990,4693916.5,
PNTM9M2jMkKm3GLHpLiq3J4gE,"","North Campus",Gammage,"W", 10/29/2025 10:10:00 AM,"(UTC-07:00) Arizona",,,4652296,4652296,4652296,
PNTM9M2jMkKm3GLHpLiq3J4gE,"","North Campus",Gammage,"W", 10/29/2025 10:20:00 AM,"(UTC-07:00) Arizona",,,4682670.5,4682670.5,4682670.5,
PNTM9M2jMkKm3GLHpLiq3J4gE,"","North Campus",Gammage,"W", 10/29/2025 10:30:00 AM,"(UTC-07:00) Arizona",,,4579380,4579380,4579380,
PNTM9M2jMkKm3GLHpLiq3J4gE,"","North Campus",Gammage,"W", 10/29/2025 10:40:00 AM,"(UTC-07:00) Arizona",,,4671528,4671528,4671528,
PNTM9M2jMkKm3GLHpLiq3J4gE,"","North Campus",Gammage,"W", 10/29/2025 11:00:00 AM,"(UTC-07:00) Arizona",,,4656292.5,4656292.5,4656292.5,
PNTM9M2jMkKm3GLHpLiq3J4gE,"","North Campus",Gammage,"W", 10/29/2025 11:30:00 AM,"(UTC-07:00) Arizona",,,4761207.5,4761207.5,4761207.5,
PNTM9M2jMkKm3GLHpLiq3J4gE,"","North Campus",Gammage,"W", 10/29/2025 11:40:00 AM,"(UTC-07:00) Arizona",,,4715338.5,4690789,4739888,
PNTM9M2jMkKm3GLHpLiq3J4gE,"","North Campus",Gammage,"W", 10/29/2025 11:50:00 AM,"(UTC-07:00) Arizona",,,4857933.5,4857933.5,4857933.5,
PNTM9M2jMkKm3GLHpLiq3J4gE,"","North Campus",Gammage,"W", 10/29/2025 12:00:00 PM,"(UTC-07:00) Arizona",,,4715073.5,4715073.5,4715073.5,
PNTM9M2jMkKm3GLHpLiq3J4gE,"","North Campus",Gammage,"W", 10/29/2025 12:10:00 PM,"(UTC-07:00) Arizona",,,4755113.5,4687039.5,4823187.5,
PNTM9M2jMkKm3GLHpLiq3J4gE,"","North Campus",Gammage,"W", 10/29/2025 12:20:00 PM,"(UTC-07:00) Arizona",,,4834242.5,4834242.5,4834242.5,
PNTM9M2jMkKm3GLHpLiq3J4gE,"","North Campus",Gammage,"W", 10/29/2025 12:30:00 PM,"(UTC-07:00) Arizona",,,4802533.5,4740334,4864733,
PNTM9M2jMkKm3GLHpLiq3J4gE,"","North Campus",Gammage,"W", 10/29/2025 12:40:00 PM,"(UTC-07:00) Arizona",,,4811857.5,4811857.5,4811857.5,
PNTM9M2jMkKm3GLHpLiq3J4gE,"","North Campus",Gammage,"W", 10/29/2025 12:50:00 PM,"(UTC-07:00) Arizona",,,4688612,4688612,4688612,
PNTM9M2jMkKm3GLHpLiq3J4gE,"","North Campus",Gammage,"W", 10/29/2025 01:00:00 PM,"(UTC-07:00) Arizona",,,4860945.5,4860945.5,4860945.5,
PNTM9M2jMkKm3GLHpLiq3J4gE,"","North Campus",Gammage,"W", 10/29/2025 01:10:00 PM,"(UTC-07:00) Arizona",,,4804186.5,4804186.5,4804186.5,
PNTM9M2jMkKm3GLHpLiq3J4gE,"","North Campus",Gammage,"W", 10/29/2025 01:20:00 PM,"(UTC-07:00) Arizona",,,4787395.75,4782992.5,4791799,
PNTM9M2jMkKm3GLHpLiq3J4gE,"","North Campus",Gammage,"W", 10/29/2025 01:30:00 PM,"(UTC-07:00) Arizona",,,4934952.5,4934952.5,4934952.5,
PNTM9M2jMkKm3GLHpLiq3J4gE,"","North Campus",Gammage,"W", 10/29/2025 01:40:00 PM,"(UTC-07:00) Arizona",,,4926979.5,4871176,4982783,
PNTM9M2jMkKm3GLHpLiq3J4gE,"","North Campus",Gammage,"W", 10/29/2025 01:50:00 PM,"(UTC-07:00) Arizona",,,4962670.5,4962670.5,4962670.5,
PNTM9M2jMkKm3GLHpLiq3J4gE,"","North Campus",Gammage,"W", 10/29/2025 02:00:00 PM,"(UTC-07:00) Arizona",,,4946844,4946844,4946844,
PNTM9M2jMkKm3GLHpLiq3J4gE,"","North Campus",Gammage,"W", 10/29/2025 02:10:00 PM,"(UTC-07:00) Arizona",,,4896479.5,4821239,4971720,
PNTM9M2jMkKm3GLHpLiq3J4gE,"","North Campus",Gammage,"W", 10/29/2025 02:20:00 PM,"(UTC-07:00) Arizona",,,4864957.5,4864957.5,4864957.5,
PNTM9M2jMkKm3GLHpLiq3J4gE,"","North Campus",Gammage,"W", 10/29/2025 02:30:00 PM,"(UTC-07:00) Arizona",,,4864252.25,4816610,4911894.5,
PNTM9M2jMkKm3GLHpLiq3J4gE,"","North Campus",Gammage,"W", 10/29/2025 02:40:00 PM,"(UTC-07:00) Arizona",,,4971078,4971078,4971078,
PNTM9M2jMkKm3GLHpLiq3J4gE,"","North Campus",Gammage,"W", 10/29/2025 02:50:00 PM,"(UTC-07:00) Arizona",,,4830103.5,4830103.5,4830103.5,
PNTM9M2jMkKm3GLHpLiq3J4gE,"","North Campus",Gammage,"W", 10/29/2025 03:00:00 PM,"(UTC-07:00) Arizona",,,4864117.5,4864117.5,4864117.5,
PNTM9M2jMkKm3GLHpLiq3J4gE,"","North Campus",Gammage,"W", 10/29/2025 03:10:00 PM,"(UTC-07:00) Arizona",,,4944788.75,4922735,4966842.5,
PNTM9M2jMkKm3GLHpLiq3J4gE,"","North Campus",Gammage,"W", 10/29/2025 03:20:00 PM,"(UTC-07:00) Arizona",,,4900757,4886916,4914598,
PNTM9M2jMkKm3GLHpLiq3J4gE,"","North Campus",Gammage,"W", 10/29/2025 03:30:00 PM,"(UTC-07:00) Arizona",,,4936291.5,4936291.5,4936291.5,
PNTM9M2jMkKm3GLHpLiq3J4gE,"","North Campus",Gammage,"W", 10/29/2025 03:40:00 PM,"(UTC-07:00) Arizona",,,4958188,4958188,4958188,
PNTM9M2jMkKm3GLHpLiq3J4gE,"","North Campus",Gammage,"W", 10/29/2025 03:50:00 PM,"(UTC-07:00) Arizona",,,5019917.5,4998844.5,5040990.5,
PNTM9M2jMkKm3GLHpLiq3J4gE,"","North Campus",Gammage,"W", 10/29/2025 04:00:00 PM,"(UTC-07:00) Arizona",,,4920644,4920644,4920644,
PNTM9M2jMkKm3GLHpLiq3J4gE,"","North Campus",Gammage,"W", 10/29/2025 04:10:00 PM,"(UTC-07:00) Arizona",,,4907649.5,4907649.5,4907649.5,
PNTM9M2jMkKm3GLHpLiq3J4gE,"","North Campus",Gammage,"W", 10/29/2025 04:20:00 PM,"(UTC-07:00) Arizona",,,5070111.5,5070111.5,5070111.5,
PNTM9M2jMkKm3GLHpLiq3J4gE,"","North Campus",Gammage,"W", 10/29/2025 04:30:00 PM,"(UTC-07:00) Arizona",,,5063329.5,5063329.5,5063329.5,
PNTM9M2jMkKm3GLHpLiq3J4gE,"","North Campus",Gammage,"W", 10/29/2025 04:40:00 PM,"(UTC-07:00) Arizona",,,5018925.5,4961011,5076840,
PNTM9M2jMkKm3GLHpLiq3J4gE,"","North Campus",Gammage,"W", 10/29/2025 04:50:00 PM,"(UTC-07:00) Arizona",,,4924386,4924386,4924386,
PNTM9M2jMkKm3GLHpLiq3J4gE,"","North Campus",Gammage,"W", 10/29/2025 05:00:00 PM,"(UTC-07:00) Arizona",,,4958165.25,4924063,4992267.5,
PNTM9M2jMkKm3GLHpLiq3J4gE,"","North Campus",Gammage,"W", 10/29/2025 05:10:00 PM,"(UTC-07:00) Arizona",,,4932778.25,4888894,4976662.5,
PNTM9M2jMkKm3GLHpLiq3J4gE,"","North Campus",Gammage,"W", 10/29/2025 05:20:00 PM,"(UTC-07:00) Arizona",,,4856111,4856111,4856111,
PNTM9M2jMkKm3GLHpLiq3J4gE,"","North Campus",Gammage,"W", 10/29/2025 05:30:00 PM,"(UTC-07:00) Arizona",,,4865477.5,4831998.5,4898956.5,
PNTM9M2jMkKm3GLHpLiq3J4gE,"","North Campus",Gammage,"W", 10/29/2025 05:40:00 PM,"(UTC-07:00) Arizona",,,4877117.25,4862295.5,4891939,
PNTM9M2jMkKm3GLHpLiq3J4gE,"","North Campus",Gammage,"W", 10/29/2025 05:50:00 PM,"(UTC-07:00) Arizona",,,4882641.5,4825309.5,4939973.5,
PNTM9M2jMkKm3GLHpLiq3J4gE,"","North Campus",Gammage,"W", 10/29/2025 06:00:00 PM,"(UTC-07:00) Arizona",,,4748519.5,4748519.5,4748519.5,
PNTM9M2jMkKm3GLHpLiq3J4gE,"","North Campus",Gammage,"W", 10/29/2025 06:10:00 PM,"(UTC-07:00) Arizona",,,4721583.5,4706382.5,4736784.5,
PNTM9M2jMkKm3GLHpLiq3J4gE,"","North Campus",Gammage,"W", 10/29/2025 06:20:00 PM,"(UTC-07:00) Arizona",,,4716068.5,4716068.5,4716068.5,
PNTM9M2jMkKm3GLHpLiq3J4gE,"","North Campus",Gammage,"W", 10/29/2025 06:30:00 PM,"(UTC-07:00) Arizona",,,4636242.5,4611749.5,4660735.5,
PNTM9M2jMkKm3GLHpLiq3J4gE,"","North Campus",Gammage,"W", 10/29/2025 06:40:00 PM,"(UTC-07:00) Arizona",,,4671286,4671286,4671286,
PNTM9M2jMkKm3GLHpLiq3J4gE,"","North Campus",Gammage,"W", 10/29/2025 06:50:00 PM,"(UTC-07:00) Arizona",,,4567256.5,4567256.5,4567256.5,
PNTM9M2jMkKm3GLHpLiq3J4gE,"","North Campus",Gammage,"W", 10/29/2025 07:00:00 PM,"(UTC-07:00) Arizona",,,4493812,4490100.5,4497523.5,
PNTM9M2jMkKm3GLHpLiq3J4gE,"","North Campus",Gammage,"W", 10/29/2025 07:10:00 PM,"(UTC-07:00) Arizona",,,4457011,4457011,4457011,
PNTM9M2jMkKm3GLHpLiq3J4gE,"","North Campus",Gammage,"W", 10/29/2025 07:20:00 PM,"(UTC-07:00) Arizona",,,4376732,4373000,4380464,
PNTM9M2jMkKm3GLHpLiq3J4gE,"","North Campus",Gammage,"W", 10/29/2025 07:30:00 PM,"(UTC-07:00) Arizona",,,4397459.5,4397459.5,4397459.5,
PNTM9M2jMkKm3GLHpLiq3J4gE,"","North Campus",Gammage,"W", 10/29/2025 07:40:00 PM,"(UTC-07:00) Arizona",,,4353676.5,4295497.5,4411855.5,
PNTM9M2jMkKm3GLHpLiq3J4gE,"","North Campus",Gammage,"W", 10/29/2025 07:50:00 PM,"(UTC-07:00) Arizona",,,4353563.5,4353563.5,4353563.5,
PNTM9M2jMkKm3GLHpLiq3J4gE,"","North Campus",Gammage,"W", 10/29/2025 08:00:00 PM,"(UTC-07:00) Arizona",,,4257952.5,4251511.5,4264393.5,
PNTM9M2jMkKm3GLHpLiq3J4gE,"","North Campus",Gammage,"W", 10/29/2025 08:10:00 PM,"(UTC-07:00) Arizona",,,4251973.5,4251973.5,4251973.5,
PNTM9M2jMkKm3GLHpLiq3J4gE,"","North Campus",Gammage,"W", 10/29/2025 08:20:00 PM,"(UTC-07:00) Arizona",,,4228697.9,4177182.8,4280213,
PNTM9M2jMkKm3GLHpLiq3J4gE,"","North Campus",Gammage,"W", 10/29/2025 08:40:00 PM,"(UTC-07:00) Arizona",,,4148462.3,4131285.8,4165638.8,
PNTM9M2jMkKm3GLHpLiq3J4gE,"","North Campus",Gammage,"W", 10/29/2025 08:50:00 PM,"(UTC-07:00) Arizona",,,4147941.5,4147941.5,4147941.5,
PNTM9M2jMkKm3GLHpLiq3J4gE,"","North Campus",Gammage,"W", 10/29/2025 09:00:00 PM,"(UTC-07:00) Arizona",,,4132708,4132708,4132708,
PNTM9M2jMkKm3GLHpLiq3J4gE,"","North Campus",Gammage,"W", 10/29/2025 09:10:00 PM,"(UTC-07:00) Arizona",,,4085460.5,4085460.5,4085460.5,
PNTM9M2jMkKm3GLHpLiq3J4gE,"","North Campus",Gammage,"W", 10/29/2025 09:20:00 PM,"(UTC-07:00) Arizona",,,4116244.25,4115968,4116520.5,
PNTM9M2jMkKm3GLHpLiq3J4gE,"","North Campus",Gammage,"W", 10/29/2025 09:30:00 PM,"(UTC-07:00) Arizona",,,4084869.5,4084869.5,4084869.5,
PNTM9M2jMkKm3GLHpLiq3J4gE,"","North Campus",Gammage,"W", 10/29/2025 09:40:00 PM,"(UTC-07:00) Arizona",,,4022273.2,4022273.2,4022273.2,
PNTM9M2jMkKm3GLHpLiq3J4gE,"","North Campus",Gammage,"W", 10/29/2025 09:50:00 PM,"(UTC-07:00) Arizona",,,3976516.75,3912435.5,4040598,
PNTM9M2jMkKm3GLHpLiq3J4gE,"","North Campus",Gammage,"W", 10/29/2025 10:00:00 PM,"(UTC-07:00) Arizona",,,3893753,3893753,3893753,
PNTM9M2jMkKm3GLHpLiq3J4gE,"","North Campus",Gammage,"W", 10/29/2025 10:10:00 PM,"(UTC-07:00) Arizona",,,3859171.75,3851866.5,3866477,
PNTM9M2jMkKm3GLHpLiq3J4gE,"","North Campus",Gammage,"W", 10/29/2025 10:20:00 PM,"(UTC-07:00) Arizona",,,3893048,3893048,3893048,
PNTM9M2jMkKm3GLHpLiq3J4gE,"","North Campus",Gammage,"W", 10/29/2025 10:30:00 PM,"(UTC-07:00) Arizona",,,3844310.8,3844310.8,3844310.8,
PNTM9M2jMkKm3GLHpLiq3J4gE,"","North Campus",Gammage,"W", 10/29/2025 10:40:00 PM,"(UTC-07:00) Arizona",,,3909484.2,3909484.2,3909484.2,
PNTM9M2jMkKm3GLHpLiq3J4gE,"","North Campus",Gammage,"W", 10/29/2025 10:50:00 PM,"(UTC-07:00) Arizona",,,3740263,3740263,3740263,
PNTM9M2jMkKm3GLHpLiq3J4gE,"","North Campus",Gammage,"W", 10/29/2025 11:00:00 PM,"(UTC-07:00) Arizona",,,3672582.25,3669816,3675348.5,
PNTM9M2jMkKm3GLHpLiq3J4gE,"","North Campus",Gammage,"W", 10/29/2025 11:10:00 PM,"(UTC-07:00) Arizona",,,3643047.8,3633410.8,3652684.8,
PNTM9M2jMkKm3GLHpLiq3J4gE,"","North Campus",Gammage,"W", 10/29/2025 11:20:00 PM,"(UTC-07:00) Arizona",,,3610068.8,3610068.8,3610068.8,
PNTM9M2jMkKm3GLHpLiq3J4gE,"","North Campus",Gammage,"W", 10/29/2025 11:30:00 PM,"(UTC-07:00) Arizona",,,3613904.5,3580748.2,3647060.8,
PNTM9M2jMkKm3GLHpLiq3J4gE,"","North Campus",Gammage,"W", 10/29/2025 11:40:00 PM,"(UTC-07:00) Arizona",,,3603571.5,3603571.5,3603571.5,
PNTM9M2jMkKm3GLHpLiq3J4gE,"","North Campus",Gammage,"W", 10/29/2025 11:50:00 PM,"(UTC-07:00) Arizona",,,3549387.5,3549387.5,3549387.5,
PNTM9M2jMkKm3GLHpLiq3J4gE,"","North Campus",Gammage,"W", 10/30/2025 12:00:00 AM,"(UTC-07:00) Arizona",,,3601979.2,3601979.2,3601979.2,
PNTM9M2jMkKm3GLHpLiq3J4gE,"","North Campus",Gammage,"W", 10/30/2025 12:10:00 AM,"(UTC-07:00) Arizona",,,3545269.2,3545269.2,3545269.2,
PNTM9M2jMkKm3GLHpLiq3J4gE,"","North Campus",Gammage,"W", 10/30/2025 12:20:00 AM,"(UTC-07:00) Arizona",,,3512772.4,3501716.2,3532035,
PNTM9M2jMkKm3GLHpLiq3J4gE,"","North Campus",Gammage,"W", 10/30/2025 12:30:00 AM,"(UTC-07:00) Arizona",,,3474425.85,3460663.2,3488188.5,
PNTM9M2jMkKm3GLHpLiq3J4gE,"","North Campus",Gammage,"W", 10/30/2025 12:40:00 AM,"(UTC-07:00) Arizona",,,3482755.8,3482755.8,3482755.8,
PNTM9M2jMkKm3GLHpLiq3J4gE,"","North Campus",Gammage,"W", 10/30/2025 12:50:00 AM,"(UTC-07:00) Arizona",,,3464599.5,3464599.5,3464599.5,
PNTM9M2jMkKm3GLHpLiq3J4gE,"","North Campus",Gammage,"W", 10/30/2025 01:00:00 AM,"(UTC-07:00) Arizona",,,3451644.8,3451644.8,3451644.8,
PNTM9M2jMkKm3GLHpLiq3J4gE,"","North Campus",Gammage,"W", 10/30/2025 01:10:00 AM,"(UTC-07:00) Arizona",,,3424240.4,3399845,3448635.8,
PNTM9M2jMkKm3GLHpLiq3J4gE,"","North Campus",Gammage,"W", 10/30/2025 01:20:00 AM,"(UTC-07:00) Arizona",,,3432681.75,3373744.5,3491619,
PNTM9M2jMkKm3GLHpLiq3J4gE,"","North Campus",Gammage,"W", 10/30/2025 01:30:00 AM,"(UTC-07:00) Arizona",,,3432514.8,3432514.8,3432514.8,
PNTM9M2jMkKm3GLHpLiq3J4gE,"","North Campus",Gammage,"W", 10/30/2025 01:40:00 AM,"(UTC-07:00) Arizona",,,3426417.25,3377336,3475498.5,
PNTM9M2jMkKm3GLHpLiq3J4gE,"","North Campus",Gammage,"W", 10/30/2025 01:50:00 AM,"(UTC-07:00) Arizona",,,3380732.2,3380732.2,3380732.2,
PNTM9M2jMkKm3GLHpLiq3J4gE,"","North Campus",Gammage,"W", 10/30/2025 02:00:00 AM,"(UTC-07:00) Arizona",,,3391087.8,3391087.8,3391087.8,
PNTM9M2jMkKm3GLHpLiq3J4gE,"","North Campus",Gammage,"W", 10/30/2025 02:10:00 AM,"(UTC-07:00) Arizona",,,3395262.3,3394308.8,3396215.8,
PNTM9M2jMkKm3GLHpLiq3J4gE,"","North Campus",Gammage,"W", 10/30/2025 02:20:00 AM,"(UTC-07:00) Arizona",,,3334314.2,3334314.2,3334314.2,
PNTM9M2jMkKm3GLHpLiq3J4gE,"","North Campus",Gammage,"W", 10/30/2025 02:30:00 AM,"(UTC-07:00) Arizona",,,3322166,3322166,3322166,
PNTM9M2jMkKm3GLHpLiq3J4gE,"","North Campus",Gammage,"W", 10/30/2025 02:40:00 AM,"(UTC-07:00) Arizona",,,3352453.25,3334722.5,3370184,
PNTM9M2jMkKm3GLHpLiq3J4gE,"","North Campus",Gammage,"W", 10/30/2025 02:50:00 AM,"(UTC-07:00) Arizona",,,3358992.6,3346833,3371152.2,
PNTM9M2jMkKm3GLHpLiq3J4gE,"","North Campus",Gammage,"W", 10/30/2025 03:00:00 AM,"(UTC-07:00) Arizona",,,3356639.5,3342861.2,3370417.8,
PNTM9M2jMkKm3GLHpLiq3J4gE,"","North Campus",Gammage,"W", 10/30/2025 03:10:00 AM,"(UTC-07:00) Arizona",,,3404850.2,3404850.2,3404850.2,
PNTM9M2jMkKm3GLHpLiq3J4gE,"","North Campus",Gammage,"W", 10/30/2025 03:20:00 AM,"(UTC-07:00) Arizona",,,3347619.5,3347619.5,3347619.5,
PNTM9M2jMkKm3GLHpLiq3J4gE,"","North Campus",Gammage,"W", 10/30/2025 03:30:00 AM,"(UTC-07:00) Arizona",,,3312102.5,3312102.5,3312102.5,
PNTM9M2jMkKm3GLHpLiq3J4gE,"","North Campus",Gammage,"W", 10/30/2025 03:40:00 AM,"(UTC-07:00) Arizona",,,3366892,3366892,3366892,
PNTM9M2jMkKm3GLHpLiq3J4gE,"","North Campus",Gammage,"W", 10/30/2025 03:50:00 AM,"(UTC-07:00) Arizona",,,3363552.2,3363552.2,3363552.2,
PNTM9M2jMkKm3GLHpLiq3J4gE,"","North Campus",Gammage,"W", 10/30/2025 04:00:00 AM,"(UTC-07:00) Arizona",,,3459451.5,3459451.5,3459451.5,
PNTM9M2jMkKm3GLHpLiq3J4gE,"","North Campus",Gammage,"W", 10/30/2025 04:10:00 AM,"(UTC-07:00) Arizona",,,3432844.8,3432844.8,3432844.8,
PNTM9M2jMkKm3GLHpLiq3J4gE,"","North Campus",Gammage,"W", 10/30/2025 04:20:00 AM,"(UTC-07:00) Arizona",,,3457301.2,3457301.2,3457301.2,
PNTM9M2jMkKm3GLHpLiq3J4gE,"","North Campus",Gammage,"W", 10/30/2025 04:30:00 AM,"(UTC-07:00) Arizona",,,3439466.5,3422257,3456676,
PNTM9M2jMkKm3GLHpLiq3J4gE,"","North Campus",Gammage,"W", 10/30/2025 04:40:00 AM,"(UTC-07:00) Arizona",,,3473168.8,3473168.8,3473168.8,
PNTM9M2jMkKm3GLHpLiq3J4gE,"","North Campus",Gammage,"W", 10/30/2025 04:50:00 AM,"(UTC-07:00) Arizona",,,3511268.65,3498816.5,3523720.8,
PNTM9M2jMkKm3GLHpLiq3J4gE,"","North Campus",Gammage,"W", 10/30/2025 05:00:00 AM,"(UTC-07:00) Arizona",,,3550316.5,3550316.5,3550316.5,
PNTM9M2jMkKm3GLHpLiq3J4gE,"","North Campus",Gammage,"W", 10/30/2025 05:10:00 AM,"(UTC-07:00) Arizona",,,3496899.8,3496899.8,3496899.8,
PNTM9M2jMkKm3GLHpLiq3J4gE,"","North Campus",Gammage,"W", 10/30/2025 05:20:00 AM,"(UTC-07:00) Arizona",,,3601597,3601597,3601597,
PNTM9M2jMkKm3GLHpLiq3J4gE,"","North Campus",Gammage,"W", 10/30/2025 05:30:00 AM,"(UTC-07:00) Arizona",,,3572458.35,3551408.5,3593508.2,
PNTM9M2jMkKm3GLHpLiq3J4gE,"","North Campus",Gammage,"W", 10/30/2025 05:40:00 AM,"(UTC-07:00) Arizona",,,3583105.75,3550105.5,3616106,
PNTM9M2jMkKm3GLHpLiq3J4gE,"","North Campus",Gammage,"W", 10/30/2025 05:50:00 AM,"(UTC-07:00) Arizona",,,3585636.2,3585636.2,3585636.2,
PNTM9M2jMkKm3GLHpLiq3J4gE,"","North Campus",Gammage,"W", 10/30/2025 06:00:00 AM,"(UTC-07:00) Arizona",,,3736631.8,3736631.8,3736631.8,
PNTM9M2jMkKm3GLHpLiq3J4gE,"","North Campus",Gammage,"W", 10/30/2025 06:10:00 AM,"(UTC-07:00) Arizona",,,3722672,3722672,3722672,
PNTM9M2jMkKm3GLHpLiq3J4gE,"","North Campus",Gammage,"W", 10/30/2025 06:20:00 AM,"(UTC-07:00) Arizona",,,3800907.4,3784390.8,3817424,
PNTM9M2jMkKm3GLHpLiq3J4gE,"","North Campus",Gammage,"W", 10/30/2025 06:30:00 AM,"(UTC-07:00) Arizona",,,3741045.5,3741045.5,3741045.5,
PNTM9M2jMkKm3GLHpLiq3J4gE,"","North Campus",Gammage,"W", 10/30/2025 06:40:00 AM,"(UTC-07:00) Arizona",,,3788199.1,3785075.2,3791323,
PNTM9M2jMkKm3GLHpLiq3J4gE,"","North Campus",Gammage,"W", 10/30/2025 06:50:00 AM,"(UTC-07:00) Arizona",,,3982026,3982026,3982026,
PNTM9M2jMkKm3GLHpLiq3J4gE,"","North Campus",Gammage,"W", 10/30/2025 07:00:00 AM,"(UTC-07:00) Arizona",,,3960628.2,3960628.2,3960628.2,
PNTM9M2jMkKm3GLHpLiq3J4gE,"","North Campus",Gammage,"W", 10/30/2025 07:20:00 AM,"(UTC-07:00) Arizona",,,4000044.1,3961135.2,4038953,
PNTM9M2jMkKm3GLHpLiq3J4gE,"","North Campus",Gammage,"W", 10/30/2025 07:30:00 AM,"(UTC-07:00) Arizona",,,4265483.5,4265483.5,4265483.5,
PNTM9M2jMkKm3GLHpLiq3J4gE,"","North Campus",Gammage,"W", 10/30/2025 07:50:00 AM,"(UTC-07:00) Arizona",,,4221313.25,4201561,4241065.5,
PNTM9M2jMkKm3GLHpLiq3J4gE,"","North Campus",Gammage,"W", 10/30/2025 08:00:00 AM,"(UTC-07:00) Arizona",,,4307786,4307786,4307786,
PNTM9M2jMkKm3GLHpLiq3J4gE,"","North Campus",Gammage,"W", 10/30/2025 08:10:00 AM,"(UTC-07:00) Arizona",,,4290393.5,4290393.5,4290393.5,
PNTM9M2jMkKm3GLHpLiq3J4gE,"","North Campus",Gammage,"W", 10/30/2025 08:20:00 AM,"(UTC-07:00) Arizona",,,4327049.5,4327049.5,4327049.5,
PNTM9M2jMkKm3GLHpLiq3J4gE,"","North Campus",Gammage,"W", 10/30/2025 08:30:00 AM,"(UTC-07:00) Arizona",,,4449800,4449800,4449800,
PNTM9M2jMkKm3GLHpLiq3J4gE,"","North Campus",Gammage,"W", 10/30/2025 08:40:00 AM,"(UTC-07:00) Arizona",,,4452247.75,4440935,4463560.5,
PNTM9M2jMkKm3GLHpLiq3J4gE,"","North Campus",Gammage,"W", 10/30/2025 08:50:00 AM,"(UTC-07:00) Arizona",,,4465722,4465722,4465722,
PNTM9M2jMkKm3GLHpLiq3J4gE,"","North Campus",Gammage,"W", 10/30/2025 09:00:00 AM,"(UTC-07:00) Arizona",,,4443749,4443749,4443749,
PNTM9M2jMkKm3GLHpLiq3J4gE,"","North Campus",Gammage,"W", 10/30/2025 09:10:00 AM,"(UTC-07:00) Arizona",,,4435519.5,4435519.5,4435519.5,
PNTM9M2jMkKm3GLHpLiq3J4gE,"","North Campus",Gammage,"W", 10/30/2025 09:20:00 AM,"(UTC-07:00) Arizona",,,4437907.5,4437907.5,4437907.5,
PNTM9M2jMkKm3GLHpLiq3J4gE,"","North Campus",Gammage,"W", 10/30/2025 09:30:00 AM,"(UTC-07:00) Arizona",,,4541183,4502717.5,4579648.5,
PNTM9M2jMkKm3GLHpLiq3J4gE,"","North Campus",Gammage,"W", 10/30/2025 09:40:00 AM,"(UTC-07:00) Arizona",,,4618079.5,4618079.5,4618079.5,
PNTM9M2jMkKm3GLHpLiq3J4gE,"","North Campus",Gammage,"W", 10/30/2025 09:50:00 AM,"(UTC-07:00) Arizona",,,4582514,4582514,4582514,
PNTM9M2jMkKm3GLHpLiq3J4gE,"","North Campus",Gammage,"W", 10/30/2025 10:00:00 AM,"(UTC-07:00) Arizona",,,4636895,4616833,4656957,
PNTM9M2jMkKm3GLHpLiq3J4gE,"","North Campus",Gammage,"W", 10/30/2025 10:10:00 AM,"(UTC-07:00) Arizona",,,4604246.25,4586378.5,4622114,
PNTM9M2jMkKm3GLHpLiq3J4gE,"","North Campus",Gammage,"W", 10/30/2025 10:20:00 AM,"(UTC-07:00) Arizona",,,4608543,4608543,4608543,
PNTM9M2jMkKm3GLHpLiq3J4gE,"","North Campus",Gammage,"W", 10/30/2025 10:30:00 AM,"(UTC-07:00) Arizona",,,4727083.75,4711499.5,4742668,
PNTM9M2jMkKm3GLHpLiq3J4gE,"","North Campus",Gammage,"W", 10/30/2025 10:40:00 AM,"(UTC-07:00) Arizona",,,4723238.75,4717513,4728964.5,
PNTM9M2jMkKm3GLHpLiq3J4gE,"","North Campus",Gammage,"W", 10/30/2025 10:50:00 AM,"(UTC-07:00) Arizona",,,4762066.5,4762066.5,4762066.5,
PNTM9M2jMkKm3GLHpLiq3J4gE,"","North Campus",Gammage,"W", 10/30/2025 11:10:00 AM,"(UTC-07:00) Arizona",,,4869759,4829062.5,4910455.5,
PNTM9M2jMkKm3GLHpLiq3J4gE,"","North Campus",Gammage,"W", 10/30/2025 11:20:00 AM,"(UTC-07:00) Arizona",,,4707632,4707632,4707632,
PNTM9M2jMkKm3GLHpLiq3J4gE,"","North Campus",Gammage,"W", 10/30/2025 11:30:00 AM,"(UTC-07:00) Arizona",,,4821118.5,4821118.5,4821118.5,
PNTM9M2jMkKm3GLHpLiq3J4gE,"","North Campus",Gammage,"W", 10/30/2025 11:40:00 AM,"(UTC-07:00) Arizona",,,4819610,4819610,4819610,
PNTM9M2jMkKm3GLHpLiq3J4gE,"","North Campus",Gammage,"W", 10/30/2025 11:50:00 AM,"(UTC-07:00) Arizona",,,4839480,4839480,4839480,
PNTM9M2jMkKm3GLHpLiq3J4gE,"","North Campus",Gammage,"W", 10/30/2025 12:00:00 PM,"(UTC-07:00) Arizona",,,4925249.25,4924181.5,4926317,
PNTM9M2jMkKm3GLHpLiq3J4gE,"","North Campus",Gammage,"W", 10/30/2025 12:20:00 PM,"(UTC-07:00) Arizona",,,4868544.25,4859206,4877882.5,
PNTM9M2jMkKm3GLHpLiq3J4gE,"","North Campus",Gammage,"W", 10/30/2025 12:30:00 PM,"(UTC-07:00) Arizona",,,4968344,4968344,4968344,
PNTM9M2jMkKm3GLHpLiq3J4gE,"","North Campus",Gammage,"W", 10/30/2025 12:40:00 PM,"(UTC-07:00) Arizona",,,4937485.5,4937485.5,4937485.5,
PNTM9M2jMkKm3GLHpLiq3J4gE,"","North Campus",Gammage,"W", 10/30/2025 12:50:00 PM,"(UTC-07:00) Arizona",,,4952618,4952618,4952618,
PNTM9M2jMkKm3GLHpLiq3J4gE,"","North Campus",Gammage,"W", 10/30/2025 01:00:00 PM,"(UTC-07:00) Arizona",,,4900440.25,4875795.5,4925085,
PNTM9M2jMkKm3GLHpLiq3J4gE,"","North Campus",Gammage,"W", 10/30/2025 01:10:00 PM,"(UTC-07:00) Arizona",,,4814769,4814769,4814769,
PNTM9M2jMkKm3GLHpLiq3J4gE,"","North Campus",Gammage,"W", 10/30/2025 01:20:00 PM,"(UTC-07:00) Arizona",,,4912043.25,4876298.5,4947788,
PNTM9M2jMkKm3GLHpLiq3J4gE,"","North Campus",Gammage,"W", 10/30/2025 01:30:00 PM,"(UTC-07:00) Arizona",,,4918632,4918632,4918632,
PNTM9M2jMkKm3GLHpLiq3J4gE,"","North Campus",Gammage,"W", 10/30/2025 01:40:00 PM,"(UTC-07:00) Arizona",,,5019960,4985142,5054778,
PNTM9M2jMkKm3GLHpLiq3J4gE,"","North Campus",Gammage,"W", 10/30/2025 01:50:00 PM,"(UTC-07:00) Arizona",,,5078456,5078456,5078456,
PNTM9M2jMkKm3GLHpLiq3J4gE,"","North Campus",Gammage,"W", 10/30/2025 02:00:00 PM,"(UTC-07:00) Arizona",,,5084492.5,5036903,5132082,
PNTM9M2jMkKm3GLHpLiq3J4gE,"","North Campus",Gammage,"W", 10/30/2025 02:10:00 PM,"(UTC-07:00) Arizona",,,5177232,5177232,5177232,
PNTM9M2jMkKm3GLHpLiq3J4gE,"","North Campus",Gammage,"W", 10/30/2025 02:20:00 PM,"(UTC-07:00) Arizona",,,5101992,5049595,5154389,
PNTM9M2jMkKm3GLHpLiq3J4gE,"","North Campus",Gammage,"W", 10/30/2025 02:40:00 PM,"(UTC-07:00) Arizona",,,5138779,5138779,5138779,
PNTM9M2jMkKm3GLHpLiq3J4gE,"","North Campus",Gammage,"W", 10/30/2025 02:50:00 PM,"(UTC-07:00) Arizona",,,5083700,5083700,5083700,
PNTM9M2jMkKm3GLHpLiq3J4gE,"","North Campus",Gammage,"W", 10/30/2025 03:00:00 PM,"(UTC-07:00) Arizona",,,5118575,5118575,5118575,
PNTM9M2jMkKm3GLHpLiq3J4gE,"","North Campus",Gammage,"W", 10/30/2025 03:10:00 PM,"(UTC-07:00) Arizona",,,5121559,5121559,5121559,
PNTM9M2jMkKm3GLHpLiq3J4gE,"","North Campus",Gammage,"W", 10/30/2025 03:20:00 PM,"(UTC-07:00) Arizona",,,5150040.75,5122489,5177592.5,
PNTM9M2jMkKm3GLHpLiq3J4gE,"","North Campus",Gammage,"W", 10/30/2025 03:30:00 PM,"(UTC-07:00) Arizona",,,5302450,5302450,5302450,
PNTM9M2jMkKm3GLHpLiq3J4gE,"","North Campus",Gammage,"W", 10/30/2025 03:40:00 PM,"(UTC-07:00) Arizona",,,5092742,5092742,5092742,
PNTM9M2jMkKm3GLHpLiq3J4gE,"","North Campus",Gammage,"W", 10/30/2025 03:50:00 PM,"(UTC-07:00) Arizona",,,5218085.5,5191176.5,5244994.5,
PNTM9M2jMkKm3GLHpLiq3J4gE,"","North Campus",Gammage,"W", 10/30/2025 04:00:00 PM,"(UTC-07:00) Arizona",,,5124698.5,5124698.5,5124698.5,
PNTM9M2jMkKm3GLHpLiq3J4gE,"","North Campus",Gammage,"W", 10/30/2025 04:10:00 PM,"(UTC-07:00) Arizona",,,5165306,5165306,5165306,
PNTM9M2jMkKm3GLHpLiq3J4gE,"","North Campus",Gammage,"W", 10/30/2025 04:20:00 PM,"(UTC-07:00) Arizona",,,5206973,5206973,5206973,
PNTM9M2jMkKm3GLHpLiq3J4gE,"","North Campus",Gammage,"W", 10/30/2025 04:30:00 PM,"(UTC-07:00) Arizona",,,5191944,5191944,5191944,
PNTM9M2jMkKm3GLHpLiq3J4gE,"","North Campus",Gammage,"W", 10/30/2025 04:40:00 PM,"(UTC-07:00) Arizona",,,5085402.5,5040505,5130300,
PNTM9M2jMkKm3GLHpLiq3J4gE,"","North Campus",Gammage,"W", 10/30/2025 04:50:00 PM,"(UTC-07:00) Arizona",,,4997414,4997414,4997414,
PNTM9M2jMkKm3GLHpLiq3J4gE,"","North Campus",Gammage,"W", 10/30/2025 05:00:00 PM,"(UTC-07:00) Arizona",,,4978922.5,4978922.5,4978922.5,
PNTM9M2jMkKm3GLHpLiq3J4gE,"","North Campus",Gammage,"W", 10/30/2025 05:10:00 PM,"(UTC-07:00) Arizona",,,5003364.75,4952460.5,5054269,
PNTM9M2jMkKm3GLHpLiq3J4gE,"","North Campus",Gammage,"W", 10/30/2025 05:20:00 PM,"(UTC-07:00) Arizona",,,5000833.5,5000833.5,5000833.5,
PNTM9M2jMkKm3GLHpLiq3J4gE,"","North Campus",Gammage,"W", 10/30/2025 05:30:00 PM,"(UTC-07:00) Arizona",,,4859098,4859098,4859098,
PNTM9M2jMkKm3GLHpLiq3J4gE,"","North Campus",Gammage,"W", 10/30/2025 05:40:00 PM,"(UTC-07:00) Arizona",,,4842220,4830412,4854028,
PNTM9M2jMkKm3GLHpLiq3J4gE,"","North Campus",Gammage,"W", 10/30/2025 05:50:00 PM,"(UTC-07:00) Arizona",,,4823741.75,4799578.5,4847905,
PNTM9M2jMkKm3GLHpLiq3J4gE,"","North Campus",Gammage,"W", 10/30/2025 06:00:00 PM,"(UTC-07:00) Arizona",,,4776260.5,4734251.5,4818269.5,
PNTM9M2jMkKm3GLHpLiq3J4gE,"","North Campus",Gammage,"W", 10/30/2025 06:10:00 PM,"(UTC-07:00) Arizona",,,4694076.5,4694076.5,4694076.5,
PNTM9M2jMkKm3GLHpLiq3J4gE,"","North Campus",Gammage,"W", 10/30/2025 06:20:00 PM,"(UTC-07:00) Arizona",,,4793059.5,4793059.5,4793059.5,
PNTM9M2jMkKm3GLHpLiq3J4gE,"","North Campus",Gammage,"W", 10/30/2025 06:30:00 PM,"(UTC-07:00) Arizona",,,4724916.5,4712759,4737074,
PNTM9M2jMkKm3GLHpLiq3J4gE,"","North Campus",Gammage,"W", 10/30/2025 06:40:00 PM,"(UTC-07:00) Arizona",,,4622344,4622344,4622344,
PNTM9M2jMkKm3GLHpLiq3J4gE,"","North Campus",Gammage,"W", 10/30/2025 06:50:00 PM,"(UTC-07:00) Arizona",,,4521164.5,4521164.5,4521164.5,
PNTM9M2jMkKm3GLHpLiq3J4gE,"","North Campus",Gammage,"W", 10/30/2025 07:00:00 PM,"(UTC-07:00) Arizona",,,4494061.5,4494061.5,4494061.5,
PNTM9M2jMkKm3GLHpLiq3J4gE,"","North Campus",Gammage,"W", 10/30/2025 07:10:00 PM,"(UTC-07:00) Arizona",,,4477729,4465996.5,4489461.5,
PNTM9M2jMkKm3GLHpLiq3J4gE,"","North Campus",Gammage,"W", 10/30/2025 07:20:00 PM,"(UTC-07:00) Arizona",,,4427236,4427236,4427236,
PNTM9M2jMkKm3GLHpLiq3J4gE,"","North Campus",Gammage,"W", 10/30/2025 07:30:00 PM,"(UTC-07:00) Arizona",,,4435870,4435870,4435870,
PNTM9M2jMkKm3GLHpLiq3J4gE,"","North Campus",Gammage,"W", 10/30/2025 07:40:00 PM,"(UTC-07:00) Arizona",,,4434986,4434986,4434986,
PNTM9M2jMkKm3GLHpLiq3J4gE,"","North Campus",Gammage,"W", 10/30/2025 07:50:00 PM,"(UTC-07:00) Arizona",,,4391488.5,4359226,4423751,
PNTM9M2jMkKm3GLHpLiq3J4gE,"","North Campus",Gammage,"W", 10/30/2025 08:00:00 PM,"(UTC-07:00) Arizona",,,4304640.5,4304640.5,4304640.5,
PNTM9M2jMkKm3GLHpLiq3J4gE,"","North Campus",Gammage,"W", 10/30/2025 08:10:00 PM,"(UTC-07:00) Arizona",,,4341202.5,4341202.5,4341202.5,
PNTM9M2jMkKm3GLHpLiq3J4gE,"","North Campus",Gammage,"W", 10/30/2025 08:20:00 PM,"(UTC-07:00) Arizona",,,4336115.5,4287933,4384298,
PNTM9M2jMkKm3GLHpLiq3J4gE,"","North Campus",Gammage,"W", 10/30/2025 08:30:00 PM,"(UTC-07:00) Arizona",,,4186598.2,4186598.2,4186598.2,
PNTM9M2jMkKm3GLHpLiq3J4gE,"","North Campus",Gammage,"W", 10/30/2025 08:40:00 PM,"(UTC-07:00) Arizona",,,4164376.5,4164376.5,4164376.5,
PNTM9M2jMkKm3GLHpLiq3J4gE,"","North Campus",Gammage,"W", 10/30/2025 08:50:00 PM,"(UTC-07:00) Arizona",,,4167941,4167941,4167941,
PNTM9M2jMkKm3GLHpLiq3J4gE,"","North Campus",Gammage,"W", 10/30/2025 09:10:00 PM,"(UTC-07:00) Arizona",,,4117486.5,4117486.5,4117486.5,
PNTM9M2jMkKm3GLHpLiq3J4gE,"","North Campus",Gammage,"W", 10/30/2025 09:20:00 PM,"(UTC-07:00) Arizona",,,4048922,4048922,4048922,
PNTM9M2jMkKm3GLHpLiq3J4gE,"","North Campus",Gammage,"W", 10/30/2025 09:30:00 PM,"(UTC-07:00) Arizona",,,4009038,3993024.2,4025051.8,
PNTM9M2jMkKm3GLHpLiq3J4gE,"","North Campus",Gammage,"W", 10/30/2025 09:40:00 PM,"(UTC-07:00) Arizona",,,4014518,4014518,4014518,
PNTM9M2jMkKm3GLHpLiq3J4gE,"","North Campus",Gammage,"W", 10/30/2025 09:50:00 PM,"(UTC-07:00) Arizona",,,3963416.6,3922162.2,4004671,
PNTM9M2jMkKm3GLHpLiq3J4gE,"","North Campus",Gammage,"W", 10/30/2025 10:00:00 PM,"(UTC-07:00) Arizona",,,3898894.2,3898894.2,3898894.2,
PNTM9M2jMkKm3GLHpLiq3J4gE,"","North Campus",Gammage,"W", 10/30/2025 10:10:00 PM,"(UTC-07:00) Arizona",,,3917946.5,3917946.5,3917946.5,
PNTM9M2jMkKm3GLHpLiq3J4gE,"","North Campus",Gammage,"W", 10/30/2025 10:20:00 PM,"(UTC-07:00) Arizona",,,3880651,3880651,3880651,
PNTM9M2jMkKm3GLHpLiq3J4gE,"","North Campus",Gammage,"W", 10/30/2025 10:30:00 PM,"(UTC-07:00) Arizona",,,3848420.8,3848420.8,3848420.8,
PNTM9M2jMkKm3GLHpLiq3J4gE,"","North Campus",Gammage,"W", 10/30/2025 10:40:00 PM,"(UTC-07:00) Arizona",,,3811352.85,3796725.2,3825980.5,
PNTM9M2jMkKm3GLHpLiq3J4gE,"","North Campus",Gammage,"W", 10/30/2025 10:50:00 PM,"(UTC-07:00) Arizona",,,3812379,3772397.8,3852360.2,
PNTM9M2jMkKm3GLHpLiq3J4gE,"","North Campus",Gammage,"W", 10/30/2025 11:00:00 PM,"(UTC-07:00) Arizona",,,3614611.2,3609498.2,3619724.2,
PNTM9M2jMkKm3GLHpLiq3J4gE,"","North Campus",Gammage,"W", 10/30/2025 11:10:00 PM,"(UTC-07:00) Arizona",,,3608424.5,3608424.5,3608424.5,
PNTM9M2jMkKm3GLHpLiq3J4gE,"","North Campus",Gammage,"W", 10/30/2025 11:20:00 PM,"(UTC-07:00) Arizona",,,3631099.15,3626864.5,3635333.8,
PNTM9M2jMkKm3GLHpLiq3J4gE,"","North Campus",Gammage,"W", 10/30/2025 11:30:00 PM,"(UTC-07:00) Arizona",,,3590202,3590202,3590202,
PNTM9M2jMkKm3GLHpLiq3J4gE,"","North Campus",Gammage,"W", 10/30/2025 11:40:00 PM,"(UTC-07:00) Arizona",,,3688246.8,3688246.8,3688246.8,
PNTM9M2jMkKm3GLHpLiq3J4gE,"","North Campus",Gammage,"W", 10/30/2025 11:50:00 PM,"(UTC-07:00) Arizona",,,3581322.4,3567850.8,3594794,
PNTM9M2jMkKm3GLHpLiq3J4gE,"","North Campus",Gammage,"W", 10/31/2025 12:00:00 AM,"(UTC-07:00) Arizona",,,3543676.8,3521238.8,3566114.8,
PNTM9M2jMkKm3GLHpLiq3J4gE,"","North Campus",Gammage,"W", 10/31/2025 12:10:00 AM,"(UTC-07:00) Arizona",,,3480386.2,3480386.2,3480386.2,
PNTM9M2jMkKm3GLHpLiq3J4gE,"","North Campus",Gammage,"W", 10/31/2025 12:20:00 AM,"(UTC-07:00) Arizona",,,3468611.5,3468611.5,3468611.5,
PNTM9M2jMkKm3GLHpLiq3J4gE,"","North Campus",Gammage,"W", 10/31/2025 12:30:00 AM,"(UTC-07:00) Arizona",,,3458972.2,3458972.2,3458972.2,
PNTM9M2jMkKm3GLHpLiq3J4gE,"","North Campus",Gammage,"W", 10/31/2025 12:40:00 AM,"(UTC-07:00) Arizona",,,3479234.4,3456723.8,3501745,
PNTM9M2jMkKm3GLHpLiq3J4gE,"","North Campus",Gammage,"W", 10/31/2025 12:50:00 AM,"(UTC-07:00) Arizona",,,3472430.5,3470997.8,3473863.2,
PNTM9M2jMkKm3GLHpLiq3J4gE,"","North Campus",Gammage,"W", 10/31/2025 01:00:00 AM,"(UTC-07:00) Arizona",,,3439985,3439985,3439985,
PNTM9M2jMkKm3GLHpLiq3J4gE,"","North Campus",Gammage,"W", 10/31/2025 01:10:00 AM,"(UTC-07:00) Arizona",,,3431928.8,3431928.8,3431928.8,
PNTM9M2jMkKm3GLHpLiq3J4gE,"","North Campus",Gammage,"W", 10/31/2025 01:20:00 AM,"(UTC-07:00) Arizona",,,3446394.3,3441067.8,3451720.8,
PNTM9M2jMkKm3GLHpLiq3J4gE,"","North Campus",Gammage,"W", 10/31/2025 01:30:00 AM,"(UTC-07:00) Arizona",,,3426743.5,3426743.5,3426743.5,
PNTM9M2jMkKm3GLHpLiq3J4gE,"","North Campus",Gammage,"W", 10/31/2025 01:40:00 AM,"(UTC-07:00) Arizona",,,3415959.65,3403060.5,3428858.8,
PNTM9M2jMkKm3GLHpLiq3J4gE,"","North Campus",Gammage,"W", 10/31/2025 01:50:00 AM,"(UTC-07:00) Arizona",,,3406151,3395739.8,3416562.2,
PNTM9M2jMkKm3GLHpLiq3J4gE,"","North Campus",Gammage,"W", 10/31/2025 02:00:00 AM,"(UTC-07:00) Arizona",,,3370241.2,3370241.2,3370241.2,
PNTM9M2jMkKm3GLHpLiq3J4gE,"","North Campus",Gammage,"W", 10/31/2025 02:10:00 AM,"(UTC-07:00) Arizona",,,3359995.65,3328879.5,3391111.8,
PNTM9M2jMkKm3GLHpLiq3J4gE,"","North Campus",Gammage,"W", 10/31/2025 02:20:00 AM,"(UTC-07:00) Arizona",,,3354522.1,3331569,3377475.2,
PNTM9M2jMkKm3GLHpLiq3J4gE,"","North Campus",Gammage,"W", 10/31/2025 02:30:00 AM,"(UTC-07:00) Arizona",,,3330841.75,3310508,3351175.5,
PNTM9M2jMkKm3GLHpLiq3J4gE,"","North Campus",Gammage,"W", 10/31/2025 02:40:00 AM,"(UTC-07:00) Arizona",,,3335854.8,3335854.8,3335854.8,
PNTM9M2jMkKm3GLHpLiq3J4gE,"","North Campus",Gammage,"W", 10/31/2025 02:50:00 AM,"(UTC-07:00) Arizona",,,3366410.2,3356996.2,3375824.2,
PNTM9M2jMkKm3GLHpLiq3J4gE,"","North Campus",Gammage,"W", 10/31/2025 03:00:00 AM,"(UTC-07:00) Arizona",,,3358089.3,3356981.8,3359196.8,
PNTM9M2jMkKm3GLHpLiq3J4gE,"","North Campus",Gammage,"W", 10/31/2025 03:10:00 AM,"(UTC-07:00) Arizona",,,3367938.2,3367938.2,3367938.2,
PNTM9M2jMkKm3GLHpLiq3J4gE,"","North Campus",Gammage,"W", 10/31/2025 03:20:00 AM,"(UTC-07:00) Arizona",,,3376148.5,3376148.5,3376148.5,
PNTM9M2jMkKm3GLHpLiq3J4gE,"","North Campus",Gammage,"W", 10/31/2025 03:30:00 AM,"(UTC-07:00) Arizona",,,3359111,3359111,3359111,
PNTM9M2jMkKm3GLHpLiq3J4gE,"","North Campus",Gammage,"W", 10/31/2025 03:40:00 AM,"(UTC-07:00) Arizona",,,3367505.3,3359297.8,3375712.8,
PNTM9M2jMkKm3GLHpLiq3J4gE,"","North Campus",Gammage,"W", 10/31/2025 03:50:00 AM,"(UTC-07:00) Arizona",,,3344764.6,3338519.2,3351010,
PNTM9M2jMkKm3GLHpLiq3J4gE,"","North Campus",Gammage,"W", 10/31/2025 04:00:00 AM,"(UTC-07:00) Arizona",,,3413532,3413532,3413532,
PNTM9M2jMkKm3GLHpLiq3J4gE,"","North Campus",Gammage,"W", 10/31/2025 04:10:00 AM,"(UTC-07:00) Arizona",,,3454778.3,3453987.8,3455568.8,
PNTM9M2jMkKm3GLHpLiq3J4gE,"","North Campus",Gammage,"W", 10/31/2025 04:20:00 AM,"(UTC-07:00) Arizona",,,3503444.8,3503444.8,3503444.8,
PNTM9M2jMkKm3GLHpLiq3J4gE,"","North Campus",Gammage,"W", 10/31/2025 04:30:00 AM,"(UTC-07:00) Arizona",,,3466162,3466162,3466162,
PNTM9M2jMkKm3GLHpLiq3J4gE,"","North Campus",Gammage,"W", 10/31/2025 04:40:00 AM,"(UTC-07:00) Arizona",,,3483930.2,3483930.2,3483930.2,
PNTM9M2jMkKm3GLHpLiq3J4gE,"","North Campus",Gammage,"W", 10/31/2025 04:50:00 AM,"(UTC-07:00) Arizona",,,3488950.2,3488950.2,3488950.2,
PNTM9M2jMkKm3GLHpLiq3J4gE,"","North Campus",Gammage,"W", 10/31/2025 05:00:00 AM,"(UTC-07:00) Arizona",,,3537570.4,3511657.8,3563483,
PNTM9M2jMkKm3GLHpLiq3J4gE,"","North Campus",Gammage,"W", 10/31/2025 05:10:00 AM,"(UTC-07:00) Arizona",,,3497353.8,3497353.8,3497353.8,
PNTM9M2jMkKm3GLHpLiq3J4gE,"","North Campus",Gammage,"W", 10/31/2025 05:30:00 AM,"(UTC-07:00) Arizona",,,3541429.65,3536921.5,3545937.8,
PNTM9M2jMkKm3GLHpLiq3J4gE,"","North Campus",Gammage,"W", 10/31/2025 05:40:00 AM,"(UTC-07:00) Arizona",,,3569784.9,3528852.8,3610717,
PNTM9M2jMkKm3GLHpLiq3J4gE,"","North Campus",Gammage,"W", 10/31/2025 05:50:00 AM,"(UTC-07:00) Arizona",,,3595225,3595225,3595225,
PNTM9M2jMkKm3GLHpLiq3J4gE,"","North Campus",Gammage,"W", 10/31/2025 06:00:00 AM,"(UTC-07:00) Arizona",,,3697796.5,3685065.5,3710527.5,
PNTM9M2jMkKm3GLHpLiq3J4gE,"","North Campus",Gammage,"W", 10/31/2025 06:10:00 AM,"(UTC-07:00) Arizona",,,3735279.2,3735279.2,3735279.2,
PNTM9M2jMkKm3GLHpLiq3J4gE,"","North Campus",Gammage,"W", 10/31/2025 06:20:00 AM,"(UTC-07:00) Arizona",,,3702616.8,3702616.8,3702616.8,
PNTM9M2jMkKm3GLHpLiq3J4gE,"","North Campus",Gammage,"W", 10/31/2025 06:30:00 AM,"(UTC-07:00) Arizona",,,3766615.9,3758719,3774512.8,
PNTM9M2jMkKm3GLHpLiq3J4gE,"","North Campus",Gammage,"W", 10/31/2025 06:40:00 AM,"(UTC-07:00) Arizona",,,3749090.65,3718074.8,3780106.5,
PNTM9M2jMkKm3GLHpLiq3J4gE,"","North Campus",Gammage,"W", 10/31/2025 06:50:00 AM,"(UTC-07:00) Arizona",,,3806015.5,3806015.5,3806015.5,
PNTM9M2jMkKm3GLHpLiq3J4gE,"","North Campus",Gammage,"W", 10/31/2025 07:00:00 AM,"(UTC-07:00) Arizona",,,3879280.65,3876499.8,3882061.5,
PNTM9M2jMkKm3GLHpLiq3J4gE,"","North Campus",Gammage,"W", 10/31/2025 07:10:00 AM,"(UTC-07:00) Arizona",,,3913190.2,3913190.2,3913190.2,
PNTM9M2jMkKm3GLHpLiq3J4gE,"","North Campus",Gammage,"W", 10/31/2025 07:20:00 AM,"(UTC-07:00) Arizona",,,3928762,3928762,3928762,
PNTM9M2jMkKm3GLHpLiq3J4gE,"","North Campus",Gammage,"W", 10/31/2025 07:30:00 AM,"(UTC-07:00) Arizona",,,3974832,3974832,3974832,
PNTM9M2jMkKm3GLHpLiq3J4gE,"","North Campus",Gammage,"W", 10/31/2025 07:40:00 AM,"(UTC-07:00) Arizona",,,4009580.5,4009580.5,4009580.5,
PNTM9M2jMkKm3GLHpLiq3J4gE,"","North Campus",Gammage,"W", 10/31/2025 07:50:00 AM,"(UTC-07:00) Arizona",,,4046786.5,4013182,4080391,
PNTM9M2jMkKm3GLHpLiq3J4gE,"","North Campus",Gammage,"W", 10/31/2025 08:00:00 AM,"(UTC-07:00) Arizona",,,4165585.8,4165585.8,4165585.8,
PNTM9M2jMkKm3GLHpLiq3J4gE,"","North Campus",Gammage,"W", 10/31/2025 08:10:00 AM,"(UTC-07:00) Arizona",,,4194287.2,4194287.2,4194287.2,
PNTM9M2jMkKm3GLHpLiq3J4gE,"","North Campus",Gammage,"W", 10/31/2025 08:20:00 AM,"(UTC-07:00) Arizona",,,4208576,4194236,4222916,
PNTM9M2jMkKm3GLHpLiq3J4gE,"","North Campus",Gammage,"W", 10/31/2025 08:30:00 AM,"(UTC-07:00) Arizona",,,4167061.2,4167061.2,4167061.2,
PNTM9M2jMkKm3GLHpLiq3J4gE,"","North Campus",Gammage,"W", 10/31/2025 08:40:00 AM,"(UTC-07:00) Arizona",,,4187449.8,4187449.8,4187449.8,
PNTM9M2jMkKm3GLHpLiq3J4gE,"","North Campus",Gammage,"W", 10/31/2025 08:50:00 AM,"(UTC-07:00) Arizona",,,4313308,4291263,4335353,
PNTM9M2jMkKm3GLHpLiq3J4gE,"","North Campus",Gammage,"W", 10/31/2025 09:00:00 AM,"(UTC-07:00) Arizona",,,4465710,4465710,4465710,
PNTM9M2jMkKm3GLHpLiq3J4gE,"","North Campus",Gammage,"W", 10/31/2025 09:10:00 AM,"(UTC-07:00) Arizona",,,4306786.5,4306786.5,4306786.5,
PNTM9M2jMkKm3GLHpLiq3J4gE,"","North Campus",Gammage,"W", 10/31/2025 09:20:00 AM,"(UTC-07:00) Arizona",,,4319872,4319872,4319872,
PNTM9M2jMkKm3GLHpLiq3J4gE,"","North Campus",Gammage,"W", 10/31/2025 09:30:00 AM,"(UTC-07:00) Arizona",,,4349156.5,4349156.5,4349156.5,
PNTM9M2jMkKm3GLHpLiq3J4gE,"","North Campus",Gammage,"W", 10/31/2025 09:40:00 AM,"(UTC-07:00) Arizona",,,4252171,4252171,4252171,
PNTM9M2jMkKm3GLHpLiq3J4gE,"","North Campus",Gammage,"W", 10/31/2025 09:50:00 AM,"(UTC-07:00) Arizona",,,4426888.25,4387713,4466063.5,
PNTM9M2jMkKm3GLHpLiq3J4gE,"","North Campus",Gammage,"W", 10/31/2025 10:00:00 AM,"(UTC-07:00) Arizona",,,4396831.5,4377341,4416322,
PNTM9M2jMkKm3GLHpLiq3J4gE,"","North Campus",Gammage,"W", 10/31/2025 10:10:00 AM,"(UTC-07:00) Arizona",,,4424660,4406378,4442942,
PNTM9M2jMkKm3GLHpLiq3J4gE,"","North Campus",Gammage,"W", 10/31/2025 10:20:00 AM,"(UTC-07:00) Arizona",,,4463007.5,4463007.5,4463007.5,
PNTM9M2jMkKm3GLHpLiq3J4gE,"","North Campus",Gammage,"W", 10/31/2025 10:30:00 AM,"(UTC-07:00) Arizona",,,4381575.75,4367860,4395291.5,
PNTM9M2jMkKm3GLHpLiq3J4gE,"","North Campus",Gammage,"W", 10/31/2025 10:40:00 AM,"(UTC-07:00) Arizona",,,4543570.5,4543570.5,4543570.5,
PNTM9M2jMkKm3GLHpLiq3J4gE,"","North Campus",Gammage,"W", 10/31/2025 10:50:00 AM,"(UTC-07:00) Arizona",,,4564319,4564319,4564319,
PNTM9M2jMkKm3GLHpLiq3J4gE,"","North Campus",Gammage,"W", 10/31/2025 11:00:00 AM,"(UTC-07:00) Arizona",,,4524583,4524583,4524583,
PNTM9M2jMkKm3GLHpLiq3J4gE,"","North Campus",Gammage,"W", 10/31/2025 11:10:00 AM,"(UTC-07:00) Arizona",,,4546280.5,4537470,4555091,
PNTM9M2jMkKm3GLHpLiq3J4gE,"","North Campus",Gammage,"W", 10/31/2025 11:20:00 AM,"(UTC-07:00) Arizona",,,4555297.5,4496309,4614286,
PNTM9M2jMkKm3GLHpLiq3J4gE,"","North Campus",Gammage,"W", 10/31/2025 11:30:00 AM,"(UTC-07:00) Arizona",,,4578003.5,4578003.5,4578003.5,
PNTM9M2jMkKm3GLHpLiq3J4gE,"","North Campus",Gammage,"W", 10/31/2025 11:40:00 AM,"(UTC-07:00) Arizona",,,4553364.5,4553364.5,4553364.5,
PNTM9M2jMkKm3GLHpLiq3J4gE,"","North Campus",Gammage,"W", 10/31/2025 11:50:00 AM,"(UTC-07:00) Arizona",,,4602001.5,4602001.5,4602001.5,
PNTM9M2jMkKm3GLHpLiq3J4gE,"","North Campus",Gammage,"W", 10/31/2025 12:00:00 PM,"(UTC-07:00) Arizona",,,4467895.5,4467895.5,4467895.5,
PNTM9M2jMkKm3GLHpLiq3J4gE,"","North Campus",Gammage,"W", 10/31/2025 12:10:00 PM,"(UTC-07:00) Arizona",,,4614500.5,4614500.5,4614500.5,
PNTM9M2jMkKm3GLHpLiq3J4gE,"","North Campus",Gammage,"W", 10/31/2025 12:20:00 PM,"(UTC-07:00) Arizona",,,4587575.5,4587575.5,4587575.5,
PNTM9M2jMkKm3GLHpLiq3J4gE,"","North Campus",Gammage,"W", 10/31/2025 12:30:00 PM,"(UTC-07:00) Arizona",,,4647213.5,4623990.5,4670436.5,
PNTM9M2jMkKm3GLHpLiq3J4gE,"","North Campus",Gammage,"W", 10/31/2025 12:40:00 PM,"(UTC-07:00) Arizona",,,4600743,4600743,4600743,
PNTM9M2jMkKm3GLHpLiq3J4gE,"","North Campus",Gammage,"W", 10/31/2025 12:50:00 PM,"(UTC-07:00) Arizona",,,4614807.5,4614807.5,4614807.5,
PNTM9M2jMkKm3GLHpLiq3J4gE,"","North Campus",Gammage,"W", 10/31/2025 01:00:00 PM,"(UTC-07:00) Arizona",,,4614258,4522721.5,4705794.5,
PNTM9M2jMkKm3GLHpLiq3J4gE,"","North Campus",Gammage,"W", 10/31/2025 01:10:00 PM,"(UTC-07:00) Arizona",,,4669494.5,4669494.5,4669494.5,
PNTM9M2jMkKm3GLHpLiq3J4gE,"","North Campus",Gammage,"W", 10/31/2025 01:20:00 PM,"(UTC-07:00) Arizona",,,4648609.5,4623100,4674119,
PNTM9M2jMkKm3GLHpLiq3J4gE,"","North Campus",Gammage,"W", 10/31/2025 01:30:00 PM,"(UTC-07:00) Arizona",,,4604199.5,4604199.5,4604199.5,
PNTM9M2jMkKm3GLHpLiq3J4gE,"","North Campus",Gammage,"W", 10/31/2025 01:40:00 PM,"(UTC-07:00) Arizona",,,4611717.5,4560767,4662668,
PNTM9M2jMkKm3GLHpLiq3J4gE,"","North Campus",Gammage,"W", 10/31/2025 01:50:00 PM,"(UTC-07:00) Arizona",,,4632174.666666667,4616960,4654920,
PNTM9M2jMkKm3GLHpLiq3J4gE,"","North Campus",Gammage,"W", 10/31/2025 02:00:00 PM,"(UTC-07:00) Arizona",,,4671059.25,4658210,4683908.5,
PNTM9M2jMkKm3GLHpLiq3J4gE,"","North Campus",Gammage,"W", 10/31/2025 02:10:00 PM,"(UTC-07:00) Arizona",,,4733726.75,4704158.5,4763295,
PNTM9M2jMkKm3GLHpLiq3J4gE,"","North Campus",Gammage,"W", 10/31/2025 02:20:00 PM,"(UTC-07:00) Arizona",,,4711838.75,4669390.5,4754287,
PNTM9M2jMkKm3GLHpLiq3J4gE,"","North Campus",Gammage,"W", 10/31/2025 02:30:00 PM,"(UTC-07:00) Arizona",,,4676234,4669805.5,4682662.5,
PNTM9M2jMkKm3GLHpLiq3J4gE,"","North Campus",Gammage,"W", 10/31/2025 02:40:00 PM,"(UTC-07:00) Arizona",,,4723693,4723693,4723693,
PNTM9M2jMkKm3GLHpLiq3J4gE,"","North Campus",Gammage,"W", 10/31/2025 02:50:00 PM,"(UTC-07:00) Arizona",,,4697186.25,4660402,4733970.5,
PNTM9M2jMkKm3GLHpLiq3J4gE,"","North Campus",Gammage,"W", 10/31/2025 03:00:00 PM,"(UTC-07:00) Arizona",,,4798030.5,4798030.5,4798030.5,
PNTM9M2jMkKm3GLHpLiq3J4gE,"","North Campus",Gammage,"W", 10/31/2025 03:10:00 PM,"(UTC-07:00) Arizona",,,4722461.5,4722461.5,4722461.5,
PNTM9M2jMkKm3GLHpLiq3J4gE,"","North Campus",Gammage,"W", 10/31/2025 03:20:00 PM,"(UTC-07:00) Arizona",,,4850578,4850578,4850578,
PNTM9M2jMkKm3GLHpLiq3J4gE,"","North Campus",Gammage,"W", 10/31/2025 03:30:00 PM,"(UTC-07:00) Arizona",,,4802142.5,4802142.5,4802142.5,
PNTM9M2jMkKm3GLHpLiq3J4gE,"","North Campus",Gammage,"W", 10/31/2025 03:40:00 PM,"(UTC-07:00) Arizona",,,4815408.25,4775084,4855732.5,
PNTM9M2jMkKm3GLHpLiq3J4gE,"","North Campus",Gammage,"W", 10/31/2025 03:50:00 PM,"(UTC-07:00) Arizona",,,4841327,4841327,4841327,
PNTM9M2jMkKm3GLHpLiq3J4gE,"","North Campus",Gammage,"W", 10/31/2025 04:00:00 PM,"(UTC-07:00) Arizona",,,4804506.5,4804506.5,4804506.5,
PNTM9M2jMkKm3GLHpLiq3J4gE,"","North Campus",Gammage,"W", 10/31/2025 04:10:00 PM,"(UTC-07:00) Arizona",,,4756958,4756958,4756958,
PNTM9M2jMkKm3GLHpLiq3J4gE,"","North Campus",Gammage,"W", 10/31/2025 04:20:00 PM,"(UTC-07:00) Arizona",,,4823658,4823658,4823658,
PNTM9M2jMkKm3GLHpLiq3J4gE,"","North Campus",Gammage,"W", 10/31/2025 04:30:00 PM,"(UTC-07:00) Arizona",,,4799029.5,4799029.5,4799029.5,
PNTM9M2jMkKm3GLHpLiq3J4gE,"","North Campus",Gammage,"W", 10/31/2025 04:40:00 PM,"(UTC-07:00) Arizona",,,4747628.25,4736570,4758686.5,
PNTM9M2jMkKm3GLHpLiq3J4gE,"","North Campus",Gammage,"W", 10/31/2025 04:50:00 PM,"(UTC-07:00) Arizona",,,4435162.5,4435162.5,4435162.5,
PNTM9M2jMkKm3GLHpLiq3J4gE,"","North Campus",Gammage,"W", 10/31/2025 05:00:00 PM,"(UTC-07:00) Arizona",,,4476683.5,4476683.5,4476683.5,
PNTM9M2jMkKm3GLHpLiq3J4gE,"","North Campus",Gammage,"W", 10/31/2025 05:10:00 PM,"(UTC-07:00) Arizona",,,4513273.5,4513273.5,4513273.5,
PNTM9M2jMkKm3GLHpLiq3J4gE,"","North Campus",Gammage,"W", 10/31/2025 05:20:00 PM,"(UTC-07:00) Arizona",,,4446605,4446605,4446605,
PNTM9M2jMkKm3GLHpLiq3J4gE,"","North Campus",Gammage,"W", 10/31/2025 05:30:00 PM,"(UTC-07:00) Arizona",,,4438524.5,4423317,4453732,
PNTM9M2jMkKm3GLHpLiq3J4gE,"","North Campus",Gammage,"W", 10/31/2025 05:40:00 PM,"(UTC-07:00) Arizona",,,4427984.25,4424334,4431634.5,
PNTM9M2jMkKm3GLHpLiq3J4gE,"","North Campus",Gammage,"W", 10/31/2025 05:50:00 PM,"(UTC-07:00) Arizona",,,4395673.5,4395673.5,4395673.5,
PNTM9M2jMkKm3GLHpLiq3J4gE,"","North Campus",Gammage,"W", 10/31/2025 06:00:00 PM,"(UTC-07:00) Arizona",,,4409123,4405303,4412943,
PNTM9M2jMkKm3GLHpLiq3J4gE,"","North Campus",Gammage,"W", 10/31/2025 06:10:00 PM,"(UTC-07:00) Arizona",,,4295024.5,4295024.5,4295024.5,
PNTM9M2jMkKm3GLHpLiq3J4gE,"","North Campus",Gammage,"W", 10/31/2025 06:20:00 PM,"(UTC-07:00) Arizona",,,4234979,4234979,4234979,
PNTM9M2jMkKm3GLHpLiq3J4gE,"","North Campus",Gammage,"W", 10/31/2025 06:30:00 PM,"(UTC-07:00) Arizona",,,4222628.166666667,4193427,4244981.5,
PNTM9M2jMkKm3GLHpLiq3J4gE,"","North Campus",Gammage,"W", 10/31/2025 06:40:00 PM,"(UTC-07:00) Arizona",,,4155906.8,4155906.8,4155906.8,
PNTM9M2jMkKm3GLHpLiq3J4gE,"","North Campus",Gammage,"W", 10/31/2025 06:50:00 PM,"(UTC-07:00) Arizona",,,4172593.2,4172593.2,4172593.2,
PNTM9M2jMkKm3GLHpLiq3J4gE,"","North Campus",Gammage,"W", 10/31/2025 07:00:00 PM,"(UTC-07:00) Arizona",,,4089085.85,4085864.5,4092307.2,
PNTM9M2jMkKm3GLHpLiq3J4gE,"","North Campus",Gammage,"W", 10/31/2025 07:10:00 PM,"(UTC-07:00) Arizona",,,4108012.8,4108012.8,4108012.8,
PNTM9M2jMkKm3GLHpLiq3J4gE,"","North Campus",Gammage,"W", 10/31/2025 07:20:00 PM,"(UTC-07:00) Arizona",,,4084465.5,4084465.5,4084465.5,
PNTM9M2jMkKm3GLHpLiq3J4gE,"","North Campus",Gammage,"W", 10/31/2025 07:30:00 PM,"(UTC-07:00) Arizona",,,4069415.3,4069053.8,4069776.8,
PNTM9M2jMkKm3GLHpLiq3J4gE,"","North Campus",Gammage,"W", 10/31/2025 07:40:00 PM,"(UTC-07:00) Arizona",,,4066904.8,4066904.8,4066904.8,
PNTM9M2jMkKm3GLHpLiq3J4gE,"","North Campus",Gammage,"W", 10/31/2025 07:50:00 PM,"(UTC-07:00) Arizona",,,4059281.65,4054017.5,4064545.8,
PNTM9M2jMkKm3GLHpLiq3J4gE,"","North Campus",Gammage,"W", 10/31/2025 08:00:00 PM,"(UTC-07:00) Arizona",,,4039471.5,4039471.5,4039471.5,
PNTM9M2jMkKm3GLHpLiq3J4gE,"","North Campus",Gammage,"W", 10/31/2025 08:10:00 PM,"(UTC-07:00) Arizona",,,3979498.2,3974430.2,3984566.2,
PNTM9M2jMkKm3GLHpLiq3J4gE,"","North Campus",Gammage,"W", 10/31/2025 08:20:00 PM,"(UTC-07:00) Arizona",,,3924719,3924719,3924719,
PNTM9M2jMkKm3GLHpLiq3J4gE,"","North Campus",Gammage,"W", 10/31/2025 08:30:00 PM,"(UTC-07:00) Arizona",,,3911823.8,3911823.8,3911823.8,
PNTM9M2jMkKm3GLHpLiq3J4gE,"","North Campus",Gammage,"W", 10/31/2025 08:40:00 PM,"(UTC-07:00) Arizona",,,3908933.5,3908933.5,3908933.5,
PNTM9M2jMkKm3GLHpLiq3J4gE,"","North Campus",Gammage,"W", 10/31/2025 08:50:00 PM,"(UTC-07:00) Arizona",,,3861542.5,3738954,3984131,
PNTM9M2jMkKm3GLHpLiq3J4gE,"","North Campus",Gammage,"W", 10/31/2025 09:00:00 PM,"(UTC-07:00) Arizona",,,3765971,3765971,3765971,
PNTM9M2jMkKm3GLHpLiq3J4gE,"","North Campus",Gammage,"W", 10/31/2025 09:10:00 PM,"(UTC-07:00) Arizona",,,3707127.6,3669697,3744558.2,
PNTM9M2jMkKm3GLHpLiq3J4gE,"","North Campus",Gammage,"W", 10/31/2025 09:20:00 PM,"(UTC-07:00) Arizona",,,3714028.2,3714028.2,3714028.2,
PNTM9M2jMkKm3GLHpLiq3J4gE,"","North Campus",Gammage,"W", 10/31/2025 09:30:00 PM,"(UTC-07:00) Arizona",,,3655537.5,3654500.2,3656574.8,
PNTM9M2jMkKm3GLHpLiq3J4gE,"","North Campus",Gammage,"W", 10/31/2025 09:40:00 PM,"(UTC-07:00) Arizona",,,3613248.2,3613248.2,3613248.2,
PNTM9M2jMkKm3GLHpLiq3J4gE,"","North Campus",Gammage,"W", 10/31/2025 09:50:00 PM,"(UTC-07:00) Arizona",,,3640849.5,3607240.8,3674458.2,
PNTM9M2jMkKm3GLHpLiq3J4gE,"","North Campus",Gammage,"W", 10/31/2025 10:00:00 PM,"(UTC-07:00) Arizona",,,3533569.2,3533569.2,3533569.2,
PNTM9M2jMkKm3GLHpLiq3J4gE,"","North Campus",Gammage,"W", 10/31/2025 10:10:00 PM,"(UTC-07:00) Arizona",,,3595645.75,3591553,3599738.5,
PNTM9M2jMkKm3GLHpLiq3J4gE,"","North Campus",Gammage,"W", 10/31/2025 10:20:00 PM,"(UTC-07:00) Arizona",,,3526726.8,3526726.8,3526726.8,
PNTM9M2jMkKm3GLHpLiq3J4gE,"","North Campus",Gammage,"W", 10/31/2025 10:30:00 PM,"(UTC-07:00) Arizona",,,3467592.2,3467592.2,3467592.2,
PNTM9M2jMkKm3GLHpLiq3J4gE,"","North Campus",Gammage,"W", 10/31/2025 10:40:00 PM,"(UTC-07:00) Arizona",,,3479447.5,3479447.5,3479447.5,
PNTM9M2jMkKm3GLHpLiq3J4gE,"","North Campus",Gammage,"W", 10/31/2025 10:50:00 PM,"(UTC-07:00) Arizona",,,3470274.9,3459995,3480554.8,
PNTM9M2jMkKm3GLHpLiq3J4gE,"","North Campus",Gammage,"W", 10/31/2025 11:00:00 PM,"(UTC-07:00) Arizona",,,3444520.85,3433484.5,3455557.2,
PNTM9M2jMkKm3GLHpLiq3J4gE,"","North Campus",Gammage,"W", 10/31/2025 11:10:00 PM,"(UTC-07:00) Arizona",,,3421358.5,3404042.8,3438674.2,
PNTM9M2jMkKm3GLHpLiq3J4gE,"","North Campus",Gammage,"W", 10/31/2025 11:20:00 PM,"(UTC-07:00) Arizona",,,3446032.2,3446032.2,3446032.2,
PNTM9M2jMkKm3GLHpLiq3J4gE,"","North Campus",Gammage,"W", 10/31/2025 11:30:00 PM,"(UTC-07:00) Arizona",,,3431880,3431880,3431880,
PNTM9M2jMkKm3GLHpLiq3J4gE,"","North Campus",Gammage,"W", 10/31/2025 11:40:00 PM,"(UTC-07:00) Arizona",,,3401567.8,3401567.8,3401567.8,
PNTM9M2jMkKm3GLHpLiq3J4gE,"","North Campus",Gammage,"W", 10/31/2025 11:50:00 PM,"(UTC-07:00) Arizona",,,3426340.7,3404007.2,3448674.2,
PNTM9M2jMkKm3GLHpLiq3J4gE,"","North Campus",Gammage,"W", 11/01/2025 12:00:00 AM,"(UTC-07:00) Arizona",,,3362565,3362565,3362565,
PNTM9M2jMkKm3GLHpLiq3J4gE,"","North Campus",Gammage,"W", 11/01/2025 12:10:00 AM,"(UTC-07:00) Arizona",,,3360225.6,3327571,3392880.2,
PNTM9M2jMkKm3GLHpLiq3J4gE,"","North Campus",Gammage,"W", 11/01/2025 12:20:00 AM,"(UTC-07:00) Arizona",,,3386760.2,3386760.2,3386760.2,
PNTM9M2jMkKm3GLHpLiq3J4gE,"","North Campus",Gammage,"W", 11/01/2025 12:30:00 AM,"(UTC-07:00) Arizona",,,3336746.5,3322893,3350600,
PNTM9M2jMkKm3GLHpLiq3J4gE,"","North Campus",Gammage,"W", 11/01/2025 12:40:00 AM,"(UTC-07:00) Arizona",,,3370485.5,3370485.5,3370485.5,
PNTM9M2jMkKm3GLHpLiq3J4gE,"","North Campus",Gammage,"W", 11/01/2025 12:50:00 AM,"(UTC-07:00) Arizona",,,3334548.75,3327946.5,3341151,
PNTM9M2jMkKm3GLHpLiq3J4gE,"","North Campus",Gammage,"W", 11/01/2025 01:00:00 AM,"(UTC-07:00) Arizona",,,3343487.25,3318531,3368443.5,
PNTM9M2jMkKm3GLHpLiq3J4gE,"","North Campus",Gammage,"W", 11/01/2025 01:10:00 AM,"(UTC-07:00) Arizona",,,3306657.2,3306657.2,3306657.2,
PNTM9M2jMkKm3GLHpLiq3J4gE,"","North Campus",Gammage,"W", 11/01/2025 01:20:00 AM,"(UTC-07:00) Arizona",,,3325473,3325473,3325473,
PNTM9M2jMkKm3GLHpLiq3J4gE,"","North Campus",Gammage,"W", 11/01/2025 01:30:00 AM,"(UTC-07:00) Arizona",,,3344649.8,3344649.8,3344649.8,
PNTM9M2jMkKm3GLHpLiq3J4gE,"","North Campus",Gammage,"W", 11/01/2025 01:40:00 AM,"(UTC-07:00) Arizona",,,3324176,3324176,3324176,
PNTM9M2jMkKm3GLHpLiq3J4gE,"","North Campus",Gammage,"W", 11/01/2025 01:50:00 AM,"(UTC-07:00) Arizona",,,3325586.8,3325586.8,3325586.8,
PNTM9M2jMkKm3GLHpLiq3J4gE,"","North Campus",Gammage,"W", 11/01/2025 02:00:00 AM,"(UTC-07:00) Arizona",,,3361991.5,3361991.5,3361991.5,
PNTM9M2jMkKm3GLHpLiq3J4gE,"","North Campus",Gammage,"W", 11/01/2025 02:10:00 AM,"(UTC-07:00) Arizona",,,3298269.5,3283909.8,3312629.2,
PNTM9M2jMkKm3GLHpLiq3J4gE,"","North Campus",Gammage,"W", 11/01/2025 02:20:00 AM,"(UTC-07:00) Arizona",,,3310828.5,3291905.8,3329751.2,
PNTM9M2jMkKm3GLHpLiq3J4gE,"","North Campus",Gammage,"W", 11/01/2025 02:30:00 AM,"(UTC-07:00) Arizona",,,3308839,3307833.8,3309844.2,
PNTM9M2jMkKm3GLHpLiq3J4gE,"","North Campus",Gammage,"W", 11/01/2025 02:40:00 AM,"(UTC-07:00) Arizona",,,3270938,3267880.2,3273995.8,
PNTM9M2jMkKm3GLHpLiq3J4gE,"","North Campus",Gammage,"W", 11/01/2025 02:50:00 AM,"(UTC-07:00) Arizona",,,3252785,3252785,3252785,
PNTM9M2jMkKm3GLHpLiq3J4gE,"","North Campus",Gammage,"W", 11/01/2025 03:00:00 AM,"(UTC-07:00) Arizona",,,3274139.75,3265905.5,3282374,
PNTM9M2jMkKm3GLHpLiq3J4gE,"","North Campus",Gammage,"W", 11/01/2025 03:10:00 AM,"(UTC-07:00) Arizona",,,3263768.8,3263768.8,3263768.8,
PNTM9M2jMkKm3GLHpLiq3J4gE,"","North Campus",Gammage,"W", 11/01/2025 03:20:00 AM,"(UTC-07:00) Arizona",,,3291350.2,3291350.2,3291350.2,
PNTM9M2jMkKm3GLHpLiq3J4gE,"","North Campus",Gammage,"W", 11/01/2025 03:30:00 AM,"(UTC-07:00) Arizona",,,3199616.2,3199616.2,3199616.2,
PNTM9M2jMkKm3GLHpLiq3J4gE,"","North Campus",Gammage,"W", 11/01/2025 03:40:00 AM,"(UTC-07:00) Arizona",,,3226196.15,3217364.8,3235027.5,
PNTM9M2jMkKm3GLHpLiq3J4gE,"","North Campus",Gammage,"W", 11/01/2025 03:50:00 AM,"(UTC-07:00) Arizona",,,3290505,3273872,3307138,
PNTM9M2jMkKm3GLHpLiq3J4gE,"","North Campus",Gammage,"W", 11/01/2025 04:00:00 AM,"(UTC-07:00) Arizona",,,3282676.5,3282676.5,3282676.5,
PNTM9M2jMkKm3GLHpLiq3J4gE,"","North Campus",Gammage,"W", 11/01/2025 04:10:00 AM,"(UTC-07:00) Arizona",,,3287953,3267080.5,3308825.5,
PNTM9M2jMkKm3GLHpLiq3J4gE,"","North Campus",Gammage,"W", 11/01/2025 04:20:00 AM,"(UTC-07:00) Arizona",,,3240883,3240883,3240883,
PNTM9M2jMkKm3GLHpLiq3J4gE,"","North Campus",Gammage,"W", 11/01/2025 04:30:00 AM,"(UTC-07:00) Arizona",,,3263800.2,3263800.2,3263800.2,
PNTM9M2jMkKm3GLHpLiq3J4gE,"","North Campus",Gammage,"W", 11/01/2025 04:40:00 AM,"(UTC-07:00) Arizona",,,3291950.5,3291950.5,3291950.5,
PNTM9M2jMkKm3GLHpLiq3J4gE,"","North Campus",Gammage,"W", 11/01/2025 04:50:00 AM,"(UTC-07:00) Arizona",,,3260709.1,3255068.2,3266350,
PNTM9M2jMkKm3GLHpLiq3J4gE,"","North Campus",Gammage,"W", 11/01/2025 05:00:00 AM,"(UTC-07:00) Arizona",,,3306628,3306628,3306628,
PNTM9M2jMkKm3GLHpLiq3J4gE,"","North Campus",Gammage,"W", 11/01/2025 05:10:00 AM,"(UTC-07:00) Arizona",,,3305798.7,3293451.2,3318146.2,
PNTM9M2jMkKm3GLHpLiq3J4gE,"","North Campus",Gammage,"W", 11/01/2025 05:20:00 AM,"(UTC-07:00) Arizona",,,3363581.5,3363581.5,3363581.5,
PNTM9M2jMkKm3GLHpLiq3J4gE,"","North Campus",Gammage,"W", 11/01/2025 05:30:00 AM,"(UTC-07:00) Arizona",,,3306507,3286751.5,3326262.5,
PNTM9M2jMkKm3GLHpLiq3J4gE,"","North Campus",Gammage,"W", 11/01/2025 05:40:00 AM,"(UTC-07:00) Arizona",,,3315635,3315635,3315635,
PNTM9M2jMkKm3GLHpLiq3J4gE,"","North Campus",Gammage,"W", 11/01/2025 05:50:00 AM,"(UTC-07:00) Arizona",,,3323897,3322338,3325456,
PNTM9M2jMkKm3GLHpLiq3J4gE,"","North Campus",Gammage,"W", 11/01/2025 06:00:00 AM,"(UTC-07:00) Arizona",,,3423305,3411714.2,3434895.8,
PNTM9M2jMkKm3GLHpLiq3J4gE,"","North Campus",Gammage,"W", 11/01/2025 06:10:00 AM,"(UTC-07:00) Arizona",,,3397269.8,3397269.8,3397269.8,
PNTM9M2jMkKm3GLHpLiq3J4gE,"","North Campus",Gammage,"W", 11/01/2025 06:20:00 AM,"(UTC-07:00) Arizona",,,3414499.5,3393990.5,3436543.5,
PNTM9M2jMkKm3GLHpLiq3J4gE,"","North Campus",Gammage,"W", 11/01/2025 06:30:00 AM,"(UTC-07:00) Arizona",,,3370220.5,3370220.5,3370220.5,
PNTM9M2jMkKm3GLHpLiq3J4gE,"","North Campus",Gammage,"W", 11/01/2025 06:40:00 AM,"(UTC-07:00) Arizona",,,3359445.75,3358019.5,3360872,
PNTM9M2jMkKm3GLHpLiq3J4gE,"","North Campus",Gammage,"W", 11/01/2025 06:50:00 AM,"(UTC-07:00) Arizona",,,3386629,3386629,3386629,
PNTM9M2jMkKm3GLHpLiq3J4gE,"","North Campus",Gammage,"W", 11/01/2025 07:00:00 AM,"(UTC-07:00) Arizona",,,3395903.25,3383415.5,3408391,
PNTM9M2jMkKm3GLHpLiq3J4gE,"","North Campus",Gammage,"W", 11/01/2025 07:10:00 AM,"(UTC-07:00) Arizona",,,3394421,3381992.5,3406849.5,
PNTM9M2jMkKm3GLHpLiq3J4gE,"","North Campus",Gammage,"W", 11/01/2025 07:20:00 AM,"(UTC-07:00) Arizona",,,3350510,3350510,3350510,
PNTM9M2jMkKm3GLHpLiq3J4gE,"","North Campus",Gammage,"W", 11/01/2025 07:30:00 AM,"(UTC-07:00) Arizona",,,3369776.4333333336,3352822.5,3387000.8,
PNTM9M2jMkKm3GLHpLiq3J4gE,"","North Campus",Gammage,"W", 11/01/2025 07:40:00 AM,"(UTC-07:00) Arizona",,,3380364.2,3380364.2,3380364.2,
PNTM9M2jMkKm3GLHpLiq3J4gE,"","North Campus",Gammage,"W", 11/01/2025 07:50:00 AM,"(UTC-07:00) Arizona",,,3388118,3364512,3411724,
PNTM9M2jMkKm3GLHpLiq3J4gE,"","North Campus",Gammage,"W", 11/01/2025 08:00:00 AM,"(UTC-07:00) Arizona",,,3430896,3409587.8,3442628,
PNTM9M2jMkKm3GLHpLiq3J4gE,"","North Campus",Gammage,"W", 11/01/2025 08:10:00 AM,"(UTC-07:00) Arizona",,,3405627.5,3405627.5,3405627.5,
PNTM9M2jMkKm3GLHpLiq3J4gE,"","North Campus",Gammage,"W", 11/01/2025 08:20:00 AM,"(UTC-07:00) Arizona",,,3443704.35,3423030.2,3464378.5,
PNTM9M2jMkKm3GLHpLiq3J4gE,"","North Campus",Gammage,"W", 11/01/2025 08:30:00 AM,"(UTC-07:00) Arizona",,,3369391.5,3369391.5,3369391.5,
PNTM9M2jMkKm3GLHpLiq3J4gE,"","North Campus",Gammage,"W", 11/01/2025 08:40:00 AM,"(UTC-07:00) Arizona",,,3424350.8,3424350.8,3424350.8,
PNTM9M2jMkKm3GLHpLiq3J4gE,"","North Campus",Gammage,"W", 11/01/2025 08:50:00 AM,"(UTC-07:00) Arizona",,,3432535.4,3400082,3464988.8,
PNTM9M2jMkKm3GLHpLiq3J4gE,"","North Campus",Gammage,"W", 11/01/2025 09:00:00 AM,"(UTC-07:00) Arizona",,,3455529,3454452.5,3456605.5,
PNTM9M2jMkKm3GLHpLiq3J4gE,"","North Campus",Gammage,"W", 11/01/2025 09:10:00 AM,"(UTC-07:00) Arizona",,,3461859,3461859,3461859,
PNTM9M2jMkKm3GLHpLiq3J4gE,"","North Campus",Gammage,"W", 11/01/2025 09:20:00 AM,"(UTC-07:00) Arizona",,,3476498.5,3476498.5,3476498.5,
PNTM9M2jMkKm3GLHpLiq3J4gE,"","North Campus",Gammage,"W", 11/01/2025 09:30:00 AM,"(UTC-07:00) Arizona",,,3578228.25,3544980,3611476.5,
PNTM9M2jMkKm3GLHpLiq3J4gE,"","North Campus",Gammage,"W", 11/01/2025 09:40:00 AM,"(UTC-07:00) Arizona",,,3549706.8,3549706.8,3549706.8,
PNTM9M2jMkKm3GLHpLiq3J4gE,"","North Campus",Gammage,"W", 11/01/2025 09:50:00 AM,"(UTC-07:00) Arizona",,,3531980.85,3502941.5,3561020.2,
PNTM9M2jMkKm3GLHpLiq3J4gE,"","North Campus",Gammage,"W", 11/01/2025 10:00:00 AM,"(UTC-07:00) Arizona",,,3614587,3614587,3614587,
PNTM9M2jMkKm3GLHpLiq3J4gE,"","North Campus",Gammage,"W", 11/01/2025 10:10:00 AM,"(UTC-07:00) Arizona",,,3659124.2,3659124.2,3659124.2,
PNTM9M2jMkKm3GLHpLiq3J4gE,"","North Campus",Gammage,"W", 11/01/2025 10:20:00 AM,"(UTC-07:00) Arizona",,,3595498,3591859.5,3599136.5,
PNTM9M2jMkKm3GLHpLiq3J4gE,"","North Campus",Gammage,"W", 11/01/2025 10:30:00 AM,"(UTC-07:00) Arizona",,,3638936,3638936,3638936,
PNTM9M2jMkKm3GLHpLiq3J4gE,"","North Campus",Gammage,"W", 11/01/2025 10:40:00 AM,"(UTC-07:00) Arizona",,,3710836.2,3710836.2,3710836.2,
PNTM9M2jMkKm3GLHpLiq3J4gE,"","North Campus",Gammage,"W", 11/01/2025 10:50:00 AM,"(UTC-07:00) Arizona",,,3723349.4,3723347,3723351.8,
PNTM9M2jMkKm3GLHpLiq3J4gE,"","North Campus",Gammage,"W", 11/01/2025 11:00:00 AM,"(UTC-07:00) Arizona",,,3702856.5,3691653.8,3714059.2,
PNTM9M2jMkKm3GLHpLiq3J4gE,"","North Campus",Gammage,"W", 11/01/2025 11:10:00 AM,"(UTC-07:00) Arizona",,,3708450,3708450,3708450,
PNTM9M2jMkKm3GLHpLiq3J4gE,"","North Campus",Gammage,"W", 11/01/2025 11:20:00 AM,"(UTC-07:00) Arizona",,,3783090,3783090,3783090,
PNTM9M2jMkKm3GLHpLiq3J4gE,"","North Campus",Gammage,"W", 11/01/2025 11:30:00 AM,"(UTC-07:00) Arizona",,,3655521.5,3655521.5,3655521.5,
PNTM9M2jMkKm3GLHpLiq3J4gE,"","North Campus",Gammage,"W", 11/01/2025 11:40:00 AM,"(UTC-07:00) Arizona",,,3754011.9,3731175,3776848.8,
PNTM9M2jMkKm3GLHpLiq3J4gE,"","North Campus",Gammage,"W", 11/01/2025 11:50:00 AM,"(UTC-07:00) Arizona",,,3755801.2,3755801.2,3755801.2,
PNTM9M2jMkKm3GLHpLiq3J4gE,"","North Campus",Gammage,"W", 11/01/2025 12:00:00 PM,"(UTC-07:00) Arizona",,,3792112.8,3792112.8,3792112.8,
PNTM9M2jMkKm3GLHpLiq3J4gE,"","North Campus",Gammage,"W", 11/01/2025 12:10:00 PM,"(UTC-07:00) Arizona",,,3816425.5,3816425.5,3816425.5,
PNTM9M2jMkKm3GLHpLiq3J4gE,"","North Campus",Gammage,"W", 11/01/2025 12:20:00 PM,"(UTC-07:00) Arizona",,,3849111.5,3844135.5,3854087.5,
PNTM9M2jMkKm3GLHpLiq3J4gE,"","North Campus",Gammage,"W", 11/01/2025 12:30:00 PM,"(UTC-07:00) Arizona",,,3825415.8,3825415.8,3825415.8,
PNTM9M2jMkKm3GLHpLiq3J4gE,"","North Campus",Gammage,"W", 11/01/2025 12:40:00 PM,"(UTC-07:00) Arizona",,,3841190.2,3841190.2,3841190.2,
PNTM9M2jMkKm3GLHpLiq3J4gE,"","North Campus",Gammage,"W", 11/01/2025 12:50:00 PM,"(UTC-07:00) Arizona",,,3855056.25,3805953.5,3904159,
PNTM9M2jMkKm3GLHpLiq3J4gE,"","North Campus",Gammage,"W", 11/01/2025 01:00:00 PM,"(UTC-07:00) Arizona",,,3884029,3884029,3884029,
PNTM9M2jMkKm3GLHpLiq3J4gE,"","North Campus",Gammage,"W", 11/01/2025 01:20:00 PM,"(UTC-07:00) Arizona",,,3882537,3874304,3890770,
PNTM9M2jMkKm3GLHpLiq3J4gE,"","North Campus",Gammage,"W", 11/01/2025 01:30:00 PM,"(UTC-07:00) Arizona",,,3932843,3932843,3932843,
PNTM9M2jMkKm3GLHpLiq3J4gE,"","North Campus",Gammage,"W", 11/01/2025 01:40:00 PM,"(UTC-07:00) Arizona",,,3949518.2,3949518.2,3949518.2,
PNTM9M2jMkKm3GLHpLiq3J4gE,"","North Campus",Gammage,"W", 11/01/2025 01:50:00 PM,"(UTC-07:00) Arizona",,,3969733.5,3969733.5,3969733.5,
PNTM9M2jMkKm3GLHpLiq3J4gE,"","North Campus",Gammage,"W", 11/01/2025 02:00:00 PM,"(UTC-07:00) Arizona",,,4051913.25,4050281,4053545.5,
PNTM9M2jMkKm3GLHpLiq3J4gE,"","North Campus",Gammage,"W", 11/01/2025 02:10:00 PM,"(UTC-07:00) Arizona",,,3980555.5,3980555.5,3980555.5,
PNTM9M2jMkKm3GLHpLiq3J4gE,"","North Campus",Gammage,"W", 11/01/2025 02:20:00 PM,"(UTC-07:00) Arizona",,,3975952.2,3975952.2,3975952.2,
PNTM9M2jMkKm3GLHpLiq3J4gE,"","North Campus",Gammage,"W", 11/01/2025 02:30:00 PM,"(UTC-07:00) Arizona",,,3994261.2,3994261.2,3994261.2,
PNTM9M2jMkKm3GLHpLiq3J4gE,"","North Campus",Gammage,"W", 11/01/2025 02:40:00 PM,"(UTC-07:00) Arizona",,,3991446.2,3991446.2,3991446.2,
PNTM9M2jMkKm3GLHpLiq3J4gE,"","North Campus",Gammage,"W", 11/01/2025 02:50:00 PM,"(UTC-07:00) Arizona",,,4038090,4038090,4038090,
PNTM9M2jMkKm3GLHpLiq3J4gE,"","North Campus",Gammage,"W", 11/01/2025 03:00:00 PM,"(UTC-07:00) Arizona",,,4021579.8,4021579.8,4021579.8,
PNTM9M2jMkKm3GLHpLiq3J4gE,"","North Campus",Gammage,"W", 11/01/2025 03:10:00 PM,"(UTC-07:00) Arizona",,,4037849.7,4008604.2,4067095.2,
PNTM9M2jMkKm3GLHpLiq3J4gE,"","North Campus",Gammage,"W", 11/01/2025 03:20:00 PM,"(UTC-07:00) Arizona",,,4057475,4037802.2,4077147.8,
PNTM9M2jMkKm3GLHpLiq3J4gE,"","North Campus",Gammage,"W", 11/01/2025 03:30:00 PM,"(UTC-07:00) Arizona",,,4109914.5,4109914.5,4109914.5,
PNTM9M2jMkKm3GLHpLiq3J4gE,"","North Campus",Gammage,"W", 11/01/2025 03:40:00 PM,"(UTC-07:00) Arizona",,,4106310.8,4106310.8,4106310.8,
PNTM9M2jMkKm3GLHpLiq3J4gE,"","North Campus",Gammage,"W", 11/01/2025 03:50:00 PM,"(UTC-07:00) Arizona",,,4065982,4065982,4065982,
PNTM9M2jMkKm3GLHpLiq3J4gE,"","North Campus",Gammage,"W", 11/01/2025 04:00:00 PM,"(UTC-07:00) Arizona",,,4135320.2,4135320.2,4135320.2,
PNTM9M2jMkKm3GLHpLiq3J4gE,"","North Campus",Gammage,"W", 11/01/2025 04:10:00 PM,"(UTC-07:00) Arizona",,,4138474.75,4116992,4159957.5,
PNTM9M2jMkKm3GLHpLiq3J4gE,"","North Campus",Gammage,"W", 11/01/2025 04:20:00 PM,"(UTC-07:00) Arizona",,,4231724,4231724,4231724,
PNTM9M2jMkKm3GLHpLiq3J4gE,"","North Campus",Gammage,"W", 11/01/2025 04:30:00 PM,"(UTC-07:00) Arizona",,,4195822.5,4195822.5,4195822.5,
PNTM9M2jMkKm3GLHpLiq3J4gE,"","North Campus",Gammage,"W", 11/01/2025 04:40:00 PM,"(UTC-07:00) Arizona",,,4185253,4185253,4185253,
PNTM9M2jMkKm3GLHpLiq3J4gE,"","North Campus",Gammage,"W", 11/01/2025 04:50:00 PM,"(UTC-07:00) Arizona",,,4215543.25,4192075.5,4239011,
PNTM9M2jMkKm3GLHpLiq3J4gE,"","North Campus",Gammage,"W", 11/01/2025 05:00:00 PM,"(UTC-07:00) Arizona",,,4192237,4192237,4192237,
PNTM9M2jMkKm3GLHpLiq3J4gE,"","North Campus",Gammage,"W", 11/01/2025 05:10:00 PM,"(UTC-07:00) Arizona",,,4238260.5,4238260.5,4238260.5,
PNTM9M2jMkKm3GLHpLiq3J4gE,"","North Campus",Gammage,"W", 11/01/2025 05:20:00 PM,"(UTC-07:00) Arizona",,,4255189.5,4255189.5,4255189.5,
PNTM9M2jMkKm3GLHpLiq3J4gE,"","North Campus",Gammage,"W", 11/01/2025 05:30:00 PM,"(UTC-07:00) Arizona",,,4210454,4210454,4210454,
PNTM9M2jMkKm3GLHpLiq3J4gE,"","North Campus",Gammage,"W", 11/01/2025 05:40:00 PM,"(UTC-07:00) Arizona",,,4249683.75,4229589.5,4269778,
PNTM9M2jMkKm3GLHpLiq3J4gE,"","North Campus",Gammage,"W", 11/01/2025 05:50:00 PM,"(UTC-07:00) Arizona",,,4286540,4286540,4286540,
PNTM9M2jMkKm3GLHpLiq3J4gE,"","North Campus",Gammage,"W", 11/01/2025 06:00:00 PM,"(UTC-07:00) Arizona",,,4218005.5,4218005.5,4218005.5,
PNTM9M2jMkKm3GLHpLiq3J4gE,"","North Campus",Gammage,"W", 11/01/2025 06:10:00 PM,"(UTC-07:00) Arizona",,,4125096,4110901,4139291,
PNTM9M2jMkKm3GLHpLiq3J4gE,"","North Campus",Gammage,"W", 11/01/2025 06:30:00 PM,"(UTC-07:00) Arizona",,,4204485.5,4204485.5,4204485.5,
PNTM9M2jMkKm3GLHpLiq3J4gE,"","North Campus",Gammage,"W", 11/01/2025 06:40:00 PM,"(UTC-07:00) Arizona",,,4181576.85,4157624.2,4205529.5,
PNTM9M2jMkKm3GLHpLiq3J4gE,"","North Campus",Gammage,"W", 11/01/2025 06:50:00 PM,"(UTC-07:00) Arizona",,,4076710.2,4076710.2,4076710.2,
PNTM9M2jMkKm3GLHpLiq3J4gE,"","North Campus",Gammage,"W", 11/01/2025 07:10:00 PM,"(UTC-07:00) Arizona",,,4062083.2,4062083.2,4062083.2,
PNTM9M2jMkKm3GLHpLiq3J4gE,"","North Campus",Gammage,"W", 11/01/2025 07:20:00 PM,"(UTC-07:00) Arizona",,,3961409.2,3961409.2,3961409.2,
PNTM9M2jMkKm3GLHpLiq3J4gE,"","North Campus",Gammage,"W", 11/01/2025 07:30:00 PM,"(UTC-07:00) Arizona",,,3999302.4,3976083,4022521.8,
PNTM9M2jMkKm3GLHpLiq3J4gE,"","North Campus",Gammage,"W", 11/01/2025 07:40:00 PM,"(UTC-07:00) Arizona",,,3917676.35,3891947.2,3943405.5,
PNTM9M2jMkKm3GLHpLiq3J4gE,"","North Campus",Gammage,"W", 11/01/2025 07:50:00 PM,"(UTC-07:00) Arizona",,,3905226,3905226,3905226,
PNTM9M2jMkKm3GLHpLiq3J4gE,"","North Campus",Gammage,"W", 11/01/2025 08:00:00 PM,"(UTC-07:00) Arizona",,,3866988.6,3845074.2,3888903,
PNTM9M2jMkKm3GLHpLiq3J4gE,"","North Campus",Gammage,"W", 11/01/2025 08:20:00 PM,"(UTC-07:00) Arizona",,,3866858.4,3856681,3877035.8,
PNTM9M2jMkKm3GLHpLiq3J4gE,"","North Campus",Gammage,"W", 11/01/2025 08:30:00 PM,"(UTC-07:00) Arizona",,,3847043.2,3847043.2,3847043.2,
PNTM9M2jMkKm3GLHpLiq3J4gE,"","North Campus",Gammage,"W", 11/01/2025 08:40:00 PM,"(UTC-07:00) Arizona",,,3858781.5,3858781.5,3858781.5,
PNTM9M2jMkKm3GLHpLiq3J4gE,"","North Campus",Gammage,"W", 11/01/2025 08:50:00 PM,"(UTC-07:00) Arizona",,,3719602.85,3701137.5,3738068.2,
PNTM9M2jMkKm3GLHpLiq3J4gE,"","North Campus",Gammage,"W", 11/01/2025 09:00:00 PM,"(UTC-07:00) Arizona",,,3723459,3723459,3723459,
PNTM9M2jMkKm3GLHpLiq3J4gE,"","North Campus",Gammage,"W", 11/01/2025 09:10:00 PM,"(UTC-07:00) Arizona",,,3701837.75,3678443.5,3725232,
PNTM9M2jMkKm3GLHpLiq3J4gE,"","North Campus",Gammage,"W", 11/01/2025 09:20:00 PM,"(UTC-07:00) Arizona",,,3678529,3675337,3681721,
PNTM9M2jMkKm3GLHpLiq3J4gE,"","North Campus",Gammage,"W", 11/01/2025 09:30:00 PM,"(UTC-07:00) Arizona",,,3693661.5,3661152,3726171,
PNTM9M2jMkKm3GLHpLiq3J4gE,"","North Campus",Gammage,"W", 11/01/2025 09:40:00 PM,"(UTC-07:00) Arizona",,,3648140.5,3631222.2,3665058.8,
PNTM9M2jMkKm3GLHpLiq3J4gE,"","North Campus",Gammage,"W", 11/01/2025 09:50:00 PM,"(UTC-07:00) Arizona",,,3539249,3539249,3539249,
PNTM9M2jMkKm3GLHpLiq3J4gE,"","North Campus",Gammage,"W", 11/01/2025 10:00:00 PM,"(UTC-07:00) Arizona",,,3528312,3528312,3528312,
PNTM9M2jMkKm3GLHpLiq3J4gE,"","North Campus",Gammage,"W", 11/01/2025 10:10:00 PM,"(UTC-07:00) Arizona",,,3519512.65,3517368.8,3521656.5,
PNTM9M2jMkKm3GLHpLiq3J4gE,"","North Campus",Gammage,"W", 11/01/2025 10:20:00 PM,"(UTC-07:00) Arizona",,,3555998,3555998,3555998,
PNTM9M2jMkKm3GLHpLiq3J4gE,"","North Campus",Gammage,"W", 11/01/2025 10:30:00 PM,"(UTC-07:00) Arizona",,,3570593.2,3570593.2,3570593.2,
PNTM9M2jMkKm3GLHpLiq3J4gE,"","North Campus",Gammage,"W", 11/01/2025 10:40:00 PM,"(UTC-07:00) Arizona",,,3525380,3525380,3525380,
PNTM9M2jMkKm3GLHpLiq3J4gE,"","North Campus",Gammage,"W", 11/01/2025 10:50:00 PM,"(UTC-07:00) Arizona",,,3497302.533333333,3487631.8,3516383.8,
PNTM9M2jMkKm3GLHpLiq3J4gE,"","North Campus",Gammage,"W", 11/01/2025 11:00:00 PM,"(UTC-07:00) Arizona",,,3475382,3475382,3475382,
PNTM9M2jMkKm3GLHpLiq3J4gE,"","North Campus",Gammage,"W", 11/01/2025 11:10:00 PM,"(UTC-07:00) Arizona",,,3488195.5,3488195.5,3488195.5,
PNTM9M2jMkKm3GLHpLiq3J4gE,"","North Campus",Gammage,"W", 11/01/2025 11:20:00 PM,"(UTC-07:00) Arizona",,,3438194.85,3434749.5,3441640.2,
PNTM9M2jMkKm3GLHpLiq3J4gE,"","North Campus",Gammage,"W", 11/01/2025 11:30:00 PM,"(UTC-07:00) Arizona",,,3455479,3455479,3455479,
PNTM9M2jMkKm3GLHpLiq3J4gE,"","North Campus",Gammage,"W", 11/01/2025 11:40:00 PM,"(UTC-07:00) Arizona",,,3438164.3,3430315.8,3446012.8,
PNTM9M2jMkKm3GLHpLiq3J4gE,"","North Campus",Gammage,"W", 11/01/2025 11:50:00 PM,"(UTC-07:00) Arizona",,,3380822.8,3380822.8,3380822.8,
PNTM9M2jMkKm3GLHpLiq3J4gE,"","North Campus",Gammage,"W", 11/02/2025 12:00:00 AM,"(UTC-07:00) Arizona",,,3469323,3469323,3469323,
PNTM9M2jMkKm3GLHpLiq3J4gE,"","North Campus",Gammage,"W", 11/02/2025 12:10:00 AM,"(UTC-07:00) Arizona",,,3408011.233333333,3399444.2,3419185,
PNTM9M2jMkKm3GLHpLiq3J4gE,"","North Campus",Gammage,"W", 11/02/2025 12:20:00 AM,"(UTC-07:00) Arizona",,,3412024.2,3412024.2,3412024.2,
PNTM9M2jMkKm3GLHpLiq3J4gE,"","North Campus",Gammage,"W", 11/02/2025 12:30:00 AM,"(UTC-07:00) Arizona",,,3341592,3341592,3341592,
PNTM9M2jMkKm3GLHpLiq3J4gE,"","North Campus",Gammage,"W", 11/02/2025 12:40:00 AM,"(UTC-07:00) Arizona",,,3411382.8,3411382.8,3411382.8,
PNTM9M2jMkKm3GLHpLiq3J4gE,"","North Campus",Gammage,"W", 11/02/2025 12:50:00 AM,"(UTC-07:00) Arizona",,,3354931.5,3354931.5,3354931.5,
PNTM9M2jMkKm3GLHpLiq3J4gE,"","North Campus",Gammage,"W", 11/02/2025 01:00:00 AM,"(UTC-07:00) Arizona",,,3338390.8,3338390.8,3338390.8,
PNTM9M2jMkKm3GLHpLiq3J4gE,"","North Campus",Gammage,"W", 11/02/2025 01:10:00 AM,"(UTC-07:00) Arizona",,,3320627.8,3320627.8,3320627.8,
PNTM9M2jMkKm3GLHpLiq3J4gE,"","North Campus",Gammage,"W", 11/02/2025 01:20:00 AM,"(UTC-07:00) Arizona",,,3303504,3303504,3303504,
PNTM9M2jMkKm3GLHpLiq3J4gE,"","North Campus",Gammage,"W", 11/02/2025 01:30:00 AM,"(UTC-07:00) Arizona",,,3327983.8,3327983.8,3327983.8,
PNTM9M2jMkKm3GLHpLiq3J4gE,"","North Campus",Gammage,"W", 11/02/2025 01:40:00 AM,"(UTC-07:00) Arizona",,,3314975,3314975,3314975,
PNTM9M2jMkKm3GLHpLiq3J4gE,"","North Campus",Gammage,"W", 11/02/2025 01:50:00 AM,"(UTC-07:00) Arizona",,,3284652,3245716.8,3323587.2,
PNTM9M2jMkKm3GLHpLiq3J4gE,"","North Campus",Gammage,"W", 11/02/2025 02:00:00 AM,"(UTC-07:00) Arizona",,,3272308.2,3272308.2,3272308.2,
PNTM9M2jMkKm3GLHpLiq3J4gE,"","North Campus",Gammage,"W", 11/02/2025 02:10:00 AM,"(UTC-07:00) Arizona",,,3289326.4,3275804,3302848.8,
PNTM9M2jMkKm3GLHpLiq3J4gE,"","North Campus",Gammage,"W", 11/02/2025 02:20:00 AM,"(UTC-07:00) Arizona",,,3273145.25,3267352.5,3278938,
PNTM9M2jMkKm3GLHpLiq3J4gE,"","North Campus",Gammage,"W", 11/02/2025 02:30:00 AM,"(UTC-07:00) Arizona",,,3334255.8,3334255.8,3334255.8,
PNTM9M2jMkKm3GLHpLiq3J4gE,"","North Campus",Gammage,"W", 11/02/2025 02:40:00 AM,"(UTC-07:00) Arizona",,,3268885.9,3263385.8,3274386,
PNTM9M2jMkKm3GLHpLiq3J4gE,"","North Campus",Gammage,"W", 11/02/2025 02:50:00 AM,"(UTC-07:00) Arizona",,,3246242.2,3246242.2,3246242.2,
PNTM9M2jMkKm3GLHpLiq3J4gE,"","North Campus",Gammage,"W", 11/02/2025 03:00:00 AM,"(UTC-07:00) Arizona",,,3249957.25,3238705,3261209.5,
PNTM9M2jMkKm3GLHpLiq3J4gE,"","North Campus",Gammage,"W", 11/02/2025 03:10:00 AM,"(UTC-07:00) Arizona",,,3282792.8,3282792.8,3282792.8,
PNTM9M2jMkKm3GLHpLiq3J4gE,"","North Campus",Gammage,"W", 11/02/2025 03:20:00 AM,"(UTC-07:00) Arizona",,,3247236.5,3241939,3252534,
PNTM9M2jMkKm3GLHpLiq3J4gE,"","North Campus",Gammage,"W", 11/02/2025 03:30:00 AM,"(UTC-07:00) Arizona",,,3296750,3296750,3296750,
PNTM9M2jMkKm3GLHpLiq3J4gE,"","North Campus",Gammage,"W", 11/02/2025 03:40:00 AM,"(UTC-07:00) Arizona",,,3255626.5,3255626.5,3255626.5,
PNTM9M2jMkKm3GLHpLiq3J4gE,"","North Campus",Gammage,"W", 11/02/2025 03:50:00 AM,"(UTC-07:00) Arizona",,,3227358.5,3227358.5,3227358.5,
PNTM9M2jMkKm3GLHpLiq3J4gE,"","North Campus",Gammage,"W", 11/02/2025 04:00:00 AM,"(UTC-07:00) Arizona",,,3259989.8,3259989.8,3259989.8,
PNTM9M2jMkKm3GLHpLiq3J4gE,"","North Campus",Gammage,"W", 11/02/2025 04:10:00 AM,"(UTC-07:00) Arizona",,,3252640.7,3239416.2,3265865.2,
PNTM9M2jMkKm3GLHpLiq3J4gE,"","North Campus",Gammage,"W", 11/02/2025 04:20:00 AM,"(UTC-07:00) Arizona",,,3206732.15,3195273.5,3218190.8,
PNTM9M2jMkKm3GLHpLiq3J4gE,"","North Campus",Gammage,"W", 11/02/2025 04:30:00 AM,"(UTC-07:00) Arizona",,,3237325.5,3237325.5,3237325.5,
PNTM9M2jMkKm3GLHpLiq3J4gE,"","North Campus",Gammage,"W", 11/02/2025 04:40:00 AM,"(UTC-07:00) Arizona",,,3227994.5,3214372.2,3241616.8,
PNTM9M2jMkKm3GLHpLiq3J4gE,"","North Campus",Gammage,"W", 11/02/2025 04:50:00 AM,"(UTC-07:00) Arizona",,,3280455.15,3271527.8,3289382.5,
PNTM9M2jMkKm3GLHpLiq3J4gE,"","North Campus",Gammage,"W", 11/02/2025 05:00:00 AM,"(UTC-07:00) Arizona",,,3296100,3296100,3296100,
PNTM9M2jMkKm3GLHpLiq3J4gE,"","North Campus",Gammage,"W", 11/02/2025 05:10:00 AM,"(UTC-07:00) Arizona",,,3222161.2,3222161.2,3222161.2,
PNTM9M2jMkKm3GLHpLiq3J4gE,"","North Campus",Gammage,"W", 11/02/2025 05:20:00 AM,"(UTC-07:00) Arizona",,,3276434.75,3274219,3278650.5,
PNTM9M2jMkKm3GLHpLiq3J4gE,"","North Campus",Gammage,"W", 11/02/2025 05:30:00 AM,"(UTC-07:00) Arizona",,,3276121.3666666667,3264347.8,3291456.5,
PNTM9M2jMkKm3GLHpLiq3J4gE,"","North Campus",Gammage,"W", 11/02/2025 05:40:00 AM,"(UTC-07:00) Arizona",,,3288105.5,3288105.5,3288105.5,
PNTM9M2jMkKm3GLHpLiq3J4gE,"","North Campus",Gammage,"W", 11/02/2025 05:50:00 AM,"(UTC-07:00) Arizona",,,3343094,3343094,3343094,
PNTM9M2jMkKm3GLHpLiq3J4gE,"","North Campus",Gammage,"W", 11/02/2025 06:00:00 AM,"(UTC-07:00) Arizona",,,3363107.4,3336052,3390162.8,
PNTM9M2jMkKm3GLHpLiq3J4gE,"","North Campus",Gammage,"W", 11/02/2025 06:10:00 AM,"(UTC-07:00) Arizona",,,3322467.5,3322467.5,3322467.5,
PNTM9M2jMkKm3GLHpLiq3J4gE,"","North Campus",Gammage,"W", 11/02/2025 06:20:00 AM,"(UTC-07:00) Arizona",,,3397998.2,3397998.2,3397998.2,
PNTM9M2jMkKm3GLHpLiq3J4gE,"","North Campus",Gammage,"W", 11/02/2025 06:30:00 AM,"(UTC-07:00) Arizona",,,3347128.8,3347128.8,3347128.8,
PNTM9M2jMkKm3GLHpLiq3J4gE,"","North Campus",Gammage,"W", 11/02/2025 06:40:00 AM,"(UTC-07:00) Arizona",,,3333872,3333872,3333872,
PNTM9M2jMkKm3GLHpLiq3J4gE,"","North Campus",Gammage,"W", 11/02/2025 06:50:00 AM,"(UTC-07:00) Arizona",,,3299965.25,3293285,3306645.5,
PNTM9M2jMkKm3GLHpLiq3J4gE,"","North Campus",Gammage,"W", 11/02/2025 07:00:00 AM,"(UTC-07:00) Arizona",,,3317255.5,3317255.5,3317255.5,
PNTM9M2jMkKm3GLHpLiq3J4gE,"","North Campus",Gammage,"W", 11/02/2025 07:10:00 AM,"(UTC-07:00) Arizona",,,3263957.5,3263957.5,3263957.5,
PNTM9M2jMkKm3GLHpLiq3J4gE,"","North Campus",Gammage,"W", 11/02/2025 07:20:00 AM,"(UTC-07:00) Arizona",,,3239583.5,3239583.5,3239583.5,
PNTM9M2jMkKm3GLHpLiq3J4gE,"","North Campus",Gammage,"W", 11/02/2025 07:30:00 AM,"(UTC-07:00) Arizona",,,3302680,3302680,3302680,
PNTM9M2jMkKm3GLHpLiq3J4gE,"","North Campus",Gammage,"W", 11/02/2025 07:40:00 AM,"(UTC-07:00) Arizona",,,3232547.35,3218193.5,3246901.2,
PNTM9M2jMkKm3GLHpLiq3J4gE,"","North Campus",Gammage,"W", 11/02/2025 07:50:00 AM,"(UTC-07:00) Arizona",,,3305057,3305057,3305057,
PNTM9M2jMkKm3GLHpLiq3J4gE,"","North Campus",Gammage,"W", 11/02/2025 08:00:00 AM,"(UTC-07:00) Arizona",,,3282070.35,3257685.5,3306455.2,
PNTM9M2jMkKm3GLHpLiq3J4gE,"","North Campus",Gammage,"W", 11/02/2025 08:10:00 AM,"(UTC-07:00) Arizona",,,3278936.8,3278936.8,3278936.8,
PNTM9M2jMkKm3GLHpLiq3J4gE,"","North Campus",Gammage,"W", 11/02/2025 08:20:00 AM,"(UTC-07:00) Arizona",,,3274150.8,3274150.8,3274150.8,
PNTM9M2jMkKm3GLHpLiq3J4gE,"","North Campus",Gammage,"W", 11/02/2025 08:30:00 AM,"(UTC-07:00) Arizona",,,3281021.75,3264243,3297800.5,
PNTM9M2jMkKm3GLHpLiq3J4gE,"","North Campus",Gammage,"W", 11/02/2025 08:40:00 AM,"(UTC-07:00) Arizona",,,3288670,3288670,3288670,
PNTM9M2jMkKm3GLHpLiq3J4gE,"","North Campus",Gammage,"W", 11/02/2025 08:50:00 AM,"(UTC-07:00) Arizona",,,3267099.15,3236974.8,3297223.5,
PNTM9M2jMkKm3GLHpLiq3J4gE,"","North Campus",Gammage,"W", 11/02/2025 09:00:00 AM,"(UTC-07:00) Arizona",,,3293910.5,3293910.5,3293910.5,
PNTM9M2jMkKm3GLHpLiq3J4gE,"","North Campus",Gammage,"W", 11/02/2025 09:10:00 AM,"(UTC-07:00) Arizona",,,3352251.5,3352251.5,3352251.5,
PNTM9M2jMkKm3GLHpLiq3J4gE,"","North Campus",Gammage,"W", 11/02/2025 09:20:00 AM,"(UTC-07:00) Arizona",,,3330209.1,3310667,3349751.2,
PNTM9M2jMkKm3GLHpLiq3J4gE,"","North Campus",Gammage,"W", 11/02/2025 09:30:00 AM,"(UTC-07:00) Arizona",,,3376993,3376993,3376993,
PNTM9M2jMkKm3GLHpLiq3J4gE,"","North Campus",Gammage,"W", 11/02/2025 09:40:00 AM,"(UTC-07:00) Arizona",,,3451207.2,3451207.2,3451207.2,
PNTM9M2jMkKm3GLHpLiq3J4gE,"","North Campus",Gammage,"W", 11/02/2025 09:50:00 AM,"(UTC-07:00) Arizona",,,3443334.2,3443334.2,3443334.2,
PNTM9M2jMkKm3GLHpLiq3J4gE,"","North Campus",Gammage,"W", 11/02/2025 10:00:00 AM,"(UTC-07:00) Arizona",,,3435967.6,3417729.2,3454206,
PNTM9M2jMkKm3GLHpLiq3J4gE,"","North Campus",Gammage,"W", 11/02/2025 10:10:00 AM,"(UTC-07:00) Arizona",,,3473021.25,3453531.5,3492511,
PNTM9M2jMkKm3GLHpLiq3J4gE,"","North Campus",Gammage,"W", 11/02/2025 10:20:00 AM,"(UTC-07:00) Arizona",,,3476429.3,3459995.8,3492862.8,
PNTM9M2jMkKm3GLHpLiq3J4gE,"","North Campus",Gammage,"W", 11/02/2025 10:30:00 AM,"(UTC-07:00) Arizona",,,3505303.8,3505303.8,3505303.8,
PNTM9M2jMkKm3GLHpLiq3J4gE,"","North Campus",Gammage,"W", 11/02/2025 10:40:00 AM,"(UTC-07:00) Arizona",,,3514028.5,3514028.5,3514028.5,
PNTM9M2jMkKm3GLHpLiq3J4gE,"","North Campus",Gammage,"W", 11/02/2025 10:50:00 AM,"(UTC-07:00) Arizona",,,3546258.5,3546258.5,3546258.5,
PNTM9M2jMkKm3GLHpLiq3J4gE,"","North Campus",Gammage,"W", 11/02/2025 11:00:00 AM,"(UTC-07:00) Arizona",,,3562995.2,3523927.2,3602063.2,
PNTM9M2jMkKm3GLHpLiq3J4gE,"","North Campus",Gammage,"W", 11/02/2025 11:10:00 AM,"(UTC-07:00) Arizona",,,3618362.75,3601442,3635283.5,
PNTM9M2jMkKm3GLHpLiq3J4gE,"","North Campus",Gammage,"W", 11/02/2025 11:20:00 AM,"(UTC-07:00) Arizona",,,3598404.5,3598404.5,3598404.5,
PNTM9M2jMkKm3GLHpLiq3J4gE,"","North Campus",Gammage,"W", 11/02/2025 11:30:00 AM,"(UTC-07:00) Arizona",,,3626903.8,3626903.8,3626903.8,
PNTM9M2jMkKm3GLHpLiq3J4gE,"","North Campus",Gammage,"W", 11/02/2025 11:40:00 AM,"(UTC-07:00) Arizona",,,3607165.8,3607165.8,3607165.8,
PNTM9M2jMkKm3GLHpLiq3J4gE,"","North Campus",Gammage,"W", 11/02/2025 11:50:00 AM,"(UTC-07:00) Arizona",,,3618880.85,3597482.2,3640279.5,
PNTM9M2jMkKm3GLHpLiq3J4gE,"","North Campus",Gammage,"W", 11/02/2025 12:00:00 PM,"(UTC-07:00) Arizona",,,3664600.2,3664600.2,3664600.2,
PNTM9M2jMkKm3GLHpLiq3J4gE,"","North Campus",Gammage,"W", 11/02/2025 12:20:00 PM,"(UTC-07:00) Arizona",,,3679960,3679960,3679960,
PNTM9M2jMkKm3GLHpLiq3J4gE,"","North Campus",Gammage,"W", 11/02/2025 12:30:00 PM,"(UTC-07:00) Arizona",,,3764038.2,3764038.2,3764038.2,
PNTM9M2jMkKm3GLHpLiq3J4gE,"","North Campus",Gammage,"W", 11/02/2025 12:40:00 PM,"(UTC-07:00) Arizona",,,3801381.5,3769627.8,3833135.2,
PNTM9M2jMkKm3GLHpLiq3J4gE,"","North Campus",Gammage,"W", 11/02/2025 12:50:00 PM,"(UTC-07:00) Arizona",,,3797815.5,3797815.5,3797815.5,
PNTM9M2jMkKm3GLHpLiq3J4gE,"","North Campus",Gammage,"W", 11/02/2025 01:00:00 PM,"(UTC-07:00) Arizona",,,3874810.1,3827450.2,3922170,
PNTM9M2jMkKm3GLHpLiq3J4gE,"","North Campus",Gammage,"W", 11/02/2025 01:10:00 PM,"(UTC-07:00) Arizona",,,3846012.2,3846012.2,3846012.2,
PNTM9M2jMkKm3GLHpLiq3J4gE,"","North Campus",Gammage,"W", 11/02/2025 01:20:00 PM,"(UTC-07:00) Arizona",,,3825809.2,3825809.2,3825809.2,
PNTM9M2jMkKm3GLHpLiq3J4gE,"","North Campus",Gammage,"W", 11/02/2025 01:30:00 PM,"(UTC-07:00) Arizona",,,3870818.8,3870818.8,3870818.8,
PNTM9M2jMkKm3GLHpLiq3J4gE,"","North Campus",Gammage,"W", 11/02/2025 01:40:00 PM,"(UTC-07:00) Arizona",,,3875135.5,3875135.5,3875135.5,
